fichier;type_dau;num_dau;rang;section;numero;idu;statut;dernier_millesime;date_autorisation
logements;PC;09304812B0119;1;BI;133;93048000BI0133;actuelle;2026-09-01;2013-01-06
logements;PC;09304812B0139;1;X;299;930480000X0299;actuelle;2026-09-01;2013-01-02
logements;PC;09304812B0139;2;X;391;930480000X0391;ancienne;2019-10-01;2013-01-02
logements;PC;09304812B0139;3;X;390;930480000X0390;actuelle;2026-09-01;2013-01-02
logements;PC;09304812B0144;1;BS;173;93048000BS0173;actuelle;2026-09-01;2013-01-04
logements;PC;09304812B0144;2;BS;175;93048000BS0175;actuelle;2026-09-01;2013-01-04
logements;PC;09304812B0149;1;AR;236;93048000AR0236;actuelle;2026-09-01;2013-02-06
logements;PC;09304812B0149;2;AR;229;93048000AR0229;actuelle;2026-09-01;2013-02-06
logements;PC;09304812B0166;1;Y;317;930480000Y0317;actuelle;2026-09-01;2013-01-18
logements;PC;09304812B0174;1;AR;230;93048000AR0230;actuelle;2026-09-01;2013-02-07
logements;PC;09304812B0174;2;AR;85;93048000AR0085;actuelle;2026-09-01;2013-02-07
logements;PC;09304812B0177;1;AQ;81;93048000AQ0081;actuelle;2026-09-01;2013-01-04
logements;PC;09304812B0188;1;AL;197;93048000AL0197;actuelle;2026-09-01;2013-02-07
logements;PC;09304812B0188;2;AL;198;93048000AL0198;actuelle;2026-09-01;2013-02-07
logements;PC;09304812B0188;3;AL;152;93048000AL0152;actuelle;2026-09-01;2013-02-07
logements;PC;09304812B0189;1;BR;144;93048000BR0144;actuelle;2026-09-01;2013-01-14
logements;PC;09304812B0190;1;R;149;930480000R0149;actuelle;2026-09-01;2013-02-26
logements;PC;09304812B0191;1;AC;237;93048000AC0237;actuelle;2026-09-01;2013-02-06
logements;PC;09304812B0191;2;AC;235;93048000AC0235;actuelle;2026-09-01;2013-02-06
logements;PC;09304812B0191;3;AC;92;93048000AC0092;actuelle;2026-09-01;2013-02-06
logements;PC;09304812B0199;1;AD;197;93048000AD0197;actuelle;2026-09-01;2013-06-12
logements;PC;09304812B0199;2;AD;195;93048000AD0195;actuelle;2026-09-01;2013-06-12
logements;PC;09304812B0199;3;AD;194;93048000AD0194;actuelle;2026-09-01;2013-06-12
logements;PC;09304812B0200;1;AF;311;93048000AF0311;actuelle;2026-09-01;2013-07-09
logements;PC;09304812B0200;2;AF;284;93048000AF0284;actuelle;2026-09-01;2013-07-09
logements;PC;09304812B0200;3;AF;277;93048000AF0277;actuelle;2026-09-01;2013-07-09
logements;PC;09304812B0205;1;BP;257;93048000BP0257;actuelle;2026-09-01;2013-01-02
logements;PC;09304812B0205;2;BP;256;93048000BP0256;actuelle;2026-09-01;2013-01-02
logements;PC;09304812B0205;3;BP;222;93048000BP0222;actuelle;2026-09-01;2013-01-02
logements;PC;09304812B0206;1;U;178;930480000U0178;actuelle;2026-09-01;2013-06-17
logements;PC;09304812B0206;2;U;16;930480000U0016;actuelle;2026-09-01;2013-06-17
logements;PC;09304812B0207;1;BI;315;93048000BI0315;actuelle;2026-09-01;2013-02-05
logements;PC;09304812B0207;2;BI;313;93048000BI0313;actuelle;2026-09-01;2013-02-05
logements;PC;09304812B0207;3;BI;174;93048000BI0174;actuelle;2026-09-01;2013-02-05
logements;PC;09304812B0209;1;BP;20;93048000BP0020;actuelle;2026-09-01;2013-01-02
logements;PC;09304812B0211;1;AL;9;93048000AL0009;actuelle;2026-09-01;2013-02-06
logements;PC;09304812B0211;2;AL;12;93048000AL0012;actuelle;2026-09-01;2013-02-06
logements;PC;09304812B0213;1;I;45;930480000I0045;introuvable;;2013-02-01
logements;PC;09304812B0214;1;AP;59;93048000AP0059;actuelle;2026-09-01;2013-01-25
logements;PC;09304812B0217;1;BR;117;93048000BR0117;actuelle;2026-09-01;2013-02-07
logements;PC;09304812B0220;1;CD;293;93048000CD0293;actuelle;2026-09-01;2013-02-01
logements;PC;09304812B0222;1;CK;137;93048000CK0137;actuelle;2026-09-01;2013-01-18
logements;PC;09304812B0223;1;AT;97;93048000AT0097;actuelle;2026-09-01;2013-08-12
logements;PC;09304812B0226;1;T;386;930480000T0386;actuelle;2026-09-01;2013-02-18
logements;PC;09304812B0228;1;BU;200;93048000BU0200;actuelle;2026-09-01;2013-03-08
logements;PC;09304812B0230;1;Z;327;930480000Z0327;actuelle;2026-09-01;2013-02-07
logements;PC;09304812B0234;1;AC;7;93048000AC0007;actuelle;2026-09-01;2013-05-23
logements;PC;09304812B0237;1;CJ;38;93048000CJ0038;introuvable;;2013-04-26
logements;PC;09304812B0237;2;CJ;37;93048000CJ0037;actuelle;2026-09-01;2013-04-26
logements;PC;09304812B0237;3;CJ;36;93048000CJ0036;actuelle;2026-09-01;2013-04-26
logements;PC;09304812B0242;1;AP;96;93048000AP0096;actuelle;2026-09-01;2013-03-07
logements;PC;09304812B0245;1;BI;86;93048000BI0086;actuelle;2026-09-01;2013-05-24
logements;PC;09304812B0247;1;AT;32;93048000AT0032;actuelle;2026-09-01;2013-02-07
logements;PC;09304812B0249;1;AE;232;93048000AE0232;actuelle;2026-09-01;2013-04-05
logements;PC;09304812B0252;1;BG;87;93048000BG0087;introuvable;;2013-06-27
logements;PC;09304812B0254;1;AZ;51;93048000AZ0051;actuelle;2026-09-01;2013-02-14
logements;PC;09304812B0256;1;BZ;485;93048000BZ0485;actuelle;2026-09-01;2013-02-27
logements;PC;09304812B0263;1;BT;35;93048000BT0035;actuelle;2026-09-01;2013-02-12
logements;PC;09304813B0002;1;A;19;930480000A0019;actuelle;2026-09-01;2013-02-07
logements;PC;09304813B0004;1;B;211;930480000B0211;actuelle;2026-09-01;2013-03-07
logements;PC;09304813B0005;1;D;65;930480000D0065;actuelle;2026-09-01;2013-03-29
logements;PC;09304813B0010;1;AR;242;93048000AR0242;actuelle;2026-09-01;2013-06-27
logements;PC;09304813B0010;2;AR;243;93048000AR0243;actuelle;2026-09-01;2013-06-27
logements;PC;09304813B0020;1;BK;343;93048000BK0343;actuelle;2026-09-01;2013-04-22
logements;PC;09304813B0020;2;BK;269;93048000BK0269;actuelle;2026-09-01;2013-04-22
logements;PC;09304813B0031;1;BI;215;93048000BI0215;actuelle;2026-09-01;2013-05-23
logements;PC;09304813B0031;2;BI;14;93048000BI0014;actuelle;2026-09-01;2013-05-23
logements;PC;09304813B0036;1;AH;135;93048000AH0135;introuvable;;2013-06-06
logements;PC;09304813B0043;1;AS;193;93048000AS0193;actuelle;2026-09-01;2013-12-13
logements;PC;09304813B0047;1;T;183;930480000T0183;actuelle;2026-09-01;2013-06-26
logements;PC;09304813B0048;1;AD;117;93048000AD0117;ancienne;2021-07-01;2013-06-13
logements;PC;09304813B0050;1;K;263;930480000K0263;actuelle;2026-09-01;2013-06-26
logements;PC;09304813B0056;1;BQ;88;93048000BQ0088;actuelle;2026-09-01;2013-07-29
logements;PC;09304813B0059;1;V;21;930480000V0021;actuelle;2026-09-01;2013-09-27
logements;PC;09304813B0060;1;BP;23;93048000BP0023;actuelle;2026-09-01;2013-06-26
logements;PC;09304813B0068;1;BF;98;93048000BF0098;actuelle;2026-09-01;2013-08-26
logements;PC;09304813B0068;2;BF;97;93048000BF0097;actuelle;2026-09-01;2013-08-26
logements;PC;09304813B0068;3;BF;96;93048000BF0096;actuelle;2026-09-01;2013-08-26
logements;PC;09304813B0074;1;BN;56;93048000BN0056;actuelle;2026-09-01;2013-09-16
logements;PC;09304813B0080;1;AY;70;93048000AY0070;actuelle;2026-09-01;2013-11-06
logements;PC;09304813B0081;1;AG;108;93048000AG0108;actuelle;2026-09-01;2014-01-17
logements;PC;09304813B0085;1;CN;108;93048000CN0108;actuelle;2026-09-01;2013-11-06
logements;PC;09304813B0088;1;A;19;930480000A0019;actuelle;2026-09-01;2013-09-20
logements;PC;09304813B0092;1;BT;283;93048000BT0283;actuelle;2026-09-01;2013-10-10
logements;PC;09304813B0092;2;BT;286;93048000BT0286;actuelle;2026-09-01;2013-10-10
logements;PC;09304813B0093;1;AV;30;93048000AV0030;introuvable;;2014-01-30
logements;PC;09304813B0094;1;CN;18;93048000CN0018;introuvable;;2013-08-12
logements;PC;09304813B0097;1;AK;74;93048000AK0074;actuelle;2026-09-01;2014-03-16
logements;PC;09304813B0097;2;AK;75;93048000AK0075;actuelle;2026-09-01;2014-03-16
logements;PC;09304813B0097;3;AK;185;93048000AK0185;actuelle;2026-09-01;2014-03-16
logements;PC;09304813B0100;1;CE;282;93048000CE0282;ancienne;2019-07-01;2014-03-21
logements;PC;09304813B0105;1;AE;101;93048000AE0101;actuelle;2026-09-01;2014-01-06
logements;PC;09304813B0108;1;BH;249;93048000BH0249;actuelle;2026-09-01;2014-03-28
logements;PC;09304813B0109;1;CO;20;93048000CO0020;actuelle;2026-09-01;2013-11-05
logements;PC;09304813B0109;2;CO;26;93048000CO0026;actuelle;2026-09-01;2013-11-05
logements;PC;09304813B0109;3;CO;27;93048000CO0027;actuelle;2026-09-01;2013-11-05
logements;PC;09304813B0110;1;AY;217;93048000AY0217;actuelle;2026-09-01;2013-12-13
logements;PC;09304813B0110;2;AY;215;93048000AY0215;actuelle;2026-09-01;2013-12-13
logements;PC;09304813B0110;3;AY;213;93048000AY0213;actuelle;2026-09-01;2013-12-13
logements;PC;09304813B0112;1;X;119;930480000X0119;actuelle;2026-09-01;2013-12-05
logements;PC;09304813B0113;1;BL;34;93048000BL0034;actuelle;2026-09-01;2014-03-19
logements;PC;09304813B0115;1;C;91;930480000C0091;actuelle;2026-09-01;2014-01-23
logements;PC;09304813B0116;1;BU;34;93048000BU0034;actuelle;2026-09-01;2013-11-05
logements;PC;09304813B0118;1;AF;144;93048000AF0144;actuelle;2026-09-01;2013-11-26
logements;PC;09304813B0120;1;AI;309;93048000AI0309;actuelle;2026-09-01;2014-03-06
logements;PC;09304813B0120;2;AI;310;93048000AI0310;actuelle;2026-09-01;2014-03-06
logements;PC;09304813B0120;3;AI;312;93048000AI0312;actuelle;2026-09-01;2014-03-06
logements;PC;09304813B0123;1;AP;173;93048000AP0173;actuelle;2026-09-01;2014-02-24
logements;PC;09304813B0126;1;BP;214;93048000BP0214;actuelle;2026-09-01;2013-11-06
logements;PC;09304813B0126;2;BP;156;93048000BP0156;actuelle;2026-09-01;2013-11-06
logements;PC;09304813B0131;1;Y;31;930480000Y0031;ancienne;2018-01-02;2013-11-26
logements;PC;09304813B0139;1;BG;151;93048000BG0151;actuelle;2026-09-01;2013-12-18
logements;PC;09304813B0141;1;V;36;930480000V0036;actuelle;2026-09-01;2014-01-23
logements;PC;09304813B0142;1;BO;61;93048000BO0061;actuelle;2026-09-01;2014-05-26
logements;PC;09304813B0144;1;X;49;930480000X0049;actuelle;2026-09-01;2013-12-02
logements;PC;09304813B0144;2;X;50;930480000X0050;actuelle;2026-09-01;2013-12-02
logements;PC;09304813B0147;1;BK;8;93048000BK0008;actuelle;2026-09-01;2014-02-07
logements;PC;09304813B0150;1;AC;174;93048000AC0174;actuelle;2026-09-01;2014-06-16
logements;PC;09304813B0152;1;AE;81;93048000AE0081;actuelle;2026-09-01;2014-01-28
logements;PC;09304813B0152;2;AE;85;93048000AE0085;actuelle;2026-09-01;2014-01-28
logements;PC;09304813B0160;1;AT;70;93048000AT0070;introuvable;;2014-03-27
logements;PC;09304813B0163;1;BO;161;93048000BO0161;introuvable;;2014-03-26
logements;PC;09304813B0163;2;BO;172;93048000BO0172;actuelle;2026-09-01;2014-03-26
logements;PC;09304813B0165;1;BL;115;93048000BL0115;actuelle;2026-09-01;2014-06-18
logements;PC;09304813B0168;1;B;94;930480000B0094;actuelle;2026-09-01;2014-02-21
logements;PC;09304813B0170;1;BH;75;93048000BH0075;actuelle;2026-09-01;2014-07-22
logements;PC;09304813B0170;2;BH;76;93048000BH0076;actuelle;2026-09-01;2014-07-22
logements;PC;09304813B0171;1;BQ;52;93048000BQ0052;actuelle;2026-09-01;2014-03-13
logements;PC;09304813B0173;1;AT;36;93048000AT0036;actuelle;2026-09-01;2014-07-11
logements;PC;09304813B0174;1;BD;53;93048000BD0053;actuelle;2026-09-01;2014-06-06
logements;PC;09304813B0175;1;F;36;930480000F0036;introuvable;;2014-07-22
logements;PC;09304813B0175;2;F;28;930480000F0028;introuvable;;2014-07-22
logements;PC;09304813B0175;3;F;26;930480000F0026;introuvable;;2014-07-22
logements;PC;09304813B0177;1;BS;143;93048000BS0143;actuelle;2026-09-01;2014-02-10
logements;PC;09304813B0181;1;AV;118;93048000AV0118;actuelle;2026-09-01;2014-03-14
logements;PC;09304814B0001;1;AP;174;93048000AP0174;introuvable;;2014-03-18
logements;PC;09304814B0015;1;B;84;930480000B0084;actuelle;2026-09-01;2014-05-20
logements;PC;09304814B0016;1;N;203;930480000N0203;actuelle;2026-09-01;2014-03-20
logements;PC;09304814B0016;2;N;117;930480000N0117;actuelle;2026-09-01;2014-03-20
logements;PC;09304814B0022;1;K;268;930480000K0268;actuelle;2026-09-01;2014-06-14
logements;PC;09304814B0022;2;K;258;930480000K0258;introuvable;;2014-06-14
logements;PC;09304814B0022;3;K;47;930480000K0047;actuelle;2026-09-01;2014-06-14
logements;PC;09304814B0023;1;BT;25;93048000BT0025;actuelle;2026-09-01;2014-05-12
logements;PC;09304814B0023;2;BT;24;93048000BT0024;actuelle;2026-09-01;2014-05-12
logements;PC;09304814B0023;3;BT;23;93048000BT0023;actuelle;2026-09-01;2014-05-12
logements;PC;09304814B0027;1;AS;27;93048000AS0027;actuelle;2026-09-01;2014-10-09
logements;PC;09304814B0029;1;L;92;930480000L0092;actuelle;2026-09-01;2014-07-22
logements;PC;09304814B0032;1;BU;26;93048000BU0026;actuelle;2026-09-01;2014-04-28
logements;PC;09304814B0035;1;BT;275;93048000BT0275;introuvable;;2014-09-15
logements;PC;09304814B0035;2;BT;276;93048000BT0276;introuvable;;2014-09-15
logements;PC;09304814B0043;1;AY;254;93048000AY0254;actuelle;2026-09-01;2014-10-29
logements;PC;09304814B0050;1;BL;154;93048000BL0154;actuelle;2026-09-01;2014-05-07
logements;PC;09304814B0052;1;AP;51;93048000AP0051;actuelle;2026-09-01;2014-06-16
logements;PC;09304814B0056;1;CR;43;93048000CR0043;actuelle;2026-09-01;2014-06-30
logements;PC;09304814B0059;1;CQ;263;93048000CQ0263;actuelle;2026-09-01;2014-07-31
logements;PC;09304814B0063;1;BJ;207;93048000BJ0207;actuelle;2026-09-01;2014-08-21
logements;PC;09304814B0065;1;AB;138;93048000AB0138;actuelle;2026-09-01;2014-09-01
logements;PC;09304814B0066;1;A;124;930480000A0124;actuelle;2026-09-01;2014-07-22
logements;PC;09304814B0067;1;BI;147;93048000BI0147;ancienne;2019-01-01;2014-07-23
logements;PC;09304814B0070;1;B;302;930480000B0302;actuelle;2026-09-01;2014-08-08
logements;PC;09304814B0070;2;B;304;930480000B0304;actuelle;2026-09-01;2014-08-08
logements;PC;09304814B0070;3;B;300;930480000B0300;actuelle;2026-09-01;2014-08-08
logements;PC;09304814B0074;1;BF;43;93048000BF0043;introuvable;;2014-09-22
logements;PC;09304814B0079;1;BE;64;93048000BE0064;actuelle;2026-09-01;2014-07-28
logements;PC;09304814B0082;1;BI;131;93048000BI0131;actuelle;2026-09-01;2014-09-23
logements;PC;09304814B0086;1;AB;148;93048000AB0148;ancienne;2018-01-02;2014-07-31
logements;PC;09304814B0086;2;AB;144;93048000AB0144;ancienne;2018-01-02;2014-07-31
logements;PC;09304814B0086;3;AB;274;93048000AB0274;actuelle;2026-09-01;2014-07-31
logements;PC;09304814B0092;1;BR;144;93048000BR0144;actuelle;2026-09-01;2014-07-11
logements;PC;09304814B0100;1;AP;346;93048000AP0346;actuelle;2026-09-01;2014-09-09
logements;PC;09304814B0100;2;AP;347;93048000AP0347;actuelle;2026-09-01;2014-09-09
logements;PC;09304814B0100;3;AP;334;93048000AP0334;ancienne;2019-01-01;2014-09-09
logements;PC;09304814B0101;1;T;20;930480000T0020;actuelle;2026-09-01;2014-09-03
logements;PC;09304814B0103;1;AK;185;93048000AK0185;actuelle;2026-09-01;2014-12-11
logements;PC;09304814B0103;2;AK;75;93048000AK0075;actuelle;2026-09-01;2014-12-11
logements;PC;09304814B0103;3;AK;74;93048000AK0074;actuelle;2026-09-01;2014-12-11
logements;PC;09304814B0104;1;C;46;930480000C0046;ancienne;2023-04-01;2014-10-08
logements;PC;09304814B0105;1;P;112;930480000P0112;actuelle;2026-09-01;2014-10-08
logements;PC;09304814B0108;1;AY;154;93048000AY0154;actuelle;2026-09-01;2014-08-11
logements;PC;09304814B0108;2;AY;165;93048000AY0165;actuelle;2026-09-01;2014-08-11
logements;PC;09304814B0108;3;AY;166;93048000AY0166;actuelle;2026-09-01;2014-08-11
logements;PC;09304814B0111;1;AQ;16;93048000AQ0016;actuelle;2026-09-01;2014-07-31
logements;PC;09304814B0113;1;AG;109;93048000AG0109;actuelle;2026-09-01;2015-01-23
logements;PC;09304814B0121;1;BM;8;93048000BM0008;introuvable;;2015-02-27
logements;PC;09304814B0121;2;BM;6;93048000BM0006;introuvable;;2015-02-27
logements;PC;09304814B0122;1;BI;193;93048000BI0193;actuelle;2026-09-01;2015-02-26
logements;PC;09304814B0130;1;CF;26;93048000CF0026;actuelle;2026-09-01;2014-11-28
logements;PC;09304814B0131;1;AI;308;93048000AI0308;actuelle;2026-09-01;2014-12-18
logements;PC;09304814B0133;1;CQ;168;93048000CQ0168;actuelle;2026-09-01;2014-12-05
logements;PC;09304814B0133;2;CQ;281;93048000CQ0281;actuelle;2026-09-01;2014-12-05
logements;PC;09304814B0153;1;AK;4;93048000AK0004;actuelle;2026-09-01;2015-01-22
logements;PC;09304814B0155;1;BR;28;93048000BR0028;actuelle;2026-09-01;2014-12-24
logements;PC;09304814B0157;1;CQ;39;93048000CQ0039;introuvable;;2014-11-05
logements;PC;09304814B0158;1;N;115;930480000N0115;actuelle;2026-09-01;2015-03-13
logements;PC;09304814B0162;1;BK;302;93048000BK0302;actuelle;2026-09-01;2015-07-06
logements;PC;09304814B0163;1;B;57;930480000B0057;actuelle;2026-09-01;2015-02-19
logements;PC;09304814B0163;2;B;56;930480000B0056;actuelle;2026-09-01;2015-02-19
logements;PC;09304814B0164;1;B;57;930480000B0057;actuelle;2026-09-01;2015-02-25
logements;PC;09304814B0165;1;A;62;930480000A0062;actuelle;2026-09-01;2014-12-02
logements;PC;09304814B0166;1;BI;158;93048000BI0158;actuelle;2026-09-01;2015-03-12
logements;PC;09304814B0170;1;P;62;930480000P0062;actuelle;2026-09-01;2015-03-18
logements;PC;09304814B0174;1;BU;101;93048000BU0101;actuelle;2026-09-01;2014-12-22
logements;PC;09304814B0175;1;AR;236;93048000AR0236;actuelle;2026-09-01;2017-11-20
logements;PC;09304814B0175;2;AR;229;93048000AR0229;actuelle;2026-09-01;2017-11-20
logements;PC;09304814B0178;1;X;139;930480000X0139;actuelle;2026-09-01;2015-02-18
logements;PC;09304814B0182;1;BL;55;93048000BL0055;actuelle;2026-09-01;2015-06-01
logements;PC;09304814B0184;1;BH;161;93048000BH0161;actuelle;2026-09-01;2015-05-28
logements;PC;09304814B0184;2;BH;162;93048000BH0162;actuelle;2026-09-01;2015-05-28
logements;PC;09304814B0188;1;T;347;930480000T0347;introuvable;;2014-12-24
logements;PC;09304814B0188;2;T;196;930480000T0196;actuelle;2026-09-01;2014-12-24
logements;PC;09304814B0188;3;T;147;930480000T0147;introuvable;;2014-12-24
logements;PC;09304814B0190;1;G;117;930480000G0117;ancienne;2022-01-01;2015-03-19
logements;PC;09304814B0190;2;G;61;930480000G0061;ancienne;2022-01-01;2015-03-19
logements;PC;09304814B0190;3;G;30;930480000G0030;ancienne;2022-01-01;2015-03-19
logements;PC;09304814B0193;1;AE;159;93048000AE0159;actuelle;2026-09-01;2015-05-18
logements;PC;09304814B0200;1;CK;152;93048000CK0152;ancienne;2022-10-01;2015-05-19
logements;PC;09304814B0203;1;CJ;282;93048000CJ0282;actuelle;2026-09-01;2015-02-02
logements;PC;09304814B0203;2;CJ;268;93048000CJ0268;actuelle;2026-09-01;2015-02-02
logements;PC;09304814B0203;3;CJ;161;93048000CJ0161;ancienne;2022-04-01;2015-02-02
logements;PC;09304814B0210;1;BU;123;93048000BU0123;actuelle;2026-09-01;2015-02-27
logements;PC;09304814B0212;1;BT;237;93048000BT0237;actuelle;2026-09-01;2015-01-19
logements;PC;09304814B0213;1;X;298;930480000X0298;actuelle;2026-09-01;2015-05-06
logements;PC;09304814B0213;2;X;119;930480000X0119;actuelle;2026-09-01;2015-05-06
logements;PC;09304814B0220;1;BJ;27;93048000BJ0027;introuvable;;2015-04-14
logements;PC;09304814B0222;1;AG;277;93048000AG0277;actuelle;2026-09-01;2015-04-08
logements;PC;09304815B0002;1;BH;151;93048000BH0151;actuelle;2026-09-01;2015-06-03
logements;PC;09304815B0003;1;C;111;930480000C0111;actuelle;2026-09-01;2015-05-06
logements;PC;09304815B0004;1;K;182;930480000K0182;actuelle;2026-09-01;2015-03-12
logements;PC;09304815B0005;1;P;112;930480000P0112;actuelle;2026-09-01;2015-02-27
logements;PC;09304815B0020;1;BP;193;93048000BP0193;actuelle;2026-09-01;2015-03-09
logements;PC;09304815B0024;1;AD;197;93048000AD0197;actuelle;2026-09-01;2015-06-16
logements;PC;09304815B0024;2;AD;195;93048000AD0195;actuelle;2026-09-01;2015-06-16
logements;PC;09304815B0024;3;AD;194;93048000AD0194;actuelle;2026-09-01;2015-06-16
logements;PC;09304815B0031;1;Y;186;930480000Y0186;actuelle;2026-09-01;2015-07-15
logements;PC;09304815B0033;1;AT;59;93048000AT0059;actuelle;2026-09-01;2015-05-05
logements;PC;09304815B0035;1;CL;129;93048000CL0129;actuelle;2026-09-01;2015-07-10
logements;PC;09304815B0040;1;U;167;930480000U0167;ancienne;2026-03-01;2015-11-18
logements;PC;09304815B0043;1;CJ;288;93048000CJ0288;actuelle;2026-09-01;2015-06-15
logements;PC;09304815B0043;2;CJ;270;93048000CJ0270;actuelle;2026-09-01;2015-06-15
logements;PC;09304815B0045;1;Y;138;930480000Y0138;actuelle;2026-09-01;2015-06-15
logements;PC;09304815B0046;1;CN;21;93048000CN0021;introuvable;;2015-07-16
logements;PC;09304815B0047;1;BY;50;93048000BY0050;introuvable;;2015-09-09
logements;PC;09304815B0047;2;BY;203;93048000BY0203;actuelle;2026-09-01;2015-09-09
logements;PC;09304815B0047;3;BY;204;93048000BY0204;actuelle;2026-09-01;2015-09-09
logements;PC;09304815B0057;1;AF;339;93048000AF0339;actuelle;2026-09-01;2015-07-24
logements;PC;09304815B0060;1;BJ;104;93048000BJ0104;actuelle;2026-09-01;2015-09-16
logements;PC;09304815B0062;1;CR;212;93048000CR0212;actuelle;2026-09-01;2015-07-15
logements;PC;09304815B0064;1;A;19;930480000A0019;actuelle;2026-09-01;2015-08-24
logements;PC;09304815B0065;1;E;157;930480000E0157;actuelle;2026-09-01;2015-09-29
logements;PC;09304815B0068;1;Z;201;930480000Z0201;actuelle;2026-09-01;2015-09-11
logements;PC;09304815B0069;1;CR;127;93048000CR0127;actuelle;2026-09-01;2015-06-15
logements;PC;09304815B0069;2;CR;323;93048000CR0323;actuelle;2026-09-01;2015-06-15
logements;PC;09304815B0070;1;AT;64;93048000AT0064;actuelle;2026-09-01;2015-08-11
logements;PC;09304815B0071;1;Z;231;930480000Z0231;actuelle;2026-09-01;2015-06-05
logements;PC;09304815B0077;1;BZ;114;93048000BZ0114;actuelle;2026-09-01;2015-09-02
logements;PC;09304815B0081;1;BI;23;93048000BI0023;ancienne;2019-04-01;2015-08-11
logements;PC;09304815B0081;2;BI;24;93048000BI0024;actuelle;2026-09-01;2015-08-11
logements;PC;09304815B0082;1;AV;92;93048000AV0092;actuelle;2026-09-01;2015-12-21
logements;PC;09304815B0082;2;AV;93;93048000AV0093;actuelle;2026-09-01;2015-12-21
logements;PC;09304815B0083;1;CR;327;93048000CR0327;actuelle;2026-09-01;2015-07-24
logements;PC;09304815B0085;1;AP;122;93048000AP0122;actuelle;2026-09-01;2015-09-28
logements;PC;09304815B0087;1;AE;143;93048000AE0143;actuelle;2026-09-01;2015-07-10
logements;PC;09304815B0089;1;CN;358;93048000CN0358;actuelle;2026-09-01;2015-07-30
logements;PC;09304815B0094;1;AV;176;93048000AV0176;actuelle;2026-09-01;2015-10-16
logements;PC;09304815B0096;1;AX;76;93048000AX0076;ancienne;2019-01-01;2015-11-16
logements;PC;09304815B0096;2;AX;77;93048000AX0077;ancienne;2019-01-01;2015-11-16
logements;PC;09304815B0098;1;AL;127;93048000AL0127;actuelle;2026-09-01;2015-11-10
logements;PC;09304815B0098;2;AL;129;93048000AL0129;actuelle;2026-09-01;2015-11-10
logements;PC;09304815B0098;3;AL;157;93048000AL0157;actuelle;2026-09-01;2015-11-10
logements;PC;09304815B0100;1;N;151;930480000N0151;actuelle;2026-09-01;2015-11-30
logements;PC;09304815B0101;1;AV;169;93048000AV0169;actuelle;2026-09-01;2015-11-26
logements;PC;09304815B0108;1;BU;16;93048000BU0016;ancienne;2022-10-01;2015-10-26
logements;PC;09304815B0109;1;K;52;930480000K0052;actuelle;2026-09-01;2015-12-21
logements;PC;09304815B0109;2;K;191;930480000K0191;actuelle;2026-09-01;2015-12-21
logements;PC;09304815B0109;3;K;199;930480000K0199;actuelle;2026-09-01;2015-12-21
logements;PC;09304815B0110;1;BK;60;93048000BK0060;actuelle;2026-09-01;2015-08-11
logements;PC;09304815B0111;1;AT;133;93048000AT0133;actuelle;2026-09-01;2015-11-09
logements;PC;09304815B0114;1;N;20;930480000N0020;actuelle;2026-09-01;2015-08-12
logements;PC;09304815B0117;1;Y;16;930480000Y0016;ancienne;2019-10-01;2015-08-14
logements;PC;09304815B0118;1;F;5;930480000F0005;introuvable;;2016-01-13
logements;PC;09304815B0118;2;F;26;930480000F0026;introuvable;;2016-01-13
logements;PC;09304815B0118;3;F;36;930480000F0036;introuvable;;2016-01-13
logements;PC;09304815B0120;1;AI;185;93048000AI0185;actuelle;2026-09-01;2015-10-15
logements;PC;09304815B0121;1;K;63;930480000K0063;ancienne;2023-07-01;2015-12-18
logements;PC;09304815B0121;2;K;63;930480000K0063;ancienne;2023-07-01;2015-12-18
logements;PC;09304815B0121;3;K;64;930480000K0064;actuelle;2026-09-01;2015-12-18
logements;PC;09304815B0124;1;AP;119;93048000AP0119;actuelle;2026-09-01;2015-09-28
logements;PC;09304815B0125;1;CE;282;93048000CE0282;ancienne;2019-07-01;2015-12-01
logements;PC;09304815B0126;1;AP;6;93048000AP0006;ancienne;2026-03-01;2015-09-16
logements;PC;09304815B0127;1;BH;163;93048000BH0163;actuelle;2026-09-01;2016-01-14
logements;PC;09304815B0131;1;AK;74;93048000AK0074;actuelle;2026-09-01;2016-01-18
logements;PC;09304815B0131;2;AK;75;93048000AK0075;actuelle;2026-09-01;2016-01-18
logements;PC;09304815B0131;3;AK;185;93048000AK0185;actuelle;2026-09-01;2016-01-18
logements;PC;09304815B0137;1;AS;195;93048000AS0195;actuelle;2026-09-01;2016-02-19
logements;PC;09304815B0137;2;AS;196;93048000AS0196;actuelle;2026-09-01;2016-02-19
logements;PC;09304815B0139;1;AP;342;93048000AP0342;actuelle;2026-09-01;2015-11-25
logements;PC;09304815B0142;1;BP;24;93048000BP0024;actuelle;2026-09-01;2015-11-16
logements;PC;09304815B0142;2;BP;28;93048000BP0028;actuelle;2026-09-01;2015-11-16
logements;PC;09304815B0144;1;BM;6;93048000BM0006;introuvable;;2016-02-10
logements;PC;09304815B0144;2;BM;8;93048000BM0008;introuvable;;2016-02-10
logements;PC;09304815B0147;1;CK;218;93048000CK0218;actuelle;2026-09-01;2015-11-18
logements;PC;09304815B0148;1;BV;5;93048000BV0005;introuvable;;2016-01-08
logements;PC;09304815B0148;2;BV;179;93048000BV0179;actuelle;2026-09-01;2016-01-08
logements;PC;09304815B0148;3;BV;180;93048000BV0180;introuvable;;2016-01-08
logements;PC;09304815B0149;1;CQ;49;93048000CQ0049;actuelle;2026-09-01;2016-01-14
logements;PC;09304815B0151;1;CH;162;93048000CH0162;actuelle;2026-09-01;2015-12-23
logements;PC;09304815B0152;1;BG;2;93048000BG0002;actuelle;2026-09-01;2016-01-08
logements;PC;09304815B0152;2;BG;3;93048000BG0003;actuelle;2026-09-01;2016-01-08
logements;PC;09304815B0162;1;BL;32;93048000BL0032;actuelle;2026-09-01;2016-01-08
logements;PC;09304815B0167;1;BM;172;93048000BM0172;actuelle;2026-09-01;2016-04-12
logements;PC;09304815B0170;1;BM;208;93048000BM0208;actuelle;2026-09-01;2016-03-22
logements;PC;09304815B0174;1;BI;20;93048000BI0020;actuelle;2026-09-01;2015-12-18
logements;PC;09304815B0182;1;D;37;930480000D0037;actuelle;2026-09-01;2016-01-08
logements;PC;09304815B0184;1;F;57;930480000F0057;introuvable;;2016-08-12
logements;PC;09304815B0185;1;BO;94;93048000BO0094;actuelle;2026-09-01;2016-05-27
logements;PC;09304815B0185;2;BO;98;93048000BO0098;actuelle;2026-09-01;2016-05-27
logements;PC;09304815B0185;3;BO;97;93048000BO0097;actuelle;2026-09-01;2016-05-27
logements;PC;09304815B0193;1;AP;192;93048000AP0192;actuelle;2026-09-01;2016-02-09
logements;PC;09304815B0195;1;AC;138;93048000AC0138;actuelle;2026-09-01;2016-03-22
logements;PC;09304816B0003;1;CJ;425;93048000CJ0425;actuelle;2026-09-01;2016-03-21
logements;PC;09304816B0005;1;AD;197;93048000AD0197;actuelle;2026-09-01;2016-03-30
logements;PC;09304816B0005;2;AD;194;93048000AD0194;actuelle;2026-09-01;2016-03-30
logements;PC;09304816B0005;3;AD;195;93048000AD0195;actuelle;2026-09-01;2016-03-30
logements;PC;09304816B0007;1;AE;112;93048000AE0112;actuelle;2026-09-01;2016-05-17
logements;PC;09304816B0009;1;AV;95;93048000AV0095;actuelle;2026-09-01;2016-06-17
logements;PC;09304816B0011;1;J;244;930480000J0244;actuelle;2026-09-01;2016-07-19
logements;PC;09304816B0011;2;J;16;930480000J0016;actuelle;2026-09-01;2016-07-19
logements;PC;09304816B0011;3;J;220;930480000J0220;actuelle;2026-09-01;2016-07-19
logements;PC;09304816B0013;1;CG;7;93048000CG0007;actuelle;2026-09-01;2016-03-21
logements;PC;09304816B0013;2;CD;452;93048000CD0452;actuelle;2026-09-01;2016-03-21
logements;PC;09304816B0013;3;CD;454;93048000CD0454;actuelle;2026-09-01;2016-03-21
logements;PC;09304816B0014;1;A;68;930480000A0068;actuelle;2026-09-01;2016-04-06
logements;PC;09304816B0017;1;AE;217;93048000AE0217;actuelle;2026-09-01;2016-05-30
logements;PC;09304816B0024;1;CQ;232;93048000CQ0232;actuelle;2026-09-01;2016-07-22
logements;PC;09304816B0025;1;T;113;930480000T0113;actuelle;2026-09-01;2016-07-19
logements;PC;09304816B0025;2;T;180;930480000T0180;introuvable;;2016-07-19
logements;PC;09304816B0025;3;T;276;930480000T0276;actuelle;2026-09-01;2016-07-19
logements;PC;09304816B0034;1;CL;194;93048000CL0194;actuelle;2026-09-01;2016-09-02
logements;PC;09304816B0035;1;CL;196;93048000CL0196;actuelle;2026-09-01;2016-07-04
logements;PC;09304816B0044;1;CL;195;93048000CL0195;actuelle;2026-09-01;2016-07-22
logements;PC;09304816B0045;1;V;73;930480000V0073;actuelle;2026-09-01;2016-05-24
logements;PC;09304816B0046;1;T;394;930480000T0394;actuelle;2026-09-01;2016-05-02
logements;PC;09304816B0057;1;AV;12;93048000AV0012;actuelle;2026-09-01;2016-07-20
logements;PC;09304816B0058;1;C;215;930480000C0215;actuelle;2026-09-01;2016-08-16
logements;PC;09304816B0059;1;I;121;930480000I0121;actuelle;2026-09-01;2016-09-28
logements;PC;09304816B0059;2;I;118;930480000I0118;actuelle;2026-09-01;2016-09-28
logements;PC;09304816B0061;1;BI;63;93048000BI0063;actuelle;2026-09-01;2016-06-27
logements;PC;09304816B0062;1;Z;202;930480000Z0202;actuelle;2026-09-01;2016-07-22
logements;PC;09304816B0063;1;BR;123;93048000BR0123;actuelle;2026-09-01;2016-09-06
logements;PC;09304816B0065;1;BJ;26;93048000BJ0026;actuelle;2026-09-01;2016-10-11
logements;PC;09304816B0065;2;BJ;28;93048000BJ0028;actuelle;2026-09-01;2016-10-11
logements;PC;09304816B0066;1;AV;90;93048000AV0090;actuelle;2026-09-01;2016-08-05
logements;PC;09304816B0068;1;AE;138;93048000AE0138;actuelle;2026-09-01;2016-10-25
logements;PC;09304816B0069;1;BL;13;93048000BL0013;actuelle;2026-09-01;2016-09-20
logements;PC;09304816B0069;2;BL;14;93048000BL0014;actuelle;2026-09-01;2016-09-20
logements;PC;09304816B0072;1;L;68;930480000L0068;actuelle;2026-09-01;2016-07-19
logements;PC;09304816B0072;2;L;270;930480000L0270;actuelle;2026-09-01;2016-07-19
logements;PC;09304816B0074;1;AE;120;93048000AE0120;actuelle;2026-09-01;2016-08-05
logements;PC;09304816B0074;2;AE;197;93048000AE0197;ancienne;2021-02-01;2016-08-05
logements;PC;09304816B0074;3;AE;198;93048000AE0198;actuelle;2026-09-01;2016-08-05
logements;PC;09304816B0078;1;AH;171;93048000AH0171;actuelle;2026-09-01;2016-08-16
logements;PC;09304816B0079;1;AK;79;93048000AK0079;actuelle;2026-09-01;2016-08-29
logements;PC;09304816B0079;2;AK;256;93048000AK0256;actuelle;2026-09-01;2016-08-29
logements;PC;09304816B0079;3;AK;258;93048000AK0258;actuelle;2026-09-01;2016-08-29
logements;PC;09304816B0080;1;BT;297;93048000BT0297;ancienne;2019-10-01;2016-07-20
logements;PC;09304816B0080;2;BT;299;93048000BT0299;ancienne;2019-10-01;2016-07-20
logements;PC;09304816B0082;1;BE;13;93048000BE0013;actuelle;2026-09-01;2016-08-30
logements;PC;09304816B0082;2;BE;14;93048000BE0014;actuelle;2026-09-01;2016-08-30
logements;PC;09304816B0083;1;BC;54;93048000BC0054;actuelle;2026-09-01;2016-09-15
logements;PC;09304816B0088;1;F;82;930480000F0082;actuelle;2026-09-01;2016-10-31
logements;PC;09304816B0088;2;F;83;930480000F0083;actuelle;2026-09-01;2016-10-31
logements;PC;09304816B0089;1;AU;178;93048000AU0178;actuelle;2026-09-01;2016-07-19
logements;PC;09304816B0094;1;H;112;930480000H0112;actuelle;2026-09-01;2018-04-19
logements;PC;09304816B0094;2;H;146;930480000H0146;actuelle;2026-09-01;2018-04-19
logements;PC;09304816B0094;3;H;147;930480000H0147;actuelle;2026-09-01;2018-04-19
logements;PC;09304816B0095;1;AP;47;93048000AP0047;actuelle;2026-09-01;2016-08-08
logements;PC;09304816B0100;1;CK;136;93048000CK0136;actuelle;2026-09-01;2016-12-01
logements;PC;09304816B0107;1;BL;102;93048000BL0102;actuelle;2026-09-01;2016-11-30
logements;PC;09304816B0112;1;T;138;930480000T0138;actuelle;2026-09-01;2016-10-17
logements;PC;09304816B0114;1;BK;1;93048000BK0001;actuelle;2026-09-01;2016-10-17
logements;PC;09304816B0117;1;AE;261;93048000AE0261;actuelle;2026-09-01;2016-09-26
logements;PC;09304816B0117;2;AE;224;93048000AE0224;actuelle;2026-09-01;2016-09-26
logements;PC;09304816B0122;1;BM;61;93048000BM0061;actuelle;2026-09-01;2016-11-30
logements;PC;09304816B0129;1;BO;109;93048000BO0109;introuvable;;2016-12-16
logements;PC;09304816B0129;2;BO;333;93048000BO0333;introuvable;;2016-12-16
logements;PC;09304816B0129;3;AJ;254;93048000AJ0254;ancienne;2020-01-01;2016-12-16
logements;PC;09304816B0132;1;Y;16;930480000Y0016;ancienne;2019-10-01;2016-10-14
logements;PC;09304816B0133;1;BY;89;93048000BY0089;ancienne;2019-07-01;2017-03-06
logements;PC;09304816B0135;1;AR;104;93048000AR0104;actuelle;2026-09-01;2017-02-03
logements;PC;09304816B0137;1;X;58;930480000X0058;actuelle;2026-09-01;2016-09-14
logements;PC;09304816B0137;2;X;59;930480000X0059;introuvable;;2016-09-14
logements;PC;09304816B0137;3;X;60;930480000X0060;introuvable;;2016-09-14
logements;PC;09304816B0140;1;U;185;930480000U0185;actuelle;2026-09-01;2016-12-23
logements;PC;09304816B0140;2;U;118;930480000U0118;ancienne;2019-01-01;2016-12-23
logements;PC;09304816B0141;1;CF;4;93048000CF0004;actuelle;2026-09-01;2016-11-03
logements;PC;09304816B0141;2;CF;209;93048000CF0209;actuelle;2026-09-01;2016-11-03
logements;PC;09304816B0144;1;AT;49;93048000AT0049;actuelle;2026-09-01;2017-02-13
logements;PC;09304816B0144;2;AT;51;93048000AT0051;actuelle;2026-09-01;2017-02-13
logements;PC;09304816B0144;3;AT;52;93048000AT0052;actuelle;2026-09-01;2017-02-13
logements;PC;09304816B0147;1;AX;44;93048000AX0044;actuelle;2026-09-01;2016-10-27
logements;PC;09304816B0149;1;Z;144;930480000Z0144;actuelle;2026-09-01;2017-01-20
logements;PC;09304816B0151;1;K;127;930480000K0127;actuelle;2026-09-01;2016-09-20
logements;PC;09304816B0152;1;BP;274;93048000BP0274;actuelle;2026-09-01;2016-12-22
logements;PC;09304816B0152;2;BP;223;93048000BP0223;actuelle;2026-09-01;2016-12-22
logements;PC;09304816B0152;3;BP;225;93048000BP0225;actuelle;2026-09-01;2016-12-22
logements;PC;09304816B0156;1;AG;235;93048000AG0235;actuelle;2026-09-01;2016-11-02
logements;PC;09304816B0157;1;AD;268;93048000AD0268;actuelle;2026-09-01;2017-01-12
logements;PC;09304816B0159;1;AY;154;93048000AY0154;actuelle;2026-09-01;2016-10-19
logements;PC;09304816B0159;2;AT;164;93048000AT0164;introuvable;;2016-10-19
logements;PC;09304816B0159;3;AY;165;93048000AY0165;actuelle;2026-09-01;2016-10-19
logements;PC;09304816B0160;1;V;149;930480000V0149;actuelle;2026-09-01;2016-12-05
logements;PC;09304816B0161;1;AP;21;93048000AP0021;actuelle;2026-09-01;2016-11-02
logements;PC;09304816B0167;1;BO;321;93048000BO0321;actuelle;2026-09-01;2016-12-22
logements;PC;09304816B0172;1;CD;312;93048000CD0312;actuelle;2026-09-01;2016-11-25
logements;PC;09304816B0172;2;CD;327;93048000CD0327;actuelle;2026-09-01;2016-11-25
logements;PC;09304816B0172;3;CD;328;93048000CD0328;actuelle;2026-09-01;2016-11-25
logements;PC;09304816B0173;1;CJ;110;93048000CJ0110;actuelle;2026-09-01;2016-11-26
logements;PC;09304816B0177;1;V;215;930480000V0215;ancienne;2021-04-01;2017-02-16
logements;PC;09304816B0178;1;BG;141;93048000BG0141;actuelle;2026-09-01;2017-02-10
logements;PC;09304816B0179;1;BD;39;93048000BD0039;ancienne;2019-10-01;2017-02-09
logements;PC;09304816B0179;2;BD;40;93048000BD0040;ancienne;2019-10-01;2017-02-09
logements;PC;09304816B0179;3;BD;81;93048000BD0081;ancienne;2021-04-01;2017-02-09
logements;PC;09304816B0181;1;T;169;930480000T0169;actuelle;2026-09-01;2017-04-13
logements;PC;09304816B0181;2;T;169;930480000T0169;actuelle;2026-09-01;2017-04-13
logements;PC;09304816B0190;1;AI;250;93048000AI0250;actuelle;2026-09-01;2017-03-24
logements;PC;09304816B0193;1;J;342;930480000J0342;actuelle;2026-09-01;2017-02-28
logements;PC;09304816B0196;1;BT;293;93048000BT0293;actuelle;2026-09-01;2017-02-10
logements;PC;09304816B0199;1;BH;151;93048000BH0151;actuelle;2026-09-01;2017-03-09
logements;PC;09304816B0202;1;BK;75;93048000BK0075;actuelle;2026-09-01;2017-05-17
logements;PC;09304816B0203;1;U;94;930480000U0094;actuelle;2026-09-01;2017-02-03
logements;PC;09304816B0208;1;AG;57;93048000AG0057;actuelle;2026-09-01;2017-04-20
logements;PC;09304816B0210;1;CD;44;93048000CD0044;actuelle;2026-09-01;2017-03-08
logements;PC;09304816B0211;1;CD;416;93048000CD0416;actuelle;2026-09-01;2017-06-28
logements;PC;09304816B0211;2;CD;451;93048000CD0451;actuelle;2026-09-01;2017-06-28
logements;PC;09304816B0211;3;CD;472;93048000CD0472;ancienne;2019-04-01;2017-06-28
logements;PC;09304816B0212;1;BK;199;93048000BK0199;actuelle;2026-09-01;2017-08-07
logements;PC;09304816B0212;2;BK;198;93048000BK0198;actuelle;2026-09-01;2017-08-07
logements;PC;09304816B0212;3;BK;200;93048000BK0200;actuelle;2026-09-01;2017-08-07
logements;PC;09304816B0217;1;BY;46;93048000BY0046;actuelle;2026-09-01;2017-07-24
logements;PC;09304816B0217;2;BY;51;93048000BY0051;actuelle;2026-09-01;2017-07-24
logements;PC;09304816B0219;1;CR;83;93048000CR0083;ancienne;2023-04-01;2017-04-13
logements;PC;09304816B0219;2;CR;207;93048000CR0207;actuelle;2026-09-01;2017-04-13
logements;PC;09304816B0220;1;BL;114;93048000BL0114;actuelle;2026-09-01;2017-02-10
logements;PC;09304816B0221;1;S;14;930480000S0014;actuelle;2026-09-01;2017-05-18
logements;PC;09304816B0222;1;BL;97;93048000BL0097;actuelle;2026-09-01;2017-05-05
logements;PC;09304816B0224;1;CM;306;93048000CM0306;actuelle;2026-09-01;2017-06-29
logements;PC;09304816B0226;1;AG;49;93048000AG0049;actuelle;2026-09-01;2017-07-21
logements;PC;09304816B0227;1;BQ;193;93048000BQ0193;actuelle;2026-09-01;2017-03-09
logements;PC;09304816B0227;2;BQ;194;93048000BQ0194;actuelle;2026-09-01;2017-03-09
logements;PC;09304816B0228;1;BI;89;93048000BI0089;actuelle;2026-09-01;2017-03-14
logements;PC;09304817B0003;1;AS;134;93048000AS0134;actuelle;2026-09-01;2017-05-03
logements;PC;09304817B0006;1;J;105;930480000J0105;actuelle;2026-09-01;2017-04-21
logements;PC;09304817B0007;1;Y;17;930480000Y0017;actuelle;2026-09-01;2017-03-22
logements;PC;09304817B0008;1;AX;56;93048000AX0056;actuelle;2026-09-01;2017-07-24
logements;PC;09304817B0027;1;Y;100;930480000Y0100;ancienne;2019-10-01;2017-06-07
logements;PC;09304817B0029;1;A;233;930480000A0233;actuelle;2026-09-01;2017-05-18
logements;PC;09304817B0029;2;A;234;930480000A0234;actuelle;2026-09-01;2017-05-18
logements;PC;09304817B0030;1;I;153;930480000I0153;actuelle;2026-09-01;2017-05-11
logements;PC;09304817B0030;2;L;153;930480000L0153;actuelle;2026-09-01;2017-05-11
logements;PC;09304817B0031;1;BI;325;93048000BI0325;actuelle;2026-09-01;2017-11-24
logements;PC;09304817B0032;1;AG;255;93048000AG0255;actuelle;2026-09-01;2017-10-03
logements;PC;09304817B0032;2;AG;256;93048000AG0256;actuelle;2026-09-01;2017-10-03
logements;PC;09304817B0033;1;CN;361;93048000CN0361;actuelle;2026-09-01;2017-06-21
logements;PC;09304817B0034;1;BI;119;93048000BI0119;actuelle;2026-09-01;2017-05-15
logements;PC;09304817B0042;1;C;115;930480000C0115;actuelle;2026-09-01;2017-07-05
logements;PC;09304817B0046;1;BH;240;93048000BH0240;actuelle;2026-09-01;2017-10-13
logements;PC;09304817B0051;1;CQ;196;93048000CQ0196;actuelle;2026-09-01;2017-05-15
logements;PC;09304817B0054;1;V;74;930480000V0074;actuelle;2026-09-01;2017-07-19
logements;PC;09304817B0055;1;CD;242;93048000CD0242;actuelle;2026-09-01;2017-07-19
logements;PC;09304817B0057;1;Z;201;930480000Z0201;actuelle;2026-09-01;2017-06-07
logements;PC;09304817B0063;1;BG;35;93048000BG0035;actuelle;2026-09-01;2017-08-23
logements;PC;09304817B0065;1;AK;112;93048000AK0112;actuelle;2026-09-01;2017-07-07
logements;PC;09304817B0066;1;BG;75;93048000BG0075;actuelle;2026-09-01;2017-07-19
logements;PC;09304817B0067;1;T;8;930480000T0008;actuelle;2026-09-01;2017-10-04
logements;PC;09304817B0072;1;CD;290;93048000CD0290;ancienne;2018-10-01;2017-07-28
logements;PC;09304817B0073;1;AX;30;93048000AX0030;actuelle;2026-09-01;2017-10-03
logements;PC;09304817B0080;1;AK;2;93048000AK0002;actuelle;2026-09-01;2017-10-31
logements;PC;09304817B0081;1;CD;418;93048000CD0418;ancienne;2020-01-01;2017-12-08
logements;PC;09304817B0081;2;CD;450;93048000CD0450;ancienne;2019-04-01;2017-12-08
logements;PC;09304817B0096;1;BJ;157;93048000BJ0157;actuelle;2026-09-01;2017-10-25
logements;PC;09304817B0096;2;BJ;158;93048000BJ0158;actuelle;2026-09-01;2017-10-25
logements;PC;09304817B0100;1;BP;196;93048000BP0196;actuelle;2026-09-01;2017-09-25
logements;PC;09304817B0103;1;BU;35;93048000BU0035;actuelle;2026-09-01;2017-12-06
logements;PC;09304817B0103;2;BU;228;93048000BU0228;actuelle;2026-09-01;2017-12-06
logements;PC;09304817B0116;1;AX;76;93048000AX0076;ancienne;2019-01-01;2017-10-03
logements;PC;09304817B0116;2;AX;77;93048000AX0077;ancienne;2019-01-01;2017-10-03
logements;PC;09304817B0121;1;AG;252;93048000AG0252;ancienne;2019-07-01;2017-12-18
logements;PC;09304817B0121;2;AG;43;93048000AG0043;ancienne;2019-07-01;2017-12-18
logements;PC;09304817B0121;3;AG;47;93048000AG0047;ancienne;2019-07-01;2017-12-18
logements;PC;09304817B0124;1;BS;60;93048000BS0060;ancienne;2020-10-01;2017-12-11
logements;PC;09304817B0125;1;BO;80;93048000BO0080;actuelle;2026-09-01;2017-10-20
logements;PC;09304817B0126;1;AH;120;93048000AH0120;actuelle;2026-09-01;2017-12-18
logements;PC;09304817B0127;1;J;161;930480000J0161;actuelle;2026-09-01;2017-12-12
logements;PC;09304817B0131;1;AE;97;93048000AE0097;actuelle;2026-09-01;2017-10-31
logements;PC;09304817B0136;1;AE;60;93048000AE0060;ancienne;2019-01-01;2018-01-11
logements;PC;09304817B0136;2;AE;61;93048000AE0061;actuelle;2026-09-01;2018-01-11
logements;PC;09304817B0136;3;AE;233;93048000AE0233;actuelle;2026-09-01;2018-01-11
logements;PC;09304817B0137;1;BK;325;93048000BK0325;actuelle;2026-09-01;2017-12-18
logements;PC;09304817B0137;2;BK;61;93048000BK0061;actuelle;2026-09-01;2017-12-18
logements;PC;09304817B0138;1;P;124;930480000P0124;actuelle;2026-09-01;2017-11-10
logements;PC;09304817B0140;1;AK;264;93048000AK0264;actuelle;2026-09-01;2017-12-18
logements;PC;09304817B0140;2;AK;149;93048000AK0149;actuelle;2026-09-01;2017-12-18
logements;PC;09304817B0141;1;BQ;199;93048000BQ0199;actuelle;2026-09-01;2017-12-08
logements;PC;09304817B0142;1;BQ;73;93048000BQ0073;actuelle;2026-09-01;2017-11-28
logements;PC;09304817B0143;1;AT;46;93048000AT0046;actuelle;2026-09-01;2017-10-31
logements;PC;09304817B0146;1;E;75;930480000E0075;actuelle;2026-09-01;2018-03-06
logements;PC;09304817B0146;2;E;86;930480000E0086;ancienne;2021-02-01;2018-03-06
logements;PC;09304817B0146;3;E;76;930480000E0076;ancienne;2023-04-01;2018-03-06
logements;PC;09304817B0147;1;AT;144;93048000AT0144;actuelle;2026-09-01;2018-01-17
logements;PC;09304817B0149;1;BT;13;93048000BT0013;actuelle;2026-09-01;2017-10-19
logements;PC;09304817B0152;1;BT;216;93048000BT0216;actuelle;2026-09-01;2017-12-27
logements;PC;09304817B0154;1;BM;13;93048000BM0013;actuelle;2026-09-01;2017-11-20
logements;PC;09304817B0158;1;BS;165;93048000BS0165;actuelle;2026-09-01;2017-10-31
logements;PC;09304817B0160;1;AK;23;93048000AK0023;actuelle;2026-09-01;2018-06-05
logements;PC;09304817B0160;2;AK;25;93048000AK0025;actuelle;2026-09-01;2018-06-05
logements;PC;09304817B0160;3;AK;220;93048000AK0220;actuelle;2026-09-01;2018-06-05
logements;PC;09304817B0161;1;AY;24;93048000AY0024;actuelle;2026-09-01;2018-02-05
logements;PC;09304817B0162;1;BM;205;93048000BM0205;actuelle;2026-09-01;2017-12-08
logements;PC;09304817B0166;1;Z;438;930480000Z0438;actuelle;2026-09-01;2017-12-08
logements;PC;09304817B0167;1;AT;214;93048000AT0214;actuelle;2026-09-01;2017-11-08
logements;PC;09304817B0169;1;BF;79;93048000BF0079;actuelle;2026-09-01;2018-04-11
logements;PC;09304817B0172;1;AQ;75;93048000AQ0075;ancienne;2021-04-01;2018-02-13
logements;PC;09304817B0172;2;AQ;78;93048000AQ0078;ancienne;2021-04-01;2018-02-13
logements;PC;09304817B0173;1;AP;36;93048000AP0036;actuelle;2026-09-01;2017-12-04
logements;PC;09304817B0173;2;AP;297;93048000AP0297;actuelle;2026-09-01;2017-12-04
logements;PC;09304817B0176;1;AT;3;93048000AT0003;actuelle;2026-09-01;2017-12-04
logements;PC;09304817B0178;1;BC;54;93048000BC0054;actuelle;2026-09-01;2018-01-09
logements;PC;09304817B0184;1;BI;215;93048000BI0215;actuelle;2026-09-01;2018-01-11
logements;PC;09304817B0184;2;BI;14;93048000BI0014;actuelle;2026-09-01;2018-01-11
logements;PC;09304817B0185;1;N;117;930480000N0117;actuelle;2026-09-01;2018-01-17
logements;PC;09304817B0185;2;N;203;930480000N0203;actuelle;2026-09-01;2018-01-17
logements;PC;09304817B0188;1;E;45;930480000E0045;actuelle;2026-09-01;2017-12-18
logements;PC;09304817B0195;1;CN;102;93048000CN0102;actuelle;2026-09-01;2018-03-12
logements;PC;09304817B0195;2;CN;103;93048000CN0103;actuelle;2026-09-01;2018-03-12
logements;PC;09304817B0198;1;A;233;930480000A0233;actuelle;2026-09-01;2018-03-09
logements;PC;09304817B0199;1;CK;156;93048000CK0156;actuelle;2026-09-01;2018-02-19
logements;PC;09304817B0200;1;BH;264;93048000BH0264;actuelle;2026-09-01;2018-01-29
logements;PC;09304817B0200;2;BH;263;93048000BH0263;actuelle;2026-09-01;2018-01-29
logements;PC;09304817B0203;1;BP;36;93048000BP0036;actuelle;2026-09-01;2018-01-17
logements;PC;09304817B0207;1;C;200;930480000C0200;actuelle;2026-09-01;2018-05-11
logements;PC;09304817B0207;2;C;202;930480000C0202;actuelle;2026-09-01;2018-05-11
logements;PC;09304817B0208;1;O;369;930480000O0369;actuelle;2026-09-01;2018-01-29
logements;PC;09304817B0208;2;O;366;930480000O0366;actuelle;2026-09-01;2018-01-29
logements;PC;09304817B0210;1;U;103;930480000U0103;actuelle;2026-09-01;2018-02-19
logements;PC;09304817B0210;2;U;104;930480000U0104;actuelle;2026-09-01;2018-02-19
logements;PC;09304817B0222;1;AY;52;93048000AY0052;actuelle;2026-09-01;2018-05-28
logements;PC;09304817B0227;1;AK;209;93048000AK0209;actuelle;2026-09-01;2018-03-29
logements;PC;09304817B0227;2;AK;125;93048000AK0125;actuelle;2026-09-01;2018-03-29
logements;PC;09304817B0227;3;AK;126;93048000AK0126;actuelle;2026-09-01;2018-03-29
logements;PC;09304817B0229;1;Y;100;930480000Y0100;ancienne;2019-10-01;2018-03-12
logements;PC;09304817B0232;1;AY;2;93048000AY0002;actuelle;2026-09-01;2018-03-06
logements;PC;09304817B0234;1;AZ;199;93048000AZ0199;actuelle;2026-09-01;2018-06-27
logements;PC;09304818B0005;1;O;380;930480000O0380;actuelle;2026-09-01;2018-04-06
logements;PC;09304818B0007;1;J;342;930480000J0342;actuelle;2026-09-01;2018-04-09
logements;PC;09304818B0010;1;AI;269;93048000AI0269;actuelle;2026-09-01;2018-07-05
logements;PC;09304818B0010;2;AI;98;93048000AI0098;actuelle;2026-09-01;2018-07-05
logements;PC;09304818B0010;3;AI;311;93048000AI0311;actuelle;2026-09-01;2018-07-05
logements;PC;09304818B0022;1;J;194;930480000J0194;actuelle;2026-09-01;2018-05-28
logements;PC;09304818B0024;1;AQ;9;93048000AQ0009;actuelle;2026-09-01;2018-05-04
logements;PC;09304818B0027;1;BT;75;93048000BT0075;actuelle;2026-09-01;2018-05-11
logements;PC;09304818B0027;2;BT;217;93048000BT0217;actuelle;2026-09-01;2018-05-11
logements;PC;09304818B0031;1;BU;28;93048000BU0028;ancienne;2019-01-01;2018-10-04
logements;PC;09304818B0032;1;AD;12;93048000AD0012;actuelle;2026-09-01;2018-06-14
logements;PC;09304818B0034;1;AT;98;93048000AT0098;ancienne;2022-04-01;2018-10-15
logements;PC;09304818B0037;1;AE;5;93048000AE0005;actuelle;2026-09-01;2018-06-11
logements;PC;09304818B0038;1;BI;41;93048000BI0041;actuelle;2026-09-01;2018-08-22
logements;PC;09304818B0039;1;CK;5;93048000CK0005;ancienne;2019-01-01;2018-10-11
logements;PC;09304818B0039;2;CK;6;93048000CK0006;ancienne;2019-01-01;2018-10-11
logements;PC;09304818B0039;3;CK;7;93048000CK0007;ancienne;2019-01-01;2018-10-11
logements;PC;09304818B0040;1;CK;127;93048000CK0127;actuelle;2026-09-01;2018-07-16
logements;PC;09304818B0045;1;BT;145;93048000BT0145;actuelle;2026-09-01;2018-07-03
logements;PC;09304818B0060;1;BK;172;93048000BK0172;actuelle;2026-09-01;2018-11-02
logements;PC;09304818B0062;1;BN;87;93048000BN0087;actuelle;2026-09-01;2018-08-13
logements;PC;09304818B0062;2;BN;135;93048000BN0135;actuelle;2026-09-01;2018-08-13
logements;PC;09304818B0062;3;BN;140;93048000BN0140;actuelle;2026-09-01;2018-08-13
logements;PC;09304818B0064;1;CN;357;93048000CN0357;actuelle;2026-09-01;2018-06-21
logements;PC;09304818B0067;1;BQ;139;93048000BQ0139;actuelle;2026-09-01;2018-06-27
logements;PC;09304818B0068;1;V;89;930480000V0089;actuelle;2026-09-01;2018-11-14
logements;PC;09304818B0069;1;BC;54;93048000BC0054;actuelle;2026-09-01;2018-11-02
logements;PC;09304818B0074;1;BQ;136;93048000BQ0136;actuelle;2026-09-01;2018-09-20
logements;PC;09304818B0080;1;BK;27;93048000BK0027;actuelle;2026-09-01;2018-08-09
logements;PC;09304818B0085;1;BR;114;93048000BR0114;actuelle;2026-09-01;2018-09-13
logements;PC;09304818B0087;1;AI;65;93048000AI0065;actuelle;2026-09-01;2018-08-21
logements;PC;09304818B0087;2;AI;66;93048000AI0066;actuelle;2026-09-01;2018-08-21
logements;PC;09304818B0096;1;BI;142;93048000BI0142;actuelle;2026-09-01;2018-09-20
logements;PC;09304818B0100;1;BP;59;93048000BP0059;actuelle;2026-09-01;2018-10-24
logements;PC;09304818B0103;1;B;217;930480000B0217;ancienne;2019-01-01;2018-08-13
logements;PC;09304818B0108;1;D;111;930480000D0111;actuelle;2026-09-01;2018-12-21
logements;PC;09304818B0118;1;BP;224;93048000BP0224;ancienne;2019-04-01;2018-10-04
logements;PC;09304818B0120;1;BV;127;93048000BV0127;actuelle;2026-09-01;2018-12-21
logements;PC;09304818B0123;1;AE;53;93048000AE0053;actuelle;2026-09-01;2019-02-07
logements;PC;09304818B0124;1;CH;119;93048000CH0119;actuelle;2026-09-01;2018-12-17
logements;PC;09304818B0125;1;BK;163;93048000BK0163;actuelle;2026-09-01;2019-01-11
logements;PC;09304818B0127;1;AZ;65;93048000AZ0065;ancienne;2021-04-01;2019-04-12
logements;PC;09304818B0127;2;AZ;66;93048000AZ0066;ancienne;2021-04-01;2019-04-12
logements;PC;09304818B0127;3;AZ;200;93048000AZ0200;ancienne;2021-04-01;2019-04-12
logements;PC;09304818B0131;1;BK;95;93048000BK0095;actuelle;2026-09-01;2019-01-23
logements;PC;09304818B0131;2;BK;96;93048000BK0096;actuelle;2026-09-01;2019-01-23
logements;PC;09304818B0131;3;BK;99;93048000BK0099;actuelle;2026-09-01;2019-01-23
logements;PC;09304818B0132;1;CM;315;93048000CM0315;ancienne;2020-07-01;2019-01-28
logements;PC;09304818B0132;2;CM;316;93048000CM0316;actuelle;2026-09-01;2019-01-28
logements;PC;09304818B0132;3;CM;317;93048000CM0317;ancienne;2020-07-01;2019-01-28
logements;PC;09304818B0136;1;BL;15;93048000BL0015;actuelle;2026-09-01;2019-03-27
logements;PC;09304818B0139;1;E;169;930480000E0169;actuelle;2026-09-01;2019-06-19
logements;PC;09304818B0139;2;E;224;930480000E0224;actuelle;2026-09-01;2019-06-19
logements;PC;09304818B0139;3;E;174;930480000E0174;actuelle;2026-09-01;2019-06-19
logements;PC;09304818B0156;1;X;101;930480000X0101;actuelle;2026-09-01;2018-12-21
logements;PC;09304818B0161;1;Y;142;930480000Y0142;actuelle;2026-09-01;2018-12-21
logements;PC;09304818B0161;2;Y;143;930480000Y0143;actuelle;2026-09-01;2018-12-21
logements;PC;09304818B0164;1;BH;2;93048000BH0002;actuelle;2026-09-01;2019-05-17
logements;PC;09304818B0164;2;BH;1;93048000BH0001;actuelle;2026-09-01;2019-05-17
logements;PC;09304818B0166;1;Y;35;930480000Y0035;actuelle;2026-09-01;2019-01-23
logements;PC;09304818B0166;2;Y;26;930480000Y0026;actuelle;2026-09-01;2019-01-23
logements;PC;09304818B0166;3;Y;25;930480000Y0025;ancienne;2024-01-01;2019-01-23
logements;PC;09304818B0167;1;AI;114;93048000AI0114;ancienne;2020-01-01;2019-01-22
logements;PC;09304818B0169;1;AQ;184;93048000AQ0184;ancienne;2020-01-01;2019-04-26
logements;PC;09304818B0170;1;AG;161;93048000AG0161;actuelle;2026-09-01;2019-01-18
logements;PC;09304818B0177;1;AC;239;93048000AC0239;actuelle;2026-09-01;2019-03-11
logements;PC;09304818B0180;1;AR;238;93048000AR0238;actuelle;2026-09-01;2019-07-10
logements;PC;09304818B0181;1;BU;123;93048000BU0123;actuelle;2026-09-01;2019-02-11
logements;PC;09304818B0185;1;AT;202;93048000AT0202;actuelle;2026-09-01;2019-07-10
logements;PC;09304818B0188;1;AY;37;93048000AY0037;actuelle;2026-09-01;2019-04-10
logements;PC;09304818B0190;1;BT;127;93048000BT0127;actuelle;2026-09-01;2019-05-21
logements;PC;09304818B0193;1;BR;107;93048000BR0107;actuelle;2026-09-01;2019-04-26
logements;PC;09304818B0193;2;BR;235;93048000BR0235;actuelle;2026-09-01;2019-04-26
logements;PC;09304818B0193;3;BR;338;93048000BR0338;actuelle;2026-09-01;2019-04-26
logements;PC;09304818B0195;1;B;262;930480000B0262;actuelle;2026-09-01;2019-03-05
logements;PC;09304818B0199;1;BP;25;93048000BP0025;actuelle;2026-09-01;2019-05-23
logements;PC;09304818B0201;1;BM;48;93048000BM0048;actuelle;2026-09-01;2019-05-17
logements;PC;09304818B0203;1;CR;181;93048000CR0181;actuelle;2026-09-01;2019-02-07
logements;PC;09304818B0203;2;CR;333;93048000CR0333;actuelle;2026-09-01;2019-02-07
logements;PC;09304818B0205;1;BJ;17;93048000BJ0017;actuelle;2026-09-01;2019-06-18
logements;PC;09304818B0206;1;I;10;930480000I0010;ancienne;2023-10-01;2019-03-18
logements;PC;09304818B0206;2;I;9;930480000I0009;actuelle;2026-09-01;2019-03-18
logements;PC;09304818B0206;3;I;96;930480000I0096;actuelle;2026-09-01;2019-03-18
logements;PC;09304818B0210;1;K;4;930480000K0004;actuelle;2026-09-01;2019-06-28
logements;PC;09304818B0210;2;K;5;930480000K0005;actuelle;2026-09-01;2019-06-28
logements;PC;09304818B0210;3;K;8;930480000K0008;actuelle;2026-09-01;2019-06-28
logements;PC;09304818B0211;1;AZ;11;93048000AZ0011;actuelle;2026-09-01;2019-04-29
logements;PC;09304818B0212;1;BQ;174;93048000BQ0174;actuelle;2026-09-01;2019-02-25
logements;PC;09304818B0213;1;BC;54;93048000BC0054;actuelle;2026-09-01;2019-04-16
logements;PC;09304819B0011;1;BH;176;93048000BH0176;actuelle;2026-09-01;2019-07-02
logements;PC;09304819B0020;1;CQ;220;93048000CQ0220;actuelle;2026-09-01;2019-05-14
logements;PC;09304819B0020;2;CQ;223;93048000CQ0223;actuelle;2026-09-01;2019-05-14
logements;PC;09304819B0021;1;BH;238;93048000BH0238;ancienne;2022-01-01;2019-09-09
logements;PC;09304819B0023;1;CO;122;93048000CO0122;actuelle;2026-09-01;2019-07-01
logements;PC;09304819B0025;1;CH;160;93048000CH0160;actuelle;2026-09-01;2019-07-08
logements;PC;09304819B0028;1;AL;150;93048000AL0150;actuelle;2026-09-01;2019-05-22
logements;PC;09304819B0033;1;AI;54;93048000AI0054;ancienne;2019-07-01;2019-06-24
logements;PC;09304819B0037;1;CG;109;93048000CG0109;actuelle;2026-09-01;2019-05-22
logements;PC;09304819B0039;1;BH;32;93048000BH0032;actuelle;2026-09-01;2019-07-19
logements;PC;09304819B0040;1;BV;15;93048000BV0015;actuelle;2026-09-01;2019-08-13
logements;PC;09304819B0041;1;O;8;930480000O0008;actuelle;2026-09-01;2019-05-06
logements;PC;09304819B0042;1;CD;38;93048000CD0038;actuelle;2026-09-01;2019-06-03
logements;PC;09304819B0048;1;C;148;930480000C0148;actuelle;2026-09-01;2019-07-08
logements;PC;09304819B0049;1;J;392;930480000J0392;actuelle;2026-09-01;2019-07-18
logements;PC;09304819B0051;1;CF;170;93048000CF0170;actuelle;2026-09-01;2019-07-25
logements;PC;09304819B0052;1;X;66;930480000X0066;actuelle;2026-09-01;2019-07-26
logements;PC;09304819B0053;1;BV;16;93048000BV0016;actuelle;2026-09-01;2019-09-30
logements;PC;09304819B0059;1;BY;17;93048000BY0017;actuelle;2026-09-01;2019-10-31
logements;PC;09304819B0059;2;BY;18;93048000BY0018;ancienne;2020-07-01;2019-10-31
logements;PC;09304819B0059;3;BY;19;93048000BY0019;ancienne;2020-07-01;2019-10-31
logements;PC;09304819B0065;1;BP;239;93048000BP0239;actuelle;2026-09-01;2019-09-23
logements;PC;09304819B0066;1;AU;163;93048000AU0163;actuelle;2026-09-01;2019-07-26
logements;PC;09304819B0068;1;BZ;28;93048000BZ0028;actuelle;2026-09-01;2019-09-20
logements;PC;09304819B0068;2;BZ;29;93048000BZ0029;actuelle;2026-09-01;2019-09-20
logements;PC;09304819B0068;3;BZ;33;93048000BZ0033;actuelle;2026-09-01;2019-09-20
logements;PC;09304819B0070;1;AF;52;93048000AF0052;actuelle;2026-09-01;2020-02-17
logements;PC;09304819B0070;2;AF;53;93048000AF0053;actuelle;2026-09-01;2020-02-17
logements;PC;09304819B0072;1;BI;290;93048000BI0290;actuelle;2026-09-01;2019-10-02
logements;PC;09304819B0077;1;AI;323;93048000AI0323;actuelle;2026-09-01;2019-10-31
logements;PC;09304819B0077;2;AI;114;93048000AI0114;ancienne;2020-01-01;2019-10-31
logements;PC;09304819B0079;1;AG;57;93048000AG0057;actuelle;2026-09-01;2019-09-25
logements;PC;09304819B0079;2;AG;58;93048000AG0058;actuelle;2026-09-01;2019-09-25
logements;PC;09304819B0079;3;AG;59;93048000AG0059;actuelle;2026-09-01;2019-09-25
logements;PC;09304819B0081;1;AF;141;93048000AF0141;actuelle;2026-09-01;2019-11-13
logements;PC;09304819B0084;1;C;43;930480000C0043;actuelle;2026-09-01;2019-09-25
logements;PC;09304819B0086;1;BK;148;93048000BK0148;actuelle;2026-09-01;2019-10-29
logements;PC;09304819B0087;1;BH;266;93048000BH0266;actuelle;2026-09-01;2020-03-05
logements;PC;09304819B0090;1;BI;289;93048000BI0289;actuelle;2026-09-01;2019-09-26
logements;PC;09304819B0092;1;CL;104;93048000CL0104;ancienne;2025-04-01;2019-09-24
logements;PC;09304819B0096;1;BH;101;93048000BH0101;actuelle;2026-09-01;2020-02-28
logements;PC;09304819B0096;2;BH;100;93048000BH0100;actuelle;2026-09-01;2020-02-28
logements;PC;09304819B0099;1;AX;53;93048000AX0053;actuelle;2026-09-01;2020-07-24
logements;PC;09304819B0107;1;AE;12;93048000AE0012;actuelle;2026-09-01;2019-10-31
logements;PC;09304819B0107;2;AE;15;93048000AE0015;actuelle;2026-09-01;2019-10-31
logements;PC;09304819B0110;1;BK;65;93048000BK0065;actuelle;2026-09-01;2019-12-10
logements;PC;09304819B0111;1;BQ;99;93048000BQ0099;actuelle;2026-09-01;2019-12-02
logements;PC;09304819B0112;1;AP;72;93048000AP0072;ancienne;2020-07-01;2019-09-24
logements;PC;09304819B0114;1;BT;255;93048000BT0255;actuelle;2026-09-01;2020-03-13
logements;PC;09304819B0115;1;T;202;930480000T0202;actuelle;2026-09-01;2019-12-20
logements;PC;09304819B0127;1;BJ;5;93048000BJ0005;actuelle;2026-09-01;2020-02-05
logements;PC;09304819B0127;2;BJ;170;93048000BJ0170;actuelle;2026-09-01;2020-02-05
logements;PC;09304819B0130;1;AK;265;93048000AK0265;actuelle;2026-09-01;2020-02-15
logements;PC;09304819B0131;1;V;171;930480000V0171;actuelle;2026-09-01;2019-11-15
logements;PC;09304819B0131;2;V;129;930480000V0129;actuelle;2026-09-01;2019-11-15
logements;PC;09304819B0132;1;CK;147;93048000CK0147;ancienne;2020-01-01;2019-12-03
logements;PC;09304819B0133;1;AR;222;93048000AR0222;actuelle;2026-09-01;2020-07-10
logements;PC;09304819B0137;1;H;146;930480000H0146;actuelle;2026-09-01;2020-01-22
logements;PC;09304819B0137;2;H;147;930480000H0147;actuelle;2026-09-01;2020-01-22
logements;PC;09304819B0140;1;A;215;930480000A0215;actuelle;2026-09-01;2020-06-19
logements;PC;09304819B0140;2;A;4;930480000A0004;actuelle;2026-09-01;2020-06-19
logements;PC;09304819B0141;1;Q;96;930480000Q0096;actuelle;2026-09-01;2020-08-17
logements;PC;09304819B0141;2;Q;97;930480000Q0097;actuelle;2026-09-01;2020-08-17
logements;PC;09304819B0142;1;BL;75;93048000BL0075;actuelle;2026-09-01;2020-02-20
logements;PC;09304819B0142;2;BL;76;93048000BL0076;ancienne;2022-04-01;2020-02-20
logements;PC;09304819B0143;1;U;71;930480000U0071;actuelle;2026-09-01;2020-01-27
logements;PC;09304819B0145;1;CK;147;93048000CK0147;ancienne;2020-01-01;2019-12-12
logements;PC;09304819B0146;1;CK;158;93048000CK0158;actuelle;2026-09-01;2020-03-13
logements;PC;09304819B0146;2;CK;163;93048000CK0163;actuelle;2026-09-01;2020-03-13
logements;PC;09304819B0150;1;CK;140;93048000CK0140;actuelle;2026-09-01;2020-02-17
logements;PC;09304819B0152;1;BI;48;93048000BI0048;actuelle;2026-09-01;2019-12-10
logements;PC;09304819B0158;1;BL;8;93048000BL0008;actuelle;2026-09-01;2020-02-17
logements;PC;09304819B0158;2;BL;9;93048000BL0009;actuelle;2026-09-01;2020-02-17
logements;PC;09304819B0163;1;BR;64;93048000BR0064;actuelle;2026-09-01;2020-02-05
logements;PC;09304819B0169;1;BQ;209;93048000BQ0209;actuelle;2026-09-01;2020-03-13
logements;PC;09304819B0172;1;V;22;930480000V0022;actuelle;2026-09-01;2020-01-21
logements;PC;09304819B0185;1;AE;53;93048000AE0053;actuelle;2026-09-01;2020-07-17
logements;PC;09304819B0187;1;BL;165;93048000BL0165;actuelle;2026-09-01;2020-01-21
logements;PC;09304819B0187;2;BL;166;93048000BL0166;actuelle;2026-09-01;2020-01-21
logements;PC;09304819B0194;1;AY;14;93048000AY0014;actuelle;2026-09-01;2020-11-10
logements;PC;09304819B0197;1;BH;98;93048000BH0098;actuelle;2026-09-01;2020-08-10
logements;PC;09304819B0198;1;AE;146;93048000AE0146;actuelle;2026-09-01;2020-07-24
logements;PC;09304819B0200;1;AL;80;93048000AL0080;actuelle;2026-09-01;2020-01-22
logements;PC;09304819B0201;1;AY;1;93048000AY0001;actuelle;2026-09-01;2020-07-24
logements;PC;09304819B0204;1;CG;259;93048000CG0259;actuelle;2026-09-01;2020-07-08
logements;PC;09304819B0205;1;BF;216;93048000BF0216;actuelle;2026-09-01;2020-03-13
logements;PC;09304819B0205;2;BF;217;93048000BF0217;actuelle;2026-09-01;2020-03-13
logements;PC;09304820B0008;1;BT;85;93048000BT0085;actuelle;2026-09-01;2020-07-24
logements;PC;09304820B0010;1;Y;204;930480000Y0204;ancienne;2026-03-01;2020-03-13
logements;PC;09304820B0014;1;OY;214;93048000OY0214;introuvable;;2020-07-10
logements;PC;09304820B0015;1;J;199;930480000J0199;actuelle;2026-09-01;2020-07-21
logements;PC;09304820B0021;1;AR;141;93048000AR0141;actuelle;2026-09-01;2020-11-19
logements;PC;09304820B0022;1;BL;17;93048000BL0017;actuelle;2026-09-01;2020-08-10
logements;PC;09304820B0030;1;D;95;930480000D0095;actuelle;2026-09-01;2020-11-26
logements;PC;09304820B0030;2;D;94;930480000D0094;actuelle;2026-09-01;2020-11-26
logements;PC;09304820B0031;1;AY;58;93048000AY0058;actuelle;2026-09-01;2020-11-17
logements;PC;09304820B0031;2;AY;59;93048000AY0059;actuelle;2026-09-01;2020-11-17
logements;PC;09304820B0031;3;AY;60;93048000AY0060;ancienne;2023-10-01;2020-11-17
logements;PC;09304820B0036;1;AP;362;93048000AP0362;actuelle;2026-09-01;2020-07-13
logements;PC;09304820B0036;2;AP;349;93048000AP0349;ancienne;2019-10-01;2020-07-13
logements;PC;09304820B0038;1;CH;284;93048000CH0284;actuelle;2026-09-01;2021-02-05
logements;PC;09304820B0038;2;CH;48;93048000CH0048;actuelle;2026-09-01;2021-02-05
logements;PC;09304820B0038;3;CH;47;93048000CH0047;actuelle;2026-09-01;2021-02-05
logements;PC;09304820B0043;1;AE;284;93048000AE0284;ancienne;2023-07-01;2020-10-31
logements;PC;09304820B0059;1;BP;104;93048000BP0104;actuelle;2026-09-01;2020-10-02
logements;PC;09304820B0062;1;BI;89;93048000BI0089;actuelle;2026-09-01;2020-10-01
logements;PC;09304820B0063;1;C;220;930480000C0220;ancienne;2026-06-01;2020-10-01
logements;PC;09304820B0065;1;C;191;930480000C0191;actuelle;2026-09-01;2020-11-30
logements;PC;09304820B0065;2;C;75;930480000C0075;actuelle;2026-09-01;2020-11-30
logements;PC;09304820B0066;1;BP;78;93048000BP0078;actuelle;2026-09-01;2020-07-24
logements;PC;09304820B0071;1;BT;213;93048000BT0213;actuelle;2026-09-01;2020-11-10
logements;PC;09304820B0078;1;CQ;211;93048000CQ0211;actuelle;2026-09-01;2020-09-10
logements;PC;09304820B0079;1;AX;2;93048000AX0002;actuelle;2026-09-01;2021-01-26
logements;PC;09304820B0079;2;AX;3;93048000AX0003;actuelle;2026-09-01;2021-01-26
logements;PC;09304820B0079;3;AX;104;93048000AX0104;actuelle;2026-09-01;2021-01-26
logements;PC;09304820B0080;1;BU;50;93048000BU0050;actuelle;2026-09-01;2020-10-01
logements;PC;09304820B0081;1;BP;11;93048000BP0011;actuelle;2026-09-01;2020-11-19
logements;PC;09304820B0091;1;BI;34;93048000BI0034;actuelle;2026-09-01;2021-01-08
logements;PC;09304820B0091;2;BI;248;93048000BI0248;actuelle;2026-09-01;2021-01-08
logements;PC;09304820B0091;3;BI;278;93048000BI0278;introuvable;;2021-01-08
logements;PC;09304820B0095;1;BR;159;93048000BR0159;actuelle;2026-09-01;2020-10-22
logements;PC;09304820B0095;2;BR;160;93048000BR0160;actuelle;2026-09-01;2020-10-22
logements;PC;09304820B0105;1;K;75;930480000K0075;actuelle;2026-09-01;2020-12-15
logements;PC;09304820B0107;1;BY;78;93048000BY0078;actuelle;2026-09-01;2021-01-08
logements;PC;09304820B0107;2;BY;150;93048000BY0150;actuelle;2026-09-01;2021-01-08
logements;PC;09304820B0109;1;CN;163;93048000CN0163;actuelle;2026-09-01;2021-03-02
logements;PC;09304820B0109;2;CN;161;93048000CN0161;actuelle;2026-09-01;2021-03-02
logements;PC;09304820B0109;3;CN;168;93048000CN0168;actuelle;2026-09-01;2021-03-02
logements;PC;09304820B0124;1;AG;197;93048000AG0197;actuelle;2026-09-01;2021-05-24
logements;PC;09304820B0130;1;U;23;930480000U0023;actuelle;2026-09-01;2021-03-26
logements;PC;09304820B0131;1;AT;124;93048000AT0124;actuelle;2026-09-01;2021-02-19
logements;PC;09304820B0133;1;K;50;930480000K0050;actuelle;2026-09-01;2021-02-16
logements;PC;09304820B0135;1;AD;37;93048000AD0037;actuelle;2026-09-01;2021-02-16
logements;PC;09304820B0136;1;Q;175;930480000Q0175;actuelle;2026-09-01;2021-05-03
logements;PC;09304820B0143;1;AI;57;93048000AI0057;ancienne;2020-10-01;2021-03-10
logements;PC;09304820B0145;1;T;117;930480000T0117;actuelle;2026-09-01;2021-03-09
logements;PC;09304820B0152;1;AL;166;93048000AL0166;actuelle;2026-09-01;2021-02-09
logements;PC;09304820B0155;1;BP;104;93048000BP0104;actuelle;2026-09-01;2021-02-10
logements;PC;09304820B0156;1;Y;199;930480000Y0199;ancienne;2020-01-01;2021-03-18
logements;PC;09304820B0156;2;Y;195;930480000Y0195;ancienne;2021-04-01;2021-03-18
logements;PC;09304820B0156;3;Y;196;930480000Y0196;ancienne;2021-04-01;2021-03-18
logements;PC;09304820B0158;1;AS;47;93048000AS0047;actuelle;2026-09-01;2021-03-25
logements;PC;09304820B0162;1;AE;280;93048000AE0280;actuelle;2026-09-01;2021-03-09
logements;PC;09304820B0164;1;T;155;930480000T0155;actuelle;2026-09-01;2021-03-25
logements;PC;09304820B0168;1;AQ;42;93048000AQ0042;actuelle;2026-09-01;2021-03-09
logements;PC;09304820B0174;1;C;38;930480000C0038;actuelle;2026-09-01;2021-02-16
logements;PC;09304821B0001;1;AD;294;93048000AD0294;actuelle;2026-09-01;2021-03-09
logements;PC;09304821B0001;2;AD;174;93048000AD0174;actuelle;2026-09-01;2021-03-09
logements;PC;09304821B0001;3;AD;295;93048000AD0295;actuelle;2026-09-01;2021-03-09
logements;PC;09304821B0004;1;CK;23;93048000CK0023;actuelle;2026-09-01;2021-08-30
logements;PC;09304821B0004;2;CK;24;93048000CK0024;actuelle;2026-09-01;2021-08-30
logements;PC;09304821B0004;3;CK;201;93048000CK0201;actuelle;2026-09-01;2021-08-30
logements;PC;09304821B0021;1;C;114;930480000C0114;actuelle;2026-09-01;2021-05-31
logements;PC;09304821B0022;1;AC;114;93048000AC0114;actuelle;2026-09-01;2021-04-02
logements;PC;09304821B0025;1;C;46;930480000C0046;ancienne;2023-04-01;2021-07-23
logements;PC;09304821B0028;1;H;147;930480000H0147;actuelle;2026-09-01;2021-06-22
logements;PC;09304821B0028;2;H;146;930480000H0146;actuelle;2026-09-01;2021-06-22
logements;PC;09304821B0029;1;Z;33;930480000Z0033;actuelle;2026-09-01;2021-08-18
logements;PC;09304821B0033;1;U;71;930480000U0071;actuelle;2026-09-01;2021-08-18
logements;PC;09304821B0037;1;BU;236;93048000BU0236;actuelle;2026-09-01;2021-07-23
logements;PC;09304821B0039;1;C;134;930480000C0134;actuelle;2026-09-01;2021-08-26
logements;PC;09304821B0041;1;AP;306;93048000AP0306;actuelle;2026-09-01;2021-06-21
logements;PC;09304821B0042;1;AP;91;93048000AP0091;actuelle;2026-09-01;2021-05-17
logements;PC;09304821B0046;1;AL;117;93048000AL0117;introuvable;;2021-07-23
logements;PC;09304821B0046;2;AL;119;93048000AL0119;introuvable;;2021-07-23
logements;PC;09304821B0046;3;AL;238;93048000AL0238;introuvable;;2021-07-23
logements;PC;09304821B0047;1;AT;98;93048000AT0098;ancienne;2022-04-01;2021-07-23
logements;PC;09304821B0051;1;BT;68;93048000BT0068;actuelle;2026-09-01;2021-07-16
logements;PC;09304821B0055;1;T;110;930480000T0110;ancienne;2021-10-01;2021-07-23
logements;PC;09304821B0056;1;BR;31;93048000BR0031;actuelle;2026-09-01;2021-08-27
logements;PC;09304821B0057;1;BT;308;93048000BT0308;actuelle;2026-09-01;2021-07-09
logements;PC;09304821B0058;1;BU;114;93048000BU0114;actuelle;2026-09-01;2021-07-23
logements;PC;09304821B0061;1;BL;48;93048000BL0048;actuelle;2026-09-01;2021-09-17
logements;PC;09304821B0061;2;BL;44;93048000BL0044;ancienne;2022-04-01;2021-09-17
logements;PC;09304821B0063;1;BJ;111;93048000BJ0111;actuelle;2026-09-01;2021-08-23
logements;PC;09304821B0068;1;K;111;930480000K0111;actuelle;2026-09-01;2021-08-17
logements;PC;09304821B0068;2;J;157;930480000J0157;actuelle;2026-09-01;2021-08-17
logements;PC;09304821B0068;3;J;205;930480000J0205;actuelle;2026-09-01;2021-08-17
logements;PC;09304821B0074;1;CD;68;93048000CD0068;actuelle;2026-09-01;2021-07-23
logements;PC;09304821B0074;2;CD;218;93048000CD0218;actuelle;2026-09-01;2021-07-23
logements;PC;09304821B0074;3;CD;476;93048000CD0476;actuelle;2026-09-01;2021-07-23
logements;PC;09304821B0076;1;AY;26;93048000AY0026;ancienne;2023-07-01;2021-10-26
logements;PC;09304821B0078;1;E;78;930480000E0078;ancienne;2023-04-01;2021-12-15
logements;PC;09304821B0078;2;E;79;930480000E0079;ancienne;2023-04-01;2021-12-15
logements;PC;09304821B0078;3;E;80;930480000E0080;ancienne;2023-04-01;2021-12-15
logements;PC;09304821B0086;1;U;47;930480000U0047;actuelle;2026-09-01;2021-11-05
logements;PC;09304821B0090;1;AT;144;93048000AT0144;actuelle;2026-09-01;2021-11-29
logements;PC;09304821B0092;1;BO;364;93048000BO0364;actuelle;2026-09-01;2021-09-17
logements;PC;09304821B0099;1;AT;98;93048000AT0098;ancienne;2022-04-01;2021-09-17
logements;PC;09304821B0099;2;AT;99;93048000AT0099;actuelle;2026-09-01;2021-09-17
logements;PC;09304821B0101;1;CR;106;93048000CR0106;actuelle;2026-09-01;2021-10-14
logements;PC;09304821B0102;1;E;66;930480000E0066;ancienne;2023-07-01;2022-01-10
logements;PC;09304821B0102;2;E;361;930480000E0361;actuelle;2026-09-01;2022-01-10
logements;PC;09304821B0102;3;E;67;930480000E0067;ancienne;2023-07-01;2022-01-10
logements;PC;09304821B0110;1;BT;23;93048000BT0023;actuelle;2026-09-01;2021-10-26
logements;PC;09304821B0110;2;BT;24;93048000BT0024;actuelle;2026-09-01;2021-10-26
logements;PC;09304821B0110;3;BT;25;93048000BT0025;actuelle;2026-09-01;2021-10-26
logements;PC;09304821B0113;1;CE;221;93048000CE0221;actuelle;2026-09-01;2021-11-09
logements;PC;09304821B0118;1;V;194;930480000V0194;actuelle;2026-09-01;2021-11-02
logements;PC;09304821B0133;1;AY;12;93048000AY0012;actuelle;2026-09-01;2022-01-18
logements;PC;09304821B0134;1;U;64;930480000U0064;actuelle;2026-09-01;2021-12-31
logements;PC;09304821B0134;2;U;154;930480000U0154;actuelle;2026-09-01;2021-12-31
logements;PC;09304821B0144;1;C;226;930480000C0226;actuelle;2026-09-01;2021-12-02
logements;PC;09304821B0145;1;T;272;930480000T0272;actuelle;2026-09-01;2021-12-16
logements;PC;09304821B0146;1;AQ;112;93048000AQ0112;actuelle;2026-09-01;2021-11-02
logements;PC;09304821B0148;1;O;86;930480000O0086;actuelle;2026-09-01;2022-01-10
logements;PC;09304821B0154;1;Y;380;930480000Y0380;actuelle;2026-09-01;2021-10-26
logements;PC;09304821B0154;2;Y;383;930480000Y0383;actuelle;2026-09-01;2021-10-26
logements;PC;09304821B0154;3;Y;386;930480000Y0386;actuelle;2026-09-01;2021-10-26
logements;PC;09304821B0158;1;CR;339;93048000CR0339;actuelle;2026-09-01;2021-12-06
logements;PC;09304821B0158;2;CR;341;93048000CR0341;actuelle;2026-09-01;2021-12-06
logements;PC;09304821B0160;1;BI;192;93048000BI0192;actuelle;2026-09-01;2022-03-22
logements;PC;09304821B0162;1;P;112;930480000P0112;actuelle;2026-09-01;2021-11-23
logements;PC;09304821B0166;1;C;114;930480000C0114;actuelle;2026-09-01;2021-12-10
logements;PC;09304821B0173;1;BI;204;93048000BI0204;actuelle;2026-09-01;2022-02-02
logements;PC;09304821B0173;2;BI;204;93048000BI0204;actuelle;2026-09-01;2022-02-02
logements;PC;09304821B0181;1;CK;84;93048000CK0084;actuelle;2026-09-01;2022-01-18
logements;PC;09304821B0182;1;BE;71;93048000BE0071;actuelle;2026-09-01;2022-06-10
logements;PC;09304821B0186;1;AH;171;93048000AH0171;actuelle;2026-09-01;2022-02-25
logements;PC;09304821B0188;1;Z;227;930480000Z0227;actuelle;2026-09-01;2022-03-22
logements;PC;09304821B0189;1;CK;222;93048000CK0222;actuelle;2026-09-01;2022-02-15
logements;PC;09304821B0192;1;T;363;930480000T0363;actuelle;2026-09-01;2022-02-23
logements;PC;09304821B0195;1;I;58;930480000I0058;actuelle;2026-09-01;2022-01-18
logements;PC;09304821B0197;1;BF;78;93048000BF0078;actuelle;2026-09-01;2022-03-24
logements;PC;09304821B0197;2;BF;79;93048000BF0079;actuelle;2026-09-01;2022-03-24
logements;PC;09304821B0198;1;AE;72;93048000AE0072;actuelle;2026-09-01;2022-02-25
logements;PC;09304821B0198;2;AE;244;93048000AE0244;actuelle;2026-09-01;2022-02-25
logements;PC;09304821B0198;3;AE;268;93048000AE0268;actuelle;2026-09-01;2022-02-25
logements;PC;09304821B0199;1;AT;124;93048000AT0124;actuelle;2026-09-01;2022-01-12
logements;PC;09304821B0201;1;BQ;153;93048000BQ0153;ancienne;2024-10-01;2022-04-06
logements;PC;09304821B0201;2;BQ;153;93048000BQ0153;ancienne;2024-10-01;2022-04-06
logements;PC;09304821B0206;1;AI;106;93048000AI0106;actuelle;2026-09-01;2022-05-06
logements;PC;09304821B0206;2;AI;106;93048000AI0106;actuelle;2026-09-01;2022-05-06
logements;PC;09304821B0211;1;BY;36;93048000BY0036;ancienne;2025-04-01;2022-05-09
logements;PC;09304821B0211;2;BY;36;93048000BY0036;ancienne;2025-04-01;2022-05-09
logements;PC;09304821B0213;1;CD;479;93048000CD0479;ancienne;2022-10-01;2022-02-25
logements;PC;09304821B0213;2;CD;480;93048000CD0480;ancienne;2022-10-01;2022-02-25
logements;PC;09304821B0214;1;AT;210;93048000AT0210;actuelle;2026-09-01;2022-02-15
logements;PC;09304821B0215;1;AU;163;93048000AU0163;actuelle;2026-09-01;2022-01-18
logements;PC;09304821B0216;1;BO;93;93048000BO0093;actuelle;2026-09-01;2022-05-19
logements;PC;09304821B0219;1;CR;198;93048000CR0198;actuelle;2026-09-01;2022-05-19
logements;PC;09304821B0221;1;BL;32;93048000BL0032;actuelle;2026-09-01;2022-06-23
logements;PC;09304821B0222;1;AL;123;93048000AL0123;actuelle;2026-09-01;2022-07-19
logements;PC;09304821B0222;2;AL;37;93048000AL0037;actuelle;2026-09-01;2022-07-19
logements;PC;09304821B0222;3;AL;37;93048000AL0037;actuelle;2026-09-01;2022-07-19
logements;PC;09304821B0225;1;CL;145;93048000CL0145;ancienne;2022-04-01;2022-03-22
logements;PC;09304821B0226;1;CG;232;93048000CG0232;actuelle;2026-09-01;2022-04-29
logements;PC;09304821B0226;2;CG;233;93048000CG0233;actuelle;2026-09-01;2022-04-29
logements;PC;09304821B0227;1;AK;269;93048000AK0269;actuelle;2026-09-01;2022-05-31
logements;PC;09304821B0233;1;J;306;930480000J0306;ancienne;2023-04-01;2022-06-22
logements;PC;09304821B0241;1;BU;29;93048000BU0029;actuelle;2026-09-01;2022-06-29
logements;PC;09304821B0241;2;BU;30;93048000BU0030;ancienne;2020-10-01;2022-06-29
logements;PC;09304822B0023;1;AD;86;93048000AD0086;ancienne;2022-04-01;2022-05-04
logements;PC;09304822B0025;1;BS;96;93048000BS0096;actuelle;2026-09-01;2022-05-27
logements;PC;09304822B0028;1;BJ;211;93048000BJ0211;actuelle;2026-09-01;2022-07-11
logements;PC;09304822B0028;2;BJ;211;93048000BJ0211;actuelle;2026-09-01;2022-07-11
logements;PC;09304822B0035;1;I;46;930480000I0046;actuelle;2026-09-01;2022-06-20
logements;PC;09304822B0043;1;CJ;82;93048000CJ0082;ancienne;2023-07-01;2022-11-25
logements;PC;09304822B0044;1;CJ;82;93048000CJ0082;ancienne;2023-07-01;2022-11-02
logements;PC;09304822B0045;1;CJ;82;93048000CJ0082;ancienne;2023-07-01;2022-10-20
logements;PC;09304822B0046;1;BI;65;93048000BI0065;ancienne;2022-01-01;2022-06-10
logements;PC;09304822B0047;1;BP;12;93048000BP0012;actuelle;2026-09-01;2022-10-18
logements;PC;09304822B0054;1;AT;194;93048000AT0194;actuelle;2026-09-01;2022-07-11
logements;PC;09304822B0054;2;AT;131;93048000AT0131;actuelle;2026-09-01;2022-07-11
logements;PC;09304822B0055;1;C;46;930480000C0046;ancienne;2023-04-01;2022-08-10
logements;PC;09304822B0059;1;BK;17;93048000BK0017;actuelle;2026-09-01;2022-06-20
logements;PC;09304822B0059;2;BK;19;93048000BK0019;actuelle;2026-09-01;2022-06-20
logements;PC;09304822B0070;1;Y;151;930480000Y0151;actuelle;2026-09-01;2022-07-11
logements;PC;09304822B0070;2;Y;150;930480000Y0150;actuelle;2026-09-01;2022-07-11
logements;PC;09304822B0070;3;Y;151;930480000Y0151;actuelle;2026-09-01;2022-07-11
logements;PC;09304822B0073;1;AI;32;93048000AI0032;ancienne;2024-04-01;2022-07-26
logements;PC;09304822B0079;1;I;10;930480000I0010;ancienne;2023-10-01;2022-11-07
logements;PC;09304822B0081;1;BU;119;93048000BU0119;actuelle;2026-09-01;2022-10-03
logements;PC;09304822B0082;1;CO;24;93048000CO0024;ancienne;2024-01-01;2022-11-25
logements;PC;09304822B0082;2;CO;24;93048000CO0024;ancienne;2024-01-01;2022-11-25
logements;PC;09304822B0082;3;CO;25;93048000CO0025;ancienne;2024-01-01;2022-11-25
logements;PC;09304822B0083;1;AF;255;93048000AF0255;actuelle;2026-09-01;2023-01-09
logements;PC;09304822B0083;2;AF;256;93048000AF0256;actuelle;2026-09-01;2023-01-09
logements;PC;09304822B0083;3;AF;255;93048000AF0255;actuelle;2026-09-01;2023-01-09
logements;PC;09304822B0084;1;C;24;930480000C0024;ancienne;2025-09-01;2022-10-18
logements;PC;09304822B0091;1;BR;218;93048000BR0218;actuelle;2026-09-01;2022-09-14
logements;PC;09304822B0093;1;BG;84;93048000BG0084;actuelle;2026-09-01;2022-12-02
logements;PC;09304822B0093;2;BG;84;93048000BG0084;actuelle;2026-09-01;2022-12-02
logements;PC;09304822B0093;3;BG;85;93048000BG0085;actuelle;2026-09-01;2022-12-02
logements;PC;09304822B0094;1;AG;50;93048000AG0050;actuelle;2026-09-01;2022-12-13
logements;PC;09304822B0095;1;AD;86;93048000AD0086;ancienne;2022-04-01;2022-09-15
logements;PC;09304822B0096;1;AQ;360;93048000AQ0360;actuelle;2026-09-01;2022-10-11
logements;PC;09304822B0097;1;AD;86;93048000AD0086;ancienne;2022-04-01;2022-10-24
logements;PC;09304822B0108;1;AE;135;93048000AE0135;actuelle;2026-09-01;2022-09-23
logements;PC;09304822B0112;1;BL;122;93048000BL0122;actuelle;2026-09-01;2022-12-23
logements;PC;09304822B0115;1;Y;34;930480000Y0034;actuelle;2026-09-01;2022-09-15
logements;PC;09304822B0118;1;AI;262;93048000AI0262;ancienne;2024-04-01;2022-09-23
logements;PC;09304822B0119;1;AS;194;93048000AS0194;actuelle;2026-09-01;2022-12-16
logements;PC;09304822B0119;2;AS;194;93048000AS0194;actuelle;2026-09-01;2022-12-16
logements;PC;09304822B0119;3;AS;197;93048000AS0197;actuelle;2026-09-01;2022-12-16
logements;PC;09304822B0121;1;BO;58;93048000BO0058;actuelle;2026-09-01;2023-01-05
logements;PC;09304822B0121;2;BO;58;93048000BO0058;actuelle;2026-09-01;2023-01-05
logements;PC;09304822B0122;1;BG;203;93048000BG0203;introuvable;;2022-12-19
logements;PC;09304822B0126;1;BL;152;93048000BL0152;actuelle;2026-09-01;2023-03-30
logements;PC;09304822B0127;1;AF;136;93048000AF0136;actuelle;2026-09-01;2023-01-30
logements;PC;09304822B0130;1;T;274;930480000T0274;actuelle;2026-09-01;2022-08-23
logements;PC;09304822B0138;1;AK;163;93048000AK0163;actuelle;2026-09-01;2023-04-04
logements;PC;09304822B0144;1;AP;29;93048000AP0029;actuelle;2026-09-01;2022-12-05
logements;PC;09304822B0145;1;BV;4;93048000BV0004;actuelle;2026-09-01;2022-12-13
logements;PC;09304822B0152;1;CH;315;93048000CH0315;actuelle;2026-09-01;2022-10-25
logements;PC;09304822B0152;2;CH;313;93048000CH0313;actuelle;2026-09-01;2022-10-25
logements;PC;09304822B0152;3;CH;317;93048000CH0317;actuelle;2026-09-01;2022-10-25
logements;PC;09304822B0157;1;CK;23;93048000CK0023;actuelle;2026-09-01;2022-12-05
logements;PC;09304822B0157;2;CK;24;93048000CK0024;actuelle;2026-09-01;2022-12-05
logements;PC;09304822B0158;1;L;172;930480000L0172;actuelle;2026-09-01;2022-12-12
logements;PC;09304822B0158;2;L;172;930480000L0172;actuelle;2026-09-01;2022-12-12
logements;PC;09304822B0165;1;BG;166;93048000BG0166;actuelle;2026-09-01;2023-01-09
logements;PC;09304822B0166;1;D;262;930480000D0262;ancienne;2025-01-01;2023-04-04
logements;PC;09304822B0166;2;D;261;930480000D0261;ancienne;2024-10-01;2023-04-04
logements;PC;09304822B0166;3;D;262;930480000D0262;ancienne;2025-01-01;2023-04-04
logements;PC;09304822B0172;1;CM;246;93048000CM0246;actuelle;2026-09-01;2023-05-24
logements;PC;09304822B0172;2;CM;248;93048000CM0248;actuelle;2026-09-01;2023-05-24
logements;PC;09304822B0173;1;AS;24;93048000AS0024;actuelle;2026-09-01;2023-05-09
logements;PC;09304822B0175;1;T;137;930480000T0137;actuelle;2026-09-01;2023-01-09
logements;PC;09304822B0179;1;S;169;930480000S0169;ancienne;2022-10-01;2023-02-17
logements;PC;09304822B0196;1;BQ;155;93048000BQ0155;actuelle;2026-09-01;2023-03-10
logements;PC;09304822B0201;1;BN;62;93048000BN0062;actuelle;2026-09-01;2023-06-10
logements;PC;09304822B0202;1;O;213;930480000O0213;actuelle;2026-09-01;2023-03-10
logements;PC;09304822B0202;2;O;314;930480000O0314;actuelle;2026-09-01;2023-03-10
logements;PC;09304822B0202;3;0;405;93048000000405;introuvable;;2023-03-10
logements;PC;09304822B0203;1;AQ;400;93048000AQ0400;actuelle;2026-09-01;2023-08-09
logements;PC;09304822B0203;2;AQ;400;93048000AQ0400;actuelle;2026-09-01;2023-08-09
logements;PC;09304822B0205;1;P;1;930480000P0001;actuelle;2026-09-01;2023-07-17
logements;PC;09304822B0205;2;P;1;930480000P0001;actuelle;2026-09-01;2023-07-17
logements;PC;09304822B0206;1;BL;180;93048000BL0180;actuelle;2026-09-01;2023-04-25
logements;PC;09304822B0213;1;CD;28;93048000CD0028;actuelle;2026-09-01;2023-04-25
logements;PC;09304822B0220;1;CQ;341;93048000CQ0341;actuelle;2026-09-01;2023-10-16
logements;PC;09304823B0002;1;S;169;930480000S0169;ancienne;2022-10-01;2023-03-22
logements;PC;09304823B0005;1;AG;21;93048000AG0021;actuelle;2026-09-01;2023-05-05
logements;PC;09304823B0013;1;E;173;930480000E0173;actuelle;2026-09-01;2023-07-10
logements;PC;09304823B0019;1;SN;197;93048000SN0197;introuvable;;2023-06-05
logements;PC;09304823B0019;2;SN;191;93048000SN0191;introuvable;;2023-06-05
logements;PC;09304823B0020;1;AU;163;93048000AU0163;actuelle;2026-09-01;2023-04-21
logements;PC;09304823B0027;1;AE;78;93048000AE0078;actuelle;2026-09-01;2023-09-04
logements;PC;09304823B0027;2;AE;78;93048000AE0078;actuelle;2026-09-01;2023-09-04
logements;PC;09304823B0027;3;AE;257;93048000AE0257;actuelle;2026-09-01;2023-09-04
logements;PC;09304823B0030;1;BQ;290;93048000BQ0290;actuelle;2026-09-01;2023-07-10
logements;PC;09304823B0030;2;BQ;63;93048000BQ0063;ancienne;2024-10-01;2023-07-10
logements;PC;09304823B0031;1;BQ;63;93048000BQ0063;ancienne;2024-10-01;2023-07-10
logements;PC;09304823B0032;1;T;137;930480000T0137;actuelle;2026-09-01;2023-05-30
logements;PC;09304823B0033;1;BY;96;93048000BY0096;actuelle;2026-09-01;2023-10-04
logements;PC;09304823B0035;1;BJ;5;93048000BJ0005;actuelle;2026-09-01;2023-07-26
logements;PC;09304823B0035;2;BJ;170;93048000BJ0170;actuelle;2026-09-01;2023-07-26
logements;PC;09304823B0037;1;T;23;930480000T0023;actuelle;2026-09-01;2023-10-10
logements;PC;09304823B0041;1;B;242;930480000B0242;actuelle;2026-09-01;2023-08-08
logements;PC;09304823B0044;1;CF;7;93048000CF0007;actuelle;2026-09-01;2023-10-10
logements;PC;09304823B0048;1;AQ;50;93048000AQ0050;actuelle;2026-09-01;2023-06-05
logements;PC;09304823B0053;1;Q;20;930480000Q0020;actuelle;2026-09-01;2023-06-15
logements;PC;09304823B0057;1;BN;139;93048000BN0139;actuelle;2026-09-01;2023-11-17
logements;PC;09304823B0059;1;Y;314;930480000Y0314;actuelle;2026-09-01;2023-07-12
logements;PC;09304823B0059;2;Y;313;930480000Y0313;actuelle;2026-09-01;2023-07-12
logements;PC;09304823B0062;1;E;442;930480000E0442;actuelle;2026-09-01;2023-07-19
logements;PC;09304823B0062;2;E;160;930480000E0160;ancienne;2024-04-01;2023-07-19
logements;PC;09304823B0069;1;AG;42;93048000AG0042;actuelle;2026-09-01;2023-12-11
logements;PC;09304823B0069;2;AG;246;93048000AG0246;actuelle;2026-09-01;2023-12-11
logements;PC;09304823B0070;1;T;112;930480000T0112;actuelle;2026-09-01;2023-08-09
logements;PC;09304823B0072;1;D;94;930480000D0094;actuelle;2026-09-01;2023-10-27
logements;PC;09304823B0072;2;D;94;930480000D0094;actuelle;2026-09-01;2023-10-27
logements;PC;09304823B0072;3;D;95;930480000D0095;actuelle;2026-09-01;2023-10-27
logements;PC;09304823B0075;1;BF;31;93048000BF0031;actuelle;2026-09-01;2023-12-21
logements;PC;09304823B0075;2;BF;31;93048000BF0031;actuelle;2026-09-01;2023-12-21
logements;PC;09304823B0079;1;X;16;930480000X0016;actuelle;2026-09-01;2023-10-10
logements;PC;09304823B0080;1;X;264;930480000X0264;actuelle;2026-09-01;2023-08-25
logements;PC;09304823B0080;2;X;404;930480000X0404;actuelle;2026-09-01;2023-08-25
logements;PC;09304823B0083;1;R;145;930480000R0145;actuelle;2026-09-01;2023-10-23
logements;PC;09304823B0091;1;T;48;930480000T0048;actuelle;2026-09-01;2023-11-17
logements;PC;09304823B0092;1;K;180;930480000K0180;actuelle;2026-09-01;2024-02-05
logements;PC;09304823B0092;2;K;193;930480000K0193;actuelle;2026-09-01;2024-02-05
logements;PC;09304823B0098;1;BK;275;93048000BK0275;actuelle;2026-09-01;2023-10-06
logements;PC;09304823B0105;1;AT;128;93048000AT0128;actuelle;2026-09-01;2024-04-19
logements;PC;09304823B0107;1;M;116;930480000M0116;ancienne;2026-03-01;2023-10-30
logements;PC;09304823B0107;2;M;116;930480000M0116;ancienne;2026-03-01;2023-10-30
logements;PC;09304823B0107;3;M;117;930480000M0117;ancienne;2026-03-01;2023-10-30
logements;PC;09304823B0117;1;BT;268;93048000BT0268;actuelle;2026-09-01;2023-10-27
logements;PC;09304823B0118;1;AH;77;93048000AH0077;actuelle;2026-09-01;2024-01-29
logements;PC;09304823B0119;1;AP;305;93048000AP0305;actuelle;2026-09-01;2023-10-30
logements;PC;09304823B0123;1;BP;19;93048000BP0019;ancienne;2024-04-01;2023-11-29
logements;PC;09304823B0124;1;E;160;930480000E0160;ancienne;2024-04-01;2024-03-15
logements;PC;09304823B0129;1;AP;363;93048000AP0363;actuelle;2026-09-01;2024-01-29
logements;PC;09304823B0131;1;BR;112;93048000BR0112;actuelle;2026-09-01;2024-01-29
logements;PC;09304823B0131;2;BR;112;93048000BR0112;actuelle;2026-09-01;2024-01-29
logements;PC;09304823B0138;1;BH;137;93048000BH0137;actuelle;2026-09-01;2024-05-22
logements;PC;09304823B0141;1;X;141;930480000X0141;actuelle;2026-09-01;2024-04-22
logements;PC;09304823B0146;1;AJ;56;93048000AJ0056;actuelle;2026-09-01;2024-08-19
logements;PC;09304823B0146;2;AJ;56;93048000AJ0056;actuelle;2026-09-01;2024-08-19
logements;PC;09304823B0146;3;AJ;57;93048000AJ0057;actuelle;2026-09-01;2024-08-19
logements;PC;09304823B0147;1;AU;163;93048000AU0163;actuelle;2026-09-01;2024-01-17
logements;PC;09304823B0151;1;01;36;93048000010036;introuvable;;2024-08-08
logements;PC;09304823B0151;2;BY;36;93048000BY0036;ancienne;2025-04-01;2024-08-08
logements;PC;09304823B0154;1;BU;245;93048000BU0245;actuelle;2026-09-01;2024-04-05
logements;PC;09304823B0155;1;AD;220;93048000AD0220;actuelle;2026-09-01;2024-04-25
logements;PC;09304823B0160;1;BL;82;93048000BL0082;actuelle;2026-09-01;2024-10-01
logements;PC;09304823B0161;1;AU;123;93048000AU0123;actuelle;2026-09-01;2024-07-09
logements;PC;09304823B0161;2;AU;78;93048000AU0078;actuelle;2026-09-01;2024-07-09
logements;PC;09304823B0161;3;AU;123;93048000AU0123;actuelle;2026-09-01;2024-07-09
logements;PC;09304823B0162;1;BY;188;93048000BY0188;ancienne;2026-03-01;2024-05-22
logements;PC;09304823B0162;2;BY;188;93048000BY0188;ancienne;2026-03-01;2024-05-22
logements;PC;09304823B0162;3;BY;66;93048000BY0066;ancienne;2026-03-01;2024-05-22
logements;PC;09304823B0164;1;U;161;930480000U0161;actuelle;2026-09-01;2024-08-16
logements;PC;09304823B0164;2;U;88;930480000U0088;actuelle;2026-09-01;2024-08-16
logements;PC;09304824B0005;1;CF;126;93048000CF0126;actuelle;2026-09-01;2024-04-22
logements;PC;09304824B0017;1;M;177;930480000M0177;actuelle;2026-09-01;2024-06-27
logements;PC;09304824B0017;2;M;303;930480000M0303;actuelle;2026-09-01;2024-06-27
logements;PC;09304824B0017;3;M;175;930480000M0175;introuvable;;2024-06-27
logements;PC;09304824B0022;1;BS;99;93048000BS0099;actuelle;2026-09-01;2024-07-30
logements;PC;09304824B0024;1;GC;254;93048000GC0254;introuvable;;2024-04-22
logements;PC;09304824B0024;2;CG;254;93048000CG0254;actuelle;2026-09-01;2024-04-22
logements;PC;09304824B0027;1;BR;5;93048000BR0005;actuelle;2026-09-01;2024-06-10
logements;PC;09304824B0030;1;BK;275;93048000BK0275;actuelle;2026-09-01;2024-06-07
logements;PC;09304824B0033;1;AT;113;93048000AT0113;actuelle;2026-09-01;2024-10-17
logements;PC;09304824B0041;1;BP;94;93048000BP0094;actuelle;2026-09-01;2024-07-26
logements;PC;09304824B0043;1;AE;61;93048000AE0061;actuelle;2026-09-01;2024-06-25
logements;PC;09304824B0043;2;AE;61;93048000AE0061;actuelle;2026-09-01;2024-06-25
logements;PC;09304824B0043;3;AE;294;93048000AE0294;actuelle;2026-09-01;2024-06-25
logements;PC;09304824B0046;1;AS;28;93048000AS0028;actuelle;2026-09-01;2024-06-26
logements;PC;09304824B0046;2;AS;29;93048000AS0029;actuelle;2026-09-01;2024-06-26
logements;PC;09304824B0052;1;BU;111;93048000BU0111;actuelle;2026-09-01;2024-06-24
logements;PC;09304824B0052;2;BU;111;93048000BU0111;actuelle;2026-09-01;2024-06-24
logements;PC;09304824B0052;3;BU;112;93048000BU0112;actuelle;2026-09-01;2024-06-24
logements;PC;09304824B0055;1;CO;123;93048000CO0123;actuelle;2026-09-01;2024-08-02
logements;PC;09304824B0055;2;CO;123;93048000CO0123;actuelle;2026-09-01;2024-08-02
logements;PC;09304824B0055;3;CO;168;93048000CO0168;actuelle;2026-09-01;2024-08-02
logements;PC;09304824B0056;1;CO;168;93048000CO0168;actuelle;2026-09-01;2024-08-07
logements;PC;09304824B0056;2;CO;123;93048000CO0123;actuelle;2026-09-01;2024-08-07
logements;PC;09304824B0056;3;CO;168;93048000CO0168;actuelle;2026-09-01;2024-08-07
logements;PC;09304824B0057;1;S;183;930480000S0183;actuelle;2026-09-01;2024-08-08
logements;PC;09304824B0062;1;M;49;930480000M0049;actuelle;2026-09-01;2024-07-18
logements;PC;09304824B0063;1;CD;431;93048000CD0431;actuelle;2026-09-01;2024-10-07
logements;PC;09304824B0063;2;CD;431;93048000CD0431;actuelle;2026-09-01;2024-10-07
logements;PC;09304824B0063;3;CD;432;93048000CD0432;actuelle;2026-09-01;2024-10-07
logements;PC;09304824B0067;1;M;301;930480000M0301;actuelle;2026-09-01;2024-08-22
logements;PC;09304824B0067;2;M;198;930480000M0198;actuelle;2026-09-01;2024-08-22
logements;PC;09304824B0068;1;N;10;930480000N0010;actuelle;2026-09-01;2024-07-12
logements;PC;09304824B0070;1;AK;94;93048000AK0094;actuelle;2026-09-01;2024-12-04
logements;PC;09304824B0073;1;BQ;1;93048000BQ0001;actuelle;2026-09-01;2024-08-02
logements;PC;09304824B0075;1;AC;239;93048000AC0239;actuelle;2026-09-01;2024-09-11
logements;PC;09304824B0084;1;S;55;930480000S0055;actuelle;2026-09-01;2024-12-10
logements;PC;09304824B0084;2;S;56;930480000S0056;actuelle;2026-09-01;2024-12-10
logements;PC;09304824B0084;3;S;139;930480000S0139;actuelle;2026-09-01;2024-12-10
logements;PC;09304824B0089;1;X;66;930480000X0066;actuelle;2026-09-01;2025-01-27
logements;PC;09304824B0090;1;T;134;930480000T0134;actuelle;2026-09-01;2025-01-03
logements;PC;09304824B0092;1;AP;352;93048000AP0352;actuelle;2026-09-01;2024-10-23
logements;PC;09304824B0092;2;AP;352;93048000AP0352;actuelle;2026-09-01;2024-10-23
logements;PC;09304824B0092;3;AP;353;93048000AP0353;actuelle;2026-09-01;2024-10-23
logements;PC;09304824B0095;1;AE;77;93048000AE0077;actuelle;2026-09-01;2024-12-26
logements;PC;09304824B0101;1;AE;17;93048000AE0017;actuelle;2026-09-01;2025-01-27
logements;PC;09304824B0107;1;BD;46;93048000BD0046;actuelle;2026-09-01;2025-05-27
logements;PC;09304824B0107;2;BD;48;93048000BD0048;actuelle;2026-09-01;2025-05-27
logements;PC;09304824B0107;3;BD;49;93048000BD0049;actuelle;2026-09-01;2025-05-27
logements;PC;09304824B0109;1;AT;139;93048000AT0139;actuelle;2026-09-01;2025-05-21
logements;PC;09304824B0109;2;AT;140;93048000AT0140;actuelle;2026-09-01;2025-05-21
logements;PC;09304824B0109;3;AT;136;93048000AT0136;actuelle;2026-09-01;2025-05-21
logements;PC;09304824B0114;1;BM;2;93048000BM0002;actuelle;2026-09-01;2024-12-26
logements;PC;09304824B0116;1;BU;63;93048000BU0063;actuelle;2026-09-01;2025-03-10
logements;PC;09304824B0119;1;AZ;11;93048000AZ0011;actuelle;2026-09-01;2025-01-27
logements;PC;09304824B0119;2;AZ;11;93048000AZ0011;actuelle;2026-09-01;2025-01-27
logements;PC;09304824B0120;1;BP;136;93048000BP0136;actuelle;2026-09-01;2024-12-23
logements;PC;09304824B0124;1;K;156;930480000K0156;actuelle;2026-09-01;2025-03-11
logements;PC;09304824B0127;1;AT;43;93048000AT0043;actuelle;2026-09-01;2025-02-20
logements;PC;09304824B0130;1;U;167;930480000U0167;ancienne;2026-03-01;2025-05-06
logements;PC;09304824B0132;1;Y;209;930480000Y0209;actuelle;2026-09-01;2025-02-10
logements;PC;09304824B0134;1;BI;161;93048000BI0161;actuelle;2026-09-01;2025-02-20
logements;PC;09304824B0137;1;CO;123;93048000CO0123;actuelle;2026-09-01;2025-02-07
logements;PC;09304824B0137;2;CO;123;93048000CO0123;actuelle;2026-09-01;2025-02-07
logements;PC;09304824B0137;3;CO;168;93048000CO0168;actuelle;2026-09-01;2025-02-07
logements;PC;09304824B0138;1;CO;168;93048000CO0168;actuelle;2026-09-01;2025-02-04
logements;PC;09304824B0138;2;CO;123;93048000CO0123;actuelle;2026-09-01;2025-02-04
logements;PC;09304824B0138;3;CO;168;93048000CO0168;actuelle;2026-09-01;2025-02-04
logements;PC;09304824B0139;1;BG;117;93048000BG0117;actuelle;2026-09-01;2025-07-09
logements;PC;09304824B0140;1;AI;339;93048000AI0339;actuelle;2026-09-01;2025-02-07
logements;PC;09304824B0141;1;AP;270;93048000AP0270;actuelle;2026-09-01;2025-02-04
logements;PC;09304824B0142;1;J;376;930480000J0376;actuelle;2026-09-01;2025-05-06
logements;PC;09304824B0143;1;U;48;930480000U0048;actuelle;2026-09-01;2025-03-10
logements;PC;09304824B0146;1;T;9;930480000T0009;actuelle;2026-09-01;2025-05-13
logements;PC;09304824B0147;1;V;171;930480000V0171;actuelle;2026-09-01;2025-05-12
logements;PC;09304824B0147;2;V;129;930480000V0129;actuelle;2026-09-01;2025-05-12
logements;PC;09304824B0148;1;BH;46;93048000BH0046;actuelle;2026-09-01;2025-10-13
logements;PC;09304824B0148;2;BH;45;93048000BH0045;actuelle;2026-09-01;2025-10-13
logements;PC;09304824B0148;3;BH;46;93048000BH0046;actuelle;2026-09-01;2025-10-13
logements;PC;09304824B0150;1;AG;77;93048000AG0077;actuelle;2026-09-01;2025-05-23
logements;PC;09304824B0150;2;AG;76;93048000AG0076;actuelle;2026-09-01;2025-05-23
logements;PC;09304824B0150;3;AG;155;93048000AG0155;actuelle;2026-09-01;2025-05-23
logements;PC;09304825B0003;1;CR;102;93048000CR0102;actuelle;2026-09-01;2025-07-08
logements;PC;09304825B0003;2;CR;103;93048000CR0103;actuelle;2026-09-01;2025-07-08
logements;PC;09304825B0003;3;CR;103;93048000CR0103;actuelle;2026-09-01;2025-07-08
logements;PC;09304825B0006;1;CK;208;93048000CK0208;actuelle;2026-09-01;2025-03-10
logements;PC;09304825B0010;1;AZ;161;93048000AZ0161;actuelle;2026-09-01;2025-10-01
logements;PC;09304825B0010;2;AZ;176;93048000AZ0176;actuelle;2026-09-01;2025-10-01
logements;PC;09304825B0010;3;AZ;179;93048000AZ0179;actuelle;2026-09-01;2025-10-01
logements;PC;09304825B0014;1;AI;106;93048000AI0106;actuelle;2026-09-01;2025-06-23
logements;PC;09304825B0014;2;AI;106;93048000AI0106;actuelle;2026-09-01;2025-06-23
logements;PC;09304825B0015;1;AI;339;93048000AI0339;actuelle;2026-09-01;2025-05-13
logements;PC;09304825B0018;1;AE;307;93048000AE0307;actuelle;2026-09-01;2025-08-26
logements;PC;09304825B0018;2;AE;308;93048000AE0308;actuelle;2026-09-01;2025-08-26
logements;PC;09304825B0018;3;AE;284;93048000AE0284;ancienne;2023-07-01;2025-08-26
logements;PC;09304825B0020;1;AT;156;93048000AT0156;actuelle;2026-09-01;2025-11-06
logements;PC;09304825B0020;2;AT;155;93048000AT0155;actuelle;2026-09-01;2025-11-06
logements;PC;09304825B0026;1;Y;135;930480000Y0135;actuelle;2026-09-01;2025-06-20
logements;PC;09304825B0039;1;K;154;930480000K0154;actuelle;2026-09-01;2025-08-27
logements;PC;09304825B0045;1;BK;80;93048000BK0080;actuelle;2026-09-01;2025-09-18
logements;PC;09304825B0048;1;AT;99;93048000AT0099;actuelle;2026-09-01;2025-08-26
logements;PC;09304825B0048;2;AT;230;93048000AT0230;actuelle;2026-09-01;2025-08-26
logements;PC;09304825B0052;1;K;204;930480000K0204;actuelle;2026-09-01;2025-09-18
logements;PC;09304825B0053;1;AP;1;93048000AP0001;actuelle;2026-09-01;2025-10-20
logements;PC;09304825B0068;1;CR;1;93048000CR0001;introuvable;;2025-11-12
logements;PC;09304825B0072;1;BN;82;93048000BN0082;actuelle;2026-09-01;2026-02-09
logements;PC;09304825B0072;2;BN;139;93048000BN0139;actuelle;2026-09-01;2026-02-09
logements;PC;09304825B0074;1;AV;31;93048000AV0031;actuelle;2026-09-01;2026-02-03
logements;PC;09304825B0077;1;T;117;930480000T0117;actuelle;2026-09-01;2025-10-28
logements;PC;09304825B0078;1;BO;341;93048000BO0341;actuelle;2026-09-01;2026-01-29
logements;PC;09304825B0078;2;BO;324;93048000BO0324;actuelle;2026-09-01;2026-01-29
logements;PC;09304825B0078;3;BO;308;93048000BO0308;actuelle;2026-09-01;2026-01-29
logements;PC;09304825B0079;1;T;117;930480000T0117;actuelle;2026-09-01;2025-10-13
logements;PC;09304825B0081;1;P;56;930480000P0056;actuelle;2026-09-01;2026-02-24
logements;PC;09304825B0084;1;J;105;930480000J0105;actuelle;2026-09-01;2025-12-17
logements;PC;09304825B0088;1;CH;256;93048000CH0256;actuelle;2026-09-01;2025-12-02
logements;PC;09304825B0101;1;BK;62;93048000BK0062;actuelle;2026-09-01;2026-06-02
logements;PC;09304825B0103;1;C;247;930480000C0247;actuelle;2026-09-01;2025-12-24
logements;PC;09304825B0112;1;X;131;930480000X0131;actuelle;2026-09-01;2026-03-19
logements;PC;09304825B0126;1;N;233;930480000N0233;introuvable;;2026-04-24
logements;PC;09304825B0126;2;N;235;930480000N0235;introuvable;;2026-04-24
logements;PC;09304825B0128;1;AY;84;93048000AY0084;actuelle;2026-09-01;2026-06-16
logements;PC;09304825B0132;1;AD;115;93048000AD0115;actuelle;2026-09-01;2026-03-10
logements;PC;09304825B0133;1;J;47;930480000J0047;actuelle;2026-09-01;2026-04-16
logements;PC;09304826B0003;1;CQ;214;93048000CQ0214;actuelle;2026-09-01;2026-06-01
logements;PC;09304826B0003;2;CQ;215;93048000CQ0215;actuelle;2026-09-01;2026-06-01
logements;PC;09304826B0012;1;BL;180;93048000BL0180;actuelle;2026-09-01;2026-06-10
logements;PC;09304826B0013;1;AC;241;93048000AC0241;actuelle;2026-09-01;2026-04-17
logements;PC;09304826B0026;1;C;282;930480000C0282;actuelle;2026-09-01;2026-07-24
logements;PC;09304826B0037;1;BI;251;93048000BI0251;actuelle;2026-09-01;2026-06-24
logements;PC;09304826B0047;1;AV;19;93048000AV0019;actuelle;2026-09-01;2026-08-27
logements;PC;09304826B0049;1;AV;115;93048000AV0115;actuelle;2026-09-01;2026-07-20
logements;PC;09304826B0063;1;AT;92;93048000AT0092;actuelle;2026-09-01;2026-07-24
logements;PA;09304820B0003;1;BZ;402;93048000BZ0402;actuelle;2026-09-01;2021-05-25
logements;PA;09304820B0003;2;BZ;329;93048000BZ0329;actuelle;2026-09-01;2021-05-25
logements;PA;09304820B0003;3;BZ;288;93048000BZ0288;actuelle;2026-09-01;2021-05-25
logements;DP;09304812B0259;1;BJ;85;93048000BJ0085;actuelle;2026-09-01;2013-02-15
logements;DP;09304813B0020;1;AT;70;93048000AT0070;introuvable;;2013-03-07
logements;DP;09304813B0021;1;BM;26;93048000BM0026;actuelle;2026-09-01;2013-04-05
logements;DP;09304813B0066;1;P;62;930480000P0062;actuelle;2026-09-01;2013-03-22
logements;DP;09304813B0138;1;AS;47;93048000AS0047;actuelle;2026-09-01;2013-05-31
logements;DP;09304813B0153;1;BT;25;93048000BT0025;actuelle;2026-09-01;2013-06-10
logements;DP;09304813B0153;2;BT;24;93048000BT0024;actuelle;2026-09-01;2013-06-10
logements;DP;09304813B0153;3;BT;23;93048000BT0023;actuelle;2026-09-01;2013-06-10
logements;DP;09304813B0227;1;AS;47;93048000AS0047;actuelle;2026-09-01;2013-08-30
logements;DP;09304813B0228;1;AS;47;93048000AS0047;actuelle;2026-09-01;2013-08-30
logements;DP;09304813B0229;1;AS;47;93048000AS0047;actuelle;2026-09-01;2013-08-30
logements;DP;09304813B0230;1;AS;47;93048000AS0047;actuelle;2026-09-01;2013-08-30
logements;DP;09304813B0245;1;AG;265;93048000AG0265;actuelle;2026-09-01;2013-10-21
logements;DP;09304813B0255;1;P;62;930480000P0062;actuelle;2026-09-01;2013-08-08
logements;DP;09304813B0322;1;E;131;930480000E0131;actuelle;2026-09-01;2013-10-10
logements;DP;09304813B0330;1;AG;21;93048000AG0021;actuelle;2026-09-01;2013-11-13
logements;DP;09304813B0343;1;AP;6;93048000AP0006;ancienne;2026-03-01;2013-11-06
logements;DP;09304813B0369;1;BK;25;93048000BK0025;actuelle;2026-09-01;2013-12-18
logements;DP;09304813B0391;1;BF;191;93048000BF0191;actuelle;2026-09-01;2014-01-02
logements;DP;09304813B0401;1;BT;25;93048000BT0025;actuelle;2026-09-01;2014-01-02
logements;DP;09304813B0401;2;BT;24;93048000BT0024;actuelle;2026-09-01;2014-01-02
logements;DP;09304813B0401;3;BT;23;93048000BT0023;actuelle;2026-09-01;2014-01-02
logements;DP;09304813B0403;1;BH;234;93048000BH0234;actuelle;2026-09-01;2014-01-13
logements;DP;09304813B0403;2;BH;237;93048000BH0237;actuelle;2026-09-01;2014-01-13
logements;DP;09304814B0006;1;BL;154;93048000BL0154;actuelle;2026-09-01;2014-03-03
logements;DP;09304814B0014;1;AK;220;93048000AK0220;actuelle;2026-09-01;2014-02-27
logements;DP;09304814B0036;1;U;57;930480000U0057;actuelle;2026-09-01;2014-02-25
logements;DP;09304814B0054;1;BL;154;93048000BL0154;actuelle;2026-09-01;2014-03-24
logements;DP;09304814B0076;1;BU;43;93048000BU0043;actuelle;2026-09-01;2014-06-04
logements;DP;09304814B0130;1;AE;88;93048000AE0088;actuelle;2026-09-01;2014-05-19
logements;DP;09304814B0142;1;BU;73;93048000BU0073;actuelle;2026-09-01;2014-05-27
logements;DP;09304814B0171;1;BU;73;93048000BU0073;actuelle;2026-09-01;2014-06-23
logements;DP;09304814B0172;1;BU;73;93048000BU0073;actuelle;2026-09-01;2014-08-01
logements;DP;09304814B0220;1;BH;119;93048000BH0119;actuelle;2026-09-01;2014-08-19
logements;DP;09304814B0285;1;AY;120;93048000AY0120;ancienne;2024-07-01;2014-09-22
logements;DP;09304814B0295;1;BU;163;93048000BU0163;actuelle;2026-09-01;2014-09-22
logements;DP;09304814B0311;1;AU;46;93048000AU0046;actuelle;2026-09-01;2014-09-04
logements;DP;09304814B0311;2;AU;45;93048000AU0045;actuelle;2026-09-01;2014-09-04
logements;DP;09304814B0342;1;AB;104;93048000AB0104;actuelle;2026-09-01;2014-11-12
logements;DP;09304814B0359;1;AT;180;93048000AT0180;actuelle;2026-09-01;2014-12-03
logements;DP;09304814B0393;1;CE;267;93048000CE0267;actuelle;2026-09-01;2014-12-17
logements;DP;09304814B0405;1;BK;98;93048000BK0098;actuelle;2026-09-01;2015-02-03
logements;DP;09304814B0418;1;Y;188;930480000Y0188;actuelle;2026-09-01;2014-12-25
logements;DP;09304814B0418;2;Y;183;930480000Y0183;actuelle;2026-09-01;2014-12-25
logements;DP;09304814B0418;3;Y;189;930480000Y0189;actuelle;2026-09-01;2014-12-25
logements;DP;09304814B0420;1;AE;260;93048000AE0260;actuelle;2026-09-01;2015-02-24
logements;DP;09304814B0444;1;J;105;930480000J0105;actuelle;2026-09-01;2015-01-29
logements;DP;09304815B0013;1;U;5;930480000U0005;actuelle;2026-09-01;2015-03-20
logements;DP;09304815B0015;1;AG;57;93048000AG0057;actuelle;2026-09-01;2015-02-24
logements;DP;09304815B0027;1;BS;147;93048000BS0147;actuelle;2026-09-01;2015-02-24
logements;DP;09304815B0057;1;CR;99;93048000CR0099;actuelle;2026-09-01;2015-04-02
logements;DP;09304815B0059;1;AP;325;93048000AP0325;actuelle;2026-09-01;2015-04-08
logements;DP;09304815B0068;1;BU;43;93048000BU0043;actuelle;2026-09-01;2015-04-29
logements;DP;09304815B0113;1;AE;260;93048000AE0260;actuelle;2026-09-01;2015-06-04
logements;DP;09304815B0135;1;BQ;64;93048000BQ0064;actuelle;2026-09-01;2015-05-28
logements;DP;09304815B0212;1;BK;75;93048000BK0075;actuelle;2026-09-01;2015-08-24
logements;DP;09304815B0228;1;BQ;220;93048000BQ0220;actuelle;2026-09-01;2015-07-10
logements;DP;09304815B0325;1;AE;260;93048000AE0260;actuelle;2026-09-01;2015-11-18
logements;DP;09304815B0398;1;CM;282;93048000CM0282;actuelle;2026-09-01;2016-02-16
logements;DP;09304816B0036;1;BV;5;93048000BV0005;introuvable;;2016-04-19
logements;DP;09304816B0053;1;BP;36;93048000BP0036;actuelle;2026-09-01;2016-03-08
logements;DP;09304816B0059;1;AE;88;93048000AE0088;actuelle;2026-09-01;2016-03-08
logements;DP;09304816B0089;1;BP;104;93048000BP0104;actuelle;2026-09-01;2016-04-05
logements;DP;09304816B0111;1;BJ;207;93048000BJ0207;actuelle;2026-09-01;2016-06-17
logements;DP;09304816B0122;1;AG;265;93048000AG0265;actuelle;2026-09-01;2016-05-02
logements;DP;09304816B0143;1;BM;83;93048000BM0083;actuelle;2026-09-01;2016-05-26
logements;DP;09304816B0199;1;BP;41;93048000BP0041;actuelle;2026-09-01;2016-07-11
logements;DP;09304816B0273;1;BK;75;93048000BK0075;actuelle;2026-09-01;2016-11-02
logements;DP;09304816B0284;1;AK;162;93048000AK0162;actuelle;2026-09-01;2016-10-19
logements;DP;09304816B0316;1;BG;35;93048000BG0035;actuelle;2026-09-01;2016-12-05
logements;DP;09304816B0328;1;AY;120;93048000AY0120;ancienne;2024-07-01;2016-11-14
logements;DP;09304816B0393;1;AY;37;93048000AY0037;actuelle;2026-09-01;2017-03-06
logements;DP;09304816B0408;1;BL;170;93048000BL0170;ancienne;2023-07-01;2017-01-31
logements;DP;09304816B0425;1;AY;265;93048000AY0265;actuelle;2026-09-01;2017-01-22
logements;DP;09304817B0002;1;AZ;11;93048000AZ0011;actuelle;2026-09-01;2017-02-03
logements;DP;09304817B0023;1;BM;83;93048000BM0083;actuelle;2026-09-01;2017-03-29
logements;DP;09304817B0067;1;BT;216;93048000BT0216;actuelle;2026-09-01;2017-04-13
logements;DP;09304817B0069;1;D;95;930480000D0095;actuelle;2026-09-01;2017-03-21
logements;DP;09304817B0090;1;BT;66;93048000BT0066;actuelle;2026-09-01;2017-05-04
logements;DP;09304817B0117;1;BM;83;93048000BM0083;actuelle;2026-09-01;2017-05-03
logements;DP;09304817B0144;1;AK;321;93048000AK0321;introuvable;;2017-04-27
logements;DP;09304817B0152;1;BE;64;93048000BE0064;actuelle;2026-09-01;2017-07-12
logements;DP;09304817B0160;1;BH;234;93048000BH0234;actuelle;2026-09-01;2017-05-18
logements;DP;09304817B0160;2;BH;237;93048000BH0237;actuelle;2026-09-01;2017-05-18
logements;DP;09304817B0181;1;BO;321;93048000BO0321;actuelle;2026-09-01;2017-08-17
logements;DP;09304817B0183;1;J;194;930480000J0194;actuelle;2026-09-01;2017-06-20
logements;DP;09304817B0187;1;BT;35;93048000BT0035;actuelle;2026-09-01;2017-07-04
logements;DP;09304817B0225;1;BP;41;93048000BP0041;actuelle;2026-09-01;2017-07-24
logements;DP;09304817B0236;1;BM;83;93048000BM0083;actuelle;2026-09-01;2017-09-12
logements;DP;09304817B0273;1;BP;36;93048000BP0036;actuelle;2026-09-01;2017-10-13
logements;DP;09304817B0392;1;BJ;12;93048000BJ0012;actuelle;2026-09-01;2018-01-15
logements;DP;09304817B0419;1;AE;100;93048000AE0100;actuelle;2026-09-01;2018-02-17
logements;DP;09304818B0003;1;BK;81;93048000BK0081;actuelle;2026-09-01;2018-03-14
logements;DP;09304818B0007;1;O;302;930480000O0302;ancienne;2022-10-01;2018-03-23
logements;DP;09304818B0070;1;P;109;930480000P0109;actuelle;2026-09-01;2018-04-29
logements;DP;09304818B0110;1;O;359;930480000O0359;actuelle;2026-09-01;2018-04-23
logements;DP;09304818B0112;1;BU;90;93048000BU0090;actuelle;2026-09-01;2017-04-27
logements;DP;09304818B0114;1;BK;123;93048000BK0123;actuelle;2026-09-01;2018-04-23
logements;DP;09304818B0209;1;BP;104;93048000BP0104;actuelle;2026-09-01;2018-06-29
logements;DP;09304818B0229;1;Q;75;930480000Q0075;actuelle;2026-09-01;2018-07-19
logements;DP;09304818B0234;1;BJ;93;93048000BJ0093;actuelle;2026-09-01;2018-11-21
logements;DP;09304818B0245;1;P;109;930480000P0109;actuelle;2026-09-01;2018-07-13
logements;DP;09304818B0284;1;P;109;930480000P0109;actuelle;2026-09-01;2018-08-09
logements;DP;09304818B0317;1;BS;130;93048000BS0130;actuelle;2026-09-01;2018-09-13
logements;DP;09304818B0343;1;BM;83;93048000BM0083;actuelle;2026-09-01;2018-11-03
logements;DP;09304818B0348;1;BF;92;93048000BF0092;actuelle;2026-09-01;2018-11-16
logements;DP;09304818B0348;2;BF;175;93048000BF0175;actuelle;2026-09-01;2018-11-16
logements;DP;09304818B0348;3;BF;184;93048000BF0184;actuelle;2026-09-01;2018-11-16
logements;DP;09304818B0386;1;J;392;930480000J0392;actuelle;2026-09-01;2018-10-31
logements;DP;09304818B0408;1;M;122;930480000M0122;actuelle;2026-09-01;2018-11-02
logements;DP;09304818B0408;2;M;194;930480000M0194;actuelle;2026-09-01;2018-11-02
logements;DP;09304818B0426;1;CL;24;93048000CL0024;actuelle;2026-09-01;2018-12-03
logements;DP;09304818B0455;1;CQ;298;93048000CQ0298;actuelle;2026-09-01;2019-01-16
logements;DP;09304819B0039;1;AL;174;93048000AL0174;actuelle;2026-09-01;2019-03-08
logements;DP;09304819B0043;1;AZ;5;93048000AZ0005;actuelle;2026-09-01;2019-06-17
logements;DP;09304819B0049;1;BP;100;93048000BP0100;actuelle;2026-09-01;2019-04-12
logements;DP;09304819B0062;1;BF;92;93048000BF0092;actuelle;2026-09-01;2019-03-11
logements;DP;09304819B0067;1;BM;26;93048000BM0026;actuelle;2026-09-01;2019-04-19
logements;DP;09304819B0093;1;AS;132;93048000AS0132;actuelle;2026-09-01;2019-04-26
logements;DP;09304819B0101;1;BF;92;93048000BF0092;actuelle;2026-09-01;2019-04-22
logements;DP;09304819B0101;2;BF;175;93048000BF0175;actuelle;2026-09-01;2019-04-22
logements;DP;09304819B0101;3;BF;184;93048000BF0184;actuelle;2026-09-01;2019-04-22
logements;DP;09304819B0190;1;BJ;85;93048000BJ0085;actuelle;2026-09-01;2019-07-18
logements;DP;09304819B0199;1;BL;170;93048000BL0170;ancienne;2023-07-01;2019-07-26
logements;DP;09304819B0206;1;AE;259;93048000AE0259;actuelle;2026-09-01;2019-07-12
logements;DP;09304819B0260;1;BE;64;93048000BE0064;actuelle;2026-09-01;2019-09-24
logements;DP;09304819B0292;1;AQ;41;93048000AQ0041;actuelle;2026-09-01;2019-09-24
logements;DP;09304819B0300;1;R;4;930480000R0004;actuelle;2026-09-01;2020-09-26
logements;DP;09304819B0324;1;BK;75;93048000BK0075;actuelle;2026-09-01;2019-10-29
logements;DP;09304819B0342;1;O;9;930480000O0009;actuelle;2026-09-01;2019-10-23
logements;DP;09304819B0348;1;V;150;930480000V0150;ancienne;2025-12-01;2019-11-29
logements;DP;09304819B0348;2;V;179;930480000V0179;actuelle;2026-09-01;2019-11-29
logements;DP;09304819B0348;3;U;179;930480000U0179;actuelle;2026-09-01;2019-11-29
logements;DP;09304819B0403;1;AY;173;93048000AY0173;actuelle;2026-09-01;2020-03-05
logements;DP;09304819B0423;1;BT;298;93048000BT0298;actuelle;2026-09-01;2020-02-05
logements;DP;09304819B0423;2;BT;300;93048000BT0300;actuelle;2026-09-01;2020-02-05
logements;DP;09304819B0459;1;BF;135;93048000BF0135;actuelle;2026-09-01;2020-03-31
logements;DP;09304820B0015;1;BK;25;93048000BK0025;actuelle;2026-09-01;2020-03-13
logements;DP;09304820B0020;1;AS;47;93048000AS0047;actuelle;2026-09-01;2020-02-25
logements;DP;09304820B0101;1;BQ;1;93048000BQ0001;actuelle;2026-09-01;2020-06-16
logements;DP;09304820B0105;1;BO;162;93048000BO0162;actuelle;2026-09-01;2020-07-22
logements;DP;09304820B0139;1;Y;360;930480000Y0360;ancienne;2022-01-01;2020-05-27
logements;DP;09304820B0215;1;R;4;930480000R0004;actuelle;2026-09-01;2020-07-21
logements;DP;09304820B0258;1;BF;92;93048000BF0092;actuelle;2026-09-01;2020-09-27
logements;DP;09304820B0258;2;BF;175;93048000BF0175;actuelle;2026-09-01;2020-09-27
logements;DP;09304820B0258;3;BF;184;93048000BF0184;actuelle;2026-09-01;2020-09-27
logements;DP;09304820B0281;1;AS;255;93048000AS0255;actuelle;2026-09-01;2020-09-16
logements;DP;09304820B0348;1;G;121;930480000G0121;actuelle;2026-09-01;2020-12-03
logements;DP;09304820B0377;1;BJ;207;93048000BJ0207;actuelle;2026-09-01;2021-01-07
logements;DP;09304820B0386;1;BU;208;93048000BU0208;actuelle;2026-09-01;2020-12-15
logements;DP;09304820B0441;1;BJ;207;93048000BJ0207;actuelle;2026-09-01;2021-01-07
logements;DP;09304820B0456;1;BI;133;93048000BI0133;actuelle;2026-09-01;2021-01-22
logements;DP;09304821B0013;1;AS;47;93048000AS0047;actuelle;2026-09-01;2021-02-09
logements;DP;09304821B0019;1;CK;143;93048000CK0143;actuelle;2026-09-01;2021-04-02
logements;DP;09304821B0026;1;BR;87;93048000BR0087;actuelle;2026-09-01;2021-02-16
logements;DP;09304821B0094;1;BK;328;93048000BK0328;actuelle;2026-09-01;2021-05-03
logements;DP;09304821B0097;1;BF;92;93048000BF0092;actuelle;2026-09-01;2021-03-22
logements;DP;09304821B0097;2;BF;175;93048000BF0175;actuelle;2026-09-01;2021-03-22
logements;DP;09304821B0097;3;BF;184;93048000BF0184;actuelle;2026-09-01;2021-03-22
logements;DP;09304821B0098;1;BH;158;93048000BH0158;actuelle;2026-09-01;2021-05-21
logements;DP;09304821B0098;2;BH;242;93048000BH0242;actuelle;2026-09-01;2021-05-21
logements;DP;09304821B0103;1;BF;92;93048000BF0092;actuelle;2026-09-01;2021-03-18
logements;DP;09304821B0103;2;BF;175;93048000BF0175;actuelle;2026-09-01;2021-03-18
logements;DP;09304821B0103;3;BF;184;93048000BF0184;actuelle;2026-09-01;2021-03-18
logements;DP;09304821B0250;1;AE;72;93048000AE0072;actuelle;2026-09-01;2021-07-01
logements;DP;09304821B0250;2;AE;244;93048000AE0244;actuelle;2026-09-01;2021-07-01
logements;DP;09304821B0250;3;AE;268;93048000AE0268;actuelle;2026-09-01;2021-07-01
logements;DP;09304821B0304;1;BU;164;93048000BU0164;actuelle;2026-09-01;2021-07-28
logements;DP;09304821B0505;1;CF;69;93048000CF0069;actuelle;2026-09-01;2021-12-18
logements;DP;09304821B0519;1;AC;18;93048000AC0018;actuelle;2026-09-01;2022-01-21
logements;DP;09304821B0519;2;AC;32;93048000AC0032;actuelle;2026-09-01;2022-01-21
logements;DP;09304821B0519;3;AC;214;93048000AC0214;actuelle;2026-09-01;2022-01-21
logements;DP;09304821B0583;1;BR;60;93048000BR0060;actuelle;2026-09-01;2021-12-02
logements;DP;09304822B0004;1;AH;42;93048000AH0042;actuelle;2026-09-01;2022-02-01
logements;DP;09304822B0015;1;BM;83;93048000BM0083;actuelle;2026-09-01;2022-02-25
logements;DP;09304822B0131;1;AO;151;93048000AO0151;actuelle;2026-09-01;2022-04-08
logements;DP;09304822B0201;1;BJ;12;93048000BJ0012;actuelle;2026-09-01;2022-06-03
logements;DP;09304822B0205;1;K;155;930480000K0155;actuelle;2026-09-01;2022-05-19
logements;DP;09304822B0215;1;AS;124;93048000AS0124;actuelle;2026-09-01;2022-08-08
logements;DP;09304822B0245;1;AY;165;93048000AY0165;actuelle;2026-09-01;2022-06-13
logements;DP;09304822B0253;1;I;121;930480000I0121;actuelle;2026-09-01;2022-08-13
logements;DP;09304822B0253;2;I;118;930480000I0118;actuelle;2026-09-01;2022-08-13
logements;DP;09304822B0253;3;I;121;930480000I0121;actuelle;2026-09-01;2022-08-13
logements;DP;09304822B0271;1;BK;75;93048000BK0075;actuelle;2026-09-01;2022-08-12
logements;DP;09304822B0271;2;BK;75;93048000BK0075;actuelle;2026-09-01;2022-08-12
logements;DP;09304822B0295;1;V;104;930480000V0104;actuelle;2026-09-01;2022-09-15
logements;DP;09304822B0336;1;BM;83;93048000BM0083;actuelle;2026-09-01;2022-09-15
logements;DP;09304822B0341;1;Q;75;930480000Q0075;actuelle;2026-09-01;2022-08-12
logements;DP;09304822B0341;2;Q;207;930480000Q0207;actuelle;2026-09-01;2022-08-12
logements;DP;09304822B0349;1;AY;173;93048000AY0173;actuelle;2026-09-01;2022-09-23
logements;DP;09304822B0422;1;AV;175;93048000AV0175;actuelle;2026-09-01;2022-11-25
logements;DP;09304822B0430;1;AD;156;93048000AD0156;actuelle;2026-09-01;2022-12-16
logements;DP;09304822B0434;1;AJ;221;93048000AJ0221;actuelle;2026-09-01;2022-11-24
logements;DP;09304822B0438;1;BP;14;93048000BP0014;actuelle;2026-09-01;2022-11-02
logements;DP;09304822B0438;2;BP;14;93048000BP0014;actuelle;2026-09-01;2022-11-02
logements;DP;09304822B0459;1;BJ;164;93048000BJ0164;actuelle;2026-09-01;2022-11-25
logements;DP;09304822B0480;1;AY;154;93048000AY0154;actuelle;2026-09-01;2023-01-27
logements;DP;09304822B0510;1;V;160;930480000V0160;actuelle;2026-09-01;2023-02-10
logements;DP;09304822B0526;1;BR;327;93048000BR0327;actuelle;2026-09-01;2023-01-27
logements;DP;09304823B0026;1;AT;36;93048000AT0036;actuelle;2026-09-01;2023-02-20
logements;DP;09304823B0094;1;BM;108;93048000BM0108;actuelle;2026-09-01;2023-06-28
logements;DP;09304823B0207;1;AY;154;93048000AY0154;actuelle;2026-09-01;2023-06-02
logements;DP;09304823B0222;1;AF;305;93048000AF0305;ancienne;2024-10-01;2023-06-09
logements;DP;09304823B0222;2;AF;305;93048000AF0305;ancienne;2024-10-01;2023-06-09
logements;DP;09304823B0247;1;AF;305;93048000AF0305;ancienne;2024-10-01;2023-06-09
logements;DP;09304823B0285;1;B;52;930480000B0052;actuelle;2026-09-01;2023-08-23
logements;DP;09304823B0313;1;AK;65;93048000AK0065;actuelle;2026-09-01;2023-10-02
logements;DP;09304823B0342;1;BG;82;93048000BG0082;actuelle;2026-09-01;2023-09-07
logements;DP;09304823B0416;1;AD;156;93048000AD0156;actuelle;2026-09-01;2023-10-27
logements;DP;09304823B0442;1;AS;47;93048000AS0047;actuelle;2026-09-01;2023-11-17
logements;DP;09304823B0477;1;CI;66;93048000CI0066;actuelle;2026-09-01;2024-03-08
logements;DP;09304823B0490;1;C;271;930480000C0271;actuelle;2026-09-01;2024-02-15
logements;DP;09304823B0490;2;C;24;930480000C0024;ancienne;2025-09-01;2024-02-15
logements;DP;09304824B0002;1;BU;110;93048000BU0110;actuelle;2026-09-01;2024-01-03
logements;DP;09304824B0015;1;AR;116;93048000AR0116;actuelle;2026-09-01;2024-05-17
logements;DP;09304824B0052;1;BO;323;93048000BO0323;actuelle;2026-09-01;2024-04-09
logements;DP;09304824B0076;1;BP;90;93048000BP0090;actuelle;2026-09-01;2024-03-06
logements;DP;09304824B0087;1;BU;33;93048000BU0033;actuelle;2026-09-01;2024-06-07
logements;DP;09304824B0116;1;R;77;930480000R0077;actuelle;2026-09-01;2024-05-10
logements;DP;09304824B0116;2;R;201;930480000R0201;actuelle;2026-09-01;2024-05-10
logements;DP;09304824B0122;1;BF;92;93048000BF0092;actuelle;2026-09-01;2024-04-22
logements;DP;09304824B0122;2;BF;92;93048000BF0092;actuelle;2026-09-01;2024-04-22
logements;DP;09304824B0122;3;BF;175;93048000BF0175;actuelle;2026-09-01;2024-04-22
logements;DP;09304824B0124;1;AV;144;93048000AV0144;actuelle;2026-09-01;2024-05-14
logements;DP;09304824B0140;1;N;34;930480000N0034;ancienne;2024-10-01;2024-05-10
logements;DP;09304824B0141;1;E;195;930480000E0195;actuelle;2026-09-01;2024-05-10
logements;DP;09304824B0155;1;BU;110;93048000BU0110;actuelle;2026-09-01;2024-04-19
logements;DP;09304824B0164;1;B;132;930480000B0132;actuelle;2026-09-01;2024-07-25
logements;DP;09304824B0167;1;P;56;930480000P0056;actuelle;2026-09-01;2024-07-18
logements;DP;09304824B0255;1;BP;14;93048000BP0014;actuelle;2026-09-01;2024-07-02
logements;DP;09304824B0264;1;BH;158;93048000BH0158;actuelle;2026-09-01;2024-07-24
logements;DP;09304824B0264;2;BH;158;93048000BH0158;actuelle;2026-09-01;2024-07-24
logements;DP;09304824B0264;3;BH;242;93048000BH0242;actuelle;2026-09-01;2024-07-24
logements;DP;09304824B0275;1;AG;285;93048000AG0285;actuelle;2026-09-01;2024-09-17
logements;DP;09304824B0309;1;Y;75;930480000Y0075;actuelle;2026-09-01;2024-10-07
logements;DP;09304824B0315;1;CL;71;93048000CL0071;actuelle;2026-09-01;2024-07-26
logements;DP;09304824B0336;1;AH;187;93048000AH0187;actuelle;2026-09-01;2024-08-29
logements;DP;09304824B0385;1;BM;48;93048000BM0048;actuelle;2026-09-01;2024-10-02
logements;DP;09304824B0424;1;CL;104;93048000CL0104;ancienne;2025-04-01;2024-12-03
logements;DP;09304824B0452;1;AE;262;93048000AE0262;actuelle;2026-09-01;2024-10-28
logements;DP;09304824B0464;1;BI;95;93048000BI0095;actuelle;2026-09-01;2024-11-26
logements;DP;09304824B0491;1;AE;262;93048000AE0262;actuelle;2026-09-01;2024-12-13
logements;DP;09304824B0498;1;AE;138;93048000AE0138;actuelle;2026-09-01;2024-12-16
logements;DP;09304824B0509;1;AD;131;93048000AD0131;actuelle;2026-09-01;2025-02-10
logements;DP;09304824B0509;2;AD;130;93048000AD0130;actuelle;2026-09-01;2025-02-10
logements;DP;09304824B0511;1;0P;102;930480000P0102;actuelle;2026-09-01;2025-01-07
logements;DP;09304824B0554;1;BK;353;93048000BK0353;actuelle;2026-09-01;2025-02-04
logements;DP;09304824B0564;1;AE;304;93048000AE0304;actuelle;2026-09-01;2025-03-10
logements;DP;09304824B0564;2;AE;304;93048000AE0304;actuelle;2026-09-01;2025-03-10
logements;DP;09304824B0564;3;AE;108;93048000AE0108;actuelle;2026-09-01;2025-03-10
logements;DP;09304825B0051;1;CI;67;93048000CI0067;actuelle;2026-09-01;2025-03-10
logements;DP;09304825B0084;1;BP;24;93048000BP0024;actuelle;2026-09-01;2025-03-18
logements;DP;09304825B0084;2;BP;28;93048000BP0028;actuelle;2026-09-01;2025-03-18
logements;DP;09304825B0113;1;AP;161;93048000AP0161;actuelle;2026-09-01;2025-04-03
logements;DP;09304825B0160;1;AY;88;93048000AY0088;actuelle;2026-09-01;2025-06-23
logements;DP;09304825B0204;1;AU;118;93048000AU0118;actuelle;2026-09-01;2025-06-03
logements;DP;09304825B0218;1;BH;49;93048000BH0049;actuelle;2026-09-01;2025-07-02
logements;DP;09304825B0229;1;V;150;930480000V0150;ancienne;2025-12-01;2025-09-18
logements;DP;09304825B0260;1;AH;27;93048000AH0027;actuelle;2026-09-01;2025-07-09
logements;DP;09304825B0374;1;AY;88;93048000AY0088;actuelle;2026-09-01;2025-09-02
logements;DP;09304825B0409;1;AQ;346;93048000AQ0346;actuelle;2026-09-01;2025-11-24
logements;DP;09304825B0423;1;BG;35;93048000BG0035;actuelle;2026-09-01;2025-10-28
logements;DP;09304825B0446;1;AE;262;93048000AE0262;actuelle;2026-09-01;2026-02-04
logements;DP;09304825B0455;1;AY;88;93048000AY0088;actuelle;2026-09-01;2025-11-17
logements;DP;09304825B0467;1;U;49;930480000U0049;actuelle;2026-09-01;2025-11-25
logements;DP;09304825B0472;1;CK;146;93048000CK0146;actuelle;2026-09-01;2025-12-24
logements;DP;09304825B0472;2;CK;146;93048000CK0146;actuelle;2026-09-01;2025-12-24
logements;DP;09304825B0484;1;BY;225;93048000BY0225;actuelle;2026-09-01;2025-12-16
logements;DP;09304825B0500;1;AP;49;93048000AP0049;actuelle;2026-09-01;2026-01-29
logements;DP;09304825B0505;1;BR;63;93048000BR0063;actuelle;2026-09-01;2025-12-16
logements;DP;09304825B0516;1;AF;17;93048000AF0017;actuelle;2026-09-01;2026-02-24
logements;DP;09304825B0554;1;AV;151;93048000AV0151;actuelle;2026-09-01;2026-01-21
logements;DP;09304826B0043;1;AP;327;93048000AP0327;actuelle;2026-09-01;2026-03-13
logements;DP;09304826B0121;1;Q;8;930480000Q0008;actuelle;2026-09-01;2026-05-20
logements;DP;09304826B0143;1;BK;345;93048000BK0345;actuelle;2026-09-01;2026-05-29
logements;DP;09304826B0143;2;BK;381;93048000BK0381;actuelle;2026-09-01;2026-05-29
logements;DP;09304826B0199;1;BG;124;93048000BG0124;actuelle;2026-09-01;2026-06-01
logements;DP;09304826B0227;1;U;2;930480000U0002;actuelle;2026-09-01;2026-07-20
logements;DP;09304826B0283;1;AB;140;93048000AB0140;actuelle;2026-09-01;2026-07-21
logements;DP;09304826B0286;1;CG;1;93048000CG0001;introuvable;;2026-07-20
logements;DP;09304826B0311;1;BR;132;93048000BR0132;actuelle;2026-09-01;2026-07-30
logements;DP;09304826B0311;2;BR;320;93048000BR0320;actuelle;2026-09-01;2026-07-30
logements;DP;09304826B0353;1;BY;78;93048000BY0078;actuelle;2026-09-01;2026-08-27
logements;DP;09304826B0353;2;BY;150;93048000BY0150;actuelle;2026-09-01;2026-08-27
logements;DP;09304826B0358;1;AL;47;93048000AL0047;actuelle;2026-09-01;2026-08-11
locaux;PC;09304812B0149;1;AR;236;93048000AR0236;actuelle;2026-09-01;2013-02-06
locaux;PC;09304812B0149;2;AR;229;93048000AR0229;actuelle;2026-09-01;2013-02-06
locaux;PC;09304812B0174;1;AR;230;93048000AR0230;actuelle;2026-09-01;2013-02-07
locaux;PC;09304812B0174;2;AR;85;93048000AR0085;actuelle;2026-09-01;2013-02-07
locaux;PC;09304812B0180;1;J;296;930480000J0296;introuvable;;2013-04-09
locaux;PC;09304812B0180;2;J;387;930480000J0387;actuelle;2026-09-01;2013-04-09
locaux;PC;09304812B0180;3;J;386;930480000J0386;introuvable;;2013-04-09
locaux;PC;09304812B0188;1;AL;197;93048000AL0197;actuelle;2026-09-01;2013-02-07
locaux;PC;09304812B0188;2;AL;198;93048000AL0198;actuelle;2026-09-01;2013-02-07
locaux;PC;09304812B0188;3;AL;152;93048000AL0152;actuelle;2026-09-01;2013-02-07
locaux;PC;09304812B0190;1;R;149;930480000R0149;actuelle;2026-09-01;2013-02-26
locaux;PC;09304812B0191;1;AC;237;93048000AC0237;actuelle;2026-09-01;2013-02-06
locaux;PC;09304812B0191;2;AC;235;93048000AC0235;actuelle;2026-09-01;2013-02-06
locaux;PC;09304812B0191;3;AC;92;93048000AC0092;actuelle;2026-09-01;2013-02-06
locaux;PC;09304812B0193;1;CE;272;93048000CE0272;introuvable;;2013-03-08
locaux;PC;09304812B0200;1;AF;311;93048000AF0311;actuelle;2026-09-01;2013-07-09
locaux;PC;09304812B0200;2;AF;284;93048000AF0284;actuelle;2026-09-01;2013-07-09
locaux;PC;09304812B0200;3;AF;277;93048000AF0277;actuelle;2026-09-01;2013-07-09
locaux;PC;09304812B0215;1;BH;98;93048000BH0098;actuelle;2026-09-01;2013-03-11
locaux;PC;09304812B0218;1;AC;214;93048000AC0214;actuelle;2026-09-01;2013-04-05
locaux;PC;09304812B0218;2;AC;218;93048000AC0218;actuelle;2026-09-01;2013-04-05
locaux;PC;09304812B0218;3;AC;32;93048000AC0032;actuelle;2026-09-01;2013-04-05
locaux;PC;09304812B0223;1;AT;97;93048000AT0097;actuelle;2026-09-01;2013-08-12
locaux;PC;09304812B0235;1;AV;73;93048000AV0073;introuvable;;2013-02-01
locaux;PC;09304812B0240;1;V;173;930480000V0173;actuelle;2026-09-01;2013-02-15
locaux;PC;09304812B0243;1;AJ;256;93048000AJ0256;actuelle;2026-09-01;2013-06-03
locaux;PC;09304812B0250;1;AK;189;93048000AK0189;actuelle;2026-09-01;2013-04-05
locaux;PC;09304812B0250;2;AK;225;93048000AK0225;actuelle;2026-09-01;2013-04-05
locaux;PC;09304812B0252;1;BG;87;93048000BG0087;introuvable;;2013-06-27
locaux;PC;09304812B0257;1;AF;312;93048000AF0312;actuelle;2026-09-01;2014-11-05
locaux;PC;09304813B0010;1;AR;242;93048000AR0242;actuelle;2026-09-01;2013-06-27
locaux;PC;09304813B0010;2;AR;243;93048000AR0243;actuelle;2026-09-01;2013-06-27
locaux;PC;09304813B0032;1;AK;222;93048000AK0222;actuelle;2026-09-01;2013-11-25
locaux;PC;09304813B0032;2;AK;223;93048000AK0223;actuelle;2026-09-01;2013-11-25
locaux;PC;09304813B0032;3;AK;224;93048000AK0224;actuelle;2026-09-01;2013-11-25
locaux;PC;09304813B0045;1;I;34;930480000I0034;actuelle;2026-09-01;2013-08-09
locaux;PC;09304813B0045;2;I;33;930480000I0033;actuelle;2026-09-01;2013-08-09
locaux;PC;09304813B0045;3;I;32;930480000I0032;actuelle;2026-09-01;2013-08-09
locaux;PC;09304813B0046;1;AI;271;93048000AI0271;actuelle;2026-09-01;2013-08-12
locaux;PC;09304813B0046;2;AI;266;93048000AI0266;actuelle;2026-09-01;2013-08-12
locaux;PC;09304813B0046;3;AI;267;93048000AI0267;actuelle;2026-09-01;2013-08-12
locaux;PC;09304813B0053;1;BZ;465;93048000BZ0465;actuelle;2026-09-01;2013-07-11
locaux;PC;09304813B0068;1;BF;98;93048000BF0098;actuelle;2026-09-01;2013-08-26
locaux;PC;09304813B0068;2;BF;97;93048000BF0097;actuelle;2026-09-01;2013-08-26
locaux;PC;09304813B0068;3;BF;96;93048000BF0096;actuelle;2026-09-01;2013-08-26
locaux;PC;09304813B0074;1;BN;56;93048000BN0056;actuelle;2026-09-01;2013-09-16
locaux;PC;09304813B0083;1;AX;121;93048000AX0121;actuelle;2026-09-01;2013-11-19
locaux;PC;09304813B0086;1;AK;18;93048000AK0018;actuelle;2026-09-01;2013-07-30
locaux;PC;09304813B0086;2;AK;17;93048000AK0017;actuelle;2026-09-01;2013-07-30
locaux;PC;09304813B0090;1;AO;203;93048000AO0203;actuelle;2026-09-01;2013-09-02
locaux;PC;09304813B0092;1;BT;283;93048000BT0283;actuelle;2026-09-01;2013-10-10
locaux;PC;09304813B0092;2;BT;286;93048000BT0286;actuelle;2026-09-01;2013-10-10
locaux;PC;09304813B0093;1;AV;30;93048000AV0030;introuvable;;2014-01-30
locaux;PC;09304813B0097;1;AK;74;93048000AK0074;actuelle;2026-09-01;2014-03-16
locaux;PC;09304813B0097;2;AK;75;93048000AK0075;actuelle;2026-09-01;2014-03-16
locaux;PC;09304813B0097;3;AK;185;93048000AK0185;actuelle;2026-09-01;2014-03-16
locaux;PC;09304813B0100;1;CE;282;93048000CE0282;ancienne;2019-07-01;2014-03-21
locaux;PC;09304813B0105;1;AE;101;93048000AE0101;actuelle;2026-09-01;2014-01-06
locaux;PC;09304813B0106;1;AS;23;93048000AS0023;actuelle;2026-09-01;2013-12-03
locaux;PC;09304813B0108;1;BH;249;93048000BH0249;actuelle;2026-09-01;2014-03-28
locaux;PC;09304813B0120;1;AI;309;93048000AI0309;actuelle;2026-09-01;2014-03-06
locaux;PC;09304813B0120;2;AI;310;93048000AI0310;actuelle;2026-09-01;2014-03-06
locaux;PC;09304813B0120;3;AI;312;93048000AI0312;actuelle;2026-09-01;2014-03-06
locaux;PC;09304813B0142;1;BO;61;93048000BO0061;actuelle;2026-09-01;2014-05-26
locaux;PC;09304813B0157;1;I;73;930480000I0073;actuelle;2026-09-01;2014-01-31
locaux;PC;09304813B0157;2;I;71;930480000I0071;actuelle;2026-09-01;2014-01-31
locaux;PC;09304813B0157;3;I;72;930480000I0072;actuelle;2026-09-01;2014-01-31
locaux;PC;09304813B0160;1;AT;70;93048000AT0070;introuvable;;2014-03-27
locaux;PC;09304813B0170;1;BH;75;93048000BH0075;actuelle;2026-09-01;2014-07-22
locaux;PC;09304813B0170;2;BH;76;93048000BH0076;actuelle;2026-09-01;2014-07-22
locaux;PC;09304813B0174;1;BD;53;93048000BD0053;actuelle;2026-09-01;2014-06-06
locaux;PC;09304813B0175;1;F;36;930480000F0036;introuvable;;2014-07-22
locaux;PC;09304813B0175;2;F;28;930480000F0028;introuvable;;2014-07-22
locaux;PC;09304813B0175;3;F;26;930480000F0026;introuvable;;2014-07-22
locaux;PC;09304813B0181;1;AV;118;93048000AV0118;actuelle;2026-09-01;2014-03-14
locaux;PC;09304814B0021;1;AY;128;93048000AY0128;actuelle;2026-09-01;2014-08-27
locaux;PC;09304814B0021;2;AY;229;93048000AY0229;actuelle;2026-09-01;2014-08-27
locaux;PC;09304814B0022;1;K;268;930480000K0268;actuelle;2026-09-01;2014-06-14
locaux;PC;09304814B0022;2;K;258;930480000K0258;introuvable;;2014-06-14
locaux;PC;09304814B0022;3;K;47;930480000K0047;actuelle;2026-09-01;2014-06-14
locaux;PC;09304814B0040;1;BJ;28;93048000BJ0028;actuelle;2026-09-01;2014-09-11
locaux;PC;09304814B0040;2;BJ;26;93048000BJ0026;actuelle;2026-09-01;2014-09-11
locaux;PC;09304814B0043;1;AY;254;93048000AY0254;actuelle;2026-09-01;2014-10-29
locaux;PC;09304814B0051;1;AH;135;93048000AH0135;introuvable;;2014-05-23
locaux;PC;09304814B0051;2;AH;1;93048000AH0001;actuelle;2026-09-01;2014-05-23
locaux;PC;09304814B0052;1;AP;51;93048000AP0051;actuelle;2026-09-01;2014-06-16
locaux;PC;09304814B0054;1;Y;64;930480000Y0064;actuelle;2026-09-01;2014-05-12
locaux;PC;09304814B0069;1;AY;231;93048000AY0231;actuelle;2026-09-01;2014-10-16
locaux;PC;09304814B0069;2;AY;230;93048000AY0230;actuelle;2026-09-01;2014-10-16
locaux;PC;09304814B0103;1;AK;185;93048000AK0185;actuelle;2026-09-01;2014-12-11
locaux;PC;09304814B0103;2;AK;75;93048000AK0075;actuelle;2026-09-01;2014-12-11
locaux;PC;09304814B0103;3;AK;74;93048000AK0074;actuelle;2026-09-01;2014-12-11
locaux;PC;09304814B0108;1;AY;154;93048000AY0154;actuelle;2026-09-01;2014-08-11
locaux;PC;09304814B0108;2;AY;165;93048000AY0165;actuelle;2026-09-01;2014-08-11
locaux;PC;09304814B0108;3;AY;166;93048000AY0166;actuelle;2026-09-01;2014-08-11
locaux;PC;09304814B0132;1;AT;8;93048000AT0008;actuelle;2026-09-01;2015-02-26
locaux;PC;09304814B0140;1;BC;24;93048000BC0024;actuelle;2026-09-01;2014-09-01
locaux;PC;09304814B0152;1;BT;233;93048000BT0233;actuelle;2026-09-01;2014-09-22
locaux;PC;09304814B0158;1;N;115;930480000N0115;actuelle;2026-09-01;2015-03-13
locaux;PC;09304814B0163;1;B;57;930480000B0057;actuelle;2026-09-01;2015-02-19
locaux;PC;09304814B0163;2;B;56;930480000B0056;actuelle;2026-09-01;2015-02-19
locaux;PC;09304814B0164;1;B;57;930480000B0057;actuelle;2026-09-01;2015-02-25
locaux;PC;09304814B0173;1;AY;182;93048000AY0182;actuelle;2026-09-01;2014-11-19
locaux;PC;09304814B0181;1;BJ;130;93048000BJ0130;actuelle;2026-09-01;2015-04-02
locaux;PC;09304814B0184;1;BH;161;93048000BH0161;actuelle;2026-09-01;2015-05-28
locaux;PC;09304814B0184;2;BH;162;93048000BH0162;actuelle;2026-09-01;2015-05-28
locaux;PC;09304814B0186;1;BO;324;93048000BO0324;actuelle;2026-09-01;2015-04-10
locaux;PC;09304814B0198;1;AZ;68;93048000AZ0068;actuelle;2026-09-01;2015-02-19
locaux;PC;09304814B0198;2;AZ;71;93048000AZ0071;actuelle;2026-09-01;2015-02-19
locaux;PC;09304814B0198;3;AZ;67;93048000AZ0067;actuelle;2026-09-01;2015-02-19
locaux;PC;09304814B0201;1;Z;237;930480000Z0237;actuelle;2026-09-01;2015-04-24
locaux;PC;09304814B0215;1;AQ;237;93048000AQ0237;actuelle;2026-09-01;2015-02-02
locaux;PC;09304814B0215;2;AQ;235;93048000AQ0235;ancienne;2023-10-01;2015-02-02
locaux;PC;09304814B0218;1;AV;104;93048000AV0104;actuelle;2026-09-01;2015-05-28
locaux;PC;09304815B0009;1;AF;100;93048000AF0100;actuelle;2026-09-01;2015-05-28
locaux;PC;09304815B0011;1;K;87;930480000K0087;actuelle;2026-09-01;2015-06-15
locaux;PC;09304815B0016;1;U;33;930480000U0033;actuelle;2026-09-01;2015-06-16
locaux;PC;09304815B0031;1;Y;186;930480000Y0186;actuelle;2026-09-01;2015-07-15
locaux;PC;09304815B0073;1;AV;79;93048000AV0079;actuelle;2026-09-01;2015-11-03
locaux;PC;09304815B0084;1;BJ;130;93048000BJ0130;actuelle;2026-09-01;2015-09-11
locaux;PC;09304815B0089;1;CN;358;93048000CN0358;actuelle;2026-09-01;2015-07-30
locaux;PC;09304815B0094;1;AV;176;93048000AV0176;actuelle;2026-09-01;2015-10-16
locaux;PC;09304815B0097;1;X;371;930480000X0371;actuelle;2026-09-01;2015-08-14
locaux;PC;09304815B0098;1;AL;127;93048000AL0127;actuelle;2026-09-01;2015-11-10
locaux;PC;09304815B0098;2;AL;129;93048000AL0129;actuelle;2026-09-01;2015-11-10
locaux;PC;09304815B0098;3;AL;157;93048000AL0157;actuelle;2026-09-01;2015-11-10
locaux;PC;09304815B0100;1;N;151;930480000N0151;actuelle;2026-09-01;2015-11-30
locaux;PC;09304815B0118;1;F;5;930480000F0005;introuvable;;2016-01-13
locaux;PC;09304815B0118;2;F;26;930480000F0026;introuvable;;2016-01-13
locaux;PC;09304815B0118;3;F;36;930480000F0036;introuvable;;2016-01-13
locaux;PC;09304815B0119;1;BC;2;93048000BC0002;actuelle;2026-09-01;2015-11-12
locaux;PC;09304815B0119;2;BC;5;93048000BC0005;actuelle;2026-09-01;2015-11-12
locaux;PC;09304815B0119;3;BC;6;93048000BC0006;actuelle;2026-09-01;2015-11-12
locaux;PC;09304815B0123;1;D;111;930480000D0111;actuelle;2026-09-01;2015-12-07
locaux;PC;09304815B0123;2;D;109;930480000D0109;ancienne;2023-07-01;2015-12-07
locaux;PC;09304815B0125;1;CE;282;93048000CE0282;ancienne;2019-07-01;2015-12-01
locaux;PC;09304815B0127;1;BH;163;93048000BH0163;actuelle;2026-09-01;2016-01-14
locaux;PC;09304815B0131;1;AK;74;93048000AK0074;actuelle;2026-09-01;2016-01-18
locaux;PC;09304815B0131;2;AK;75;93048000AK0075;actuelle;2026-09-01;2016-01-18
locaux;PC;09304815B0131;3;AK;185;93048000AK0185;actuelle;2026-09-01;2016-01-18
locaux;PC;09304815B0137;1;AS;195;93048000AS0195;actuelle;2026-09-01;2016-02-19
locaux;PC;09304815B0137;2;AS;196;93048000AS0196;actuelle;2026-09-01;2016-02-19
locaux;PC;09304815B0140;1;AH;172;93048000AH0172;ancienne;2024-01-01;2015-12-22
locaux;PC;09304815B0158;1;BE;336;93048000BE0336;actuelle;2026-09-01;2016-03-15
locaux;PC;09304815B0165;1;CI;218;93048000CI0218;actuelle;2026-09-01;2016-06-13
locaux;PC;09304815B0165;2;CI;220;93048000CI0220;actuelle;2026-09-01;2016-06-13
locaux;PC;09304815B0173;1;AS;215;93048000AS0215;actuelle;2026-09-01;2016-06-17
locaux;PC;09304815B0184;1;F;57;930480000F0057;introuvable;;2016-08-12
locaux;PC;09304815B0185;1;BO;94;93048000BO0094;actuelle;2026-09-01;2016-05-27
locaux;PC;09304815B0185;2;BO;98;93048000BO0098;actuelle;2026-09-01;2016-05-27
locaux;PC;09304815B0185;3;BO;97;93048000BO0097;actuelle;2026-09-01;2016-05-27
locaux;PC;09304815B0186;1;AR;107;93048000AR0107;actuelle;2026-09-01;2016-06-20
locaux;PC;09304816B0007;1;AE;112;93048000AE0112;actuelle;2026-09-01;2016-05-17
locaux;PC;09304816B0020;1;AV;69;93048000AV0069;actuelle;2026-09-01;2016-03-29
locaux;PC;09304816B0020;2;AV;70;93048000AV0070;actuelle;2026-09-01;2016-03-29
locaux;PC;09304816B0020;3;AV;126;93048000AV0126;actuelle;2026-09-01;2016-03-29
locaux;PC;09304816B0044;1;CL;195;93048000CL0195;actuelle;2026-09-01;2016-07-22
locaux;PC;09304816B0050;1;N;53;930480000N0053;actuelle;2026-09-01;2016-06-16
locaux;PC;09304816B0050;2;N;54;930480000N0054;actuelle;2026-09-01;2016-06-16
locaux;PC;09304816B0056;1;Y;251;930480000Y0251;actuelle;2026-09-01;2016-08-05
locaux;PC;09304816B0059;1;I;121;930480000I0121;actuelle;2026-09-01;2016-09-28
locaux;PC;09304816B0059;2;I;118;930480000I0118;actuelle;2026-09-01;2016-09-28
locaux;PC;09304816B0063;1;BR;123;93048000BR0123;actuelle;2026-09-01;2016-09-06
locaux;PC;09304816B0068;1;AE;138;93048000AE0138;actuelle;2026-09-01;2016-10-25
locaux;PC;09304816B0069;1;BL;13;93048000BL0013;actuelle;2026-09-01;2016-09-20
locaux;PC;09304816B0069;2;BL;14;93048000BL0014;actuelle;2026-09-01;2016-09-20
locaux;PC;09304816B0079;1;AK;79;93048000AK0079;actuelle;2026-09-01;2016-08-29
locaux;PC;09304816B0079;2;AK;256;93048000AK0256;actuelle;2026-09-01;2016-08-29
locaux;PC;09304816B0079;3;AK;258;93048000AK0258;actuelle;2026-09-01;2016-08-29
locaux;PC;09304816B0088;1;F;82;930480000F0082;actuelle;2026-09-01;2016-10-31
locaux;PC;09304816B0088;2;F;83;930480000F0083;actuelle;2026-09-01;2016-10-31
locaux;PC;09304816B0107;1;BL;102;93048000BL0102;actuelle;2026-09-01;2016-11-30
locaux;PC;09304816B0117;1;AE;261;93048000AE0261;actuelle;2026-09-01;2016-09-26
locaux;PC;09304816B0117;2;AE;224;93048000AE0224;actuelle;2026-09-01;2016-09-26
locaux;PC;09304816B0122;1;BM;61;93048000BM0061;actuelle;2026-09-01;2016-11-30
locaux;PC;09304816B0128;1;E;123;930480000E0123;actuelle;2026-09-01;2016-11-25
locaux;PC;09304816B0128;2;E;121;930480000E0121;actuelle;2026-09-01;2016-11-25
locaux;PC;09304816B0129;1;BO;109;93048000BO0109;introuvable;;2016-12-16
locaux;PC;09304816B0129;2;BO;333;93048000BO0333;introuvable;;2016-12-16
locaux;PC;09304816B0129;3;AJ;254;93048000AJ0254;ancienne;2020-01-01;2016-12-16
locaux;PC;09304816B0131;1;CO;20;93048000CO0020;actuelle;2026-09-01;2016-11-30
locaux;PC;09304816B0131;2;CO;26;93048000CO0026;actuelle;2026-09-01;2016-11-30
locaux;PC;09304816B0131;3;CO;27;93048000CO0027;actuelle;2026-09-01;2016-11-30
locaux;PC;09304816B0133;1;BY;89;93048000BY0089;ancienne;2019-07-01;2017-03-06
locaux;PC;09304816B0136;1;R;91;930480000R0091;actuelle;2026-09-01;2016-11-25
locaux;PC;09304816B0143;1;CJ;356;93048000CJ0356;actuelle;2026-09-01;2016-11-25
locaux;PC;09304816B0143;2;CJ;423;93048000CJ0423;actuelle;2026-09-01;2016-11-25
locaux;PC;09304816B0143;3;CJ;422;93048000CJ0422;ancienne;2022-10-01;2016-11-25
locaux;PC;09304816B0144;1;AT;49;93048000AT0049;actuelle;2026-09-01;2017-02-13
locaux;PC;09304816B0144;2;AT;51;93048000AT0051;actuelle;2026-09-01;2017-02-13
locaux;PC;09304816B0144;3;AT;52;93048000AT0052;actuelle;2026-09-01;2017-02-13
locaux;PC;09304816B0148;1;BM;203;93048000BM0203;actuelle;2026-09-01;2016-11-25
locaux;PC;09304816B0149;1;Z;144;930480000Z0144;actuelle;2026-09-01;2017-01-20
locaux;PC;09304816B0150;1;AX;55;93048000AX0055;actuelle;2026-09-01;2016-12-15
locaux;PC;09304816B0179;1;BD;39;93048000BD0039;ancienne;2019-10-01;2017-02-09
locaux;PC;09304816B0179;2;BD;40;93048000BD0040;ancienne;2019-10-01;2017-02-09
locaux;PC;09304816B0179;3;BD;81;93048000BD0081;ancienne;2021-04-01;2017-02-09
locaux;PC;09304816B0201;1;C;123;930480000C0123;actuelle;2026-09-01;2017-06-16
locaux;PC;09304816B0208;1;AG;57;93048000AG0057;actuelle;2026-09-01;2017-04-20
locaux;PC;09304816B0211;1;CD;416;93048000CD0416;actuelle;2026-09-01;2017-06-28
locaux;PC;09304816B0211;2;CD;451;93048000CD0451;actuelle;2026-09-01;2017-06-28
locaux;PC;09304816B0211;3;CD;472;93048000CD0472;ancienne;2019-04-01;2017-06-28
locaux;PC;09304816B0212;1;BK;199;93048000BK0199;actuelle;2026-09-01;2017-08-07
locaux;PC;09304816B0212;2;BK;198;93048000BK0198;actuelle;2026-09-01;2017-08-07
locaux;PC;09304816B0212;3;BK;200;93048000BK0200;actuelle;2026-09-01;2017-08-07
locaux;PC;09304816B0213;1;A;238;930480000A0238;actuelle;2026-09-01;2017-06-27
locaux;PC;09304816B0213;2;A;239;930480000A0239;actuelle;2026-09-01;2017-06-27
locaux;PC;09304816B0215;1;CQ;336;93048000CQ0336;actuelle;2026-09-01;2017-05-15
locaux;PC;09304816B0215;2;CQ;293;93048000CQ0293;actuelle;2026-09-01;2017-05-15
locaux;PC;09304816B0215;3;CQ;337;93048000CQ0337;actuelle;2026-09-01;2017-05-15
locaux;PC;09304816B0216;1;CQ;336;93048000CQ0336;actuelle;2026-09-01;2017-05-15
locaux;PC;09304816B0216;2;CQ;337;93048000CQ0337;actuelle;2026-09-01;2017-05-15
locaux;PC;09304816B0221;1;S;14;930480000S0014;actuelle;2026-09-01;2017-05-18
locaux;PC;09304816B0224;1;CM;306;93048000CM0306;actuelle;2026-09-01;2017-06-29
locaux;PC;09304817B0007;1;Y;17;930480000Y0017;actuelle;2026-09-01;2017-03-22
locaux;PC;09304817B0015;1;BR;117;93048000BR0117;actuelle;2026-09-01;2017-05-30
locaux;PC;09304817B0018;1;AZ;68;93048000AZ0068;actuelle;2026-09-01;2017-05-30
locaux;PC;09304817B0018;2;AZ;67;93048000AZ0067;actuelle;2026-09-01;2017-05-30
locaux;PC;09304817B0018;3;AZ;69;93048000AZ0069;actuelle;2026-09-01;2017-05-30
locaux;PC;09304817B0023;1;BH;15;93048000BH0015;actuelle;2026-09-01;2017-05-23
locaux;PC;09304817B0023;2;BH;18;93048000BH0018;actuelle;2026-09-01;2017-05-23
locaux;PC;09304817B0023;3;BH;19;93048000BH0019;actuelle;2026-09-01;2017-05-23
locaux;PC;09304817B0031;1;BI;325;93048000BI0325;actuelle;2026-09-01;2017-11-24
locaux;PC;09304817B0032;1;AG;255;93048000AG0255;actuelle;2026-09-01;2017-10-03
locaux;PC;09304817B0032;2;AG;256;93048000AG0256;actuelle;2026-09-01;2017-10-03
locaux;PC;09304817B0046;1;BH;240;93048000BH0240;actuelle;2026-09-01;2017-10-13
locaux;PC;09304817B0055;1;CD;242;93048000CD0242;actuelle;2026-09-01;2017-07-19
locaux;PC;09304817B0058;1;Y;344;930480000Y0344;actuelle;2026-09-01;2017-06-07
locaux;PC;09304817B0058;2;Y;346;930480000Y0346;actuelle;2026-09-01;2017-06-07
locaux;PC;09304817B0071;1;AR;115;93048000AR0115;actuelle;2026-09-01;2017-08-09
locaux;PC;09304817B0073;1;AX;30;93048000AX0030;actuelle;2026-09-01;2017-10-03
locaux;PC;09304817B0080;1;AK;2;93048000AK0002;actuelle;2026-09-01;2017-10-31
locaux;PC;09304817B0084;1;O;103;930480000O0103;actuelle;2026-09-01;2017-10-03
locaux;PC;09304817B0103;1;BU;35;93048000BU0035;actuelle;2026-09-01;2017-12-06
locaux;PC;09304817B0103;2;BU;228;93048000BU0228;actuelle;2026-09-01;2017-12-06
locaux;PC;09304817B0106;1;BC;76;93048000BC0076;actuelle;2026-09-01;2017-10-16
locaux;PC;09304817B0110;1;F;73;930480000F0073;actuelle;2026-09-01;2017-12-08
locaux;PC;09304817B0121;1;AG;252;93048000AG0252;ancienne;2019-07-01;2017-12-18
locaux;PC;09304817B0121;2;AG;43;93048000AG0043;ancienne;2019-07-01;2017-12-18
locaux;PC;09304817B0121;3;AG;47;93048000AG0047;ancienne;2019-07-01;2017-12-18
locaux;PC;09304817B0139;1;BG;102;93048000BG0102;actuelle;2026-09-01;2018-03-23
locaux;PC;09304817B0139;2;BG;103;93048000BG0103;actuelle;2026-09-01;2018-03-23
locaux;PC;09304817B0140;1;AK;264;93048000AK0264;actuelle;2026-09-01;2017-12-18
locaux;PC;09304817B0140;2;AK;149;93048000AK0149;actuelle;2026-09-01;2017-12-18
locaux;PC;09304817B0141;1;BQ;199;93048000BQ0199;actuelle;2026-09-01;2017-12-08
locaux;PC;09304817B0143;1;AT;46;93048000AT0046;actuelle;2026-09-01;2017-10-31
locaux;PC;09304817B0144;1;BP;65;93048000BP0065;actuelle;2026-09-01;2017-09-18
locaux;PC;09304817B0145;1;Z;293;930480000Z0293;actuelle;2026-09-01;2018-03-27
locaux;PC;09304817B0147;1;AT;144;93048000AT0144;actuelle;2026-09-01;2018-01-17
locaux;PC;09304817B0162;1;BM;205;93048000BM0205;actuelle;2026-09-01;2017-12-08
locaux;PC;09304817B0163;1;AR;142;93048000AR0142;actuelle;2026-09-01;2018-05-03
locaux;PC;09304817B0192;1;S;60;930480000S0060;actuelle;2026-09-01;2018-04-20
locaux;PC;09304817B0192;2;S;59;930480000S0059;actuelle;2026-09-01;2018-04-20
locaux;PC;09304817B0193;1;BZ;188;93048000BZ0188;actuelle;2026-09-01;2018-03-23
locaux;PC;09304817B0193;2;BZ;507;93048000BZ0507;actuelle;2026-09-01;2018-03-23
locaux;PC;09304817B0194;1;BK;183;93048000BK0183;actuelle;2026-09-01;2018-03-06
locaux;PC;09304817B0194;2;BK;184;93048000BK0184;ancienne;2024-04-01;2018-03-06
locaux;PC;09304817B0194;3;BK;297;93048000BK0297;actuelle;2026-09-01;2018-03-06
locaux;PC;09304817B0195;1;CN;102;93048000CN0102;actuelle;2026-09-01;2018-03-12
locaux;PC;09304817B0195;2;CN;103;93048000CN0103;actuelle;2026-09-01;2018-03-12
locaux;PC;09304817B0197;1;P;115;930480000P0115;actuelle;2026-09-01;2018-03-06
locaux;PC;09304817B0204;1;T;386;930480000T0386;actuelle;2026-09-01;2018-02-14
locaux;PC;09304817B0206;1;D;296;930480000D0296;actuelle;2026-09-01;2018-03-27
locaux;PC;09304817B0206;2;D;297;930480000D0297;actuelle;2026-09-01;2018-03-27
locaux;PC;09304817B0222;1;AY;52;93048000AY0052;actuelle;2026-09-01;2018-05-28
locaux;PC;09304817B0225;1;BQ;131;93048000BQ0131;actuelle;2026-09-01;2018-05-18
locaux;PC;09304817B0225;2;BQ;130;93048000BQ0130;actuelle;2026-09-01;2018-05-18
locaux;PC;09304818B0006;1;AE;291;93048000AE0291;actuelle;2026-09-01;2018-05-11
locaux;PC;09304818B0020;1;AZ;67;93048000AZ0067;actuelle;2026-09-01;2018-10-31
locaux;PC;09304818B0020;2;AZ;69;93048000AZ0069;actuelle;2026-09-01;2018-10-31
locaux;PC;09304818B0020;3;AZ;68;93048000AZ0068;actuelle;2026-09-01;2018-10-31
locaux;PC;09304818B0023;1;BT;129;93048000BT0129;actuelle;2026-09-01;2018-05-11
locaux;PC;09304818B0030;1;Z;456;930480000Z0456;actuelle;2026-09-01;2018-05-18
locaux;PC;09304818B0030;2;Z;457;930480000Z0457;actuelle;2026-09-01;2018-05-18
locaux;PC;09304818B0034;1;AT;98;93048000AT0098;ancienne;2022-04-01;2018-10-15
locaux;PC;09304818B0039;1;CK;5;93048000CK0005;ancienne;2019-01-01;2018-10-11
locaux;PC;09304818B0039;2;CK;6;93048000CK0006;ancienne;2019-01-01;2018-10-11
locaux;PC;09304818B0039;3;CK;7;93048000CK0007;ancienne;2019-01-01;2018-10-11
locaux;PC;09304818B0042;1;BC;23;93048000BC0023;ancienne;2020-01-01;2018-09-13
locaux;PC;09304818B0053;1;Y;239;930480000Y0239;actuelle;2026-09-01;2018-10-04
locaux;PC;09304818B0057;1;AX;9;93048000AX0009;ancienne;2018-04-03;2018-11-14
locaux;PC;09304818B0081;1;AS;113;93048000AS0113;actuelle;2026-09-01;2018-10-31
locaux;PC;09304818B0081;2;AS;116;93048000AS0116;actuelle;2026-09-01;2018-10-31
locaux;PC;09304818B0081;3;AS;117;93048000AS0117;actuelle;2026-09-01;2018-10-31
locaux;PC;09304818B0084;1;CE;282;93048000CE0282;ancienne;2019-07-01;2018-12-21
locaux;PC;09304818B0090;1;CD;182;93048000CD0182;actuelle;2026-09-01;2018-12-04
locaux;PC;09304818B0090;2;CD;183;93048000CD0183;actuelle;2026-09-01;2018-12-04
locaux;PC;09304818B0091;1;AD;262;93048000AD0262;actuelle;2026-09-01;2018-08-16
locaux;PC;09304818B0122;1;BE;12;93048000BE0012;ancienne;2025-01-01;2019-10-03
locaux;PC;09304818B0125;1;BK;163;93048000BK0163;actuelle;2026-09-01;2019-01-11
locaux;PC;09304818B0127;1;AZ;65;93048000AZ0065;ancienne;2021-04-01;2019-04-12
locaux;PC;09304818B0127;2;AZ;66;93048000AZ0066;ancienne;2021-04-01;2019-04-12
locaux;PC;09304818B0127;3;AZ;200;93048000AZ0200;ancienne;2021-04-01;2019-04-12
locaux;PC;09304818B0131;1;BK;95;93048000BK0095;actuelle;2026-09-01;2019-01-23
locaux;PC;09304818B0131;2;BK;96;93048000BK0096;actuelle;2026-09-01;2019-01-23
locaux;PC;09304818B0131;3;BK;99;93048000BK0099;actuelle;2026-09-01;2019-01-23
locaux;PC;09304818B0136;1;BL;15;93048000BL0015;actuelle;2026-09-01;2019-03-27
locaux;PC;09304818B0139;1;E;169;930480000E0169;actuelle;2026-09-01;2019-06-19
locaux;PC;09304818B0139;2;E;224;930480000E0224;actuelle;2026-09-01;2019-06-19
locaux;PC;09304818B0139;3;E;174;930480000E0174;actuelle;2026-09-01;2019-06-19
locaux;PC;09304818B0144;1;F;37;930480000F0037;actuelle;2026-09-01;2019-05-07
locaux;PC;09304818B0144;2;F;49;930480000F0049;actuelle;2026-09-01;2019-05-07
locaux;PC;09304818B0144;3;F;60;930480000F0060;actuelle;2026-09-01;2019-05-07
locaux;PC;09304818B0145;1;G;189;930480000G0189;actuelle;2026-09-01;2019-02-11
locaux;PC;09304818B0145;2;H;211;930480000H0211;ancienne;2019-04-01;2019-02-11
locaux;PC;09304818B0164;1;BH;2;93048000BH0002;actuelle;2026-09-01;2019-05-17
locaux;PC;09304818B0164;2;BH;1;93048000BH0001;actuelle;2026-09-01;2019-05-17
locaux;PC;09304818B0169;1;AQ;184;93048000AQ0184;ancienne;2020-01-01;2019-04-26
locaux;PC;09304818B0172;1;T;58;930480000T0058;actuelle;2026-09-01;2019-05-17
locaux;PC;09304818B0172;2;T;59;930480000T0059;actuelle;2026-09-01;2019-05-17
locaux;PC;09304818B0176;1;BH;50;93048000BH0050;actuelle;2026-09-01;2019-04-29
locaux;PC;09304818B0180;1;AR;238;93048000AR0238;actuelle;2026-09-01;2019-07-10
locaux;PC;09304818B0184;1;B;89;930480000B0089;actuelle;2026-09-01;2018-06-01
locaux;PC;09304818B0185;1;AT;202;93048000AT0202;actuelle;2026-09-01;2019-07-10
locaux;PC;09304818B0201;1;BM;48;93048000BM0048;actuelle;2026-09-01;2019-05-17
locaux;PC;09304818B0203;1;CR;181;93048000CR0181;actuelle;2026-09-01;2019-02-07
locaux;PC;09304818B0203;2;CR;333;93048000CR0333;actuelle;2026-09-01;2019-02-07
locaux;PC;09304818B0205;1;BJ;17;93048000BJ0017;actuelle;2026-09-01;2019-06-18
locaux;PC;09304819B0003;1;BU;234;93048000BU0234;actuelle;2026-09-01;2019-06-27
locaux;PC;09304819B0023;1;CO;122;93048000CO0122;actuelle;2026-09-01;2019-07-01
locaux;PC;09304819B0028;1;AL;150;93048000AL0150;actuelle;2026-09-01;2019-05-22
locaux;PC;09304819B0031;1;S;12;930480000S0012;actuelle;2026-09-01;2019-07-18
locaux;PC;09304819B0036;1;E;214;930480000E0214;ancienne;2019-01-01;2019-12-03
locaux;PC;09304819B0055;1;A;237;930480000A0237;actuelle;2026-09-01;2019-10-21
locaux;PC;09304819B0055;2;A;226;930480000A0226;introuvable;;2019-10-21
locaux;PC;09304819B0056;1;BK;368;93048000BK0368;actuelle;2026-09-01;2019-09-23
locaux;PC;09304819B0059;1;BY;17;93048000BY0017;actuelle;2026-09-01;2019-10-31
locaux;PC;09304819B0059;2;BY;18;93048000BY0018;ancienne;2020-07-01;2019-10-31
locaux;PC;09304819B0059;3;BY;19;93048000BY0019;ancienne;2020-07-01;2019-10-31
locaux;PC;09304819B0064;1;AU;12;93048000AU0012;ancienne;2020-01-01;2019-08-13
locaux;PC;09304819B0065;1;BP;239;93048000BP0239;actuelle;2026-09-01;2019-09-23
locaux;PC;09304819B0070;1;AF;52;93048000AF0052;actuelle;2026-09-01;2020-02-17
locaux;PC;09304819B0070;2;AF;53;93048000AF0053;actuelle;2026-09-01;2020-02-17
locaux;PC;09304819B0079;1;AG;57;93048000AG0057;actuelle;2026-09-01;2019-09-25
locaux;PC;09304819B0079;2;AG;58;93048000AG0058;actuelle;2026-09-01;2019-09-25
locaux;PC;09304819B0079;3;AG;59;93048000AG0059;actuelle;2026-09-01;2019-09-25
locaux;PC;09304819B0081;1;AF;141;93048000AF0141;actuelle;2026-09-01;2019-11-13
locaux;PC;09304819B0086;1;BK;148;93048000BK0148;actuelle;2026-09-01;2019-10-29
locaux;PC;09304819B0087;1;BH;266;93048000BH0266;actuelle;2026-09-01;2020-03-05
locaux;PC;09304819B0091;1;AS;50;93048000AS0050;actuelle;2026-09-01;2019-12-04
locaux;PC;09304819B0098;1;A;237;930480000A0237;actuelle;2026-09-01;2019-12-09
locaux;PC;09304819B0098;2;A;80;930480000A0080;actuelle;2026-09-01;2019-12-09
locaux;PC;09304819B0098;3;A;160;930480000A0160;actuelle;2026-09-01;2019-12-09
locaux;PC;09304819B0101;1;H;222;930480000H0222;actuelle;2026-09-01;2019-11-13
locaux;PC;09304819B0101;2;H;52;930480000H0052;actuelle;2026-09-01;2019-11-13
locaux;PC;09304819B0101;3;H;53;930480000H0053;actuelle;2026-09-01;2019-11-13
locaux;PC;09304819B0102;1;AR;236;93048000AR0236;actuelle;2026-09-01;2019-10-15
locaux;PC;09304819B0102;2;AR;229;93048000AR0229;actuelle;2026-09-01;2019-10-15
locaux;PC;09304819B0103;1;X;360;930480000X0360;actuelle;2026-09-01;2019-10-23
locaux;PC;09304819B0103;2;X;388;930480000X0388;actuelle;2026-09-01;2019-10-23
locaux;PC;09304819B0103;3;X;196;930480000X0196;actuelle;2026-09-01;2019-10-23
locaux;PC;09304819B0108;1;BI;217;93048000BI0217;actuelle;2026-09-01;2020-03-13
locaux;PC;09304819B0108;2;BI;218;93048000BI0218;actuelle;2026-09-01;2020-03-13
locaux;PC;09304819B0114;1;BT;255;93048000BT0255;actuelle;2026-09-01;2020-03-13
locaux;PC;09304819B0115;1;T;202;930480000T0202;actuelle;2026-09-01;2019-12-20
locaux;PC;09304819B0116;1;S;56;930480000S0056;actuelle;2026-09-01;2019-11-05
locaux;PC;09304819B0116;2;S;55;930480000S0055;actuelle;2026-09-01;2019-11-05
locaux;PC;09304819B0116;3;S;139;930480000S0139;actuelle;2026-09-01;2019-11-05
locaux;PC;09304819B0118;1;CD;182;93048000CD0182;actuelle;2026-09-01;2019-12-19
locaux;PC;09304819B0118;2;CD;183;93048000CD0183;actuelle;2026-09-01;2019-12-19
locaux;PC;09304819B0118;3;CD;223;93048000CD0223;ancienne;2020-01-01;2019-12-19
locaux;PC;09304819B0121;1;BK;239;93048000BK0239;actuelle;2026-09-01;2019-12-04
locaux;PC;09304819B0127;1;BJ;5;93048000BJ0005;actuelle;2026-09-01;2020-02-05
locaux;PC;09304819B0127;2;BJ;170;93048000BJ0170;actuelle;2026-09-01;2020-02-05
locaux;PC;09304819B0129;1;AJ;209;93048000AJ0209;actuelle;2026-09-01;2020-07-13
locaux;PC;09304819B0129;2;AJ;210;93048000AJ0210;actuelle;2026-09-01;2020-07-13
locaux;PC;09304819B0129;3;AJ;213;93048000AJ0213;actuelle;2026-09-01;2020-07-13
locaux;PC;09304819B0133;1;AR;222;93048000AR0222;actuelle;2026-09-01;2020-07-10
locaux;PC;09304819B0142;1;BL;75;93048000BL0075;actuelle;2026-09-01;2020-02-20
locaux;PC;09304819B0142;2;BL;76;93048000BL0076;ancienne;2022-04-01;2020-02-20
locaux;PC;09304819B0147;1;AV;122;93048000AV0122;actuelle;2026-09-01;2019-12-22
locaux;PC;09304819B0153;1;R;279;930480000R0279;actuelle;2026-09-01;2020-01-22
locaux;PC;09304819B0158;1;BL;8;93048000BL0008;actuelle;2026-09-01;2020-02-17
locaux;PC;09304819B0158;2;BL;9;93048000BL0009;actuelle;2026-09-01;2020-02-17
locaux;PC;09304819B0176;1;AZ;53;93048000AZ0053;actuelle;2026-09-01;2020-08-20
locaux;PC;09304819B0186;1;BC;2;93048000BC0002;actuelle;2026-09-01;2020-06-29
locaux;PC;09304819B0194;1;AY;14;93048000AY0014;actuelle;2026-09-01;2020-11-10
locaux;PC;09304819B0199;1;BV;170;93048000BV0170;actuelle;2026-09-01;2020-06-26
locaux;PC;09304819B0201;1;AY;1;93048000AY0001;actuelle;2026-09-01;2020-07-24
locaux;PC;09304819B0204;1;CG;259;93048000CG0259;actuelle;2026-09-01;2020-07-08
locaux;PC;09304820B0004;1;AR;89;93048000AR0089;actuelle;2026-09-01;2020-07-21
locaux;PC;09304820B0017;1;AN;296;93048000AN0296;actuelle;2026-09-01;2021-01-07
locaux;PC;09304820B0017;2;AN;293;93048000AN0293;actuelle;2026-09-01;2021-01-07
locaux;PC;09304820B0017;3;AN;290;93048000AN0290;actuelle;2026-09-01;2021-01-07
locaux;PC;09304820B0030;1;D;95;930480000D0095;actuelle;2026-09-01;2020-11-26
locaux;PC;09304820B0030;2;D;94;930480000D0094;actuelle;2026-09-01;2020-11-26
locaux;PC;09304820B0031;1;AY;58;93048000AY0058;actuelle;2026-09-01;2020-11-17
locaux;PC;09304820B0031;2;AY;59;93048000AY0059;actuelle;2026-09-01;2020-11-17
locaux;PC;09304820B0031;3;AY;60;93048000AY0060;ancienne;2023-10-01;2020-11-17
locaux;PC;09304820B0038;1;CH;284;93048000CH0284;actuelle;2026-09-01;2021-02-05
locaux;PC;09304820B0038;2;CH;48;93048000CH0048;actuelle;2026-09-01;2021-02-05
locaux;PC;09304820B0038;3;CH;47;93048000CH0047;actuelle;2026-09-01;2021-02-05
locaux;PC;09304820B0041;1;Z;7;930480000Z0007;actuelle;2026-09-01;2020-10-02
locaux;PC;09304820B0055;1;O;179;930480000O0179;actuelle;2026-09-01;2020-10-09
locaux;PC;09304820B0055;2;O;182;930480000O0182;actuelle;2026-09-01;2020-10-09
locaux;PC;09304820B0058;1;BZ;362;93048000BZ0362;actuelle;2026-09-01;2020-08-14
locaux;PC;09304820B0058;2;BZ;561;93048000BZ0561;actuelle;2026-09-01;2020-08-14
locaux;PC;09304820B0058;3;BZ;517;93048000BZ0517;actuelle;2026-09-01;2020-08-14
locaux;PC;09304820B0065;1;C;191;930480000C0191;actuelle;2026-09-01;2020-11-30
locaux;PC;09304820B0065;2;C;75;930480000C0075;actuelle;2026-09-01;2020-11-30
locaux;PC;09304820B0071;1;BT;213;93048000BT0213;actuelle;2026-09-01;2020-11-10
locaux;PC;09304820B0079;1;AX;2;93048000AX0002;actuelle;2026-09-01;2021-01-26
locaux;PC;09304820B0079;2;AX;3;93048000AX0003;actuelle;2026-09-01;2021-01-26
locaux;PC;09304820B0079;3;AX;104;93048000AX0104;actuelle;2026-09-01;2021-01-26
locaux;PC;09304820B0099;1;BZ;559;93048000BZ0559;actuelle;2026-09-01;2021-02-05
locaux;PC;09304820B0099;2;BZ;557;93048000BZ0557;actuelle;2026-09-01;2021-02-05
locaux;PC;09304820B0099;3;BZ;555;93048000BZ0555;actuelle;2026-09-01;2021-02-05
locaux;PC;09304820B0103;1;BM;172;93048000BM0172;actuelle;2026-09-01;2021-02-17
locaux;PC;09304820B0106;1;BQ;244;93048000BQ0244;actuelle;2026-09-01;2021-02-16
locaux;PC;09304820B0107;1;BY;78;93048000BY0078;actuelle;2026-09-01;2021-01-08
locaux;PC;09304820B0107;2;BY;150;93048000BY0150;actuelle;2026-09-01;2021-01-08
locaux;PC;09304820B0111;1;AS;501;93048000AS0501;introuvable;;2021-03-09
locaux;PC;09304820B0117;1;BE;338;93048000BE0338;actuelle;2026-09-01;2020-12-10
locaux;PC;09304820B0117;2;BE;339;93048000BE0339;actuelle;2026-09-01;2020-12-10
locaux;PC;09304820B0117;3;BE;340;93048000BE0340;introuvable;;2020-12-10
locaux;PC;09304820B0119;1;BQ;51;93048000BQ0051;actuelle;2026-09-01;2021-04-13
locaux;PC;09304820B0119;2;BQ;215;93048000BQ0215;actuelle;2026-09-01;2021-04-13
locaux;PC;09304820B0122;1;BI;14;93048000BI0014;actuelle;2026-09-01;2020-11-30
locaux;PC;09304820B0124;1;AG;197;93048000AG0197;actuelle;2026-09-01;2021-05-24
locaux;PC;09304820B0128;1;CR;222;93048000CR0222;actuelle;2026-09-01;2021-02-17
locaux;PC;09304820B0134;1;AK;87;93048000AK0087;actuelle;2026-09-01;2021-05-26
locaux;PC;09304820B0145;1;T;117;930480000T0117;actuelle;2026-09-01;2021-03-09
locaux;PC;09304821B0004;1;CK;23;93048000CK0023;actuelle;2026-09-01;2021-08-30
locaux;PC;09304821B0004;2;CK;24;93048000CK0024;actuelle;2026-09-01;2021-08-30
locaux;PC;09304821B0004;3;CK;201;93048000CK0201;actuelle;2026-09-01;2021-08-30
locaux;PC;09304821B0041;1;AP;306;93048000AP0306;actuelle;2026-09-01;2021-06-21
locaux;PC;09304821B0048;1;AH;172;93048000AH0172;ancienne;2024-01-01;2021-12-31
locaux;PC;09304821B0054;1;AJ;310;93048000AJ0310;actuelle;2026-09-01;2021-11-10
locaux;PC;09304821B0061;1;BL;48;93048000BL0048;actuelle;2026-09-01;2021-09-17
locaux;PC;09304821B0061;2;BL;44;93048000BL0044;ancienne;2022-04-01;2021-09-17
locaux;PC;09304821B0076;1;AY;26;93048000AY0026;ancienne;2023-07-01;2021-10-26
locaux;PC;09304821B0078;1;E;78;930480000E0078;ancienne;2023-04-01;2021-12-15
locaux;PC;09304821B0078;2;E;79;930480000E0079;ancienne;2023-04-01;2021-12-15
locaux;PC;09304821B0078;3;E;80;930480000E0080;ancienne;2023-04-01;2021-12-15
locaux;PC;09304821B0090;1;AT;144;93048000AT0144;actuelle;2026-09-01;2021-11-29
locaux;PC;09304821B0102;1;E;66;930480000E0066;ancienne;2023-07-01;2022-01-10
locaux;PC;09304821B0102;2;E;361;930480000E0361;actuelle;2026-09-01;2022-01-10
locaux;PC;09304821B0102;3;E;67;930480000E0067;ancienne;2023-07-01;2022-01-10
locaux;PC;09304821B0103;1;AB;105;93048000AB0105;actuelle;2026-09-01;2021-12-07
locaux;PC;09304821B0107;1;B;305;930480000B0305;actuelle;2026-09-01;2021-12-21
locaux;PC;09304821B0112;1;BI;148;93048000BI0148;actuelle;2026-09-01;2021-10-26
locaux;PC;09304821B0119;1;AP;8;93048000AP0008;actuelle;2026-09-01;2021-09-23
locaux;PC;09304821B0124;1;BD;73;93048000BD0073;actuelle;2026-09-01;2021-12-02
locaux;PC;09304821B0125;1;BT;108;93048000BT0108;actuelle;2026-09-01;2021-10-26
locaux;PC;09304821B0132;1;BC;65;93048000BC0065;actuelle;2026-09-01;2021-12-02
locaux;PC;09304821B0132;2;BC;125;93048000BC0125;actuelle;2026-09-01;2021-12-02
locaux;PC;09304821B0132;3;BC;115;93048000BC0115;actuelle;2026-09-01;2021-12-02
locaux;PC;09304821B0133;1;AY;12;93048000AY0012;actuelle;2026-09-01;2022-01-18
locaux;PC;09304821B0139;1;AB;91;93048000AB0091;actuelle;2026-09-01;2021-12-09
locaux;PC;09304821B0154;1;Y;380;930480000Y0380;actuelle;2026-09-01;2021-10-26
locaux;PC;09304821B0154;2;Y;383;930480000Y0383;actuelle;2026-09-01;2021-10-26
locaux;PC;09304821B0154;3;Y;386;930480000Y0386;actuelle;2026-09-01;2021-10-26
locaux;PC;09304821B0155;1;AB;12;93048000AB0012;actuelle;2026-09-01;2021-11-26
locaux;PC;09304821B0160;1;BI;192;93048000BI0192;actuelle;2026-09-01;2022-03-22
locaux;PC;09304821B0174;1;F;75;930480000F0075;actuelle;2026-09-01;2022-02-14
locaux;PC;09304821B0179;1;AD;130;93048000AD0130;actuelle;2026-09-01;2022-01-10
locaux;PC;09304821B0179;2;AD;130;93048000AD0130;actuelle;2026-09-01;2022-01-10
locaux;PC;09304821B0179;3;AD;131;93048000AD0131;actuelle;2026-09-01;2022-01-10
locaux;PC;09304821B0182;1;BE;71;93048000BE0071;actuelle;2026-09-01;2022-06-10
locaux;PC;09304821B0197;1;BF;78;93048000BF0078;actuelle;2026-09-01;2022-03-24
locaux;PC;09304821B0197;2;BF;79;93048000BF0079;actuelle;2026-09-01;2022-03-24
locaux;PC;09304821B0206;1;AI;106;93048000AI0106;actuelle;2026-09-01;2022-05-06
locaux;PC;09304821B0206;2;AI;106;93048000AI0106;actuelle;2026-09-01;2022-05-06
locaux;PC;09304821B0211;1;BY;36;93048000BY0036;ancienne;2025-04-01;2022-05-09
locaux;PC;09304821B0211;2;BY;36;93048000BY0036;ancienne;2025-04-01;2022-05-09
locaux;PC;09304821B0217;1;AV;31;93048000AV0031;actuelle;2026-09-01;2022-07-01
locaux;PC;09304821B0217;2;AV;31;93048000AV0031;actuelle;2026-09-01;2022-07-01
locaux;PC;09304821B0222;1;AL;123;93048000AL0123;actuelle;2026-09-01;2022-07-19
locaux;PC;09304821B0222;2;AL;37;93048000AL0037;actuelle;2026-09-01;2022-07-19
locaux;PC;09304821B0222;3;AL;37;93048000AL0037;actuelle;2026-09-01;2022-07-19
locaux;PC;09304822B0004;1;AO;128;93048000AO0128;actuelle;2026-09-01;2022-03-08
locaux;PC;09304822B0016;1;BO;87;93048000BO0087;actuelle;2026-09-01;2022-07-01
locaux;PC;09304822B0028;1;BJ;211;93048000BJ0211;actuelle;2026-09-01;2022-07-11
locaux;PC;09304822B0028;2;BJ;211;93048000BJ0211;actuelle;2026-09-01;2022-07-11
locaux;PC;09304822B0043;1;CJ;82;93048000CJ0082;ancienne;2023-07-01;2022-11-25
locaux;PC;09304822B0044;1;CJ;82;93048000CJ0082;ancienne;2023-07-01;2022-11-02
locaux;PC;09304822B0045;1;CJ;82;93048000CJ0082;ancienne;2023-07-01;2022-10-20
locaux;PC;09304822B0047;1;BP;12;93048000BP0012;actuelle;2026-09-01;2022-10-18
locaux;PC;09304822B0069;1;AR;236;93048000AR0236;actuelle;2026-09-01;2022-09-15
locaux;PC;09304822B0077;1;CE;2;93048000CE0002;ancienne;2021-07-01;2022-11-02
locaux;PC;09304822B0079;1;I;10;930480000I0010;ancienne;2023-10-01;2022-11-07
locaux;PC;09304822B0082;1;CO;24;93048000CO0024;ancienne;2024-01-01;2022-11-25
locaux;PC;09304822B0082;2;CO;24;93048000CO0024;ancienne;2024-01-01;2022-11-25
locaux;PC;09304822B0082;3;CO;25;93048000CO0025;ancienne;2024-01-01;2022-11-25
locaux;PC;09304822B0083;1;AF;255;93048000AF0255;actuelle;2026-09-01;2023-01-09
locaux;PC;09304822B0083;2;AF;256;93048000AF0256;actuelle;2026-09-01;2023-01-09
locaux;PC;09304822B0083;3;AF;255;93048000AF0255;actuelle;2026-09-01;2023-01-09
locaux;PC;09304822B0093;1;BG;84;93048000BG0084;actuelle;2026-09-01;2022-12-02
locaux;PC;09304822B0093;2;BG;84;93048000BG0084;actuelle;2026-09-01;2022-12-02
locaux;PC;09304822B0093;3;BG;85;93048000BG0085;actuelle;2026-09-01;2022-12-02
locaux;PC;09304822B0094;1;AG;50;93048000AG0050;actuelle;2026-09-01;2022-12-13
locaux;PC;09304822B0100;1;AR;236;93048000AR0236;actuelle;2026-09-01;2023-01-13
locaux;PC;09304822B0104;1;AS;5;93048000AS0005;actuelle;2026-09-01;2022-09-26
locaux;PC;09304822B0105;1;BG;101;93048000BG0101;actuelle;2026-09-01;2022-11-02
locaux;PC;09304822B0107;1;AJ;310;93048000AJ0310;actuelle;2026-09-01;2022-10-25
locaux;PC;09304822B0110;1;CD;443;93048000CD0443;actuelle;2026-09-01;2022-10-25
locaux;PC;09304822B0112;1;BL;122;93048000BL0122;actuelle;2026-09-01;2022-12-23
locaux;PC;09304822B0119;1;AS;194;93048000AS0194;actuelle;2026-09-01;2022-12-16
locaux;PC;09304822B0119;2;AS;194;93048000AS0194;actuelle;2026-09-01;2022-12-16
locaux;PC;09304822B0119;3;AS;197;93048000AS0197;actuelle;2026-09-01;2022-12-16
locaux;PC;09304822B0120;1;BV;189;93048000BV0189;actuelle;2026-09-01;2022-12-23
locaux;PC;09304822B0120;2;BV;170;93048000BV0170;actuelle;2026-09-01;2022-12-23
locaux;PC;09304822B0120;3;BV;158;93048000BV0158;actuelle;2026-09-01;2022-12-23
locaux;PC;09304822B0121;1;BO;58;93048000BO0058;actuelle;2026-09-01;2023-01-05
locaux;PC;09304822B0121;2;BO;58;93048000BO0058;actuelle;2026-09-01;2023-01-05
locaux;PC;09304822B0122;1;BG;203;93048000BG0203;introuvable;;2022-12-19
locaux;PC;09304822B0124;1;AX;53;93048000AX0053;actuelle;2026-09-01;2023-04-04
locaux;PC;09304822B0124;2;AX;53;93048000AX0053;actuelle;2026-09-01;2023-04-04
locaux;PC;09304822B0126;1;BL;152;93048000BL0152;actuelle;2026-09-01;2023-03-30
locaux;PC;09304822B0127;1;AF;136;93048000AF0136;actuelle;2026-09-01;2023-01-30
locaux;PC;09304822B0166;1;D;262;930480000D0262;ancienne;2025-01-01;2023-04-04
locaux;PC;09304822B0166;2;D;261;930480000D0261;ancienne;2024-10-01;2023-04-04
locaux;PC;09304822B0166;3;D;262;930480000D0262;ancienne;2025-01-01;2023-04-04
locaux;PC;09304822B0169;1;CJ;332;93048000CJ0332;actuelle;2026-09-01;2023-01-27
locaux;PC;09304822B0169;2;CJ;334;93048000CJ0334;actuelle;2026-09-01;2023-01-27
locaux;PC;09304822B0169;3;CJ;162;93048000CJ0162;actuelle;2026-09-01;2023-01-27
locaux;PC;09304822B0172;1;CM;246;93048000CM0246;actuelle;2026-09-01;2023-05-24
locaux;PC;09304822B0172;2;CM;248;93048000CM0248;actuelle;2026-09-01;2023-05-24
locaux;PC;09304822B0180;1;BM;59;93048000BM0059;actuelle;2026-09-01;2023-06-15
locaux;PC;09304822B0186;1;BZ;517;93048000BZ0517;actuelle;2026-09-01;2023-03-21
locaux;PC;09304822B0186;2;BZ;561;93048000BZ0561;actuelle;2026-09-01;2023-03-21
locaux;PC;09304822B0200;1;BF;38;93048000BF0038;actuelle;2026-09-01;2023-05-05
locaux;PC;09304822B0204;1;BE;359;93048000BE0359;actuelle;2026-09-01;2023-05-05
locaux;PC;09304822B0204;2;BE;47;93048000BE0047;actuelle;2026-09-01;2023-05-05
locaux;PC;09304822B0205;1;P;1;930480000P0001;actuelle;2026-09-01;2023-07-17
locaux;PC;09304822B0205;2;P;1;930480000P0001;actuelle;2026-09-01;2023-07-17
locaux;PC;09304822B0211;1;BL;101;93048000BL0101;actuelle;2026-09-01;2023-04-25
locaux;PC;09304822B0212;1;BN;108;93048000BN0108;actuelle;2026-09-01;2023-08-08
locaux;PC;09304822B0212;2;BN;7;93048000BN0007;actuelle;2026-09-01;2023-08-08
locaux;PC;09304822B0216;1;P;115;930480000P0115;actuelle;2026-09-01;2023-04-12
locaux;PC;09304822B0217;1;AR;99;93048000AR0099;actuelle;2026-09-01;2023-08-06
locaux;PC;09304823B0004;1;BU;7;93048000BU0007;actuelle;2026-09-01;2023-07-27
locaux;PC;09304823B0010;1;R;227;930480000R0227;actuelle;2026-09-01;2023-06-05
locaux;PC;09304823B0010;2;R;229;930480000R0229;actuelle;2026-09-01;2023-06-05
locaux;PC;09304823B0010;3;R;250;930480000R0250;actuelle;2026-09-01;2023-06-05
locaux;PC;09304823B0026;1;BI;132;93048000BI0132;actuelle;2026-09-01;2023-08-07
locaux;PC;09304823B0028;1;AS;50;93048000AS0050;actuelle;2026-09-01;2023-08-08
locaux;PC;09304823B0033;1;BY;96;93048000BY0096;actuelle;2026-09-01;2023-10-04
locaux;PC;09304823B0036;1;H;117;930480000H0117;actuelle;2026-09-01;2023-11-17
locaux;PC;09304823B0049;1;R;279;930480000R0279;actuelle;2026-09-01;2023-08-23
locaux;PC;09304823B0057;1;BN;139;93048000BN0139;actuelle;2026-09-01;2023-11-17
locaux;PC;09304823B0070;1;T;112;930480000T0112;actuelle;2026-09-01;2023-08-09
locaux;PC;09304823B0072;1;D;94;930480000D0094;actuelle;2026-09-01;2023-10-27
locaux;PC;09304823B0072;2;D;94;930480000D0094;actuelle;2026-09-01;2023-10-27
locaux;PC;09304823B0072;3;D;95;930480000D0095;actuelle;2026-09-01;2023-10-27
locaux;PC;09304823B0092;1;K;180;930480000K0180;actuelle;2026-09-01;2024-02-05
locaux;PC;09304823B0092;2;K;193;930480000K0193;actuelle;2026-09-01;2024-02-05
locaux;PC;09304823B0096;1;BI;289;93048000BI0289;actuelle;2026-09-01;2024-03-01
locaux;PC;09304823B0101;1;AM;213;93048000AM0213;actuelle;2026-09-01;2023-10-07
locaux;PC;09304823B0105;1;AT;128;93048000AT0128;actuelle;2026-09-01;2024-04-19
locaux;PC;09304823B0120;1;AD;82;93048000AD0082;actuelle;2026-09-01;2024-06-26
locaux;PC;09304823B0120;2;AD;230;93048000AD0230;actuelle;2026-09-01;2024-06-26
locaux;PC;09304823B0120;3;AD;251;93048000AD0251;actuelle;2026-09-01;2024-06-26
locaux;PC;09304823B0122;1;BK;205;93048000BK0205;actuelle;2026-09-01;2024-03-08
locaux;PC;09304823B0122;2;BK;205;93048000BK0205;actuelle;2026-09-01;2024-03-08
locaux;PC;09304823B0128;1;AZ;194;93048000AZ0194;actuelle;2026-09-01;2023-11-02
locaux;PC;09304823B0130;1;AH;68;93048000AH0068;actuelle;2026-09-01;2023-12-26
locaux;PC;09304823B0135;1;AV;42;93048000AV0042;actuelle;2026-09-01;2024-04-09
locaux;PC;09304823B0135;2;AV;42;93048000AV0042;actuelle;2026-09-01;2024-04-09
locaux;PC;09304823B0135;3;AV;62;93048000AV0062;actuelle;2026-09-01;2024-04-09
locaux;PC;09304823B0137;1;AI;227;93048000AI0227;actuelle;2026-09-01;2024-03-06
locaux;PC;09304823B0140;1;BO;105;93048000BO0105;actuelle;2026-09-01;2024-01-22
locaux;PC;09304823B0145;1;AD;264;93048000AD0264;actuelle;2026-09-01;2024-03-15
locaux;PC;09304823B0146;1;AJ;56;93048000AJ0056;actuelle;2026-09-01;2024-08-19
locaux;PC;09304823B0146;2;AJ;56;93048000AJ0056;actuelle;2026-09-01;2024-08-19
locaux;PC;09304823B0146;3;AJ;57;93048000AJ0057;actuelle;2026-09-01;2024-08-19
locaux;PC;09304823B0151;1;01;36;93048000010036;introuvable;;2024-08-08
locaux;PC;09304823B0151;2;BY;36;93048000BY0036;ancienne;2025-04-01;2024-08-08
locaux;PC;09304823B0161;1;AU;123;93048000AU0123;actuelle;2026-09-01;2024-07-09
locaux;PC;09304823B0161;2;AU;78;93048000AU0078;actuelle;2026-09-01;2024-07-09
locaux;PC;09304823B0161;3;AU;123;93048000AU0123;actuelle;2026-09-01;2024-07-09
locaux;PC;09304823B0162;1;BY;188;93048000BY0188;ancienne;2026-03-01;2024-05-22
locaux;PC;09304823B0162;2;BY;188;93048000BY0188;ancienne;2026-03-01;2024-05-22
locaux;PC;09304823B0162;3;BY;66;93048000BY0066;ancienne;2026-03-01;2024-05-22
locaux;PC;09304824B0005;1;CF;126;93048000CF0126;actuelle;2026-09-01;2024-04-22
locaux;PC;09304824B0014;1;R;284;930480000R0284;actuelle;2026-09-01;2024-10-01
locaux;PC;09304824B0025;1;0T;143;930480000T0143;actuelle;2026-09-01;2024-04-19
locaux;PC;09304824B0031;1;CL;144;93048000CL0144;actuelle;2026-09-01;2024-08-08
locaux;PC;09304824B0033;1;AT;113;93048000AT0113;actuelle;2026-09-01;2024-10-17
locaux;PC;09304824B0034;1;BK;302;93048000BK0302;actuelle;2026-09-01;2024-10-07
locaux;PC;09304824B0034;2;BK;385;93048000BK0385;actuelle;2026-09-01;2024-10-07
locaux;PC;09304824B0041;1;BP;94;93048000BP0094;actuelle;2026-09-01;2024-07-26
locaux;PC;09304824B0042;1;AK;147;93048000AK0147;actuelle;2026-09-01;2024-11-27
locaux;PC;09304824B0072;1;BM;46;93048000BM0046;actuelle;2026-09-01;2024-10-28
locaux;PC;09304824B0084;1;S;55;930480000S0055;actuelle;2026-09-01;2024-12-10
locaux;PC;09304824B0084;2;S;56;930480000S0056;actuelle;2026-09-01;2024-12-10
locaux;PC;09304824B0084;3;S;139;930480000S0139;actuelle;2026-09-01;2024-12-10
locaux;PC;09304824B0085;1;P;31;930480000P0031;actuelle;2026-09-01;2024-12-04
locaux;PC;09304824B0088;1;AB;65;93048000AB0065;actuelle;2026-09-01;2024-12-04
locaux;PC;09304824B0088;2;AB;65;93048000AB0065;actuelle;2026-09-01;2024-12-04
locaux;PC;09304824B0088;3;AB;246;93048000AB0246;actuelle;2026-09-01;2024-12-04
locaux;PC;09304824B0107;1;BD;46;93048000BD0046;actuelle;2026-09-01;2025-05-27
locaux;PC;09304824B0107;2;BD;48;93048000BD0048;actuelle;2026-09-01;2025-05-27
locaux;PC;09304824B0107;3;BD;49;93048000BD0049;actuelle;2026-09-01;2025-05-27
locaux;PC;09304824B0109;1;AT;139;93048000AT0139;actuelle;2026-09-01;2025-05-21
locaux;PC;09304824B0109;2;AT;140;93048000AT0140;actuelle;2026-09-01;2025-05-21
locaux;PC;09304824B0109;3;AT;136;93048000AT0136;actuelle;2026-09-01;2025-05-21
locaux;PC;09304824B0110;1;BD;1;93048000BD0001;actuelle;2026-09-01;2025-02-04
locaux;PC;09304824B0110;2;BD;2;93048000BD0002;actuelle;2026-09-01;2025-02-04
locaux;PC;09304824B0110;3;BD;3;93048000BD0003;actuelle;2026-09-01;2025-02-04
locaux;PC;09304824B0116;1;BU;63;93048000BU0063;actuelle;2026-09-01;2025-03-10
locaux;PC;09304824B0122;1;AS;123;93048000AS0123;actuelle;2026-09-01;2025-03-18
locaux;PC;09304824B0122;2;AS;123;93048000AS0123;actuelle;2026-09-01;2025-03-18
locaux;PC;09304824B0126;1;AY;9;93048000AY0009;actuelle;2026-09-01;2025-07-03
locaux;PC;09304824B0126;2;AY;11;93048000AY0011;actuelle;2026-09-01;2025-07-03
locaux;PC;09304824B0126;3;AY;12;93048000AY0012;actuelle;2026-09-01;2025-07-03
locaux;PC;09304824B0131;1;Y;66;930480000Y0066;actuelle;2026-09-01;2025-02-18
locaux;PC;09304824B0139;1;BG;117;93048000BG0117;actuelle;2026-09-01;2025-07-09
locaux;PC;09304824B0148;1;BH;46;93048000BH0046;actuelle;2026-09-01;2025-10-13
locaux;PC;09304824B0148;2;BH;45;93048000BH0045;actuelle;2026-09-01;2025-10-13
locaux;PC;09304824B0148;3;BH;46;93048000BH0046;actuelle;2026-09-01;2025-10-13
locaux;PC;09304824B0150;1;AG;77;93048000AG0077;actuelle;2026-09-01;2025-05-23
locaux;PC;09304824B0150;2;AG;76;93048000AG0076;actuelle;2026-09-01;2025-05-23
locaux;PC;09304824B0150;3;AG;155;93048000AG0155;actuelle;2026-09-01;2025-05-23
locaux;PC;09304825B0001;1;B;220;930480000B0220;actuelle;2026-09-01;2025-06-20
locaux;PC;09304825B0004;1;L;262;930480000L0262;actuelle;2026-09-01;2025-02-06
locaux;PC;09304825B0012;1;BT;287;93048000BT0287;actuelle;2026-09-01;2025-05-13
locaux;PC;09304825B0020;1;AT;156;93048000AT0156;actuelle;2026-09-01;2025-11-06
locaux;PC;09304825B0020;2;AT;155;93048000AT0155;actuelle;2026-09-01;2025-11-06
locaux;PC;09304825B0045;1;BK;80;93048000BK0080;actuelle;2026-09-01;2025-09-18
locaux;PC;09304825B0046;1;BL;1;93048000BL0001;actuelle;2026-09-01;2025-12-24
locaux;PC;09304825B0046;2;BL;82;93048000BL0082;actuelle;2026-09-01;2025-12-24
locaux;PC;09304825B0046;3;BL;128;93048000BL0128;actuelle;2026-09-01;2025-12-24
locaux;PC;09304825B0063;1;R;282;930480000R0282;actuelle;2026-09-01;2025-09-02
locaux;PC;09304825B0070;1;BU;71;93048000BU0071;actuelle;2026-09-01;2025-11-12
locaux;PC;09304825B0072;1;BN;82;93048000BN0082;actuelle;2026-09-01;2026-02-09
locaux;PC;09304825B0072;2;BN;139;93048000BN0139;actuelle;2026-09-01;2026-02-09
locaux;PC;09304825B0074;1;AV;31;93048000AV0031;actuelle;2026-09-01;2026-02-03
locaux;PC;09304825B0086;1;BC;47;93048000BC0047;actuelle;2026-09-01;2025-10-28
locaux;PC;09304825B0093;1;BH;50;93048000BH0050;actuelle;2026-09-01;2025-11-25
locaux;PC;09304825B0097;1;BO;36;93048000BO0036;actuelle;2026-09-01;2025-12-02
locaux;PC;09304825B0099;1;AY;154;93048000AY0154;actuelle;2026-09-01;2026-02-09
locaux;PC;09304825B0099;2;AY;164;93048000AY0164;actuelle;2026-09-01;2026-02-09
locaux;PC;09304825B0099;3;AY;165;93048000AY0165;actuelle;2026-09-01;2026-02-09
locaux;PC;09304825B0101;1;BK;62;93048000BK0062;actuelle;2026-09-01;2026-06-02
locaux;PC;09304825B0109;1;CO;191;93048000CO0191;actuelle;2026-09-01;2026-06-24
locaux;PC;09304825B0111;1;CD;412;93048000CD0412;actuelle;2026-09-01;2026-06-24
locaux;PC;09304825B0119;1;AP;51;93048000AP0051;actuelle;2026-09-01;2026-05-26
locaux;PC;09304825B0119;2;AP;49;93048000AP0049;actuelle;2026-09-01;2026-05-26
locaux;PC;09304825B0123;1;BY;34;93048000BY0034;actuelle;2026-09-01;2026-02-09
locaux;PC;09304825B0129;1;I;89;930480000I0089;actuelle;2026-09-01;2026-07-27
locaux;PC;09304825B0130;1;T;58;930480000T0058;actuelle;2026-09-01;2026-05-28
locaux;PC;09304825B0130;2;T;59;930480000T0059;actuelle;2026-09-01;2026-05-28
locaux;PC;09304826B0007;1;Z;18;930480000Z0018;actuelle;2026-09-01;2026-04-24
locaux;PC;09304826B0007;2;Z;21;930480000Z0021;actuelle;2026-09-01;2026-04-24
locaux;PC;09304826B0010;1;AZ;25;93048000AZ0025;actuelle;2026-09-01;2026-06-24
locaux;PC;09304826B0012;1;BL;180;93048000BL0180;actuelle;2026-09-01;2026-06-10
locaux;PC;09304826B0039;1;AD;264;93048000AD0264;actuelle;2026-09-01;2026-07-24
locaux;PC;09304826B0047;1;AV;19;93048000AV0019;actuelle;2026-09-01;2026-08-27
locaux;DP;09304813B0251;1;AF;47;93048000AF0047;actuelle;2026-09-01;2013-08-26
locaux;DP;09304814B0085;1;BK;83;93048000BK0083;ancienne;2023-07-01;2014-06-04
locaux;DP;09304814B0178;1;AF;287;93048000AF0287;ancienne;2020-07-01;2014-06-07
locaux;DP;09304814B0178;2;AF;229;93048000AF0229;ancienne;2020-07-01;2014-06-07
locaux;DP;09304814B0178;3;AF;290;93048000AF0290;actuelle;2026-09-01;2014-06-07
locaux;DP;09304814B0190;1;X;396;930480000X0396;actuelle;2026-09-01;2014-06-18
locaux;DP;09304814B0190;2;X;394;930480000X0394;actuelle;2026-09-01;2014-06-18
locaux;DP;09304814B0262;1;D;95;930480000D0095;actuelle;2026-09-01;2014-09-11
locaux;DP;09304814B0314;1;BF;170;93048000BF0170;actuelle;2026-09-01;2014-10-09
locaux;DP;09304814B0335;1;CL;48;93048000CL0048;actuelle;2026-09-01;2014-10-17
locaux;DP;09304815B0150;1;AR;229;93048000AR0229;actuelle;2026-09-01;2015-06-15
locaux;DP;09304815B0209;1;AK;219;93048000AK0219;actuelle;2026-09-01;2015-07-24
locaux;DP;09304815B0218;1;AV;34;93048000AV0034;actuelle;2026-09-01;2015-07-15
locaux;DP;09304815B0250;1;BK;53;93048000BK0053;actuelle;2026-09-01;2015-09-21
locaux;DP;09304815B0250;2;BK;286;93048000BK0286;actuelle;2026-09-01;2015-09-21
locaux;DP;09304815B0255;1;AY;154;93048000AY0154;actuelle;2026-09-01;2015-07-30
locaux;DP;09304815B0255;2;AY;164;93048000AY0164;actuelle;2026-09-01;2015-07-30
locaux;DP;09304815B0255;3;AY;165;93048000AY0165;actuelle;2026-09-01;2015-07-30
locaux;DP;09304815B0260;1;C;74;930480000C0074;actuelle;2026-09-01;2015-09-21
locaux;DP;09304815B0283;1;BF;80;93048000BF0080;actuelle;2026-09-01;2015-08-24
locaux;DP;09304815B0283;2;BF;204;93048000BF0204;actuelle;2026-09-01;2015-08-24
locaux;DP;09304815B0283;3;BF;206;93048000BF0206;actuelle;2026-09-01;2015-08-24
locaux;DP;09304815B0299;1;AJ;214;93048000AJ0214;actuelle;2026-09-01;2015-10-21
locaux;DP;09304815B0322;1;BU;32;93048000BU0032;actuelle;2026-09-01;2015-10-16
locaux;DP;09304815B0329;1;BG;10;93048000BG0010;actuelle;2026-09-01;2015-10-21
locaux;DP;09304815B0329;2;BG;15;93048000BG0015;actuelle;2026-09-01;2015-10-21
locaux;DP;09304815B0376;1;BO;162;93048000BO0162;actuelle;2026-09-01;2015-12-22
locaux;DP;09304815B0392;1;BN;49;93048000BN0049;actuelle;2026-09-01;2015-12-22
locaux;DP;09304816B0014;1;BK;53;93048000BK0053;actuelle;2026-09-01;2016-03-10
locaux;DP;09304816B0014;2;BK;286;93048000BK0286;actuelle;2026-09-01;2016-03-10
locaux;DP;09304816B0020;1;BF;80;93048000BF0080;actuelle;2026-09-01;2016-03-15
locaux;DP;09304816B0020;2;BF;204;93048000BF0204;actuelle;2026-09-01;2016-03-15
locaux;DP;09304816B0023;1;AS;238;93048000AS0238;actuelle;2026-09-01;2016-03-10
locaux;DP;09304816B0032;1;AO;265;93048000AO0265;actuelle;2026-09-01;2016-05-13
locaux;DP;09304816B0048;1;CI;105;93048000CI0105;actuelle;2026-09-01;2016-02-26
locaux;DP;09304816B0139;1;CF;96;93048000CF0096;actuelle;2026-09-01;2016-07-04
locaux;DP;09304816B0147;1;BO;29;93048000BO0029;actuelle;2026-09-01;2016-06-17
locaux;DP;09304816B0147;2;BO;30;93048000BO0030;actuelle;2026-09-01;2016-06-17
locaux;DP;09304816B0209;1;AK;1;93048000AK0001;actuelle;2026-09-01;2016-07-22
locaux;DP;09304816B0225;1;CG;96;93048000CG0096;actuelle;2026-09-01;2016-07-11
locaux;DP;09304816B0225;2;CG;97;93048000CG0097;actuelle;2026-09-01;2016-07-11
locaux;DP;09304816B0250;1;CG;4;93048000CG0004;actuelle;2026-09-01;2016-08-29
locaux;DP;09304816B0313;1;AY;210;93048000AY0210;actuelle;2026-09-01;2016-12-05
locaux;DP;09304816B0369;1;BK;53;93048000BK0053;actuelle;2026-09-01;2017-03-09
locaux;DP;09304816B0374;1;AV;169;93048000AV0169;actuelle;2026-09-01;2017-01-26
locaux;DP;09304816B0374;2;AV;169;93048000AV0169;actuelle;2026-09-01;2017-01-26
locaux;DP;09304817B0083;1;BT;75;93048000BT0075;actuelle;2026-09-01;2017-06-19
locaux;DP;09304817B0083;2;BT;217;93048000BT0217;actuelle;2026-09-01;2017-06-19
locaux;DP;09304817B0083;3;BT;216;93048000BT0216;actuelle;2026-09-01;2017-06-19
locaux;DP;09304817B0098;1;BZ;484;93048000BZ0484;actuelle;2026-09-01;2017-05-31
locaux;DP;09304817B0121;1;E;2;930480000E0002;actuelle;2026-09-01;2017-05-17
locaux;DP;09304817B0121;2;E;214;930480000E0214;ancienne;2019-01-01;2017-05-17
locaux;DP;09304817B0132;1;AY;168;93048000AY0168;actuelle;2026-09-01;2017-05-05
locaux;DP;09304817B0137;1;CM;304;93048000CM0304;actuelle;2026-09-01;2017-04-27
locaux;DP;09304817B0168;1;AI;34;93048000AI0034;actuelle;2026-09-01;2017-06-19
locaux;DP;09304817B0240;1;AV;175;93048000AV0175;actuelle;2026-09-01;2017-08-16
locaux;DP;09304817B0361;1;BU;213;93048000BU0213;actuelle;2026-09-01;2018-01-23
locaux;DP;09304817B0390;1;BH;181;93048000BH0181;actuelle;2026-09-01;2018-01-09
locaux;DP;09304817B0410;1;AS;65;93048000AS0065;actuelle;2026-09-01;2018-02-13
locaux;DP;09304817B0410;2;AS;66;93048000AS0066;actuelle;2026-09-01;2018-02-13
locaux;DP;09304817B0410;3;AS;68;93048000AS0068;actuelle;2026-09-01;2018-02-13
locaux;DP;09304818B0103;1;CR;267;93048000CR0267;actuelle;2026-09-01;2018-04-17
locaux;DP;09304818B0111;1;BO;341;93048000BO0341;actuelle;2026-09-01;2018-05-28
locaux;DP;09304818B0133;1;AC;216;93048000AC0216;actuelle;2026-09-01;2018-05-07
locaux;DP;09304818B0155;1;BH;83;93048000BH0083;actuelle;2026-09-01;2018-05-07
locaux;DP;09304818B0290;1;BM;28;93048000BM0028;actuelle;2026-09-01;2018-09-07
locaux;DP;09304818B0328;1;BH;145;93048000BH0145;actuelle;2026-09-01;2018-08-24
locaux;DP;09304818B0333;1;AY;154;93048000AY0154;actuelle;2026-09-01;2018-09-21
locaux;DP;09304818B0333;2;AY;164;93048000AY0164;actuelle;2026-09-01;2018-09-21
locaux;DP;09304818B0333;3;AY;165;93048000AY0165;actuelle;2026-09-01;2018-09-21
locaux;DP;09304818B0346;1;BD;81;93048000BD0081;ancienne;2021-04-01;2018-09-20
locaux;DP;09304818B0474;1;AO;263;93048000AO0263;actuelle;2026-09-01;2018-12-21
locaux;DP;09304818B0476;1;BO;341;93048000BO0341;actuelle;2026-09-01;2019-03-11
locaux;DP;09304818B0489;1;AR;85;93048000AR0085;actuelle;2026-09-01;2019-01-18
locaux;DP;09304819B0047;1;BG;147;93048000BG0147;actuelle;2026-09-01;2019-04-26
locaux;DP;09304819B0087;1;AY;154;93048000AY0154;actuelle;2026-09-01;2019-04-03
locaux;DP;09304819B0087;2;AY;164;93048000AY0164;actuelle;2026-09-01;2019-04-03
locaux;DP;09304819B0087;3;AY;165;93048000AY0165;actuelle;2026-09-01;2019-04-03
locaux;DP;09304819B0098;1;AL;203;93048000AL0203;actuelle;2026-09-01;2019-07-18
locaux;DP;09304819B0161;1;B;54;930480000B0054;actuelle;2026-09-01;2019-05-21
locaux;DP;09304819B0165;1;G;175;930480000G0175;actuelle;2026-09-01;2019-06-21
locaux;DP;09304819B0192;1;BR;145;93048000BR0145;actuelle;2026-09-01;2019-08-06
locaux;DP;09304819B0218;1;B;219;930480000B0219;actuelle;2026-09-01;2019-07-10
locaux;DP;09304819B0259;1;BT;105;93048000BT0105;actuelle;2026-09-01;2019-08-08
locaux;DP;09304819B0280;1;AD;208;93048000AD0208;actuelle;2026-09-01;2019-08-13
locaux;DP;09304819B0300;1;R;4;930480000R0004;actuelle;2026-09-01;2020-09-26
locaux;DP;09304819B0411;1;CQ;196;93048000CQ0196;actuelle;2026-09-01;2019-12-02
locaux;DP;09304819B0443;1;BG;147;93048000BG0147;actuelle;2026-09-01;2020-01-30
locaux;DP;09304819B0445;1;AY;154;93048000AY0154;actuelle;2026-09-01;2020-01-20
locaux;DP;09304820B0039;1;AY;169;93048000AY0169;actuelle;2026-09-01;2020-02-20
locaux;DP;09304820B0041;1;BP;11;93048000BP0011;actuelle;2026-09-01;2020-02-27
locaux;DP;09304820B0058;1;Z;6;930480000Z0006;actuelle;2026-09-01;2020-02-25
locaux;DP;09304820B0067;1;AK;1;93048000AK0001;actuelle;2026-09-01;2020-06-26
locaux;DP;09304820B0120;1;K;182;930480000K0182;actuelle;2026-09-01;2020-06-23
locaux;DP;09304820B0130;1;BQ;60;93048000BQ0060;actuelle;2026-09-01;2020-07-24
locaux;DP;09304820B0132;1;BY;146;93048000BY0146;actuelle;2026-09-01;2020-06-26
locaux;DP;09304820B0167;1;BZ;141;93048000BZ0141;actuelle;2026-09-01;2020-10-02
locaux;DP;09304820B0167;2;BZ;140;93048000BZ0140;actuelle;2026-09-01;2020-10-02
locaux;DP;09304820B0177;1;AX;58;93048000AX0058;actuelle;2026-09-01;2020-07-24
locaux;DP;09304820B0243;1;BO;341;93048000BO0341;actuelle;2026-09-01;2020-07-24
locaux;DP;09304820B0309;1;BE;357;93048000BE0357;actuelle;2026-09-01;2020-10-15
locaux;DP;09304821B0054;1;AO;127;93048000AO0127;actuelle;2026-09-01;2021-03-23
locaux;DP;09304821B0069;1;A;59;930480000A0059;actuelle;2026-09-01;2021-03-25
locaux;DP;09304821B0364;1;AJ;310;93048000AJ0310;actuelle;2026-09-01;2021-07-28
locaux;DP;09304821B0573;1;BF;38;93048000BF0038;actuelle;2026-09-01;2021-12-31
locaux;DP;09304821B0587;1;AT;80;93048000AT0080;actuelle;2026-09-01;2022-02-02
locaux;DP;09304821B0605;1;AF;354;93048000AF0354;actuelle;2026-09-01;2022-01-24
locaux;DP;09304821B0605;2;AF;354;93048000AF0354;actuelle;2026-09-01;2022-01-24
locaux;DP;09304821B0609;1;BG;132;93048000BG0132;actuelle;2026-09-01;2022-02-07
locaux;DP;09304821B0620;1;BM;28;93048000BM0028;actuelle;2026-09-01;2022-01-18
locaux;DP;09304821B0620;2;BM;29;93048000BM0029;actuelle;2026-09-01;2022-01-18
locaux;DP;09304821B0620;3;BM;31;93048000BM0031;actuelle;2026-09-01;2022-01-18
locaux;DP;09304821B0636;1;BN;108;93048000BN0108;actuelle;2026-09-01;2022-02-07
locaux;DP;09304821B0636;2;BN;108;93048000BN0108;actuelle;2026-09-01;2022-02-07
locaux;DP;09304821B0642;1;AY;123;93048000AY0123;ancienne;2025-04-01;2022-01-10
locaux;DP;09304822B0016;1;AO;127;93048000AO0127;actuelle;2026-09-01;2022-02-07
locaux;DP;09304822B0024;1;BO;323;93048000BO0323;actuelle;2026-09-01;2022-04-29
locaux;DP;09304822B0037;1;G;165;930480000G0165;actuelle;2026-09-01;2022-03-08
locaux;DP;09304822B0094;1;AT;89;93048000AT0089;actuelle;2026-09-01;2022-04-13
locaux;DP;09304822B0232;1;BF;124;93048000BF0124;actuelle;2026-09-01;2022-08-08
locaux;DP;09304822B0278;1;AF;125;93048000AF0125;actuelle;2026-09-01;2022-07-11
locaux;DP;09304822B0326;1;BO;50;93048000BO0050;actuelle;2026-09-01;2022-10-11
locaux;DP;09304822B0331;1;AL;207;93048000AL0207;actuelle;2026-09-01;2022-08-16
locaux;DP;09304822B0451;1;BC;128;93048000BC0128;actuelle;2026-09-01;2023-10-17
locaux;DP;09304822B0452;1;AQ;334;93048000AQ0334;actuelle;2026-09-01;2022-12-02
locaux;DP;09304822B0503;1;AS;215;93048000AS0215;actuelle;2026-09-01;2023-03-21
locaux;DP;09304822B0511;1;AS;238;93048000AS0238;actuelle;2026-09-01;2023-01-28
locaux;DP;09304822B0511;2;AS;39;93048000AS0039;actuelle;2026-09-01;2023-01-28
locaux;DP;09304822B0511;3;AS;40;93048000AS0040;actuelle;2026-09-01;2023-01-28
locaux;DP;09304822B0527;1;BG;21;93048000BG0021;actuelle;2026-09-01;2023-07-20
locaux;DP;09304822B0528;1;AH;95;93048000AH0095;actuelle;2026-09-01;2023-02-02
locaux;DP;09304822B0532;1;T;1;930480000T0001;actuelle;2026-09-01;2023-02-06
locaux;DP;09304823B0038;1;BL;129;93048000BL0129;actuelle;2026-09-01;2023-03-21
locaux;DP;09304823B0050;1;AZ;21;93048000AZ0021;actuelle;2026-09-01;2023-04-04
locaux;DP;09304823B0061;1;BZ;234;93048000BZ0234;actuelle;2026-09-01;2023-06-05
locaux;DP;09304823B0061;2;BZ;395;93048000BZ0395;actuelle;2026-09-01;2023-06-05
locaux;DP;09304823B0074;1;BI;15;93048000BI0015;actuelle;2026-09-01;2023-03-21
locaux;DP;09304823B0074;2;BI;311;93048000BI0311;actuelle;2026-09-01;2023-03-21
locaux;DP;09304823B0102;1;CG;83;93048000CG0083;actuelle;2026-09-01;2023-05-05
locaux;DP;09304823B0119;1;AZ;117;93048000AZ0117;actuelle;2026-09-01;2023-04-25
locaux;DP;09304823B0119;2;AZ;67;93048000AZ0067;actuelle;2026-09-01;2023-04-25
locaux;DP;09304823B0119;3;AZ;68;93048000AZ0068;actuelle;2026-09-01;2023-04-25
locaux;DP;09304823B0125;1;AD;118;93048000AD0118;actuelle;2026-09-01;2023-04-25
locaux;DP;09304823B0144;1;AK;84;93048000AK0084;actuelle;2026-09-01;2023-05-16
locaux;DP;09304823B0153;1;I;121;930480000I0121;actuelle;2026-09-01;2023-05-05
locaux;DP;09304823B0184;1;CJ;108;93048000CJ0108;actuelle;2026-09-01;2023-08-10
locaux;DP;09304823B0216;1;BT;48;93048000BT0048;actuelle;2026-09-01;2023-12-12
locaux;DP;09304823B0254;1;BS;179;93048000BS0179;ancienne;2023-07-01;2023-07-10
locaux;DP;09304823B0276;1;U;173;930480000U0173;actuelle;2026-09-01;2023-08-08
locaux;DP;09304823B0418;1;BG;18;93048000BG0018;actuelle;2026-09-01;2023-11-16
locaux;DP;09304824B0005;1;BP;84;93048000BP0084;actuelle;2026-09-01;2024-01-29
locaux;DP;09304824B0005;2;BP;82;93048000BP0082;actuelle;2026-09-01;2024-01-29
locaux;DP;09304824B0005;3;BP;85;93048000BP0085;actuelle;2026-09-01;2024-01-29
locaux;DP;09304824B0013;1;AE;248;93048000AE0248;actuelle;2026-09-01;2024-02-26
locaux;DP;09304824B0015;1;AR;116;93048000AR0116;actuelle;2026-09-01;2024-05-17
locaux;DP;09304824B0115;1;AF;126;93048000AF0126;actuelle;2026-09-01;2024-05-22
locaux;DP;09304824B0121;1;CP;180;93048000CP0180;actuelle;2026-09-01;2024-04-23
locaux;DP;09304824B0128;1;BO;100;93048000BO0100;actuelle;2026-09-01;2024-05-10
locaux;DP;09304824B0312;1;BH;100;93048000BH0100;actuelle;2026-09-01;2024-08-22
locaux;DP;09304824B0320;1;AD;82;93048000AD0082;actuelle;2026-09-01;2024-08-07
locaux;DP;09304824B0321;1;AD;82;93048000AD0082;actuelle;2026-09-01;2024-08-07
locaux;DP;09304824B0342;1;AG;116;93048000AG0116;actuelle;2026-09-01;2024-07-24
locaux;DP;09304824B0342;2;AG;154;93048000AG0154;actuelle;2026-09-01;2024-07-24
locaux;DP;09304824B0430;1;AN;551;93048000AN0551;actuelle;2026-09-01;2024-10-22
locaux;DP;09304824B0468;1;BM;26;93048000BM0026;actuelle;2026-09-01;2024-11-26
locaux;DP;09304824B0478;1;BE;12;93048000BE0012;ancienne;2025-01-01;2025-01-06
locaux;DP;09304824B0534;1;AS;108;93048000AS0108;actuelle;2026-09-01;2025-02-04
locaux;DP;09304824B0534;2;AS;249;93048000AS0249;actuelle;2026-09-01;2025-02-04
locaux;DP;09304824B0542;1;BG;6;93048000BG0006;actuelle;2026-09-01;2025-01-02
locaux;DP;09304825B0022;1;O;86;930480000O0086;actuelle;2026-09-01;2025-02-06
locaux;DP;09304825B0022;2;O;86;930480000O0086;actuelle;2026-09-01;2025-02-06
locaux;DP;09304825B0038;1;BV;170;93048000BV0170;actuelle;2026-09-01;2025-04-11
locaux;DP;09304825B0048;1;BJ;199;93048000BJ0199;actuelle;2026-09-01;2025-02-20
locaux;DP;09304825B0058;1;AK;30;93048000AK0030;actuelle;2026-09-01;2025-03-10
locaux;DP;09304825B0067;1;AY;80;93048000AY0080;actuelle;2026-09-01;2025-03-10
locaux;DP;09304825B0095;1;AK;30;93048000AK0030;actuelle;2026-09-01;2025-04-11
locaux;DP;09304825B0106;1;BP;9;93048000BP0009;actuelle;2026-09-01;2025-04-11
locaux;DP;09304825B0106;2;BP;9;93048000BP0009;actuelle;2026-09-01;2025-04-11
locaux;DP;09304825B0130;1;M;178;930480000M0178;actuelle;2026-09-01;2025-04-14
locaux;DP;09304825B0261;1;AY;154;93048000AY0154;actuelle;2026-09-01;2025-09-18
locaux;DP;09304825B0313;1;AT;144;93048000AT0144;actuelle;2026-09-01;2025-07-25
locaux;DP;09304825B0315;1;AF;263;93048000AF0263;actuelle;2026-09-01;2025-09-18
locaux;DP;09304825B0346;1;AM;27;93048000AM0027;actuelle;2026-09-01;2025-10-28
locaux;DP;09304825B0346;2;AM;28;93048000AM0028;actuelle;2026-09-01;2025-10-28
locaux;DP;09304825B0346;3;AM;122;93048000AM0122;actuelle;2026-09-01;2025-10-28
locaux;DP;09304825B0359;1;AZ;194;93048000AZ0194;actuelle;2026-09-01;2025-09-23
locaux;DP;09304825B0430;1;BT;23;93048000BT0023;actuelle;2026-09-01;2025-12-16
locaux;DP;09304825B0430;2;BT;24;93048000BT0024;actuelle;2026-09-01;2025-12-16
locaux;DP;09304825B0441;1;P;14;930480000P0014;actuelle;2026-09-01;2025-10-29
locaux;DP;09304825B0446;1;AE;262;93048000AE0262;actuelle;2026-09-01;2026-02-04
locaux;DP;09304825B0480;1;E;169;930480000E0169;actuelle;2026-09-01;2026-02-24
locaux;DP;09304825B0551;1;AX;57;93048000AX0057;actuelle;2026-09-01;2026-01-22
locaux;DP;09304826B0006;1;BO;23;93048000BO0023;actuelle;2026-09-01;2026-02-09
locaux;DP;09304826B0035;1;CD;182;93048000CD0182;actuelle;2026-09-01;2026-03-10
locaux;DP;09304826B0035;2;CD;183;93048000CD0183;actuelle;2026-09-01;2026-03-10
locaux;DP;09304826B0035;3;CD;255;93048000CD0255;actuelle;2026-09-01;2026-03-10
locaux;DP;09304826B0135;1;AI;285;93048000AI0285;actuelle;2026-09-01;2026-06-24
locaux;DP;09304826B0136;1;AQ;21;93048000AQ0021;actuelle;2026-09-01;2026-04-27
locaux;DP;09304826B0156;1;AY;58;93048000AY0058;actuelle;2026-09-01;2026-06-01
locaux;DP;09304826B0223;1;BH;173;93048000BH0173;actuelle;2026-09-01;2026-06-12
locaux;DP;09304826B0353;1;BY;78;93048000BY0078;actuelle;2026-09-01;2026-08-27
locaux;DP;09304826B0353;2;BY;150;93048000BY0150;actuelle;2026-09-01;2026-08-27
locaux;DP;09304826B0358;1;AL;47;93048000AL0047;actuelle;2026-09-01;2026-08-11
amenager;PA;09304825B0001;1;AR;229;93048000AR0229;actuelle;2026-09-01;2025-07-18
amenager;PA;09304825B0001;2;AR;236;93048000AR0236;actuelle;2026-09-01;2025-07-18
amenager;PA;09304825B0001;3;BN;15;93048000BN0015;actuelle;2026-09-01;2025-07-18
amenager;PA;09304824B0002;1;U;167;930480000U0167;ancienne;2026-03-01;2025-01-02
amenager;PA;09304824B0001;1;AH;172;93048000AH0172;ancienne;2024-01-01;2024-12-06
amenager;PA;09304824B0001;2;AG;228;93048000AG0228;actuelle;2026-09-01;2024-12-06
amenager;PA;09304824B0001;3;AG;224;93048000AG0224;actuelle;2026-09-01;2024-12-06
amenager;PA;09304823B0001;1;BQ;63;93048000BQ0063;ancienne;2024-10-01;2023-04-11
amenager;PA;09304821B0002;1;BZ;227;93048000BZ0227;actuelle;2026-09-01;2021-12-02
amenager;PA;09304821B0002;2;BZ;228;93048000BZ0228;actuelle;2026-09-01;2021-12-02
amenager;PA;09304821B0002;3;BZ;229;93048000BZ0229;actuelle;2026-09-01;2021-12-02
amenager;PA;09304821B0001;1;BZ;369;93048000BZ0369;actuelle;2026-09-01;2021-07-09
amenager;PA;09304821B0001;2;BZ;549;93048000BZ0549;actuelle;2026-09-01;2021-07-09
amenager;PA;09304821B0001;3;BZ;552;93048000BZ0552;actuelle;2026-09-01;2021-07-09
amenager;PA;09304820B0003;1;BZ;402;93048000BZ0402;actuelle;2026-09-01;2021-05-25
amenager;PA;09304820B0003;2;BZ;329;93048000BZ0329;actuelle;2026-09-01;2021-05-25
amenager;PA;09304820B0003;3;BZ;288;93048000BZ0288;actuelle;2026-09-01;2021-05-25
amenager;PA;09304820B0002;1;AT;98;93048000AT0098;ancienne;2022-04-01;2021-02-16
amenager;PA;09304819B0002;1;AI;114;93048000AI0114;ancienne;2020-01-01;2019-05-21
amenager;PA;09304813B0001;1;AV;30;93048000AV0030;introuvable;;2013-12-19
demolir;PD;09304826B0027;1;T;25;930480000T0025;actuelle;2026-09-01;2026-08-27
demolir;PD;09304826B0026;1;Z;314;930480000Z0314;actuelle;2026-09-01;2026-08-11
demolir;PD;09304826B0023;1;BR;132;93048000BR0132;actuelle;2026-09-01;2026-07-24
demolir;PD;09304826B0023;2;BR;320;93048000BR0320;actuelle;2026-09-01;2026-07-24
demolir;PD;09304826B0022;1;CQ;265;93048000CQ0265;actuelle;2026-09-01;2026-07-30
demolir;PD;09304826B0022;2;CQ;289;93048000CQ0289;actuelle;2026-09-01;2026-07-30
demolir;PD;09304826B0021;1;CG;1;93048000CG0001;introuvable;;2026-07-20
demolir;PD;09304826B0020;1;J;413;930480000J0413;actuelle;2026-09-01;2026-07-20
demolir;PD;09304826B0018;1;AK;100;93048000AK0100;actuelle;2026-09-01;2026-06-25
demolir;PD;09304826B0017;1;BM;215;93048000BM0215;actuelle;2026-09-01;2026-07-20
demolir;PD;09304826B0016;1;AF;196;93048000AF0196;actuelle;2026-09-01;2026-06-10
demolir;PD;09304826B0014;1;AU;2;93048000AU0002;actuelle;2026-09-01;2026-05-11
demolir;PD;09304826B0013;1;Q;8;930480000Q0008;actuelle;2026-09-01;2026-05-13
demolir;PD;09304826B0012;1;CE;178;93048000CE0178;actuelle;2026-09-01;2026-05-26
demolir;PD;09304826B0011;1;Z;241;930480000Z0241;actuelle;2026-09-01;2026-05-05
demolir;PD;09304826B0010;1;BG;55;93048000BG0055;actuelle;2026-09-01;2026-05-12
demolir;PD;09304826B0009;1;AX;13;93048000AX0013;actuelle;2026-09-01;2026-05-11
demolir;PD;09304826B0008;1;BN;100;93048000BN0100;actuelle;2026-09-01;2026-04-17
demolir;PD;09304826B0007;1;AY;16;93048000AY0016;actuelle;2026-09-01;2026-05-05
demolir;PD;09304826B0006;1;Z;332;930480000Z0332;actuelle;2026-09-01;2026-04-15
demolir;PD;09304826B0005;1;BK;226;93048000BK0226;actuelle;2026-09-01;2026-05-12
demolir;PD;09304826B0004;1;BK;257;93048000BK0257;actuelle;2026-09-01;2026-04-17
demolir;PD;09304826B0003;1;BP;68;93048000BP0068;actuelle;2026-09-01;2026-03-13
demolir;PD;09304826B0001;1;AY;88;93048000AY0088;actuelle;2026-09-01;2026-02-24
demolir;PD;09304825B0042;1;CG;51;93048000CG0051;actuelle;2026-09-01;2025-12-24
demolir;PD;09304825B0041;1;AR;205;93048000AR0205;actuelle;2026-09-01;2025-12-24
demolir;PD;09304825B0039;1;CD;412;93048000CD0412;actuelle;2026-09-01;2025-12-24
demolir;PD;09304825B0038;1;BR;203;93048000BR0203;actuelle;2026-09-01;2025-12-02
demolir;PD;09304825B0037;1;X;63;930480000X0063;actuelle;2026-09-01;2025-11-17
demolir;PD;09304825B0036;1;BO;362;93048000BO0362;actuelle;2026-09-01;2025-11-17
demolir;PD;09304825B0035;1;M;87;930480000M0087;actuelle;2026-09-01;2025-11-06
demolir;PD;09304825B0034;1;BT;23;93048000BT0023;actuelle;2026-09-01;2025-10-29
demolir;PD;09304825B0034;2;BT;25;93048000BT0025;actuelle;2026-09-01;2025-10-29
demolir;PD;09304825B0033;1;Y;181;930480000Y0181;actuelle;2026-09-01;2025-11-12
demolir;PD;09304825B0031;1;AQ;118;93048000AQ0118;actuelle;2026-09-01;2025-09-18
demolir;PD;09304825B0030;1;BJ;96;93048000BJ0096;actuelle;2026-09-01;2025-10-10
demolir;PD;09304825B0029;1;CO;191;93048000CO0191;actuelle;2026-09-01;2025-10-21
demolir;PD;09304825B0028;1;CP;180;93048000CP0180;actuelle;2026-09-01;2025-11-17
demolir;PD;09304825B0027;1;AL;184;93048000AL0184;actuelle;2026-09-01;2025-09-02
demolir;PD;09304825B0027;2;AL;208;93048000AL0208;actuelle;2026-09-01;2025-09-02
demolir;PD;09304825B0027;3;AO;259;93048000AO0259;actuelle;2026-09-01;2025-09-02
demolir;PD;09304825B0026;1;BK;273;93048000BK0273;actuelle;2026-09-01;2025-10-13
demolir;PD;09304825B0025;1;AP;73;93048000AP0073;actuelle;2026-09-01;2025-08-13
demolir;PD;09304825B0023;1;AC;68;93048000AC0068;actuelle;2026-09-01;2025-08-11
demolir;PD;09304825B0022;1;D;91;930480000D0091;actuelle;2026-09-01;2025-07-25
demolir;PD;09304825B0021;1;Q;157;930480000Q0157;actuelle;2026-09-01;2025-08-05
demolir;PD;09304825B0020;1;CQ;57;93048000CQ0057;actuelle;2026-09-01;2025-07-25
demolir;PD;09304825B0019;1;AI;61;93048000AI0061;actuelle;2026-09-01;2025-07-25
demolir;PD;09304825B0018;1;CD;128;93048000CD0128;actuelle;2026-09-01;2025-07-02
demolir;PD;09304825B0017;1;N;16;930480000N0016;actuelle;2026-09-01;2025-07-03
demolir;PD;09304825B0016;1;BX;13;93048000BX0013;actuelle;2026-09-01;2025-07-08
demolir;PD;09304825B0015;1;AN;546;93048000AN0546;actuelle;2026-09-01;2025-06-20
demolir;PD;09304825B0014;1;AR;156;93048000AR0156;actuelle;2026-09-01;2025-07-02
demolir;PD;09304825B0013;1;BJ;96;93048000BJ0096;actuelle;2026-09-01;2025-07-03
demolir;PD;09304825B0010;1;Z;466;930480000Z0466;actuelle;2026-09-01;2025-05-21
demolir;PD;09304825B0009;1;BP;104;93048000BP0104;actuelle;2026-09-01;2025-05-07
demolir;PD;09304825B0008;1;BP;154;93048000BP0154;actuelle;2026-09-01;2025-04-11
demolir;PD;09304825B0006;1;O;400;930480000O0400;actuelle;2026-09-01;2025-03-10
demolir;PD;09304825B0005;1;BU;162;93048000BU0162;actuelle;2026-09-01;2025-02-24
demolir;PD;09304825B0004;1;BP;217;93048000BP0217;actuelle;2026-09-01;2025-02-20
demolir;PD;09304825B0004;2;BP;217;93048000BP0217;actuelle;2026-09-01;2025-02-20
demolir;PD;09304825B0004;3;BP;230;93048000BP0230;actuelle;2026-09-01;2025-02-20
demolir;PD;09304825B0003;1;AQ;406;93048000AQ0406;actuelle;2026-09-01;2025-02-20
demolir;PD;09304825B0002;1;K;138;930480000K0138;actuelle;2026-09-01;2025-02-17
demolir;PD;09304825B0001;1;BS;58;93048000BS0058;actuelle;2026-09-01;2025-02-04
demolir;PD;09304824B0038;1;AE;304;93048000AE0304;actuelle;2026-09-01;2025-01-23
demolir;PD;09304824B0037;1;BV;10;93048000BV0010;actuelle;2026-09-01;2025-02-18
demolir;PD;09304824B0036;1;AB;83;93048000AB0083;actuelle;2026-09-01;2025-01-02
demolir;PD;09304824B0035;1;AT;47;93048000AT0047;actuelle;2026-09-01;2025-02-07
demolir;PD;09304824B0034;1;AV;10;93048000AV0010;actuelle;2026-09-01;2024-12-13
demolir;PD;09304824B0032;1;CR;157;93048000CR0157;actuelle;2026-09-01;2024-11-12
demolir;PD;09304824B0031;1;D;292;930480000D0292;actuelle;2026-09-01;2024-11-04
demolir;PD;09304824B0030;1;AY;51;93048000AY0051;actuelle;2026-09-01;2024-11-12
demolir;PD;09304824B0028;1;CF;30;93048000CF0030;ancienne;2026-06-01;2024-10-09
demolir;PD;09304824B0027;1;OC;144;93048000OC0144;introuvable;;2024-10-21
demolir;PD;09304824B0026;1;AZ;51;93048000AZ0051;actuelle;2026-09-01;2024-11-04
demolir;PD;09304824B0026;2;AZ;242;93048000AZ0242;actuelle;2026-09-01;2024-11-04
demolir;PD;09304824B0026;3;AZ;50;93048000AZ0050;actuelle;2026-09-01;2024-11-04
demolir;PD;09304824B0024;1;BK;282;93048000BK0282;actuelle;2026-09-01;2024-10-28
demolir;PD;09304824B0023;1;D;99;930480000D0099;actuelle;2026-09-01;2024-09-24
demolir;PD;09304824B0022;1;E;183;930480000E0183;actuelle;2026-09-01;2024-09-09
demolir;PD;09304824B0021;1;AY;223;93048000AY0223;actuelle;2026-09-01;2024-08-27
demolir;PD;09304824B0021;2;AY;240;93048000AY0240;actuelle;2026-09-01;2024-08-27
demolir;PD;09304824B0021;3;AY;102;93048000AY0102;actuelle;2026-09-01;2024-08-27
demolir;PD;09304824B0020;1;AY;64;93048000AY0064;actuelle;2026-09-01;2024-08-20
demolir;PD;09304824B0020;2;AY;69;93048000AY0069;actuelle;2026-09-01;2024-08-20
demolir;PD;09304824B0020;3;AY;68;93048000AY0068;actuelle;2026-09-01;2024-08-20
demolir;PD;09304824B0019;1;AY;118;93048000AY0118;actuelle;2026-09-01;2024-09-17
demolir;PD;09304824B0019;2;AY;117;93048000AY0117;actuelle;2026-09-01;2024-09-17
demolir;PD;09304824B0019;3;AY;228;93048000AY0228;actuelle;2026-09-01;2024-09-17
demolir;PD;09304824B0018;1;AH;187;93048000AH0187;actuelle;2026-09-01;2024-10-22
demolir;PD;09304824B0017;1;R;77;930480000R0077;actuelle;2026-09-01;2024-08-29
demolir;PD;09304824B0017;2;R;201;930480000R0201;actuelle;2026-09-01;2024-08-29
demolir;PD;09304824B0015;1;AG;15;93048000AG0015;actuelle;2026-09-01;2024-08-22
demolir;PD;09304824B0014;1;CQ;67;93048000CQ0067;actuelle;2026-09-01;2024-08-08
demolir;PD;09304824B0012;1;D;100;930480000D0100;actuelle;2026-09-01;2024-10-07
demolir;PD;09304824B0011;1;BJ;213;93048000BJ0213;actuelle;2026-09-01;2024-07-26
demolir;PD;09304824B0010;1;AE;126;93048000AE0126;actuelle;2026-09-01;2024-07-04
demolir;PD;09304824B0009;1;CL;197;93048000CL0197;actuelle;2026-09-01;2024-05-13
demolir;PD;09304824B0008;1;Z;18;930480000Z0018;actuelle;2026-09-01;2024-07-02
demolir;PD;09304824B0007;1;BP;125;93048000BP0125;actuelle;2026-09-01;2024-05-22
demolir;PD;09304824B0007;2;BP;125;93048000BP0125;actuelle;2026-09-01;2024-05-22
demolir;PD;09304824B0007;3;BP;131;93048000BP0131;actuelle;2026-09-01;2024-05-22
demolir;PD;09304824B0006;1;AK;97;93048000AK0097;ancienne;2025-04-01;2024-05-06
demolir;PD;09304824B0006;2;AK;97;93048000AK0097;ancienne;2025-04-01;2024-05-06
demolir;PD;09304824B0005;1;D;58;930480000D0058;actuelle;2026-09-01;2024-04-22
demolir;PD;09304824B0005;2;D;58;930480000D0058;actuelle;2026-09-01;2024-04-22
demolir;PD;09304824B0004;1;BK;74;93048000BK0074;actuelle;2026-09-01;2024-04-05
demolir;PD;09304824B0003;1;O;407;930480000O0407;actuelle;2026-09-01;2024-03-08
demolir;PD;09304824B0003;2;O;407;930480000O0407;actuelle;2026-09-01;2024-03-08
demolir;PD;09304824B0001;1;P;66;930480000P0066;actuelle;2026-09-01;2024-03-28
demolir;PD;09304823B0019;1;E;55;930480000E0055;ancienne;2023-07-01;2023-11-02
demolir;PD;09304823B0019;2;E;217;930480000E0217;ancienne;2023-07-01;2023-11-02
demolir;PD;09304823B0019;3;E;218;930480000E0218;ancienne;2023-07-01;2023-11-02
demolir;PD;09304823B0018;1;CM;217;93048000CM0217;actuelle;2026-09-01;2023-11-30
demolir;PD;09304823B0017;1;CJ;48;93048000CJ0048;actuelle;2026-09-01;2023-10-20
demolir;PD;09304823B0016;1;AD;30;93048000AD0030;actuelle;2026-09-01;2023-10-17
demolir;PD;09304823B0015;1;AP;353;93048000AP0353;actuelle;2026-09-01;2023-10-04
demolir;PD;09304823B0014;1;AE;248;93048000AE0248;actuelle;2026-09-01;2023-11-11
demolir;PD;09304823B0013;1;B;49;930480000B0049;actuelle;2026-09-01;2023-07-12
demolir;PD;09304823B0012;1;BS;66;93048000BS0066;actuelle;2026-09-01;2023-07-27
demolir;PD;09304823B0011;1;AM;213;93048000AM0213;actuelle;2026-09-01;2023-08-09
demolir;PD;09304823B0010;1;CH;4;93048000CH0004;actuelle;2026-09-01;2023-07-10
demolir;PD;09304823B0009;1;BT;172;93048000BT0172;actuelle;2026-09-01;2023-06-05
demolir;PD;09304823B0008;1;Z;21;930480000Z0021;actuelle;2026-09-01;2023-06-23
demolir;PD;09304823B0007;1;K;180;930480000K0180;actuelle;2026-09-01;2023-04-12
demolir;PD;09304823B0007;2;K;193;930480000K0193;actuelle;2026-09-01;2023-04-12
demolir;PD;09304823B0006;1;AT;100;93048000AT0100;actuelle;2026-09-01;2023-05-22
demolir;PD;09304823B0005;1;CI;204;93048000CI0204;actuelle;2026-09-01;2023-06-06
demolir;PD;09304823B0005;2;CI;204;93048000CI0204;actuelle;2026-09-01;2023-06-06
demolir;PD;09304823B0004;1;E;59;930480000E0059;actuelle;2026-09-01;2023-07-11
demolir;PD;09304823B0003;1;E;103;930480000E0103;actuelle;2026-09-01;2023-03-30
demolir;PD;09304823B0002;1;BH;177;93048000BH0177;actuelle;2026-09-01;2023-04-07
demolir;PD;09304823B0001;1;D;262;930480000D0262;ancienne;2025-01-01;2023-01-27
demolir;PD;0930482300011;1;AM;213;93048000AM0213;actuelle;2026-09-01;2023-08-08
demolir;PD;09304822B0016;1;BK;74;93048000BK0074;actuelle;2026-09-01;2023-03-27
demolir;PD;09304822B0015;1;AO;126;93048000AO0126;actuelle;2026-09-01;2022-12-30
demolir;PD;09304822B0014;1;Q;204;930480000Q0204;actuelle;2026-09-01;2022-12-02
demolir;PD;09304822B0012;1;AG;187;93048000AG0187;actuelle;2026-09-01;2022-12-05
demolir;PD;09304822B0011;1;BS;63;93048000BS0063;actuelle;2026-09-01;2022-07-19
demolir;PD;09304822B0011;2;BS;63;93048000BS0063;actuelle;2026-09-01;2022-07-19
demolir;PD;09304822B0010;1;BG;64;93048000BG0064;actuelle;2026-09-01;2022-08-12
demolir;PD;09304822B0009;1;AI;259;93048000AI0259;actuelle;2026-09-01;2022-07-11
demolir;PD;09304822B0008;1;BS;64;93048000BS0064;actuelle;2026-09-01;2022-05-31
demolir;PD;09304822B0007;1;S;116;930480000S0116;actuelle;2026-09-01;2022-06-03
demolir;PD;09304822B0007;2;S;117;930480000S0117;actuelle;2026-09-01;2022-06-03
demolir;PD;09304822B0006;1;AU;123;93048000AU0123;actuelle;2026-09-01;2022-06-10
demolir;PD;09304822B0006;2;AU;78;93048000AU0078;actuelle;2026-09-01;2022-06-10
demolir;PD;09304822B0006;3;AU;165;93048000AU0165;actuelle;2026-09-01;2022-06-10
demolir;PD;09304822B0005;1;Q;90;930480000Q0090;actuelle;2026-09-01;2022-05-04
demolir;PD;09304822B0005;2;Q;90;930480000Q0090;actuelle;2026-09-01;2022-05-04
demolir;PD;09304822B0004;1;P;115;930480000P0115;actuelle;2026-09-01;2022-03-28
demolir;PD;09304822B0003;1;X;124;930480000X0124;actuelle;2026-09-01;2022-03-22
demolir;PD;09304822B0001;1;AM;213;93048000AM0213;actuelle;2026-09-01;2022-02-18
demolir;PD;09304821B0028;1;AM;213;93048000AM0213;actuelle;2026-09-01;2022-02-16
demolir;PD;09304821B0026;1;BC;65;93048000BC0065;actuelle;2026-09-01;2021-10-29
demolir;PD;09304821B0026;2;BC;125;93048000BC0125;actuelle;2026-09-01;2021-10-29
demolir;PD;09304821B0025;1;AT;25;93048000AT0025;ancienne;2024-01-01;2021-07-28
demolir;PD;09304821B0024;1;Z;227;930480000Z0227;actuelle;2026-09-01;2021-08-03
demolir;PD;09304821B0023;1;BS;20;93048000BS0020;actuelle;2026-09-01;2021-07-09
demolir;PD;09304821B0022;1;BF;38;93048000BF0038;actuelle;2026-09-01;2021-07-08
demolir;PD;09304821B0021;1;B;312;930480000B0312;actuelle;2026-09-01;2021-06-10
demolir;PD;09304821B0020;1;M;107;930480000M0107;actuelle;2026-09-01;2021-06-21
demolir;PD;09304821B0019;1;L;115;930480000L0115;actuelle;2026-09-01;2021-05-31
demolir;PD;09304821B0018;1;E;65;930480000E0065;actuelle;2026-09-01;2021-06-01
demolir;PD;09304821B0018;2;E;66;930480000E0066;ancienne;2023-07-01;2021-06-01
demolir;PD;09304821B0018;3;E;73;930480000E0073;ancienne;2023-07-01;2021-06-01
demolir;PD;09304821B0017;1;F;9;930480000F0009;ancienne;2025-01-01;2021-06-03
demolir;PD;09304821B0017;2;F;10;930480000F0010;ancienne;2025-01-01;2021-06-03
demolir;PD;09304821B0017;3;F;11;930480000F0011;ancienne;2025-01-01;2021-06-03
demolir;PD;09304821B0015;1;F;12;930480000F0012;ancienne;2025-01-01;2021-07-08
demolir;PD;09304821B0015;2;F;13;930480000F0013;ancienne;2025-01-01;2021-07-08
demolir;PD;09304821B0015;3;F;20;930480000F0020;ancienne;2025-01-01;2021-07-08
demolir;PD;09304821B0014;1;E;206;930480000E0206;ancienne;2023-04-01;2021-05-25
demolir;PD;09304821B0014;2;E;91;930480000E0091;ancienne;2023-04-01;2021-05-25
demolir;PD;09304821B0013;1;E;80;930480000E0080;ancienne;2023-04-01;2021-06-15
demolir;PD;09304821B0013;2;E;81;930480000E0081;ancienne;2023-04-01;2021-06-15
demolir;PD;09304821B0011;1;CL;145;93048000CL0145;ancienne;2022-04-01;2021-06-01
demolir;PD;09304821B0010;1;E;78;930480000E0078;ancienne;2023-04-01;2021-05-05
demolir;PD;09304821B0009;1;E;79;930480000E0079;ancienne;2023-04-01;2021-05-04
demolir;PD;09304821B0008;1;E;77;930480000E0077;ancienne;2023-04-01;2021-05-03
demolir;PD;09304821B0007;1;E;76;930480000E0076;ancienne;2023-04-01;2021-05-17
demolir;PD;09304821B0006;1;AY;122;93048000AY0122;actuelle;2026-09-01;2021-04-09
demolir;PD;09304821B0006;2;AY;123;93048000AY0123;ancienne;2025-04-01;2021-04-09
demolir;PD;09304821B0006;3;AY;121;93048000AY0121;actuelle;2026-09-01;2021-04-09
demolir;PD;09304821B0005;1;X;108;930480000X0108;actuelle;2026-09-01;2021-03-09
demolir;PD;09304821B0004;1;AM;213;93048000AM0213;actuelle;2026-09-01;2021-04-21
demolir;PD;09304821B0003;1;BK;222;93048000BK0222;actuelle;2026-09-01;2021-05-25
demolir;PD;09304821B0002;1;AT;155;93048000AT0155;actuelle;2026-09-01;2021-03-09
demolir;PD;09304821B0001;1;AZ;56;93048000AZ0056;ancienne;2021-02-01;2021-02-09
demolir;PD;09304820B0028;1;BJ;22;93048000BJ0022;actuelle;2026-09-01;2021-02-01
demolir;PD;09304820B0027;1;AT;98;93048000AT0098;ancienne;2022-04-01;2020-12-04
demolir;PD;09304820B0026;1;O;294;930480000O0294;actuelle;2026-09-01;2020-10-23
demolir;PD;09304820B0026;2;O;311;930480000O0311;actuelle;2026-09-01;2020-10-23
demolir;PD;09304820B0026;3;O;312;930480000O0312;actuelle;2026-09-01;2020-10-23
demolir;PD;09304820B0025;1;K;111;930480000K0111;actuelle;2026-09-01;2020-10-28
demolir;PD;09304820B0024;1;AG;197;93048000AG0197;actuelle;2026-09-01;2021-07-08
demolir;PD;09304820B0023;1;CQ;178;93048000CQ0178;actuelle;2026-09-01;2020-10-12
demolir;PD;09304820B0023;2;CQ;370;93048000CQ0370;actuelle;2026-09-01;2020-10-12
demolir;PD;09304820B0022;1;CQ;69;93048000CQ0069;actuelle;2026-09-01;2020-11-09
demolir;PD;09304820B0022;2;CQ;70;93048000CQ0070;actuelle;2026-09-01;2020-11-09
demolir;PD;09304820B0022;3;CQ;77;93048000CQ0077;actuelle;2026-09-01;2020-11-09
demolir;PD;09304820B0021;1;CQ;174;93048000CQ0174;actuelle;2026-09-01;2020-10-22
demolir;PD;09304820B0020;1;CQ;363;93048000CQ0363;actuelle;2026-09-01;2020-10-12
demolir;PD;09304820B0020;2;CQ;364;93048000CQ0364;actuelle;2026-09-01;2020-10-12
demolir;PD;09304820B0019;1;CR;347;93048000CR0347;actuelle;2026-09-01;2020-10-07
demolir;PD;09304820B0019;2;CR;348;93048000CR0348;actuelle;2026-09-01;2020-10-07
demolir;PD;09304820B0018;1;CR;154;93048000CR0154;actuelle;2026-09-01;2020-11-09
demolir;PD;09304820B0018;2;CR;369;93048000CR0369;actuelle;2026-09-01;2020-11-09
demolir;PD;09304820B0018;3;CR;370;93048000CR0370;actuelle;2026-09-01;2020-11-09
demolir;PD;09304820B0017;1;CQ;175;93048000CQ0175;actuelle;2026-09-01;2020-10-02
demolir;PD;09304820B0017;2;CQ;176;93048000CQ0176;actuelle;2026-09-01;2020-10-02
demolir;PD;09304820B0016;1;CQ;177;93048000CQ0177;actuelle;2026-09-01;2020-10-12
demolir;PD;09304820B0015;1;CR;379;93048000CR0379;actuelle;2026-09-01;2020-10-01
demolir;PD;09304820B0015;2;CR;380;93048000CR0380;actuelle;2026-09-01;2020-10-01
demolir;PD;09304820B0014;1;E;55;930480000E0055;ancienne;2023-07-01;2020-08-10
demolir;PD;09304820B0014;2;E;217;930480000E0217;ancienne;2023-07-01;2020-08-10
demolir;PD;09304820B0014;3;E;218;930480000E0218;ancienne;2023-07-01;2020-08-10
demolir;PD;09304820B0013;1;F;22;930480000F0022;actuelle;2026-09-01;2020-08-14
demolir;PD;09304820B0013;2;F;21;930480000F0021;actuelle;2026-09-01;2020-08-14
demolir;PD;09304820B0013;3;CK;219;93048000CK0219;actuelle;2026-09-01;2020-08-14
demolir;PD;09304820B0011;1;AX;2;93048000AX0002;actuelle;2026-09-01;2020-12-04
demolir;PD;09304820B0011;2;AX;3;93048000AX0003;actuelle;2026-09-01;2020-12-04
demolir;PD;09304820B0011;3;AX;4;93048000AX0004;actuelle;2026-09-01;2020-12-04
demolir;PD;09304820B0010;1;N;210;930480000N0210;actuelle;2026-09-01;2020-07-10
demolir;PD;09304820B0010;2;N;225;930480000N0225;actuelle;2026-09-01;2020-07-10
demolir;PD;09304820B0009;1;BZ;245;93048000BZ0245;actuelle;2026-09-01;2020-08-10
demolir;PD;09304820B0009;2;BZ;463;93048000BZ0463;actuelle;2026-09-01;2020-08-10
demolir;PD;09304820B0008;1;AY;26;93048000AY0026;ancienne;2023-07-01;2020-06-26
demolir;PD;09304820B0008;2;AY;27;93048000AY0027;actuelle;2026-09-01;2020-06-26
demolir;PD;09304820B0008;3;AY;28;93048000AY0028;ancienne;2020-01-01;2020-06-26
demolir;PD;09304820B0007;1;CQ;359;93048000CQ0359;actuelle;2026-09-01;2020-07-24
demolir;PD;09304820B0007;2;CQ;360;93048000CQ0360;actuelle;2026-09-01;2020-07-24
demolir;PD;09304820B0006;1;AY;58;93048000AY0058;actuelle;2026-09-01;2020-07-15
demolir;PD;09304820B0005;1;E;83;930480000E0083;ancienne;2023-04-01;2020-06-26
demolir;PD;09304820B0005;2;E;84;930480000E0084;ancienne;2023-04-01;2020-06-26
demolir;PD;09304820B0005;3;E;85;930480000E0085;ancienne;2021-02-01;2020-06-26
demolir;PD;09304820B0002;1;CI;142;93048000CI0142;actuelle;2026-09-01;2020-02-05
demolir;PD;09304820B0001;1;Z;7;930480000Z0007;actuelle;2026-09-01;2020-01-31
demolir;PD;09304819B0016;1;AF;154;93048000AF0154;actuelle;2026-09-01;2020-06-26
demolir;PD;09304819B0015;1;Q;58;930480000Q0058;ancienne;2020-01-01;2019-12-03
demolir;PD;09304819B0014;1;CD;182;93048000CD0182;actuelle;2026-09-01;2019-12-04
demolir;PD;09304819B0014;2;CD;183;93048000CD0183;actuelle;2026-09-01;2019-12-04
demolir;PD;09304819B0014;3;CD;223;93048000CD0223;ancienne;2020-01-01;2019-12-04
demolir;PD;09304819B0013;1;CM;8;93048000CM0008;actuelle;2026-09-01;2019-10-29
demolir;PD;09304819B0012;1;CQ;334;93048000CQ0334;actuelle;2026-09-01;2019-10-30
demolir;PD;09304819B0010;1;R;97;930480000R0097;actuelle;2026-09-01;2019-10-23
demolir;PD;09304819B0009;1;BI;217;93048000BI0217;actuelle;2026-09-01;2019-11-26
demolir;PD;09304819B0009;2;BI;218;93048000BI0218;actuelle;2026-09-01;2019-11-26
demolir;PD;09304819B0008;1;BZ;89;93048000BZ0089;actuelle;2026-09-01;2019-10-04
demolir;PD;09304819B0007;1;AF;153;93048000AF0153;actuelle;2026-09-01;2019-10-18
demolir;PD;09304819B0006;1;BQ;1;93048000BQ0001;actuelle;2026-09-01;2019-08-13
demolir;PD;09304819B0005;1;X;68;930480000X0068;actuelle;2026-09-01;2019-07-25
demolir;PD;09304819B0004;1;AH;45;93048000AH0045;actuelle;2026-09-01;2019-10-09
demolir;PD;09304819B0003;1;CM;285;93048000CM0285;actuelle;2026-09-01;2019-07-19
demolir;PD;09304819B0002;1;BX;92;93048000BX0092;actuelle;2026-09-01;2019-05-20
demolir;PD;09304819B0001;1;I;57;930480000I0057;actuelle;2026-09-01;2019-03-08
demolir;PD;09304818B0020;1;AT;18;93048000AT0018;actuelle;2026-09-01;2018-12-17
demolir;PD;09304818B0019;1;B;89;930480000B0089;actuelle;2026-09-01;2018-12-03
demolir;PD;09304818B0018;1;BL;75;93048000BL0075;actuelle;2026-09-01;2018-12-21
demolir;PD;09304818B0017;1;BH;101;93048000BH0101;actuelle;2026-09-01;2019-01-18
demolir;PD;09304818B0017;2;BH;100;93048000BH0100;actuelle;2026-09-01;2019-01-18
demolir;PD;09304818B0016;1;CD;141;93048000CD0141;actuelle;2026-09-01;2018-10-23
demolir;PD;09304818B0014;1;BC;59;93048000BC0059;actuelle;2026-09-01;2018-10-23
demolir;PD;09304818B0014;2;BC;60;93048000BC0060;actuelle;2026-09-01;2018-10-23
demolir;PD;09304818B0013;1;CH;103;93048000CH0103;actuelle;2026-09-01;2018-08-03
demolir;PD;09304818B0012;1;AP;33;93048000AP0033;actuelle;2026-09-01;2018-08-03
demolir;PD;09304818B0012;2;AP;34;93048000AP0034;actuelle;2026-09-01;2018-08-03
demolir;PD;09304818B0011;1;A;123;930480000A0123;actuelle;2026-09-01;2018-07-25
demolir;PD;09304818B0010;1;AZ;66;93048000AZ0066;ancienne;2021-04-01;2018-06-27
demolir;PD;09304818B0010;2;AZ;62;93048000AZ0062;ancienne;2021-04-01;2018-06-27
demolir;PD;09304818B0010;3;AZ;63;93048000AZ0063;actuelle;2026-09-01;2018-06-27
demolir;PD;09304818B0009;1;O;220;930480000O0220;actuelle;2026-09-01;2018-06-28
demolir;PD;09304818B0008;1;CK;127;93048000CK0127;actuelle;2026-09-01;2018-06-18
demolir;PD;09304818B0007;1;AI;66;93048000AI0066;actuelle;2026-09-01;2018-06-21
demolir;PD;09304818B0007;2;AI;65;93048000AI0065;actuelle;2026-09-01;2018-06-21
demolir;PD;09304818B0006;1;CG;4;93048000CG0004;actuelle;2026-09-01;2018-05-22
demolir;PD;09304818B0005;1;C;148;930480000C0148;actuelle;2026-09-01;2018-04-13
demolir;PD;09304818B0004;1;AU;15;93048000AU0015;actuelle;2026-09-01;2018-04-11
demolir;PD;09304818B0003;1;AD;82;93048000AD0082;actuelle;2026-09-01;2018-03-06
demolir;PD;09304818B0003;2;AD;85;93048000AD0085;actuelle;2026-09-01;2018-03-06
demolir;PD;09304818B0003;3;AD;230;93048000AD0230;actuelle;2026-09-01;2018-03-06
demolir;PD;09304818B0002;1;E;206;930480000E0206;ancienne;2023-04-01;2018-03-06
demolir;PD;09304818B0001;1;CR;167;93048000CR0167;actuelle;2026-09-01;2018-02-05
demolir;PD;09304817B0016;1;AZ;199;93048000AZ0199;actuelle;2026-09-01;2017-12-19
demolir;PD;09304817B0015;1;D;296;930480000D0296;actuelle;2026-09-01;2017-12-08
demolir;PD;09304817B0015;2;D;297;930480000D0297;actuelle;2026-09-01;2017-12-08
demolir;PD;09304817B0013;1;BU;28;93048000BU0028;ancienne;2019-01-01;2017-12-18
demolir;PD;09304817B0012;1;M;272;930480000M0272;actuelle;2026-09-01;2017-12-12
demolir;PD;09304817B0011;1;BR;114;93048000BR0114;actuelle;2026-09-01;2017-10-13
demolir;PD;09304817B0010;1;AU;12;93048000AU0012;ancienne;2020-01-01;2017-08-10
demolir;PD;09304817B0009;1;BT;167;93048000BT0167;actuelle;2026-09-01;2017-08-04
demolir;PD;09304817B0008;1;BI;117;93048000BI0117;actuelle;2026-09-01;2017-10-25
demolir;PD;09304817B0007;1;AI;264;93048000AI0264;actuelle;2026-09-01;2017-10-17
demolir;PD;09304817B0007;2;AI;265;93048000AI0265;actuelle;2026-09-01;2017-10-17
demolir;PD;09304817B0006;1;BE;42;93048000BE0042;actuelle;2026-09-01;2017-07-05
demolir;PD;09304817B0005;1;Z;456;930480000Z0456;actuelle;2026-09-01;2017-05-17
demolir;PD;09304817B0004;1;U;98;930480000U0098;actuelle;2026-09-01;2017-07-07
demolir;PD;09304817B0003;1;AY;221;93048000AY0221;actuelle;2026-09-01;2017-06-16
demolir;PD;09304817B0002;1;I;68;930480000I0068;actuelle;2026-09-01;2017-03-23
demolir;PD;09304816B0019;1;AX;56;93048000AX0056;actuelle;2026-09-01;2017-02-10
demolir;PD;09304816B0018;1;CR;243;93048000CR0243;actuelle;2026-09-01;2017-01-20
demolir;PD;09304816B0017;1;BH;15;93048000BH0015;actuelle;2026-09-01;2016-09-14
demolir;PD;09304816B0016;1;BQ;73;93048000BQ0073;actuelle;2026-09-01;2016-08-19
demolir;PD;09304816B0015;1;AF;89;93048000AF0089;actuelle;2026-09-01;2016-09-30
demolir;PD;09304816B0014;1;L;118;930480000L0118;actuelle;2026-09-01;2016-07-19
demolir;PD;09304816B0013;1;Q;96;930480000Q0096;actuelle;2026-09-01;2016-06-17
demolir;PD;09304816B0012;1;CK;136;93048000CK0136;actuelle;2026-09-01;2016-06-16
demolir;PD;09304816B0011;1;CN;163;93048000CN0163;actuelle;2026-09-01;2016-05-24
demolir;PD;09304816B0011;2;CN;161;93048000CN0161;actuelle;2026-09-01;2016-05-24
demolir;PD;09304816B0011;3;CN;168;93048000CN0168;actuelle;2026-09-01;2016-05-24
demolir;PD;09304816B0010;1;BM;61;93048000BM0061;actuelle;2026-09-01;2016-06-03
demolir;PD;09304816B0009;1;BU;26;93048000BU0026;actuelle;2026-09-01;2016-04-12
demolir;PD;09304816B0008;1;AP;120;93048000AP0120;actuelle;2026-09-01;2017-08-06
demolir;PD;09304816B0007;1;CK;136;93048000CK0136;actuelle;2026-09-01;2016-04-15
demolir;PD;09304816B0006;1;C;25;930480000C0025;actuelle;2026-09-01;2016-06-08
demolir;PD;09304816B0006;2;C;27;930480000C0027;actuelle;2026-09-01;2016-06-08
demolir;PD;09304816B0006;3;C;26;930480000C0026;actuelle;2026-09-01;2016-06-08
demolir;PD;09304816B0005;1;D;109;930480000D0109;ancienne;2023-07-01;2016-04-26
demolir;PD;09304816B0005;2;D;111;930480000D0111;actuelle;2026-09-01;2016-04-26
demolir;PD;09304816B0004;1;AU;33;93048000AU0033;actuelle;2026-09-01;2016-02-16
demolir;PD;09304816B0003;1;I;87;930480000I0087;actuelle;2026-09-01;2016-02-01
demolir;PD;09304816B0002;1;Q;97;930480000Q0097;actuelle;2026-09-01;2016-01-28
demolir;PD;09304816B0001;1;AI;250;93048000AI0250;actuelle;2026-09-01;2016-02-19
demolir;PD;09304815B0020;1;CD;312;93048000CD0312;actuelle;2026-09-01;2016-01-08
demolir;PD;09304815B0020;2;CD;327;93048000CD0327;actuelle;2026-09-01;2016-01-08
demolir;PD;09304815B0020;3;CD;329;93048000CD0329;actuelle;2026-09-01;2016-01-08
demolir;PD;09304815B0019;1;CF;84;93048000CF0084;actuelle;2026-09-01;2015-12-18
demolir;PD;09304815B0018;1;AH;171;93048000AH0171;actuelle;2026-09-01;2015-12-15
demolir;PD;09304815B0016;1;AD;37;93048000AD0037;actuelle;2026-09-01;2015-09-28
demolir;PD;09304815B0015;1;BD;40;93048000BD0040;ancienne;2019-10-01;2015-11-23
demolir;PD;09304815B0014;1;AU;26;93048000AU0026;actuelle;2026-09-01;2015-08-24
demolir;PD;09304815B0014;2;AU;29;93048000AU0029;actuelle;2026-09-01;2015-08-24
demolir;PD;09304815B0013;1;CR;345;93048000CR0345;actuelle;2026-09-01;2015-08-14
demolir;PD;09304815B0013;2;CR;346;93048000CR0346;actuelle;2026-09-01;2015-08-14
demolir;PD;09304815B0012;1;CR;33;93048000CR0033;actuelle;2026-09-01;2015-08-14
demolir;PD;09304815B0011;1;AG;255;93048000AG0255;actuelle;2026-09-01;2015-08-12
demolir;PD;09304815B0011;2;AG;256;93048000AG0256;actuelle;2026-09-01;2015-08-12
demolir;PD;09304815B0010;1;E;82;930480000E0082;ancienne;2023-04-01;2015-09-01
demolir;PD;09304815B0008;1;F;70;930480000F0070;actuelle;2026-09-01;2015-07-02
demolir;PD;09304815B0008;2;F;61;930480000F0061;ancienne;2021-02-01;2015-07-02
demolir;PD;09304815B0008;3;F;1;930480000F0001;ancienne;2021-02-01;2015-07-02
demolir;PD;09304815B0007;1;E;79;930480000E0079;ancienne;2023-04-01;2015-07-28
demolir;PD;09304815B0006;1;E;78;930480000E0078;ancienne;2023-04-01;2015-08-07
demolir;PD;09304815B0005;1;AG;155;93048000AG0155;actuelle;2026-09-01;2015-07-24
demolir;PD;09304815B0005;2;AG;76;93048000AG0076;actuelle;2026-09-01;2015-07-24
demolir;PD;09304815B0005;3;AG;77;93048000AG0077;actuelle;2026-09-01;2015-07-24
demolir;PD;09304815B0003;1;CJ;288;93048000CJ0288;actuelle;2026-09-01;2015-04-29
demolir;PD;09304815B0003;2;CJ;270;93048000CJ0270;actuelle;2026-09-01;2015-04-29
demolir;PD;09304815B0003;3;CJ;146;93048000CJ0146;actuelle;2026-09-01;2015-04-29
demolir;PD;09304815B0002;1;AN;549;93048000AN0549;introuvable;;2015-02-27
demolir;PD;09304815B0002;2;AO;253;93048000AO0253;introuvable;;2015-02-27
demolir;PD;09304815B0002;3;AO;230;93048000AO0230;actuelle;2026-09-01;2015-02-27
demolir;PD;09304815B0001;1;CD;418;93048000CD0418;ancienne;2020-01-01;2015-01-19
demolir;PD;09304815B0001;2;CD;450;93048000CD0450;ancienne;2019-04-01;2015-01-19
demolir;PD;09304814B0020;1;AK;149;93048000AK0149;actuelle;2026-09-01;2014-12-17
demolir;PD;09304814B0019;1;CQ;173;93048000CQ0173;introuvable;;2015-01-24
demolir;PD;09304814B0018;1;AT;3;93048000AT0003;actuelle;2026-09-01;2014-12-09
demolir;PD;09304814B0017;1;Y;16;930480000Y0016;ancienne;2019-10-01;2014-10-15
demolir;PD;09304814B0016;1;AK;130;93048000AK0130;actuelle;2026-09-01;2014-10-08
demolir;PD;09304814B0015;1;BG;54;93048000BG0054;actuelle;2026-09-01;2014-10-17
demolir;PD;09304814B0014;1;BG;55;93048000BG0055;actuelle;2026-09-01;2014-09-22
demolir;PD;09304814B0013;1;AY;18;93048000AY0018;ancienne;2022-01-01;2014-08-11
demolir;PD;09304814B0013;2;AY;19;93048000AY0019;ancienne;2022-01-01;2014-08-11
demolir;PD;09304814B0012;1;CF;8;93048000CF0008;introuvable;;2014-08-18
demolir;PD;09304814B0012;2;C;8;930480000C0008;actuelle;2026-09-01;2014-08-18
demolir;PD;09304814B0011;1;I;10;930480000I0010;ancienne;2023-10-01;2014-10-02
demolir;PD;09304814B0010;1;AT;64;93048000AT0064;actuelle;2026-09-01;2014-09-06
demolir;PD;09304814B0009;1;CQ;263;93048000CQ0263;actuelle;2026-09-01;2014-05-12
demolir;PD;09304814B0007;1;BZ;204;93048000BZ0204;actuelle;2026-09-01;2014-03-28
demolir;PD;09304814B0006;1;CI;6;93048000CI0006;actuelle;2026-09-01;2014-03-05
demolir;PD;09304814B0005;1;BZ;77;93048000BZ0077;actuelle;2026-09-01;2014-03-18
demolir;PD;09304814B0005;2;BZ;71;93048000BZ0071;actuelle;2026-09-01;2014-03-18
demolir;PD;09304814B0004;1;BZ;77;93048000BZ0077;actuelle;2026-09-01;2014-03-11
demolir;PD;09304814B0003;1;AY;20;93048000AY0020;ancienne;2022-01-01;2014-02-17
demolir;PD;09304814B0002;1;X;139;930480000X0139;actuelle;2026-09-01;2014-02-12
demolir;PD;09304814B0001;1;Q;182;930480000Q0182;actuelle;2026-09-01;2014-02-07
demolir;PD;09304814B0001;2;Q;183;930480000Q0183;actuelle;2026-09-01;2014-02-07
demolir;PD;09304813B0021;1;CR;34;93048000CR0034;introuvable;;2014-01-15
demolir;PD;09304813B0020;1;BS;143;93048000BS0143;actuelle;2026-09-01;2014-01-20
demolir;PD;09304813B0018;1;CR;169;93048000CR0169;actuelle;2026-09-01;2014-02-04
demolir;PD;09304813B0017;1;BZ;46;93048000BZ0046;actuelle;2026-09-01;2014-01-13
demolir;PD;09304813B0016;1;Z;274;930480000Z0274;actuelle;2026-09-01;2014-02-07
demolir;PD;09304813B0016;2;Z;272;930480000Z0272;actuelle;2026-09-01;2014-02-07
demolir;PD;09304813B0015;1;X;172;930480000X0172;actuelle;2026-09-01;2013-12-13
demolir;PD;09304813B0015;2;X;330;930480000X0330;actuelle;2026-09-01;2013-12-13
demolir;PD;09304813B0014;1;CN;192;93048000CN0192;actuelle;2026-09-01;2013-11-06
demolir;PD;09304813B0014;2;CN;191;93048000CN0191;actuelle;2026-09-01;2013-11-06
demolir;PD;09304813B0013;1;L;226;930480000L0226;actuelle;2026-09-01;2013-11-18
demolir;PD;09304813B0012;1;AV;26;93048000AV0026;ancienne;2024-01-01;2013-10-08
demolir;PD;09304813B0011;1;Y;239;930480000Y0239;actuelle;2026-09-01;2013-09-09
demolir;PD;09304813B0010;1;O;50;930480000O0050;actuelle;2026-09-01;2013-07-10
demolir;PD;09304813B0009;1;AI;102;93048000AI0102;actuelle;2026-09-01;2013-07-29
demolir;PD;09304813B0009;2;AI;175;93048000AI0175;actuelle;2026-09-01;2013-07-29
demolir;PD;09304813B0009;3;AI;105;93048000AI0105;introuvable;;2013-07-29
demolir;PD;09304813B0008;1;D;259;930480000D0259;introuvable;;2013-07-30
demolir;PD;09304813B0008;2;D;296;930480000D0296;actuelle;2026-09-01;2013-07-30
demolir;PD;09304813B0008;3;D;297;930480000D0297;actuelle;2026-09-01;2013-07-30
demolir;PD;09304813B0007;1;AX;77;93048000AX0077;ancienne;2019-01-01;2013-08-05
demolir;PD;09304813B0006;1;E;4;930480000E0004;introuvable;;2013-04-10
demolir;PD;09304813B0006;2;E;6;930480000E0006;introuvable;;2013-04-10
demolir;PD;09304813B0005;1;AE;81;93048000AE0081;actuelle;2026-09-01;2013-05-14
demolir;PD;09304813B0003;1;E;55;930480000E0055;ancienne;2023-07-01;2013-03-08
demolir;PD;09304813B0003;2;E;217;930480000E0217;ancienne;2023-07-01;2013-03-08
demolir;PD;09304813B0003;3;E;218;930480000E0218;ancienne;2023-07-01;2013-03-08
demolir;PD;09304813B0002;1;CM;239;93048000CM0239;actuelle;2026-09-01;2013-02-21
demolir;PD;09304813B0001;1;AT;70;93048000AT0070;introuvable;;2013-03-07
demolir;PD;09304812B0025;1;AI;65;93048000AI0065;actuelle;2026-09-01;2013-02-27
demolir;PD;09304812B0025;2;AI;66;93048000AI0066;actuelle;2026-09-01;2013-02-27
demolir;PD;09304812B0024;1;BS;39;93048000BS0039;actuelle;2026-09-01;2013-04-05
demolir;PD;09304812B0023;1;AT;97;93048000AT0097;actuelle;2026-09-01;2013-03-11
