id;type;num;fichiers;etat;annee_depot;date_autorisation;date_ouverture_chantier;date_achevement;adresse;code_postal;references_cadastrales;superficie_terrain;demandeur;siren;objet;nature_projet;destination_principale;type_logements;residence;nb_logements_crees;surf_habitation_creee;surf_habitation_demolie;surf_non_residentielle_creee;surf_non_residentielle_demolie;localisation;lon;lat
PC09304812B0139;PC;09304812B0139;logements;terminé;2012;2013-01-02;2013-09-20;2019-12-16;6 RUE DU RUISSEAU;93100;X 299, X 391, X 390;429;SCCV 59 REPUBLIQUE;791413925;Réaménagement de logements (division, réunion ou rénovation), avec agrandissement · 14 logements après travaux;transformation avec extension de surface;habitation;collectif hors résidence;;14;493;0;0;0;parcelle_actuelle;2.444960;48.870287
PC09304812B0205;PC;09304812B0205;logements;terminé;2012;2013-01-02;2013-12-09;2016-03-08;50 RUE CONDORCET;;BP 257, BP 256, BP 222;933;VILLA CONDORCET;508354669;Agrandissement de 1745 m² · 29 logements créés;extension de surface sans transformation;habitation;collectif hors résidence;;29;1745;320;0;0;parcelle_actuelle;2.442686;48.857058
PC09304812B0209;PC;09304812B0209;logements;terminé;2012;2013-01-02;2013-03-04;2013-03-11;26 RUE CARNOT;;BP 20;481;SCI 7 EDEN;534248026;Changement de destination : entrepôt → logement · 4 logements créés;transformation sans extension ni diminution de surface;habitation;collectif hors résidence;;4;0;0;0;0;parcelle_actuelle;2.441007;48.856683
PC09304812B0144;PC;09304812B0144;logements;terminé;2012;2013-01-04;2014-02-01;2015-05-11;111 RUE COLMET LEPINAY;;BS 173, BS 175;211;;;Construction neuve · 7 logements créés;nouvelle construction;habitation;collectif hors résidence;;7;367;0;0;0;parcelle_actuelle;2.447931;48.853303
PC09304812B0177;PC;09304812B0177;logements;terminé;2012;2013-01-04;2014-07-21;2015-11-01;58 RUE DESIRE PREAUX;93100;AQ 81;333;;;Agrandissement de 98 m² · 1 logement créé;extension de surface sans transformation;habitation;un logement individuel;;1;98;0;0;0;parcelle_actuelle;2.432111;48.860343
PC09304812B0119;PC;09304812B0119;logements;terminé;2012;2013-01-06;2013-07-15;2015-02-28;14 RUE DIDEROT;;BI 133;1166;PREMIUM;532812955;Changement de destination : entrepôt → logement, avec agrandissement · 9 logements créés;transformation avec extension de surface;habitation;collectif hors résidence;;9;445;0;0;0;parcelle_actuelle;2.428897;48.852455
PC09304812B0189;PC;09304812B0189;logements;annulé;2012;2013-01-14;;;16 RUE DU BERGER;93100;BR 144;390;LAUDI;428882047;Construction neuve · 12 logements créés;nouvelle construction;habitation;collectif hors résidence;;12;581;90;0;0;parcelle_actuelle;2.445535;48.852178
PC09304812B0166;PC;09304812B0166;logements;autorisé;2012;2013-01-18;;;18 RUE DES MARGOTTES;93100;Y 317;283;;;Agrandissement de 190 m² · 1 logement créé;extension de surface sans transformation;habitation;un logement individuel;;1;190;0;0;3;parcelle_actuelle;2.439695;48.870726
PC09304812B0222;PC;09304812B0222;logements;autorisé;2012;2013-01-18;;;3 RUE LOUISE MICHEL;93100;CK 137;610;;;Agrandissement de 111 m² · 1 logement créé;extension de surface sans transformation;habitation;un logement individuel;;1;111;0;0;0;parcelle_actuelle;2.470966;48.868205
PC09304812B0214;PC;09304812B0214;logements;annulé;2012;2013-01-25;;;32 RUE MAINGUET;;AP 59;170;;;Agrandissement de 197 m² · 1 logement créé;extension de surface sans transformation;habitation;un logement individuel;;1;197;0;0;0;parcelle_actuelle;2.432150;48.862075
PC09304812B0213;PC;09304812B0213;logements;terminé;2012;2013-02-01;2015-01-22;2017-01-30;62 RUE EDOUARD BRANLY;93100;I 45;1060;;;Construction neuve · 1 logement créé;nouvelle construction;habitation;un logement individuel;;1;107;0;0;0;adresse;2.461668;48.869865
PC09304812B0220;PC;09304812B0220;logements;terminé;2012;2013-02-01;2013-04-29;2013-12-12;23 BI RUE ANATOLE FRANCE;;CD 293;387;;;Construction neuve · 1 logement créé;nouvelle construction;habitation;un logement individuel;;1;245;0;0;0;parcelle_actuelle;2.461139;48.861634
PC09304812B0235;PC;09304812B0235;locaux;terminé;2012;2013-02-01;2014-02-18;2014-12-22;79 RUE DE LA FRATERNITE;;AV 73;241;;;Agrandissement de 38 m² (commerce);extension de surface sans transformation;commerce;;;;0;0;38;0;adresse;2.423485;48.858409
PC09304812B0207;PC;09304812B0207;logements;annulé;2012;2013-02-05;;;51 RUE MARCEAU;;BI 315, BI 313, BI 174;284;ALIX;520464082;Agrandissement de 86 m² · 1 logement créé;extension de surface sans transformation;habitation;un logement individuel;;1;86;0;0;0;parcelle_actuelle;2.426307;48.853929
PC09304812B0149;PC;09304812B0149;logements+locaux;annulé;2012;2013-02-06;;;8 BOULEVARD CHANZY;;AR 236, AR 229;15784;EIFFAGE IMMOBILIER ILE DE FRANCE;489244483;Changement de destination : bureaux → logement, avec agrandissement · 150 logements créés;transformation avec extension de surface;bureaux;collectif hors résidence;;150;216;0;523;366;parcelle_actuelle;2.435801;48.859010
PC09304812B0191;PC;09304812B0191;logements+locaux;terminé;2012;2013-02-06;2017-01-12;2019-05-15;68 AVENUE FAIDHERBE;93100;AC 237, AC 235, AC 92;1109;ERILIA;058811670;Construction neuve · 30 logements créés;nouvelle construction;habitation;collectif hors résidence;;30;2034;0;523;0;parcelle_actuelle;2.435615;48.867354
PC09304812B0211;PC;09304812B0211;logements;terminé;2012;2013-02-06;2013-06-01;2015-01-15;6 RUE DE VILLIERS;93100;AL 9, AL 12;1245;BERYL INVESTISSEMENT;438861692;Construction neuve · 37 logements créés;nouvelle construction;habitation;collectif hors résidence;;37;2327;0;0;0;parcelle_actuelle;2.437200;48.864463
PC09304812B0174;PC;09304812B0174;logements+locaux;terminé;2012;2013-02-07;2016-02-01;2018-12-21;42 BOULEVARD CHANZY;93100;AR 230, AR 85;1503;GDP VENDOME PROMOTION;429982929;Construction neuve · 81 logements créés;nouvelle construction;habitation;collectif hors résidence;;81;3925;0;755;0;parcelle_actuelle;2.434103;48.858731
PC09304812B0188;PC;09304812B0188;logements+locaux;terminé;2012;2013-02-07;2013-08-26;2015-04-09;44 RUE HOCHE;93100;AL 197, AL 198, AL 152;381;;;Construction neuve · 14 logements créés;nouvelle construction;habitation;collectif hors résidence;;14;964;0;124;0;parcelle_actuelle;2.435602;48.864111
PC09304812B0217;PC;09304812B0217;logements;annulé;2012;2013-02-07;;;87 RUE DE LA SOLIDARITE;93100;BR 117;4467;;;Changement de destination : atelier d'artisanat → logement · 1 logement créé;transformation sans extension ni diminution de surface;habitation;un logement individuel;;1;0;0;0;0;parcelle_actuelle;2.445505;48.853076
PC09304812B0230;PC;09304812B0230;logements;autorisé;2012;2013-02-07;;;67 RUE DES GROSEILLIERS;93100;Z 327;387;;;Agrandissement de 198 m² · 1 logement créé;extension de surface sans transformation;habitation;un logement individuel;;1;198;0;0;0;parcelle_actuelle;2.435428;48.872154
PC09304812B0247;PC;09304812B0247;logements;terminé;2012;2013-02-07;2013-10-14;2015-02-27;27 RUE DES MESSIERS;;AT 32;755;;;Changement de destination : atelier d'artisanat → logement, avec agrandissement · 2 logements créés;transformation avec extension de surface;habitation;collectif hors résidence;;2;63;0;0;0;parcelle_actuelle;2.429733;48.859851
PC09304813B0002;PC;09304813B0002;logements;commencé;2013;2013-02-07;2013-05-31;;16 VILLA DES SAULES CLOUETS;;A 19;245;;;Changement de destination : atelier d'artisanat → logement · 1 logement créé;transformation sans extension ni diminution de surface;habitation;un logement individuel;;1;0;0;0;0;parcelle_actuelle;2.451514;48.875657
PC09304812B0263;PC;09304812B0263;logements;commencé;2012;2013-02-12;2014-02-21;;79 RUE COLMET LEPINAY;93100;BT 35;1190;;;Changement de destination : bureaux → logement, avec agrandissement · 2 logements créés;transformation avec extension de surface;habitation;collectif hors résidence;;2;48;0;0;0;parcelle_actuelle;2.445704;48.854223
PC09304812B0254;PC;09304812B0254;logements;terminé;2012;2013-02-14;2013-02-26;2013-06-20;19 RUE PAUL BERT;;AZ 51;933;OFFICE PUBLIC DE L'HABITAT MONTREUILLOIS;488777160;Construction neuve · 11 logements créés;nouvelle construction;habitation;collectif hors résidence;;11;651;0;0;0;parcelle_actuelle;2.418215;48.855741
DP09304812B0259;DP;09304812B0259;logements;autorisé;2012;2013-02-15;;;34 RUE DES FEDERES;93100;BJ 85;553;;;Changement de destination : entrepôt → logement · 3 logements créés;transformation sans extension ni diminution de surface;habitation;plusieurs logements individuels;;3;0;0;0;0;parcelle_actuelle;2.431904;48.852298
PC09304812B0240;PC;09304812B0240;locaux;autorisé;2012;2013-02-15;;;91 RUE DES CAILLOTS;93100;V 173;824;;;Agrandissement de 54 m² (commerce);extension de surface sans transformation;commerce;;;;0;0;54;0;parcelle_actuelle;2.443982;48.868000
PC09304812B0226;PC;09304812B0226;logements;terminé;2012;2013-02-18;2013-11-21;2018-11-25;8 BIS RUE DESIRE CHARTON;93100;T 386;1045;;;Changement de destination : local industriel → logement, avec agrandissement · 2 logements créés;transformation avec extension de surface;habitation;plusieurs logements individuels;;2;125;0;0;0;parcelle_actuelle;2.450983;48.867462
PD09304813B0002;PD;09304813B0002;demolir;autorisé;2013;2013-02-21;;;54 RUE DE LA COTE DU NORD;93100;CM 239;241;;;Démolition;;;;;;;;;;parcelle_actuelle;2.473273;48.862436
PC09304812B0190;PC;09304812B0190;logements+locaux;terminé;2012;2013-02-26;2015-01-15;2019-07-30;35 RUE SAINT VICTOR;93100;R 149;341;;;Changement de destination : bureaux → logement, avec agrandissement · 10 logements créés;transformation avec extension de surface;bureaux;collectif hors résidence;;10;188;0;29;0;parcelle_actuelle;2.457225;48.870560
PC09304812B0256;PC;09304812B0256;logements;commencé;2012;2013-02-27;2013-07-18;;220 RUE DE ROSNY;93100;BZ 485;2800;;;Réaménagement de logements (division, réunion ou rénovation) · 1 logement après travaux;transformation sans extension ni diminution de surface;habitation;un logement individuel;;1;0;0;0;0;parcelle_actuelle;2.460642;48.867603
PD09304812B0025;PD;09304812B0025;demolir;autorisé;2012;2013-02-27;;;45 B RUE VITRY;93100;AI 65, AI 66;171;;;Démolition;;;;;;;;;;parcelle_actuelle;2.447534;48.861686
DP09304813B0020;DP;09304813B0020;logements;autorisé;2013;2013-03-07;;;66 RUE PARMENTIER;;AT 70;1570;PROJETIM;418058103;Changement de destination : entrepôt → logement · 4 logements créés;transformation sans extension ni diminution de surface;habitation;collectif hors résidence;;4;0;0;0;0;adresse;2.429908;48.858994
PC09304812B0242;PC;09304812B0242;logements;commencé;2012;2013-03-07;2013-09-30;;26 RUE DENIS COUTURIER;;AP 96;164;SCI DENIS COUTURIER;333134161;Changement de destination : atelier d'artisanat → logement, avec agrandissement · 1 logement créé;transformation avec extension de surface;habitation;un logement individuel;;1;85;0;0;0;parcelle_actuelle;2.432870;48.863490
PC09304813B0004;PC;09304813B0004;logements;terminé;2013;2013-03-07;2013-04-01;2013-07-31;59 RUE DE LA DEMI LUNE;93100;B 211;389;;;Changement de destination : atelier d'artisanat → logement · 1 logement créé;transformation sans extension ni diminution de surface;habitation;un logement individuel;;1;0;0;0;0;parcelle_actuelle;2.458937;48.875832
PD09304813B0001;PD;09304813B0001;demolir;autorisé;2013;2013-03-07;;;66 RUE PARMENTIER;;AT 70;1570;PROJETIM;418058103;Démolition;;;;;;;;;;adresse;2.429908;48.858994
PC09304812B0193;PC;09304812B0193;locaux;commencé;2012;2013-03-08;2013-12-09;;120 RUE LENAIN DE TILLEMONT;;CE 272;15797;COMMUNE DE MONTREUIL;219300480;Agrandissement de 437 m² (équipement d'intérêt collectif);extension de surface sans transformation;service public ou d'intérêt collectif;;;;0;0;437;0;voie;2.461758;48.859238
PC09304812B0228;PC;09304812B0228;logements;commencé;2012;2013-03-08;2015-02-17;;27 RUE CLOTILDE GAILLARD;93100;BU 200;1877;CABINET LOUIS PORCHERET;562035840;Agrandissement de 262 m² · 4 logements créés;extension de surface sans transformation;habitation;plusieurs logements individuels;;4;262;0;0;0;parcelle_actuelle;2.444153;48.859994
PD09304813B0003;PD;09304813B0003;demolir;autorisé;2013;2013-03-08;;;IMPASSE PIERRE DEGEYTER;;E 55, E 217, E 218;674;SYNDICAT DES EAUX D ILE DE FRANCE;257500017;Démolition;;;;;;;;;;parcelle_ancienne;2.466338;48.874740
PC09304812B0215;PC;09304812B0215;locaux;terminé;2012;2013-03-11;2014-03-05;2015-12-19;171 RUE DE PARIS;;BH 98;286;;;Agrandissement de 70 m²;extension de surface sans transformation;habitation;;;;49;19;21;0;parcelle_actuelle;2.423113;48.855556
PD09304812B0023;PD;09304812B0023;demolir;autorisé;2012;2013-03-11;;;75 RUE PARMENTIER;;AT 97;461;;;Démolition;;;;;;;;;;parcelle_actuelle;2.431058;48.858998
DP09304813B0066;DP;09304813B0066;logements;autorisé;2013;2013-03-22;;;22 22 RUE BAUDIN;;P 62;1039;;;Changement de destination : entrepôt → logement · 1 logement créé;transformation sans extension ni diminution de surface;habitation;un logement individuel;;1;0;0;0;0;parcelle_actuelle;2.447562;48.868132
PC09304813B0005;PC;09304813B0005;logements;commencé;2013;2013-03-29;2013-07-22;;177 RUE EDOUARD BRANLY;93100;D 65;352;;;Agrandissement de 141 m² · 1 logement créé;extension de surface sans transformation;habitation;un logement individuel;;1;141;21;0;0;parcelle_actuelle;2.463566;48.875705
DP09304813B0021;DP;09304813B0021;logements;terminé;2013;2013-04-05;2013-12-05;2015-03-15;15 RUE KLEBER;93100;BM 26;494;;;Changement de destination : bureaux → logement · 1 logement créé;transformation sans extension ni diminution de surface;habitation;un logement individuel;;1;0;0;0;0;parcelle_actuelle;2.436027;48.856057
PC09304812B0218;PC;09304812B0218;locaux;terminé;2012;2013-04-05;2013-04-25;2014-06-08;17 RUE ERNEST SAVART;93100;AC 214, AC 218, AC 32;1641;UGCAMIF UNION GEST CAISS ASSUR MAL;423868835;Construction neuve · 1 572 m² (équipement d'intérêt collectif);nouvelle construction;service public ou d'intérêt collectif;;;;0;0;1572;0;parcelle_actuelle;2.435558;48.868325
PC09304812B0249;PC;09304812B0249;logements;commencé;2012;2013-04-05;2013-05-01;;17 RUE DU DOCTEUR CALMETTE;93100;AE 232;211;;;Construction neuve · 1 logement créé;nouvelle construction;habitation;un logement individuel;;1;121;0;0;0;parcelle_actuelle;2.440608;48.866961
PC09304812B0250;PC;09304812B0250;locaux;commencé;2012;2013-04-05;2013-12-04;;75 RUE VICTOR HUGO;;AK 189, AK 225;369;SCI  DU 2 RUE RABELAIS;753214139;Agrandissement de 269 m² (bureaux);extension de surface sans transformation;bureaux;;;;0;0;269;0;parcelle_actuelle;2.439959;48.862608
PD09304812B0024;PD;09304812B0024;demolir;autorisé;2012;2013-04-05;;;107 RUE DE STALINGRAD;93100;BS 39;639;CABINET LOUIS PORCHERET;562035840;Démolition;;;;;;;;;;parcelle_actuelle;2.448038;48.854218
PC09304812B0180;PC;09304812B0180;locaux;commencé;2012;2013-04-09;2014-01-20;;15 RUE JULES VERNE;93100;J 296, J 387, J 386;2604;OFFICE PUBLIC DE L'HABITAT MONTREUILLOIS;488777160;Changement de destination : logement → local non résidentiel, avec agrandissement;transformation avec extension de surface;habitation;;;;0;0;79;0;parcelle_actuelle;2.460324;48.870904
PD09304813B0006;PD;09304813B0006;demolir;autorisé;2013;2013-04-10;;;11 RUE SIMONE SIGNORET;93100;E 4, E 6;351;SYNDICAT DES EAUX D ILE DE FRANCE;257500017;Démolition;;;;;;;;;;voie;2.466423;48.875246
PC09304813B0020;PC;09304813B0020;logements;terminé;2013;2013-04-22;2013-12-23;2015-06-30;104 RUE DE VINCENNES;;BK 343, BK 269;654;;;Réduction de surface (démolition partielle) · 1 logement créé;diminution de surface sans transformation;habitation;un logement individuel;;1;155;0;0;218;parcelle_actuelle;2.434634;48.853087
PC09304812B0237;PC;09304812B0237;logements;autorisé;2012;2013-04-26;;;16 RUE DU CLOS DES ARRACHIS;93100;CJ 38, CJ 37, CJ 36;810;;;Agrandissement de 185 m² · 2 logements créés;extension de surface sans transformation;habitation;collectif hors résidence;;2;185;0;0;0;parcelle_actuelle;2.466984;48.865630
PD09304813B0005;PD;09304813B0005;demolir;autorisé;2013;2013-05-14;;;20 RUE EMILE REYNAUD;93100;AE 81;778;;;Démolition;;;;;;;;;;parcelle_actuelle;2.439081;48.866964
PC09304812B0234;PC;09304812B0234;logements;autorisé;2012;2013-05-23;;;2 TER PLACE DU GENERAL DE GAULLE;93100;AC 7;299;;;Réaménagement de logements (division, réunion ou rénovation), avec agrandissement · 6 logements après travaux;transformation avec extension de surface;habitation;collectif hors résidence;;6;273;0;0;0;parcelle_actuelle;2.434486;48.867904
PC09304813B0031;PC;09304813B0031;logements;commencé;2013;2013-05-23;2013-09-12;;47 RUE DE LA REVOLUTION;;BI 215, BI 14;1113;;;Changement de destination : local industriel → logement · 1 logement créé;transformation sans extension ni diminution de surface;habitation;un logement individuel;;1;0;0;0;0;parcelle_actuelle;2.429114;48.854153
PC09304812B0245;PC;09304812B0245;logements;terminé;2012;2013-05-24;2014-06-23;2015-12-21;18 RUE DES HAYEPS;93100;BI 86;446;COALLIA HABITAT;510469661;Construction neuve · 42 logements créés;nouvelle construction;habitation;résidence;sociale;42;938;0;0;0;parcelle_actuelle;2.429614;48.853518
DP09304813B0138;DP;09304813B0138;logements;autorisé;2013;2013-05-31;;;8 RUE BEAUMARCHAIS;93100;AS 47;1683;CABINET LOUIS PORCHERET;562035840;Changement de destination : atelier d'artisanat → logement · 1 logement créé;transformation sans extension ni diminution de surface;habitation;un logement individuel;;1;0;0;0;0;parcelle_actuelle;2.430892;48.856616
PC09304812B0243;PC;09304812B0243;locaux;commencé;2012;2013-06-03;2013-11-13;;7 RUE DE ROSNY;93100;AJ 256;303;;;Changement de destination : logement → local non résidentiel, avec agrandissement;transformation avec extension de surface;habitation;;;;47;0;47;0;parcelle_actuelle;2.444517;48.861104
PC09304813B0036;PC;09304813B0036;logements;terminé;2013;2013-06-06;2014-07-10;2015-05-19;3 BIS RUE DOMBASLE;;AH 135;807;;;Construction neuve · 1 logement créé;nouvelle construction;habitation;un logement individuel;;1;180;0;0;0;adresse;2.449427;48.863768
DP09304813B0153;DP;09304813B0153;logements;autorisé;2013;2013-06-10;;;26 BOULE JEANNE D ARC;93100;BT 25, BT 24, BT 23;1588;;;Changement de destination : bureaux → logement · 1 logement créé;transformation sans extension ni diminution de surface;habitation;un logement individuel;;1;0;0;0;0;parcelle_actuelle;2.444774;48.854671
PC09304812B0199;PC;09304812B0199;logements;terminé;2012;2013-06-12;2013-09-13;2014-12-05;67 BOULEVARD HENRI BARBUSSE;;AD 197, AD 195, AD 194;1083;LMOO;477563647;Changement de destination : atelier d'artisanat → logement · 8 logements créés;transformation sans extension ni diminution de surface;habitation;collectif hors résidence;;8;0;0;0;0;parcelle_actuelle;2.441745;48.867453
PC09304813B0048;PC;09304813B0048;logements;commencé;2013;2013-06-13;2014-02-13;;84 RUE ERNEST SAVART;93100;AD 117;436;;;Agrandissement de 109 m² · 1 logement créé;extension de surface sans transformation;habitation;un logement individuel;;1;109;0;0;0;parcelle_ancienne;2.440882;48.868114
PC09304812B0206;PC;09304812B0206;logements;terminé;2012;2013-06-17;2014-07-02;2016-03-21;6 RUE VICTOR BEAUSSE;93100;U 178, U 16;1128;OFFICE PUBLIC DE L'HABITAT MONTREUILLOIS;488777160;Construction neuve · 42 logements créés;nouvelle construction;habitation;collectif hors résidence;;42;2615;0;0;0;parcelle_actuelle;2.446189;48.866546
PC09304813B0047;PC;09304813B0047;logements;autorisé;2013;2013-06-26;;;10 RUE DE L ERMITAGE;93100;T 183;371;;;Changement de destination : atelier d'artisanat → logement, avec agrandissement · 3 logements créés;transformation avec extension de surface;habitation;collectif hors résidence;;3;33;0;0;0;parcelle_actuelle;2.449707;48.867482
PC09304813B0050;PC;09304813B0050;logements;annulé;2013;2013-06-26;;;15 RUE HONORE DE BALZAC;93100;K 263;248;;;Agrandissement de 105 m² · 1 logement créé;extension de surface sans transformation;habitation;un logement individuel;;1;105;0;0;0;parcelle_actuelle;2.456940;48.874608
PC09304813B0060;PC;09304813B0060;logements;terminé;2013;2013-06-26;2014-06-29;2020-03-02;30 RUE CARNOT;93100;BP 23;433;;;Changement de destination : atelier d'artisanat → logement · 1 logement créé;transformation sans extension ni diminution de surface;habitation;un logement individuel;;1;0;0;0;0;parcelle_actuelle;2.440966;48.856558
PC09304812B0252;PC;09304812B0252;logements+locaux;terminé;2012;2013-06-27;2014-06-11;2015-12-18;54 BI RUE ROBESPIERRE;93100;BG 87;675;REI L'ANTHRACITE;532630860;Construction neuve · 8 logements créés;nouvelle construction;habitation;collectif hors résidence;;8;588;0;412;0;adresse;2.423602;48.853024
PC09304813B0010;PC;09304813B0010;logements+locaux;terminé;2013;2013-06-27;2014-07-02;2016-07-04;34/36 RUE GIRARD;93100;AR 242, AR 243;666;OSICA SOCIETE ANONYME D HABITATIONS A LOYER MODERE;552046484;Construction neuve · 17 logements créés;nouvelle construction;habitation;collectif hors résidence;;17;937;125;112;255;parcelle_actuelle;2.434160;48.857368
PC09304812B0200;PC;09304812B0200;logements+locaux;terminé;2012;2013-07-09;2015-11-09;2018-07-12;10 RUE DE LA CONVENTION;93100;AF 311, AF 284, AF 277;6421;SCI MONTREUIL EGLISE CONVENTION;750350001;Construction neuve · 118 logements créés;nouvelle construction;habitation;collectif hors résidence;;118;8264;0;1446;0;parcelle_actuelle;2.443297;48.863343
PD09304813B0010;PD;09304813B0010;demolir;autorisé;2013;2013-07-10;;;129 RUE DE ROMAINVILLE;93100;O 50;166;;;Démolition;;;;;;;;;;parcelle_actuelle;2.446411;48.870669
PC09304813B0053;PC;09304813B0053;locaux;commencé;2013;2013-07-11;2013-07-26;;18 RUE DE SAINT ANTOINE;93100;BZ 465;6967;ASSOCIATION AURORE;775684970;Réaménagement de locaux (bureaux);transformation sans extension ni diminution de surface;bureaux;;;;0;0;0;0;parcelle_actuelle;2.455598;48.864599
PC09304813B0056;PC;09304813B0056;logements;terminé;2013;2013-07-29;2014-08-18;2015-06-01;73 RUE CARNOT;;BQ 88;248;;;Agrandissement de 133 m² · 1 logement créé;extension de surface sans transformation;habitation;un logement individuel;;1;133;0;0;0;parcelle_actuelle;2.441520;48.853930
PD09304813B0009;PD;09304813B0009;demolir;autorisé;2013;2013-07-29;;;41 RUE EUGENE VARLIN;93100;AI 102, AI 175, AI 105;1895;OFFICE PUBLIC DE L'HABITAT MONTREUILLOIS;488777160;Démolition;;;;;;;;;;parcelle_actuelle;2.450109;48.863084
PC09304813B0086;PC;09304813B0086;locaux;autorisé;2013;2013-07-30;;;19 BOULE ROUGET DE LISLE;93100;AK 18, AK 17;307;;;Réaménagement de locaux (commerce);transformation sans extension ni diminution de surface;commerce;;;;0;0;0;0;parcelle_actuelle;2.440074;48.860693
PD09304813B0008;PD;09304813B0008;demolir;autorisé;2013;2013-07-30;;;198 BOULE DE LA BOISSIERE;93100;D 259, D 296, D 297;3148;ETS PUBLIC DE SANTE DE VILLE-EVRARD;269300935;Démolition;;;;;;;;;;parcelle_actuelle;2.464280;48.876582
PD09304813B0007;PD;09304813B0007;demolir;autorisé;2013;2013-08-05;;;127 RUE ETIENNE MARCEL;93100;AX 77;1764;ETABLISSEMENT PUBLIC FONCIER IDF;495120008;Démolition;;;;;;;;;;parcelle_ancienne;2.424632;48.856972
DP09304813B0255;DP;09304813B0255;logements;autorisé;2013;2013-08-08;;;22 RUE BAUDIN;93100;P 62;1039;;;Changement de destination : entrepôt → logement · 2 logements créés;transformation sans extension ni diminution de surface;habitation;collectif hors résidence;;2;0;0;0;0;parcelle_actuelle;2.447562;48.868132
PC09304813B0045;PC;09304813B0045;locaux;terminé;2013;2013-08-09;2014-04-22;2014-10-24;74 RUE EDOUARD BRANLY;;I 34, I 33, I 32;10323;COMMUNE DE MONTREUIL;219300480;Agrandissement de 70 m² (équipement d'intérêt collectif);extension de surface sans transformation;service public ou d'intérêt collectif;;;;0;0;70;0;parcelle_actuelle;2.461438;48.870287
PC09304812B0223;PC;09304812B0223;logements+locaux;terminé;2012;2013-08-12;2015-03-09;2017-01-11;75 RUE PARMENTIER;;AT 97;461;;;Construction neuve · 19 logements créés;nouvelle construction;habitation;collectif hors résidence;;19;1289;0;73;0;parcelle_actuelle;2.431058;48.858998
PC09304813B0046;PC;09304813B0046;locaux;commencé;2013;2013-08-12;2014-04-03;;46 RUE FRANKLIN;93100;AI 271, AI 266, AI 267;20661;COMMUNE DE MONTREUIL;219300480;Agrandissement de 425 m² (équipement d'intérêt collectif);extension de surface sans transformation;service public ou d'intérêt collectif;;;;0;0;425;0;parcelle_actuelle;2.445350;48.862981
PC09304813B0094;PC;09304813B0094;logements;terminé;2013;2013-08-12;2013-08-12;2014-01-01;129 RUE BABEUF;93100;CN 18;482;ARCONANCE;504871393;Construction neuve · 1 logement créé;nouvelle construction;habitation;un logement individuel;;1;108;0;0;0;adresse;2.479926;48.868060
DP09304813B0251;DP;09304813B0251;locaux;autorisé;2013;2013-08-26;;;33 BOULE P VAILLANT COUTURIER;93100;AF 47;225;;;Changement de destination : logement → local non résidentiel;transformation sans extension ni diminution de surface;habitation;;;;0;0;0;0;parcelle_actuelle;2.442858;48.865016
PC09304813B0068;PC;09304813B0068;logements+locaux;terminé;2013;2013-08-26;2014-05-14;2016-09-01;99 BI RUE MARCEAU;93100;BF 98, BF 97, BF 96;663;SCCV MONTREUIL MARCEAU;798041059;Construction neuve · 26 logements créés;nouvelle construction;habitation;collectif hors résidence;;26;1788;0;322;0;parcelle_actuelle;2.426567;48.850488
DP09304813B0227;DP;09304813B0227;logements;autorisé;2013;2013-08-30;;;8 RUE BEAUMARCHAIS;93100;AS 47;1683;CABINET LOUIS PORCHERET;562035840;Changement de destination : atelier d'artisanat → logement · 1 logement créé;transformation sans extension ni diminution de surface;habitation;un logement individuel;;1;0;0;0;0;parcelle_actuelle;2.430892;48.856616
DP09304813B0228;DP;09304813B0228;logements;autorisé;2013;2013-08-30;;;8 RUE BEAUMARCHAIS;93100;AS 47;1683;;;Changement de destination : atelier d'artisanat → logement · 1 logement créé;transformation sans extension ni diminution de surface;habitation;un logement individuel;;1;0;0;0;0;parcelle_actuelle;2.430892;48.856616
DP09304813B0229;DP;09304813B0229;logements;autorisé;2013;2013-08-30;;;8 RUE BEAUMARCHAIS;93100;AS 47;1683;;;Changement de destination : atelier d'artisanat → logement · 1 logement créé;transformation sans extension ni diminution de surface;habitation;un logement individuel;;1;0;0;0;0;parcelle_actuelle;2.430892;48.856616
DP09304813B0230;DP;09304813B0230;logements;autorisé;2013;2013-08-30;;;8 RUE BEAUMARCHAIS;93100;AS 47;1683;;;Changement de destination : atelier d'artisanat → logement · 2 logements créés;transformation sans extension ni diminution de surface;habitation;collectif hors résidence;;2;0;0;0;0;parcelle_actuelle;2.430892;48.856616
PC09304813B0090;PC;09304813B0090;locaux;terminé;2013;2013-09-02;2014-12-16;2026-01-29;4 RUE DELPECHE;93100;AO 203;4336;COMMUNE DE MONTREUIL;219300480;Agrandissement de 44 m² (équipement d'intérêt collectif);extension de surface sans transformation;service public ou d'intérêt collectif;;;;0;0;44;0;parcelle_actuelle;2.430208;48.864316
PD09304813B0011;PD;09304813B0011;demolir;autorisé;2013;2013-09-09;;;12 B RUE LEON LOISEAU;93100;Y 239;446;COMMUNE DE MONTREUIL;219300480;Démolition;;;;;;;;;;parcelle_actuelle;2.438457;48.869798
PC09304813B0074;PC;09304813B0074;logements+locaux;commencé;2013;2013-09-16;2015-02-16;;12 RUE FRANCOIS DEBERGUE;93100;BN 56;368;SCI JARRY;415386705;Changement de destination : entrepôt → logement, avec agrandissement · 1 logement créé;transformation avec extension de surface;bureaux;un logement individuel;;1;118;0;284;0;parcelle_actuelle;2.438425;48.858126
PC09304813B0088;PC;09304813B0088;logements;autorisé;2013;2013-09-20;;;16 VILLA DES SAULES CLOUETS;93100;A 19;245;;;Agrandissement de 85 m² · 1 logement créé;extension de surface sans transformation;habitation;un logement individuel;;1;85;0;0;0;parcelle_actuelle;2.451514;48.875657
PC09304813B0059;PC;09304813B0059;logements;commencé;2013;2013-09-27;2014-02-28;;15 RUE DU PLATEAU;93100;V 21;369;;;Agrandissement de 64 m² · 1 logement créé;extension de surface sans transformation;habitation;un logement individuel;;1;64;0;0;0;parcelle_actuelle;2.443354;48.869069
PD09304813B0012;PD;09304813B0012;demolir;autorisé;2013;2013-10-08;;;170 BOULE CHANZY;93100;AV 26;100;COMMUNE DE MONTREUIL;219300480;Démolition;;;;;;;;;;parcelle_ancienne;2.425351;48.859324
DP09304813B0322;DP;09304813B0322;logements;autorisé;2013;2013-10-10;;;207 BOULE DE LA BOISSIERE;93100;E 131;261;;;Changement de destination : bureaux → logement · 1 logement créé;transformation sans extension ni diminution de surface;habitation;un logement individuel;;1;0;0;0;0;parcelle_actuelle;2.464662;48.877178
PC09304813B0092;PC;09304813B0092;logements+locaux;commencé;2013;2013-10-10;2016-09-19;;101 RUE GASTON LAURIAU;93100;BT 283, BT 286;367;;;Agrandissement de 240 m² · 1 logement créé;extension de surface sans transformation;habitation;un logement individuel;;1;152;0;88;0;parcelle_actuelle;2.448319;48.856159
DP09304813B0245;DP;09304813B0245;logements;terminé;2013;2013-10-21;2013-11-21;2013-12-23;41 B BOULE P VAILLANT COUTURIER;93100;AG 265;1162;LOVIE;533485074;Changement de destination : bureaux → logement · 1 logement créé;transformation sans extension ni diminution de surface;habitation;un logement individuel;;1;0;0;0;0;parcelle_actuelle;2.443848;48.866149
PC09304813B0109;PC;09304813B0109;logements;annulé;2013;2013-11-05;;;14 ALLEE ROLAND MARTIN / 38 P;93100;CO 20, CO 26, CO 27;34088;OFFICE PUBLIC DE L'HABITAT MONTREUILLOIS;488777160;Changement de destination : bâtiment agricole → logement · 4 logements créés;transformation sans extension ni diminution de surface;habitation;collectif hors résidence;;4;0;0;0;0;parcelle_actuelle;2.477413;48.865651
PC09304813B0116;PC;09304813B0116;logements;annulé;2013;2013-11-05;;;32 RUE GASTON LAURIAU;93100;BU 34;439;;;Changement de destination : atelier d'artisanat → logement, avec agrandissement · 1 logement créé;transformation avec extension de surface;habitation;un logement individuel;;1;98;0;0;0;parcelle_actuelle;2.445019;48.859552
DP09304813B0343;DP;09304813B0343;logements;autorisé;2013;2013-11-06;;;79 RUE HOCHE;93100;AP 6;461;;;Changement de destination : atelier d'artisanat → logement · 1 logement créé;transformation sans extension ni diminution de surface;habitation;un logement individuel;;1;0;0;0;0;parcelle_ancienne;2.432162;48.863588
PC09304813B0080;PC;09304813B0080;logements;terminé;2013;2013-11-06;2015-01-23;2016-04-04;211 RUE ETIENNE MARCEL;93100;AY 70;665;;;Agrandissement de 149 m² · 2 logements créés;extension de surface sans transformation;habitation;collectif hors résidence;;2;149;0;0;0;parcelle_actuelle;2.418625;48.856144
PC09304813B0085;PC;09304813B0085;logements;terminé;2013;2013-11-06;2014-04-18;2015-06-26;68 RUE BABEUF;93100;CN 108;148;;;Construction neuve · 1 logement créé;nouvelle construction;habitation;un logement individuel;;1;84;0;0;0;parcelle_actuelle;2.475166;48.867196
PC09304813B0126;PC;09304813B0126;logements;autorisé;2013;2013-11-06;;;17 17 RUE MALOT;;BP 214, BP 156;494;;;Changement de destination : bureaux → logement, avec agrandissement · 4 logements créés;transformation avec extension de surface;habitation;collectif hors résidence;;4;317;0;0;174;parcelle_actuelle;2.443104;48.855810
PD09304813B0014;PD;09304813B0014;demolir;autorisé;2013;2013-11-06;;;19 21 RUE DES RUINES;;CN 192, CN 191;600;;;Démolition;;;;;;;;;;parcelle_actuelle;2.479828;48.867051
DP09304813B0330;DP;09304813B0330;logements;autorisé;2013;2013-11-13;;;59 BOULEVARD HENRI BARBUSSE;;AG 21;181;;;Réaménagement de logements (division, réunion ou rénovation) · 1 logement après travaux;transformation sans extension ni diminution de surface;habitation;un logement individuel;;1;0;0;0;0;parcelle_actuelle;2.441968;48.867313
PD09304813B0013;PD;09304813B0013;demolir;autorisé;2013;2013-11-18;;;11 RUE DES GRANDES CULTURES;;L 226;1395;;;Démolition;;;;;;;;;;parcelle_actuelle;2.455294;48.873141
PC09304813B0083;PC;09304813B0083;locaux;terminé;2013;2013-11-19;2014-03-05;2015-10-01;124 RUE DE PARIS;;AX 121;833;;;Réaménagement de locaux (entrepôt), avec agrandissement;transformation avec extension de surface;entrepôt;;;;0;0;65;0;parcelle_actuelle;2.426480;48.856670
PC09304813B0032;PC;09304813B0032;locaux;terminé;2013;2013-11-25;2013-11-29;2013-11-30;69 71 RUE VICTOR HUGO;;AK 222, AK 223, AK 224;2759;;;Réaménagement de locaux (commerce), avec réduction de surface;transformation avec diminution de surface;commerce;;;;0;0;0;8;parcelle_actuelle;2.439141;48.862280
PC09304813B0118;PC;09304813B0118;logements;terminé;2013;2013-11-26;2014-07-29;2015-05-20;3 PLACE JEAN JAURES;;AF 144;88;SCI S.K.R.S.;481305134;Agrandissement de 53 m² · 1 logement créé;extension de surface sans transformation;habitation;un logement individuel;;1;53;0;0;0;parcelle_actuelle;2.442095;48.862707
PC09304813B0131;PC;09304813B0131;logements;terminé;2013;2013-11-26;2014-07-09;2016-05-31;104 RUE DU MOULIN A VENT;93100;Y 31;449;;;Agrandissement de 49 m² · 1 logement créé;extension de surface sans transformation;habitation;un logement individuel;;1;49;0;0;0;parcelle_ancienne;2.436964;48.870512
PC09304813B0144;PC;09304813B0144;logements;commencé;2013;2013-12-02;2015-02-04;;50 RUE POULIN;93100;X 49, X 50;550;;;Réaménagement de logements (division, réunion ou rénovation), avec agrandissement · 1 logement après travaux;transformation avec extension de surface;habitation;un logement individuel;;1;108;0;0;0;parcelle_actuelle;2.442261;48.870726
PC09304813B0106;PC;09304813B0106;locaux;commencé;2013;2013-12-03;2014-01-15;;17 RUE DE LA REVOLUTION;;AS 23;1837;;;Réaménagement de locaux (bureaux);transformation sans extension ni diminution de surface;bureaux;;;;0;0;0;0;parcelle_actuelle;2.429405;48.855318
PC09304813B0112;PC;09304813B0112;logements;autorisé;2013;2013-12-05;;;27 RUE DES CHANTEREINES;93100;X 119;630;;;Construction neuve · 18 logements créés;nouvelle construction;habitation;collectif hors résidence;;18;1140;0;0;0;parcelle_actuelle;2.444811;48.869562
PC09304813B0043;PC;09304813B0043;logements;terminé;2013;2013-12-13;2014-12-15;2017-03-15;15 RUE DE LA REVOLUTION;93100;AS 193;1680;;;Construction neuve · 68 logements créés;nouvelle construction;habitation;collectif hors résidence;;68;3997;0;0;0;parcelle_actuelle;2.429463;48.855544
PC09304813B0110;PC;09304813B0110;logements;terminé;2013;2013-12-13;2015-02-03;2017-06-01;56/58 RUE VOLTAIRE;93100;AY 217, AY 215, AY 213;1084;ANTIN RESIDENCES SA HABITAT LOYER MODERE;315518803;Construction neuve · 101 logements créés;nouvelle construction;habitation;résidence;sociale;101;2846;0;0;0;parcelle_actuelle;2.421657;48.853488
PD09304813B0015;PD;09304813B0015;demolir;autorisé;2013;2013-12-13;;;42 B RUE DU RUISSEAU;93100;X 172, X 330;384;;;Démolition;;;;;;;;;;parcelle_actuelle;2.442807;48.871453
DP09304813B0369;DP;09304813B0369;logements;annulé;2013;2013-12-18;;;65 RUE BEAUMARCHAIS;93100;BK 25;311;;;Changement de destination : local industriel → logement, avec agrandissement · 1 logement créé;transformation avec extension de surface;habitation;un logement individuel;;1;21;0;0;0;parcelle_actuelle;2.430596;48.854580
PC09304813B0139;PC;09304813B0139;logements;commencé;2013;2013-12-18;2014-03-12;;54 RUE MARCEAU;93100;BG 151;940;;;Changement de destination : atelier d'artisanat → logement, avec agrandissement · 1 logement créé;transformation avec extension de surface;habitation;un logement individuel;;1;1;0;0;0;parcelle_actuelle;2.425462;48.852643
PA09304813B0001;PA;09304813B0001;amenager;commencé;2013;2013-12-19;2014-04-14;;RUE DES MESSIERS;93100;AV 30;;SNC DE BEAUVOIR;485207302;Aménagement d'un terrain;;;;;;;;;;voie;2.428836;48.860124
DP09304813B0391;DP;09304813B0391;logements;autorisé;2013;2014-01-02;;;9 B RUE DIDEROT;93100;BF 191;534;CABINET LOUIS PORCHERET;562035840;Changement de destination : entrepôt → logement · 1 logement créé;transformation sans extension ni diminution de surface;habitation;un logement individuel;;1;0;0;0;0;parcelle_actuelle;2.428962;48.851958
DP09304813B0401;DP;09304813B0401;logements;autorisé;2013;2014-01-02;;;26 BOULE JEANNE D ARC;93100;BT 25, BT 24, BT 23;1588;;;Changement de destination : bureaux → logement · 1 logement créé;transformation sans extension ni diminution de surface;habitation;un logement individuel;;1;0;0;0;0;parcelle_actuelle;2.444774;48.854671
PC09304813B0105;PC;09304813B0105;logements+locaux;annulé;2013;2014-01-06;;;26 AVENUE FAIDHERBE;93100;AE 101;188;JUCA DEVELOPPEMENT;501635361;Construction neuve · 4 logements créés;nouvelle construction;habitation;collectif hors résidence;;4;294;0;152;0;parcelle_actuelle;2.439923;48.866289
DP09304813B0403;DP;09304813B0403;logements;autorisé;2013;2014-01-13;;;13 RUE MARCEAU;93100;BH 234, BH 237;2038;CABINET LOUIS PORCHERET;562035840;Changement de destination : atelier d'artisanat → logement · 1 logement créé;transformation sans extension ni diminution de surface;habitation;un logement individuel;;1;0;0;0;0;parcelle_actuelle;2.426505;48.855201
PD09304813B0017;PD;09304813B0017;demolir;autorisé;2013;2014-01-13;;;24 RUE DES JARDINS DUFOUR;93100;BZ 46;70;COMMUNE DE MONTREUIL;219300480;Démolition;;;;;;;;;;parcelle_actuelle;2.460141;48.866793
PD09304813B0021;PD;09304813B0021;demolir;autorisé;2013;2014-01-15;;;15 RUE DE LA PAIX;93100;CR 34;440;;;Démolition;;;;;;;;;;adresse;2.473960;48.861943
PC09304813B0081;PC;09304813B0081;logements;terminé;2013;2014-01-17;2014-10-13;2020-09-12;35 RUE DE ROMAINVILLE;93100;AG 108;601;SBM;489882142;Agrandissement de 418 m² · 3 logements créés;extension de surface sans transformation;habitation;collectif hors résidence;;3;418;0;0;0;parcelle_actuelle;2.445380;48.865485
PD09304813B0020;PD;09304813B0020;demolir;autorisé;2013;2014-01-20;;;131 RUE MOLIERE;93100;BS 143;113;;;Démolition;;;;;;;;;;parcelle_actuelle;2.450039;48.854386
PC09304813B0115;PC;09304813B0115;logements;commencé;2013;2014-01-23;2016-01-17;;172 BOULE DE LA BOISSIERE;93100;C 91;465;;;Agrandissement de 201 m² · 4 logements créés;extension de surface sans transformation;habitation;collectif hors résidence;;4;201;0;0;0;parcelle_actuelle;2.461977;48.877120
PC09304813B0141;PC;09304813B0141;logements;terminé;2013;2014-01-23;2014-12-05;2016-10-20;10 RUE DU PLATEAU;93100;V 36;301;;;Construction neuve · 3 logements créés;nouvelle construction;habitation;plusieurs logements individuels;;3;254;0;0;0;parcelle_actuelle;2.444159;48.868852
PC09304813B0152;PC;09304813B0152;logements;terminé;2013;2014-01-28;2016-06-17;2019-04-30;20 RUE EMILE REYNAUD;93100;AE 81, AE 85;1247;SCCV LES ACACIAS;523326320;Construction neuve · 24 logements créés;nouvelle construction;habitation;collectif hors résidence;;24;1687;0;0;0;parcelle_actuelle;2.438941;48.866944
PC09304813B0093;PC;09304813B0093;logements+locaux;terminé;2013;2014-01-30;2014-09-12;2017-01-09;146 BOULEVARD CHANZY--- RUE DE;93100;AV 30;7898;SNC 146 BOULEVARD DE CHANZY;488051574;Construction neuve · 180 logements créés;nouvelle construction;habitation;collectif hors résidence;;180;10674;0;1229;0;adresse;2.426613;48.858930
PC09304813B0157;PC;09304813B0157;locaux;commencé;2013;2014-01-31;2014-02-01;;48 RUE EDOUARD BRANLY;93100;I 73, I 71, I 72;968;;;Agrandissement de 9 m² (entrepôt);extension de surface sans transformation;entrepôt;;;;0;0;9;0;parcelle_actuelle;2.460442;48.869746
PD09304813B0018;PD;09304813B0018;demolir;autorisé;2013;2014-02-04;;;166 RUE DES RUFFINS;;CR 169;220;DEPARTEMENT DE LA SEINE SAINT DENIS;229300082;Démolition;;;;;;;;;;parcelle_actuelle;2.476261;48.861461
PC09304813B0147;PC;09304813B0147;logements;terminé;2013;2014-02-07;2015-03-06;2015-04-02;55 RUE BEAUMARCHAIS;;BK 8;156;;;Construction neuve · 1 logement créé;nouvelle construction;habitation;un logement individuel;;1;82;63;0;0;parcelle_actuelle;2.431067;48.855415
PD09304813B0016;PD;09304813B0016;demolir;autorisé;2013;2014-02-07;;;8 AVENUE FERDINAND BUISSON;;Z 274, Z 272;640;;;Démolition;;;;;;;;;;parcelle_actuelle;2.434193;48.872979
PD09304814B0001;PD;09304814B0001;demolir;autorisé;2014;2014-02-07;;;56 BOULEVARD ARISTIDE BRIAND;;Q 182, Q 183;204;COMMUNE DE MONTREUIL;219300480;Démolition;;;;;;;;;;parcelle_actuelle;2.451015;48.870308
PC09304813B0177;PC;09304813B0177;logements;terminé;2013;2014-02-10;2014-03-05;2015-02-25;131 RUE MOLIERE;;BS 143;113;;;Construction neuve · 1 logement créé;nouvelle construction;habitation;un logement individuel;;1;170;10;0;0;parcelle_actuelle;2.450039;48.854386
PD09304814B0002;PD;09304814B0002;demolir;autorisé;2014;2014-02-12;;;2 RUE DU RUISSEAU;;X 139;616;OFFICE PUBLIC DE L'HABITAT MONTREUILLOIS;488777160;Démolition;;;;;;;;;;parcelle_actuelle;2.445242;48.870342
PD09304814B0003;PD;09304814B0003;demolir;autorisé;2014;2014-02-17;;;157 1 RUE ETIENNE MARCEL;;AY 20;302;COMMUNE DE MONTREUIL;219300480;Démolition;;;;;;;;;;parcelle_ancienne;2.421583;48.856848
PC09304813B0168;PC;09304813B0168;logements;commencé;2013;2014-02-21;2014-06-17;;110 AVENUE DU COLONEL FABIEN;;B 94;231;;;Construction neuve · 1 logement créé;nouvelle construction;habitation;un logement individuel;;1;131;81;0;0;parcelle_actuelle;2.455653;48.877138
PC09304813B0123;PC;09304813B0123;logements;autorisé;2013;2014-02-24;;;17 RUE DE LA CAPSULERIE;;AP 173;285;;;Construction neuve · 12 logements créés;nouvelle construction;habitation;collectif hors résidence;;12;639;66;0;0;parcelle_actuelle;2.433979;48.862353
DP09304814B0036;DP;09304814B0036;logements;terminé;2014;2014-02-25;2014-03-25;2014-06-30;11 RUE DANTON;93100;U 57;710;;;Agrandissement de 37 m² · 1 logement créé;extension de surface sans transformation;habitation;un logement individuel;;1;37;0;0;0;parcelle_actuelle;2.447709;48.866147
DP09304814B0014;DP;09304814B0014;logements;terminé;2014;2014-02-27;2014-02-27;2014-03-30;22 BOULEVARD ROUGET DE LISLE;;AK 220;185;SARL ER2 MEAUX;539892406;Changement de destination : bureaux → logement · 2 logements créés;transformation sans extension ni diminution de surface;habitation;collectif hors résidence;;2;0;0;0;0;parcelle_actuelle;2.439842;48.860946
DP09304814B0006;DP;09304814B0006;logements;autorisé;2014;2014-03-03;;;42 RUE EDOUARD VAILLANT;93100;BL 154;564;;;Changement de destination : atelier d'artisanat → logement · 1 logement créé;transformation sans extension ni diminution de surface;habitation;un logement individuel;;1;0;0;0;0;parcelle_actuelle;2.432243;48.855897
PD09304814B0006;PD;09304814B0006;demolir;autorisé;2014;2014-03-05;;;138 BOULE THEOPHILE SUEUR;93100;CI 6;252;;;Démolition;;;;;;;;;;parcelle_actuelle;2.468034;48.865084
PC09304813B0120;PC;09304813B0120;logements+locaux;terminé;2013;2014-03-06;2016-06-09;2019-07-04;11 RUE DES SOUCIS / 41 RUE EU;93100;AI 309, AI 310, AI 312;1895;OFFICE PUBLIC DE L'HABITAT MONTREUILLOIS;488777160;Construction neuve · 56 logements créés;nouvelle construction;habitation;collectif hors résidence;;56;3706;0;87;0;parcelle_actuelle;2.449872;48.862870
PD09304814B0004;PD;09304814B0004;demolir;autorisé;2014;2014-03-11;;;146 RUE DE ROSNY;93100;BZ 77;1162;COMMUNE DE MONTREUIL;219300480;Démolition;;;;;;;;;;parcelle_actuelle;2.454643;48.865384
PC09304813B0171;PC;09304813B0171;logements;terminé;2013;2014-03-13;2014-05-22;2015-05-04;133 B AVENU DU PRESIDENT WILSON;93100;BQ 52;375;CABINET LOUIS PORCHERET;562035840;Réaménagement de logements (division, réunion ou rénovation), avec agrandissement · 4 logements après travaux;transformation avec extension de surface;habitation;collectif hors résidence;;4;86;0;0;0;parcelle_actuelle;2.439384;48.853747
PC09304813B0181;PC;09304813B0181;logements+locaux;terminé;2013;2014-03-14;2014-11-04;2017-01-20;10 RUE GUTENBERG;93100;AV 118;835;SCCV MONTREUIL GUTENBERG;802183954;Construction neuve · 32 logements créés;nouvelle construction;habitation;collectif hors résidence;;32;2293;0;72;0;parcelle_actuelle;2.425598;48.858338
PC09304813B0097;PC;09304813B0097;logements+locaux;annulé;2013;2014-03-16;;;100 1 RUE ALEXIS PESNON;;AK 74, AK 75, AK 185;1597;VILLA ALEXIS PESNON;794889055;Construction neuve · 46 logements créés;nouvelle construction;habitation;collectif hors résidence;;46;3276;0;42;1370;parcelle_actuelle;2.437460;48.863807
PC09304814B0001;PC;09304814B0001;logements;terminé;2014;2014-03-18;2015-02-03;2017-05-10;46 RUE DE LA BEAUNE;93100;AP 174;409;;;Construction neuve · 1 logement créé;nouvelle construction;habitation;un logement individuel;;1;100;0;0;0;adresse;2.434172;48.861707
PD09304814B0005;PD;09304814B0005;demolir;autorisé;2014;2014-03-18;;;162 RUE DE ROSNY;93100;BZ 77, BZ 71;1393;COMMUNE DE MONTREUIL;219300480;Démolition;;;;;;;;;;parcelle_actuelle;2.454735;48.865506
PC09304813B0113;PC;09304813B0113;logements;terminé;2013;2014-03-19;2017-03-06;2020-11-11;29 RUE BEAUMARCHAIS;93100;BL 34;489;SOCIETE CIVILE IMMOBILIERE 29 B;822792339;Construction neuve · 7 logements créés;nouvelle construction;habitation;collectif hors résidence;;7;636;0;0;0;parcelle_actuelle;2.431649;48.856172
PC09304814B0016;PC;09304814B0016;logements;terminé;2014;2014-03-20;2014-07-01;2016-01-15;7 AVENUE DU COLONEL FABIEN;93100;N 203, N 117;269;;;Agrandissement de 108 m² · 1 logement créé;extension de surface sans transformation;habitation;un logement individuel;;1;108;0;0;0;parcelle_actuelle;2.448536;48.874719
PC09304813B0100;PC;09304813B0100;logements+locaux;annulé;2013;2014-03-21;;;66 RUE LENAIN DE TILLEMONT;93100;CE 282;19574;IRE;489741645;Construction neuve · 75 logements créés;nouvelle construction;habitation;collectif hors résidence;;75;4912;0;310;0;parcelle_ancienne;2.458103;48.860832
DP09304814B0054;DP;09304814B0054;logements;autorisé;2014;2014-03-24;;;42 RUE EDOUARD VAILLANT;93100;BL 154;564;;;Changement de destination : atelier d'artisanat → logement · 1 logement créé;transformation sans extension ni diminution de surface;habitation;un logement individuel;;1;0;0;0;0;parcelle_actuelle;2.432243;48.855897
PC09304813B0163;PC;09304813B0163;logements;terminé;2013;2014-03-26;2015-06-18;2017-04-24;11/ 1 RUE CLOTILDE GAILLARD;93100;BO 161, BO 172;908;AKERYS PROMOTION;338434152;Construction neuve · 52 logements créés;nouvelle construction;habitation;collectif hors résidence;;52;3016;0;0;0;parcelle_actuelle;2.442640;48.858636
PC09304813B0160;PC;09304813B0160;logements+locaux;terminé;2013;2014-03-27;2014-06-12;2015-07-31;66 RUE PARMENTIER;93100;AT 70;1570;;;Changement de destination : entrepôt → logement, avec agrandissement · 9 logements créés;transformation avec extension de surface;entrepôt;collectif hors résidence;;9;18;0;0;0;adresse;2.429908;48.858994
PC09304813B0108;PC;09304813B0108;logements+locaux;autorisé;2013;2014-03-28;;;34 RUE RASPAIL;93100;BH 249;623;CABINET LOUIS PORCHERET;562035840;Construction neuve · 19 logements créés;nouvelle construction;habitation;collectif hors résidence;;19;1297;0;176;0;parcelle_actuelle;2.425669;48.853249
PD09304814B0007;PD;09304814B0007;demolir;autorisé;2014;2014-03-28;;;27 RUE SAINT JUST;93100;BZ 204;100;COMMUNE DE MONTREUIL;219300480;Démolition;;;;;;;;;;parcelle_actuelle;2.454880;48.863137
PC09304814B0032;PC;09304814B0032;logements;commencé;2014;2014-04-28;2017-02-06;;15 BI RUE CLOTILDE GAILLARD;93100;BU 26;191;;;Changement de destination : entrepôt → logement, avec agrandissement · 1 logement créé;transformation avec extension de surface;habitation;un logement individuel;;1;22;0;0;0;parcelle_actuelle;2.443272;48.859054
PC09304814B0050;PC;09304814B0050;logements;terminé;2014;2014-05-07;2014-06-18;2014-12-08;42 RUE EDOUARD VAILLANT;93100;BL 154;564;;;Changement de destination : atelier d'artisanat → logement · 1 logement créé;transformation sans extension ni diminution de surface;habitation;un logement individuel;;1;0;0;0;0;parcelle_actuelle;2.432243;48.855897
PC09304814B0023;PC;09304814B0023;logements;commencé;2014;2014-05-12;2016-05-09;;26 BOULE JEANNE D ARC;93100;BT 25, BT 24, BT 23;1588;CABINET LOUIS PORCHERET;562035840;Changement de destination : bureaux → logement, avec agrandissement · 1 logement créé;transformation avec extension de surface;habitation;un logement individuel;;1;54;0;0;0;parcelle_actuelle;2.444774;48.854671
PC09304814B0054;PC;09304814B0054;locaux;terminé;2014;2014-05-12;2014-07-04;2014-07-26;140 RUE DU MOULIN A VENT;;Y 64;260;;;Agrandissement de 49 m² (bureaux);extension de surface sans transformation;bureaux;;;;0;0;49;0;parcelle_actuelle;2.438332;48.870729
PD09304814B0009;PD;09304814B0009;demolir;autorisé;2014;2014-05-12;;;138 RUE DES RUFFINS;93100;CQ 263;1781;;;Démolition;;;;;;;;;;parcelle_actuelle;2.479961;48.861940
DP09304814B0130;DP;09304814B0130;logements;terminé;2014;2014-05-19;2014-11-19;2015-11-01;70 RUE ALEXIS LEPERE;;AE 88;230;SCI FOUGERE;499036952;Agrandissement de 39 m² · 1 logement créé;extension de surface sans transformation;habitation;un logement individuel;;1;39;0;0;0;parcelle_actuelle;2.438182;48.866711
PC09304814B0015;PC;09304814B0015;logements;commencé;2014;2014-05-20;2014-07-01;;239 BOULEVARD ARISTIDE BRIAND;;B 84;296;;;Construction neuve · 1 logement créé;nouvelle construction;habitation;un logement individuel;;1;109;0;0;0;parcelle_actuelle;2.456628;48.877586
PC09304814B0051;PC;09304814B0051;locaux;terminé;2014;2014-05-23;2016-02-09;2023-05-20;5 RUE DOMBASLE;;AH 135, AH 1;1259;;;Changement de destination : logement → local non résidentiel, avec agrandissement;transformation avec extension de surface;habitation;;;;35;0;0;0;parcelle_actuelle;2.447045;48.865887
PC09304813B0142;PC;09304813B0142;logements+locaux;terminé;2013;2014-05-26;2015-07-01;2017-04-12;23 BD ROUGET DE LISLE;93100;BO 61;332;CHR 23;805377736;Construction neuve · 17 logements créés;nouvelle construction;habitation;collectif hors résidence;;17;1131;0;134;0;parcelle_actuelle;2.439789;48.860436
DP09304814B0142;DP;09304814B0142;logements;autorisé;2014;2014-05-27;;;38 RUE DE STALINGRAD;93100;BU 73;254;;;Changement de destination : atelier d'artisanat → logement · 1 logement créé;transformation sans extension ni diminution de surface;habitation;un logement individuel;;1;0;0;0;0;parcelle_actuelle;2.442935;48.858399
DP09304814B0076;DP;09304814B0076;logements;autorisé;2014;2014-06-04;;;10 RUE CONDORCET;;BU 43;776;;;Changement de destination : bureaux → logement · 2 logements créés;transformation sans extension ni diminution de surface;habitation;collectif hors résidence;;2;0;0;0;0;parcelle_actuelle;2.445347;48.859129
DP09304814B0085;DP;09304814B0085;locaux;terminé;2014;2014-06-04;2017-09-04;2024-03-22;47 RUE EDOUARD VAILLANT;;BK 83;383;VERT MORVAN;421122854;Agrandissement de 37 m² (équipement d'intérêt collectif);extension de surface sans transformation;service public ou d'intérêt collectif;;;;0;0;37;6;parcelle_ancienne;2.432484;48.854795
PC09304813B0174;PC;09304813B0174;logements+locaux;terminé;2013;2014-06-06;2014-11-18;2016-11-16;55 RUE ARMAND CARREL;;BD 53;3235;SNC KAUFMAN & BROAD PROMOTION 4;444266555;Construction neuve · 114 logements créés;nouvelle construction;habitation;collectif hors résidence;;114;7981;0;495;0;parcelle_actuelle;2.419066;48.850579
DP09304814B0178;DP;09304814B0178;locaux;autorisé;2014;2014-06-07;;;2 RUE ALEXIS LEPERE;93100;AF 287, AF 229, AF 290;5641;OFFICE PUBLIC DE L'HABITAT MONTREUILLOIS;488777160;Changement de destination : logement → local non résidentiel;transformation sans extension ni diminution de surface;habitation;;;;0;0;0;0;parcelle_actuelle;2.441743;48.864420
PC09304814B0022;PC;09304814B0022;logements+locaux;terminé;2014;2014-06-14;2015-01-28;2017-01-17;30 RUE HONORE DE BALZAC;93100;K 268, K 258, K 47;636;SCI GALLETTI;753864313;Construction neuve · 5 logements créés;nouvelle construction;habitation;collectif hors résidence;;5;367;0;308;0;parcelle_actuelle;2.457565;48.874088
PC09304813B0150;PC;09304813B0150;logements;terminé;2013;2014-06-16;2014-10-16;2016-07-25;14 RUE DU MIDI;93100;AC 174;1877;BILLIERES ARCHITECTE;520504119;Construction neuve · 59 logements créés;nouvelle construction;habitation;collectif hors résidence;;59;2796;0;0;0;parcelle_actuelle;2.437108;48.869197
PC09304814B0052;PC;09304814B0052;logements+locaux;terminé;2014;2014-06-16;2014-07-28;2024-10-08;40 RUE MAINGUET;93100;AP 51;316;;;Changement de destination : commerce → logement, avec agrandissement · 1 logement créé;transformation avec extension de surface;commerce;un logement individuel;;1;0;0;100;0;parcelle_actuelle;2.431744;48.862026
DP09304814B0190;DP;09304814B0190;locaux;autorisé;2014;2014-06-18;;;56 RUE POULIN;;X 396, X 394;246;;;Agrandissement de 19 m² (commerce);extension de surface sans transformation;commerce;;;;0;0;19;0;parcelle_actuelle;2.442305;48.870959
PC09304813B0165;PC;09304813B0165;logements;commencé;2013;2014-06-18;2014-07-10;;30 RUE KLEBER;93100;BL 115;550;;;Réaménagement de logements (division, réunion ou rénovation) · 5 logements après travaux;transformation sans extension ni diminution de surface;habitation;collectif hors résidence;;5;0;0;0;0;parcelle_actuelle;2.435022;48.855551
DP09304814B0171;DP;09304814B0171;logements;autorisé;2014;2014-06-23;;;38 RUE DE STALINGRAD;;BU 73;254;;;Changement de destination : atelier d'artisanat → logement · 1 logement créé;transformation sans extension ni diminution de surface;habitation;un logement individuel;;1;0;0;0;0;parcelle_actuelle;2.442935;48.858399
PC09304814B0056;PC;09304814B0056;logements;commencé;2014;2014-06-30;2015-01-28;;63 RUE DES RUFFINS;93100;CR 43;232;CABINET LOUIS PORCHERET;562035840;Changement de destination : atelier d'artisanat → logement, avec agrandissement · 2 logements créés;transformation avec extension de surface;habitation;collectif hors résidence;;2;1;0;0;0;parcelle_actuelle;2.473325;48.861068
PC09304813B0173;PC;09304813B0173;logements;terminé;2013;2014-07-11;2014-12-12;2015-11-23;35 RUE DES MESSIERS;93100;AT 36;514;LMOO;477563647;Changement de destination : bureaux → logement, avec agrandissement · 4 logements créés;transformation avec extension de surface;habitation;collectif hors résidence;;4;134;0;0;0;parcelle_actuelle;2.429308;48.859781
PC09304814B0092;PC;09304814B0092;logements;commencé;2014;2014-07-11;2015-02-02;;16 RUE DU BERGER;93100;BR 144;390;;;Agrandissement de 209 m² · 1 logement créé;extension de surface sans transformation;habitation;un logement individuel;;1;209;0;0;0;parcelle_actuelle;2.445535;48.852178
PC09304813B0170;PC;09304813B0170;logements+locaux;commencé;2013;2014-07-22;2016-01-25;;12/14 RUE MARCEAU;93100;BH 75, BH 76;1013;R EVOLUTION A MONTREUIL;813702420;Construction neuve · 35 logements créés;nouvelle construction;habitation;collectif hors résidence;;35;2595;0;510;0;parcelle_actuelle;2.425390;48.855407
PC09304813B0175;PC;09304813B0175;logements+locaux;annulé;2013;2014-07-22;2016-01-29;;278 BOULEVARD DE LA BOISSIERE;93100;F 36, F 28, F 26;24182;SCI MONTREUIL LES RESERVOIRS - BOULEVARD DE LA BOISSIERE;480556042;Construction neuve · 205 logements créés;nouvelle construction;habitation;collectif hors résidence;;205;13590;0;1969;0;adresse;2.469066;48.873469
PC09304814B0029;PC;09304814B0029;logements;commencé;2014;2014-07-22;2017-07-10;;182 B BOULE ARISTIDE BRIAND;93100;L 92;539;;;Construction neuve · 10 logements créés;nouvelle construction;habitation;collectif hors résidence;;10;562;0;0;0;parcelle_actuelle;2.455628;48.875063
PC09304814B0066;PC;09304814B0066;logements;commencé;2014;2014-07-22;2015-07-01;;36 VILLA DES SAULES CLOUETS;93100;A 124;130;;;Agrandissement de 174 m² · 3 logements créés;extension de surface sans transformation;habitation;collectif hors résidence;;3;174;0;0;0;parcelle_actuelle;2.454881;48.877132
PC09304814B0067;PC;09304814B0067;logements;terminé;2014;2014-07-23;2014-11-27;2016-06-15;66 RUE DE LA REVOLUTION;93100;BI 147;1088;;;Changement de destination : atelier d'artisanat → logement, avec agrandissement · 13 logements créés;transformation avec extension de surface;habitation;collectif hors résidence;;13;437;0;0;0;parcelle_ancienne;2.428047;48.853438
PC09304814B0079;PC;09304814B0079;logements;terminé;2014;2014-07-28;2014-09-09;2014-11-28;50 RUE DE LAGNY;93100;BE 64;834;NOTAPIERRE;347726812;Changement de destination : atelier d'artisanat → logement, avec réduction de surface · 4 logements créés;transformation avec diminution de surface;habitation;collectif hors résidence;;4;0;0;0;123;parcelle_actuelle;2.425031;48.849344
PC09304814B0059;PC;09304814B0059;logements;commencé;2014;2014-07-31;2014-12-09;;139 RUE DES RUFFINS;93100;CQ 263;1781;;;Construction neuve · 35 logements créés;nouvelle construction;habitation;collectif hors résidence;;35;2373;0;0;0;parcelle_actuelle;2.479961;48.861940
PC09304814B0086;PC;09304814B0086;logements;commencé;2014;2014-07-31;2016-02-10;;27 29 RUE DU MARAIS;93100;AB 148, AB 144, AB 274;911;;;Agrandissement de 79 m² · 1 logement créé;extension de surface sans transformation;habitation;un logement individuel;;1;79;0;0;0;parcelle_actuelle;2.435480;48.870124
PC09304814B0111;PC;09304814B0111;logements;commencé;2014;2014-07-31;2014-11-21;;9 RUE DES ROULETTES;93100;AQ 16;446;;;Agrandissement de 195 m² · 3 logements créés;extension de surface sans transformation;habitation;collectif hors résidence;;3;195;0;0;0;parcelle_actuelle;2.431973;48.861203
DP09304814B0172;DP;09304814B0172;logements;autorisé;2014;2014-08-01;;;38 RUE DE STALINGRAD;;BU 73;254;;;Changement de destination : atelier d'artisanat → logement · 1 logement créé;transformation sans extension ni diminution de surface;habitation;un logement individuel;;1;0;0;0;0;parcelle_actuelle;2.442935;48.858399
PC09304814B0070;PC;09304814B0070;logements;commencé;2014;2014-08-08;2014-08-19;;106 BOULE DE LA BOISSIERE;93100;B 302, B 304, B 300;169;;;Agrandissement de 44 m² · 2 logements créés;extension de surface sans transformation;habitation;plusieurs logements individuels;;2;44;0;0;0;parcelle_actuelle;2.458356;48.877300
PC09304814B0108;PC;09304814B0108;logements+locaux;terminé;2014;2014-08-11;2014-12-11;2015-06-29;20 RUE VOLTAIRE;93100;AY 154, AY 165, AY 166;3506;;;Changement de destination : bureaux → logement, avec agrandissement · 1 logement créé;transformation avec extension de surface;bureaux;un logement individuel;;1;18;0;22;0;parcelle_actuelle;2.420953;48.854239
PD09304814B0013;PD;09304814B0013;demolir;autorisé;2014;2014-08-11;;;153 1 RUE ETIENNE MARCEL;;AY 18, AY 19;338;COMMUNE DE MONTREUIL;219300480;Démolition;;;;;;;;;;parcelle_ancienne;2.421762;48.856874
PD09304814B0012;PD;09304814B0012;demolir;autorisé;2014;2014-08-18;;;5 TER RUE RAYMOND LEFEBVRE;;CF 8, C 8;767;;;Démolition;;;;;;;;;;parcelle_actuelle;2.459821;48.876478
DP09304814B0220;DP;09304814B0220;logements;autorisé;2014;2014-08-19;;;7 RUE BARA;;BH 119;260;;;Changement de destination : bureaux → logement · 1 logement créé;transformation sans extension ni diminution de surface;habitation;un logement individuel;;1;0;0;0;0;parcelle_actuelle;2.424037;48.854682
PC09304814B0063;PC;09304814B0063;logements;commencé;2014;2014-08-21;2014-10-01;;15 RUE MICHELET;93100;BJ 207;938;SAS MARTEAU;672049376;Changement de destination : atelier d'artisanat → logement · 1 logement créé;transformation sans extension ni diminution de surface;habitation;un logement individuel;;1;0;0;0;0;parcelle_actuelle;2.433105;48.852361
PC09304814B0021;PC;09304814B0021;locaux;commencé;2014;2014-08-27;2016-07-02;;24 RUE ROBESPIERE;93100;AY 128, AY 229;1045;SCI CENTRE ROBESPIERRE;414553107;Agrandissement de 191 m² (commerce);extension de surface sans transformation;commerce;;;;19;0;172;0;parcelle_actuelle;2.422291;48.855013
PC09304814B0065;PC;09304814B0065;logements;terminé;2014;2014-09-01;2014-09-24;2016-01-04;68 RUE DU MOULIN A VENT;93100;AB 138;211;;;Construction neuve · 1 logement créé;nouvelle construction;habitation;un logement individuel;;1;120;0;0;0;parcelle_actuelle;2.435154;48.871170
PC09304814B0140;PC;09304814B0140;locaux;terminé;2014;2014-09-01;2016-07-19;2018-09-18;42 RUE ARMAND CARREL;93100;BC 24;1741;;;Construction neuve · 5 875 m² (bureaux);nouvelle construction;bureaux;;;;0;2138;5875;0;parcelle_actuelle;2.417629;48.851412
PC09304814B0101;PC;09304814B0101;logements;terminé;2014;2014-09-03;2015-05-21;2017-05-03;11 RUE DESIRE CHARTON;93100;T 20;1274;IRE;489741645;Construction neuve · 26 logements créés;nouvelle construction;habitation;collectif hors résidence;;26;1932;0;0;0;parcelle_actuelle;2.450586;48.867621
DP09304814B0311;DP;09304814B0311;logements;autorisé;2014;2014-09-04;;;37 RUE DE LA FRATERNITE;;AU 46, AU 45;270;;;Agrandissement de 13 m² · 1 logement créé;extension de surface sans transformation;habitation;un logement individuel;;1;13;0;0;0;parcelle_actuelle;2.423363;48.860197
PD09304814B0010;PD;09304814B0010;demolir;autorisé;2014;2014-09-06;;;10 RUE DES SORINS;;AT 64;159;;;Démolition;;;;;;;;;;parcelle_actuelle;2.429269;48.859083
PC09304814B0100;PC;09304814B0100;logements;terminé;2014;2014-09-09;2017-02-16;2019-07-03;15-17 RUE DENIS COUTURIER;93100;AP 346, AP 347, AP 334;322;;;Construction neuve · 2 logements créés;nouvelle construction;habitation;plusieurs logements individuels;;2;199;0;0;0;parcelle_actuelle;2.432541;48.862914
DP09304814B0262;DP;09304814B0262;locaux;terminé;2014;2014-09-11;2015-05-11;2016-08-31;182 BOULEVARD DE LA BOISSIERE;;D 95;180;;;Agrandissement de 16 m² (commerce);extension de surface sans transformation;commerce;;;;0;0;16;0;parcelle_actuelle;2.463052;48.877047
PC09304814B0040;PC;09304814B0040;locaux;annulé;2014;2014-09-11;;;104 RUE EDOUARD VAILLANT;93100;BJ 28, BJ 26;1555;;;Réaménagement de logements (division, réunion ou rénovation), avec agrandissement;transformation avec extension de surface;bureaux;;;;22;0;50;5;parcelle_actuelle;2.430771;48.851871
PC09304814B0035;PC;09304814B0035;logements;autorisé;2014;2014-09-15;;;90 RUE GASTON LAURIAU;93100;BT 275, BT 276;592;;;Changement de destination : atelier d'artisanat → logement, avec agrandissement · 2 logements créés;transformation avec extension de surface;habitation;plusieurs logements individuels;;2;160;0;0;0;adresse;2.448036;48.856513
DP09304814B0285;DP;09304814B0285;logements;terminé;2014;2014-09-22;2015-04-22;2016-06-30;179 B RUE DE PARIS;;AY 120;320;CABINET MORGAND;801090051;Réaménagement de logements (division, réunion ou rénovation) · 3 logements après travaux;transformation sans extension ni diminution de surface;habitation;collectif hors résidence;;3;0;0;0;0;parcelle_ancienne;2.422117;48.855300
DP09304814B0295;DP;09304814B0295;logements;autorisé;2014;2014-09-22;;;18 RUE DESIRE CHEVALIER;;BU 163;158;;;Changement de destination : atelier d'artisanat → logement · 1 logement créé;transformation sans extension ni diminution de surface;habitation;un logement individuel;;1;0;0;0;0;parcelle_actuelle;2.445056;48.856908
PC09304814B0074;PC;09304814B0074;logements;annulé;2014;2014-09-22;;;88 RUE FRANCOIS ARAGO;93100;BF 43;458;SCI DU PETIT MARRONNIER;394183180;Agrandissement de 292 m² · 1 logement créé;extension de surface sans transformation;habitation;un logement individuel;;1;292;0;0;0;adresse;2.428381;48.851924
PC09304814B0152;PC;09304814B0152;locaux;terminé;2014;2014-09-22;2015-04-16;2015-08-29;103 B RUE GASTON LAURIAU;93100;BT 233;194;CABINET LOUIS PORCHERET;562035840;Réaménagement de locaux (commerce), avec agrandissement;transformation avec extension de surface;commerce;;;;0;0;27;0;parcelle_actuelle;2.448201;48.856021
PD09304814B0014;PD;09304814B0014;demolir;autorisé;2014;2014-09-22;;;48 50 RUE CUVIER;;BG 55;644;COMMUNE DE MONTREUIL;219300480;Démolition;;;;;;;;;;parcelle_actuelle;2.421726;48.851220
PC09304814B0082;PC;09304814B0082;logements;terminé;2014;2014-09-23;2016-05-31;2017-05-22;79 RUE MICHELET;93100;BI 131;244;;;Agrandissement de 143 m² · 2 logements créés;extension de surface sans transformation;habitation;plusieurs logements individuels;;2;143;0;0;0;parcelle_actuelle;2.428862;48.852849
PD09304814B0011;PD;09304814B0011;demolir;autorisé;2014;2014-10-02;;;249 RUE DE ROSNY;;I 10;3617;ETABLISSEMENT PUBLIC FONCIER IDF;495120008;Démolition;;;;;;;;;;parcelle_ancienne;2.463637;48.870029
PC09304814B0104;PC;09304814B0104;logements;autorisé;2014;2014-10-08;;;28 RUE DE LA MUTUALITE;93100;C 46;684;CABINET LOUIS PORCHERET;562035840;Construction neuve · 12 logements créés;nouvelle construction;habitation;collectif hors résidence;;12;299;0;0;0;parcelle_ancienne;2.461018;48.876297
PC09304814B0105;PC;09304814B0105;logements;autorisé;2014;2014-10-08;;;21 RUE DE L ERMITAGE;93100;P 112;298;;;Construction neuve · 3 logements créés;nouvelle construction;habitation;collectif hors résidence;;3;291;0;0;0;parcelle_actuelle;2.449991;48.868314
PD09304814B0016;PD;09304814B0016;demolir;autorisé;2014;2014-10-08;;;61 61 RUE VICTOR HUGO;;AK 130;249;COMMUNE DE MONTREUIL;219300480;Démolition;;;;;;;;;;parcelle_actuelle;2.439408;48.861794
DP09304814B0314;DP;09304814B0314;locaux;autorisé;2014;2014-10-09;;;8 RUE JEAN JACQUES ROUSSEAU;;BF 170;1458;AFDM PRO;803686435;Réaménagement de locaux (commerce);transformation sans extension ni diminution de surface;commerce;;;;0;0;0;0;parcelle_actuelle;2.428697;48.850885
PC09304814B0027;PC;09304814B0027;logements;commencé;2014;2014-10-09;2016-09-18;;69 RUE DOUY DELCUPE;93100;AS 27;62;CABINET LOUIS PORCHERET;562035840;Réaménagement de logements (division, réunion ou rénovation), avec agrandissement · 2 logements après travaux;transformation avec extension de surface;habitation;collectif hors résidence;;2;47;0;0;0;parcelle_actuelle;2.429958;48.855623
PD09304814B0017;PD;09304814B0017;demolir;autorisé;2014;2014-10-15;;;3 RUE DU MIDI;;Y 16;273;;;Démolition;;;;;;;;;;parcelle_ancienne;2.436468;48.869586
PC09304814B0069;PC;09304814B0069;locaux;commencé;2014;2014-10-16;2015-03-04;;41 RUE VOLTAIRE;93100;AY 231, AY 230;7536;DEPARTEMENT DE LA SEINE SAINT DENIS;229300082;Agrandissement de 101 m² (équipement d'intérêt collectif);extension de surface sans transformation;service public ou d'intérêt collectif;;;;0;0;101;0;parcelle_actuelle;2.422474;48.854354
DP09304814B0335;DP;09304814B0335;locaux;terminé;2014;2014-10-17;2015-04-17;2016-06-16;19 RUE PIERRE JEAN DE BERANGE;;CL 48;162;;;Agrandissement de 24 m² (commerce);extension de surface sans transformation;commerce;;;;0;0;24;0;parcelle_actuelle;2.467836;48.866830
PD09304814B0015;PD;09304814B0015;demolir;autorisé;2014;2014-10-17;;;52 RUE CUVIER;;BG 54;960;COMMUNE DE MONTREUIL;219300480;Démolition;;;;;;;;;;parcelle_actuelle;2.421631;48.851522
PC09304814B0043;PC;09304814B0043;logements+locaux;commencé;2014;2014-10-29;2017-10-16;;20 RUE ROBESPIERRE;93100;AY 254;300;FRANCE EURO HABITAT;383349107;Construction neuve · 10 logements créés;nouvelle construction;habitation;collectif hors résidence;;10;711;0;105;0;parcelle_actuelle;2.422781;48.855371
PC09304812B0257;PC;09304812B0257;locaux;terminé;2012;2014-11-05;2014-11-06;2015-10-30;33 RUE DE L EGLISE;;AF 312;239;;;Réaménagement de locaux (commerce);transformation sans extension ni diminution de surface;commerce;;;;0;0;0;0;parcelle_actuelle;2.443779;48.863926
PC09304814B0157;PC;09304814B0157;logements;terminé;2014;2014-11-05;2015-12-03;2017-06-27;100 RUE JULES GUESDE;93100;CQ 39;467;ANA 55;531532489;Construction neuve · 5 logements créés;nouvelle construction;habitation;collectif hors résidence;;5;302;0;0;0;adresse;2.479987;48.862715
DP09304814B0342;DP;09304814B0342;logements;autorisé;2014;2014-11-12;;;3 TER RUE DU MARAIS;93100;AB 104;248;;;Changement de destination : atelier d'artisanat → logement · 1 logement créé;transformation sans extension ni diminution de surface;habitation;un logement individuel;;1;0;0;0;0;parcelle_actuelle;2.433983;48.869782
PC09304814B0173;PC;09304814B0173;locaux;commencé;2014;2014-11-19;2015-02-23;;54 RUE VOLTAIRE;93100;AY 182;366;;;Agrandissement de 99 m² (bureaux);extension de surface sans transformation;bureaux;;;;40;0;59;0;parcelle_actuelle;2.421761;48.853573
PC09304814B0130;PC;09304814B0130;logements;annulé;2014;2014-11-28;;;6 VOIE COMMUNALE NLE CITE DE;;CF 26;148;;;Réaménagement de logements (division, réunion ou rénovation), avec agrandissement · 2 logements après travaux;transformation avec extension de surface;habitation;plusieurs logements individuels;;2;28;0;0;0;parcelle_actuelle;2.462736;48.858091
PC09304814B0165;PC;09304814B0165;logements;autorisé;2014;2014-12-02;;;24 RUE DE LA DHUYS;93100;A 62;488;;;Changement de destination : local industriel → logement · 4 logements créés;transformation sans extension ni diminution de surface;habitation;collectif hors résidence;;4;0;0;0;0;parcelle_actuelle;2.452276;48.876559
DP09304814B0359;DP;09304814B0359;logements;autorisé;2014;2014-12-03;;;142 B RUE ETIENNE MARCEL;93100;AT 180;125;;;Changement de destination : bureaux → logement · 1 logement créé;transformation sans extension ni diminution de surface;habitation;un logement individuel;;1;0;0;0;0;parcelle_actuelle;2.428126;48.857786
PC09304814B0133;PC;09304814B0133;logements;terminé;2014;2014-12-05;2017-01-10;2020-03-02;7 RUE DE LA TRANCHEE;93100;CQ 168, CQ 281;887;CABINET LOUIS PORCHERET;562035840;Construction neuve · 13 logements créés;nouvelle construction;habitation;collectif hors résidence;;13;1038;0;0;0;parcelle_actuelle;2.478694;48.861120
PD09304814B0018;PD;09304814B0018;demolir;autorisé;2014;2014-12-09;;;3 RUE DES MESSIERS;;AT 3;263;;;Démolition;;;;;;;;;;parcelle_actuelle;2.431429;48.860297
PC09304814B0103;PC;09304814B0103;logements+locaux;annulé;2014;2014-12-11;;;100 B RUE ALEXIS PESNON;93100;AK 185, AK 75, AK 74;1597;VILLA ALEXIS PESNON;794889055;Construction neuve · 46 logements créés;nouvelle construction;habitation;collectif hors résidence;;46;3276;0;42;0;parcelle_actuelle;2.437460;48.863807
DP09304814B0393;DP;09304814B0393;logements;terminé;2014;2014-12-17;2014-12-17;2014-12-03;62 VILLA RAYMOND LEFEBVRE;93100;CE 267;17;;;Changement de destination : bureaux → logement · 1 logement créé;transformation sans extension ni diminution de surface;habitation;un logement individuel;;1;0;0;0;0;parcelle_actuelle;2.459233;48.856660
PD09304814B0020;PD;09304814B0020;demolir;autorisé;2014;2014-12-17;;;29 RUE VICTOR HUGO;;AK 149;360;COMMUNE DE MONTREUIL;219300480;Démolition;;;;;;;;;;parcelle_actuelle;2.438944;48.860526
PC09304814B0131;PC;09304814B0131;logements;terminé;2014;2014-12-18;2015-06-01;2016-10-25;3 TER RUE DES GRADINS/56 RUE DE;93100;AI 308;276;;;Agrandissement de 163 m² · 1 logement créé;extension de surface sans transformation;habitation;un logement individuel;;1;163;0;0;0;parcelle_actuelle;2.447839;48.862280
PC09304814B0174;PC;09304814B0174;logements;terminé;2014;2014-12-22;2015-12-10;2017-12-13;29 RUE DESIRE CHEVALIER;93100;BU 101;1079;EIFFAGE IMMOBILIER ILE DE FRANCE;489244483;Construction neuve · 40 logements créés;nouvelle construction;habitation;collectif hors résidence;;40;2409;0;0;0;parcelle_actuelle;2.445314;48.857593
PC09304814B0155;PC;09304814B0155;logements;autorisé;2014;2014-12-24;;;7 RUE DU LEVANT;93100;BR 28;65;SCI MEADA;480149368;Changement de destination : atelier d'artisanat → logement · 1 logement créé;transformation sans extension ni diminution de surface;habitation;un logement individuel;;1;0;0;0;0;parcelle_actuelle;2.444191;48.853236
PC09304814B0188;PC;09304814B0188;logements;terminé;2014;2014-12-24;2015-04-04;2016-09-01;9 RUE DES NEFLIERS;93100;T 347, T 196, T 147;223;;;Construction neuve · 1 logement créé;nouvelle construction;habitation;un logement individuel;;1;100;0;0;0;parcelle_actuelle;2.453551;48.867043
DP09304814B0418;DP;09304814B0418;logements;terminé;2014;2014-12-25;2015-06-25;2016-06-01;132 BOULE HENRI BARBUSSE;93100;Y 188, Y 183, Y 189;542;;;Réaménagement de logements (division, réunion ou rénovation) · 2 logements après travaux;transformation sans extension ni diminution de surface;habitation;collectif hors résidence;;2;0;0;0;0;parcelle_actuelle;2.440154;48.871140
PC09304814B0212;PC;09304814B0212;logements;commencé;2014;2015-01-19;2015-05-02;;4 RUE DES ORMES;93100;BT 237;300;;;Changement de destination : entrepôt → logement, avec agrandissement · 1 logement créé;transformation avec extension de surface;habitation;un logement individuel;;1;23;0;0;0;parcelle_actuelle;2.448615;48.856866
PD09304815B0001;PD;09304815B0001;demolir;autorisé;2015;2015-01-19;;;27 RUE LENAIN DE TILLEMONT;;CD 418, CD 450;28623;OSICA SOCIETE ANONYME D HABITATIONS A LOYER MODERE;552046484;Démolition;;;;;;;;;;parcelle_ancienne;2.457909;48.862151
PC09304814B0153;PC;09304814B0153;logements;commencé;2014;2015-01-22;2015-11-02;;5 BOULEVARD ROUGET DE L'ISLE;93100;AK 4;103;SCI EMPIRE;448522672;Changement de destination : atelier d'artisanat → logement, avec agrandissement · 3 logements créés;transformation avec extension de surface;habitation;collectif hors résidence;;3;160;0;0;0;parcelle_actuelle;2.440914;48.861415
PC09304814B0113;PC;09304814B0113;logements;terminé;2014;2015-01-23;2015-06-01;2016-07-15;34 BOULE P VAILLANT COUTURIER;93100;AG 109;664;CABINET LOUIS PORCHERET;562035840;Changement de destination : bureaux → logement · 15 logements créés;transformation sans extension ni diminution de surface;habitation;collectif hors résidence;;15;0;0;0;0;parcelle_actuelle;2.444539;48.865819
PD09304814B0019;PD;09304814B0019;demolir;autorisé;2014;2015-01-24;;;2 BIS RUE DES BRAVES;93100;CQ 173;680;GRAND PARIS AMENAGEMENT;642036941;Démolition;;;;;;;;;;adresse;2.479926;48.861331
DP09304814B0444;DP;09304814B0444;logements;autorisé;2014;2015-01-29;;;84 RUE SAINT DENIS;93100;J 105;520;;;Changement de destination : atelier d'artisanat → logement · 1 logement créé;transformation sans extension ni diminution de surface;habitation;un logement individuel;;1;0;0;0;0;parcelle_actuelle;2.455867;48.872068
PC09304814B0203;PC;09304814B0203;logements;annulé;2014;2015-02-02;;;31 RUE NUNGESSER;;CJ 282, CJ 268, CJ 161;1446;;;Agrandissement de 151 m² · 1 logement créé;extension de surface sans transformation;habitation;un logement individuel;;1;151;0;0;0;parcelle_actuelle;2.467439;48.868522
PC09304814B0215;PC;09304814B0215;locaux;terminé;2014;2015-02-02;2015-04-14;2016-02-02;10 RUE JULES FERRY;93100;AQ 237, AQ 235;268;;;Changement de destination : logement → commerce, avec agrandissement;transformation avec extension de surface;commerce;;;;0;0;45;0;parcelle_actuelle;2.433932;48.860380
DP09304814B0405;DP;09304814B0405;logements;autorisé;2014;2015-02-03;;;14 RUE DU SERGENT GODEFROY;93100;BK 98;592;;;Changement de destination : atelier d'artisanat → logement · 2 logements créés;transformation sans extension ni diminution de surface;habitation;plusieurs logements individuels;;2;0;0;0;0;parcelle_actuelle;2.432535;48.854220
PC09304814B0178;PC;09304814B0178;logements;annulé;2014;2015-02-18;;;2 RUE DU RUISSEAU;93100;X 139;616;OFFICE PUBLIC DE L'HABITAT MONTREUILLOIS;488777160;Construction neuve · 16 logements créés;nouvelle construction;habitation;collectif hors résidence;;16;1052;0;0;0;parcelle_actuelle;2.445242;48.870342
PC09304814B0163;PC;09304814B0163;logements+locaux;autorisé;2014;2015-02-19;;;253 BOULE ARISTIDE BRIAND;93100;B 57, B 56;409;;;Agrandissement de 131 m² (commerce) · 1 logement créé;extension de surface sans transformation;commerce;un logement individuel;;1;32;0;99;0;parcelle_actuelle;2.457473;48.878437
PC09304814B0198;PC;09304814B0198;locaux;autorisé;2014;2015-02-19;;;272 RUE DE PARIS;93100;AZ 68, AZ 71, AZ 67;1921;ETABLISSEMENT PUBLIC FONCIER IDF;495120008;Réaménagement de locaux (commerce);transformation sans extension ni diminution de surface;commerce;;;;0;0;0;0;parcelle_actuelle;2.416711;48.855525
DP09304814B0420;DP;09304814B0420;logements;terminé;2014;2015-02-24;2015-02-24;2015-03-01;47 RUE DU DOCTEUR CALMETTE;93100;AE 260;285;DES SOURCES;517822649;Changement de destination : bureaux → logement · 1 logement créé;transformation sans extension ni diminution de surface;habitation;un logement individuel;;1;0;0;0;0;parcelle_actuelle;2.439815;48.867694
DP09304815B0015;DP;09304815B0015;logements;autorisé;2015;2015-02-24;;;8 AVENU FAIDHERBE;93100;AG 57;279;;;Changement de destination : atelier d'artisanat → logement · 1 logement créé;transformation sans extension ni diminution de surface;habitation;un logement individuel;;1;0;0;0;0;parcelle_actuelle;2.442864;48.865640
DP09304815B0027;DP;09304815B0027;logements;terminé;2015;2015-02-24;2015-02-24;2015-04-23;47 RUE DES QUATRE RUELLES;93100;BS 147;180;;;Agrandissement de 32 m² · 1 logement créé;extension de surface sans transformation;habitation;un logement individuel;;1;32;0;0;0;parcelle_actuelle;2.450656;48.854404
PC09304814B0164;PC;09304814B0164;logements+locaux;terminé;2014;2015-02-25;2015-05-28;2019-12-11;253 BOULE ARISTIDE BRIAND;93100;B 57;322;;;Agrandissement de 114 m² (commerce) · 1 logement créé;extension de surface sans transformation;commerce;un logement individuel;;1;32;0;82;0;parcelle_actuelle;2.457446;48.878414
PC09304814B0122;PC;09304814B0122;logements;terminé;2014;2015-02-26;2015-10-13;2018-01-30;38 RUE DIDEROT;93100;BI 193;258;;;Agrandissement de 603 m² · 8 logements créés;extension de surface sans transformation;habitation;collectif hors résidence;;8;603;0;0;0;parcelle_actuelle;2.427218;48.852400
PC09304814B0132;PC;09304814B0132;locaux;autorisé;2014;2015-02-26;;;48 RUE PARMENTIER;93100;AT 8;100;;;Agrandissement de 50 m² (commerce);extension de surface sans transformation;commerce;;;;0;0;50;0;parcelle_actuelle;2.431538;48.859552
PC09304814B0121;PC;09304814B0121;logements;autorisé;2014;2015-02-27;;;37 RUE KLEBER (48/50 RUE DE V;93100;BM 8, BM 6;544;;;Construction neuve · 2 logements créés;nouvelle construction;habitation;plusieurs logements individuels;;2;82;0;0;0;adresse;2.435197;48.855251
PC09304814B0210;PC;09304814B0210;logements;commencé;2014;2015-02-27;2015-10-07;;52 RUE GASTON LAURIAU;93100;BU 123;236;;;Agrandissement de 140 m² · 1 logement créé;extension de surface sans transformation;habitation;un logement individuel;;1;140;0;0;0;parcelle_actuelle;2.446539;48.858904
PC09304815B0005;PC;09304815B0005;logements;annulé;2015;2015-02-27;;;21 RUE DE L ERMITAGE;93100;P 112;298;;;Construction neuve · 3 logements créés;nouvelle construction;habitation;collectif hors résidence;;3;295;0;0;0;parcelle_actuelle;2.449991;48.868314
PD09304815B0002;PD;09304815B0002;demolir;autorisé;2015;2015-02-27;;;RUE DE LA NOUE;93100;AN 549, AO 253, AO 230;71694;COMMUNE DE MONTREUIL;219300480;Démolition;;;;;;;;;;parcelle_actuelle;2.428117;48.865995
PC09304815B0020;PC;09304815B0020;logements;commencé;2015;2015-03-09;2017-02-22;;16 RUE MALOT;93100;BP 193;202;SCI LA VILLA DES CESAR;799983473;Construction neuve · 6 logements créés;nouvelle construction;habitation;collectif hors résidence;;6;296;0;0;0;parcelle_actuelle;2.442548;48.855613
PC09304814B0166;PC;09304814B0166;logements;terminé;2014;2015-03-12;2017-04-03;2021-02-17;39 RUE DU COLONEL DELORME;;BI 158;238;39 DELORME MONTREUIL;751210972;Construction neuve · 8 logements créés;nouvelle construction;habitation;collectif hors résidence;;8;521;123;0;0;parcelle_actuelle;2.427853;48.853973
PC09304815B0004;PC;09304815B0004;logements;commencé;2015;2015-03-12;2015-03-23;;88 RUE EMILE BEAUFILS / 1-5 R;93100;K 182;15681;COOPERATION ET FAMILLE;582088662;Agrandissement de 100 m² · 1 logement créé;extension de surface sans transformation;habitation;un logement individuel;;1;100;0;0;0;parcelle_actuelle;2.459497;48.874317
PC09304814B0158;PC;09304814B0158;logements+locaux;commencé;2014;2015-03-13;2017-06-12;;11 AVENUE DU COLONEL FABIEN;93100;N 115;578;SCI CLEMENTINE;477796221;Changement de destination : bureaux → logement, avec agrandissement · 7 logements créés;transformation avec extension de surface;habitation;collectif hors résidence;;7;548;70;43;24;parcelle_actuelle;2.448727;48.874678
PC09304814B0170;PC;09304814B0170;logements;autorisé;2014;2015-03-18;;;22 RUE BAUDIN;;P 62;1039;;;Changement de destination : entrepôt → logement, avec agrandissement · 2 logements créés;transformation avec extension de surface;habitation;collectif hors résidence;;2;42;0;0;0;parcelle_actuelle;2.447562;48.868132
PC09304814B0190;PC;09304814B0190;logements;terminé;2014;2015-03-19;2016-01-21;2018-01-16;263 2 RUE DE ROSNY;;G 117, G 61, G 30;1537;SCCV MONTREUIL ACACIA;812549434;Construction neuve · 66 logements créés;nouvelle construction;habitation;collectif hors résidence;;66;4166;297;0;438;parcelle_ancienne;2.465765;48.870230
DP09304815B0013;DP;09304815B0013;logements;terminé;2015;2015-03-20;2015-03-20;2015-11-16;62 BOULEVARD P VAILLANT COUTU;;U 5;146;;;Changement de destination : atelier d'artisanat → logement · 1 logement créé;transformation sans extension ni diminution de surface;habitation;un logement individuel;;1;0;0;0;0;parcelle_actuelle;2.446239;48.867507
DP09304815B0057;DP;09304815B0057;logements;terminé;2015;2015-04-02;2015-06-02;2015-10-30;104 RUE PIERRE CURIE;;CR 99;241;;;Agrandissement de 14 m² · 1 logement créé;extension de surface sans transformation;habitation;un logement individuel;;1;14;0;0;0;parcelle_actuelle;2.474304;48.860387
PC09304814B0181;PC;09304814B0181;locaux;annulé;2014;2015-04-02;;;128 RUE DE VINCENNES;;BJ 130;387;SCI  FS;519142269;Changement de destination : logement → local non résidentiel, avec réduction de surface;transformation avec diminution de surface;habitation;;;;0;31;0;0;parcelle_actuelle;2.434479;48.852034
DP09304815B0059;DP;09304815B0059;logements;terminé;2015;2015-04-08;2015-06-08;2015-10-01;27 RUE COLBERT;;AP 325;615;SCI SILVER LAKE;807470513;Travaux sur un bâtiment existant · 6 logements créés;;habitation;collectif hors résidence;;6;0;0;0;0;parcelle_actuelle;2.434443;48.862949
PC09304814B0222;PC;09304814B0222;logements;commencé;2014;2015-04-08;2016-01-05;;36 RUE DES CAILLOTS;93100;AG 277;393;;;Construction neuve · 1 logement créé;nouvelle construction;habitation;un logement individuel;;1;91;0;0;0;parcelle_actuelle;2.441984;48.866454
PC09304814B0186;PC;09304814B0186;locaux;autorisé;2014;2015-04-10;;;82 RUE DU CAPITAINE DREYFUS;;BO 324;4230;OPALINE D'ATOUT;524144441;Réaménagement de locaux (bureaux), avec agrandissement;transformation avec extension de surface;bureaux;;;;0;0;47;0;parcelle_actuelle;2.441090;48.859537
PC09304814B0220;PC;09304814B0220;logements;terminé;2014;2015-04-14;2016-01-18;2016-02-01;102 RUE EDOUARD VAILLANT;;BJ 27;405;;;Changement de destination : atelier d'artisanat → logement, avec réduction de surface · 2 logements créés;transformation avec diminution de surface;habitation;collectif hors résidence;;2;17;32;0;0;adresse;2.431126;48.851957
PC09304814B0201;PC;09304814B0201;locaux;autorisé;2014;2015-04-24;;;105 RUE DU MOULIN A VENT;93100;Z 237;97;SCI 105 RUE DU MOULIN A VENT;509872404;Changement de destination : logement → local non résidentiel, avec agrandissement;transformation avec extension de surface;habitation;;;;21;16;12;0;parcelle_actuelle;2.438081;48.871059
DP09304815B0068;DP;09304815B0068;logements;terminé;2015;2015-04-29;2015-05-29;2015-07-15;10 RUE CONDORCET;93100;BU 43;776;;;Changement de destination : bureaux → logement · 1 logement créé;transformation sans extension ni diminution de surface;habitation;un logement individuel;;1;0;0;0;0;parcelle_actuelle;2.445347;48.859129
PD09304815B0003;PD;09304815B0003;demolir;autorisé;2015;2015-04-29;;;33 RUE PIERRE JEAN DE BÃA©RANG;93100;CJ 288, CJ 270, CJ 146;527;SOCIETE CIVILE IMMOBILIERE CONSORTS TEMPIA;539924456;Démolition;;;;;;;;;;parcelle_actuelle;2.466845;48.867144
PC09304815B0033;PC;09304815B0033;logements;commencé;2015;2015-05-05;2015-05-11;;16 RUE DES SORINS;93100;AT 59;518;;;Construction neuve · 6 logements créés;nouvelle construction;habitation;collectif hors résidence;;6;374;171;0;0;parcelle_actuelle;2.428993;48.859211
PC09304814B0213;PC;09304814B0213;logements;terminé;2014;2015-05-06;2016-06-17;2019-02-22;27-29 RUE DES CHANTEREINES;93100;X 298, X 119;888;SCCV CHANTEREINES MONTREUIL;790226989;Construction neuve · 26 logements créés;nouvelle construction;habitation;collectif hors résidence;;26;1728;75;0;0;parcelle_actuelle;2.444828;48.869586
PC09304815B0003;PC;09304815B0003;logements;terminé;2015;2015-05-06;2015-07-25;2019-02-15;201 BOULEVARD DE LA BOISSIERE;93100;C 111;507;;;Construction neuve · 6 logements créés;nouvelle construction;habitation;collectif hors résidence;;6;355;0;0;0;parcelle_actuelle;2.464070;48.877284
PC09304814B0193;PC;09304814B0193;logements;terminé;2014;2015-05-18;2016-09-15;2018-12-30;76 AVENUE PASTEUR;93100;AE 159;759;VILLA PASTEUR;813389194;Construction neuve · 29 logements créés;nouvelle construction;habitation;collectif hors résidence;;29;2101;759;0;0;parcelle_actuelle;2.436736;48.866177
PC09304814B0200;PC;09304814B0200;logements;commencé;2014;2015-05-19;2015-09-01;;346 BOULEVARD DE LA BOISSIERE;93100;CK 152;352;SCI DES OLIVIERS;801919010;Agrandissement de 300 m² · 8 logements créés;extension de surface sans transformation;habitation;collectif hors résidence;;8;300;0;0;0;parcelle_ancienne;2.470370;48.871898
DP09304815B0135;DP;09304815B0135;logements;terminé;2015;2015-05-28;2015-05-28;2015-06-08;29 RUE DE LA SOLIDARITE;93100;BQ 64;241;;;Changement de destination : atelier d'artisanat → logement, avec agrandissement · 1 logement créé;transformation avec extension de surface;habitation;un logement individuel;;1;19;8;0;0;parcelle_actuelle;2.440661;48.853128
PC09304814B0184;PC;09304814B0184;logements+locaux;terminé;2014;2015-05-28;2016-01-08;2017-05-09;31 RUE LEBOUR;93100;BH 161, BH 162;1393;LE BOURG;788818706;Construction neuve · 32 logements créés;nouvelle construction;habitation;collectif hors résidence;;32;1966;157;95;121;parcelle_actuelle;2.425481;48.853747
PC09304814B0218;PC;09304814B0218;locaux;commencé;2014;2015-05-28;2017-05-11;;166 RUE ETIENNE MARCEL;93100;AV 104;515;SCI VARNAUD;351617451;Agrandissement de 200 m² (entrepôt);extension de surface sans transformation;entrepôt;;;;0;0;200;0;parcelle_actuelle;2.424839;48.857732
PC09304815B0009;PC;09304815B0009;locaux;commencé;2015;2015-05-28;2016-01-13;;21 RUE ALEXIS LEPERE;93100;AF 100;1067;SCI B.P;401758412;Réaménagement de locaux (commerce), avec agrandissement;transformation avec extension de surface;commerce;;;;0;0;134;35;parcelle_actuelle;2.440364;48.864149
PC09304814B0182;PC;09304814B0182;logements;terminé;2014;2015-06-01;2015-12-21;2017-12-31;50 RUE EDOUARD VAILLANT;93100;BL 55;539;PREMIUM;532812955;Construction neuve · 17 logements créés;nouvelle construction;habitation;collectif hors résidence;;17;1191;45;0;0;parcelle_actuelle;2.432243;48.855637
PC09304815B0002;PC;09304815B0002;logements;commencé;2015;2015-06-03;2015-06-15;;32 RUE BARBES;93100;BH 151;114;;;Changement de destination : entrepôt → logement, avec réduction de surface · 2 logements créés;transformation avec diminution de surface;habitation;collectif hors résidence;;2;0;0;0;26;parcelle_actuelle;2.424419;48.853991
DP09304815B0113;DP;09304815B0113;logements;terminé;2015;2015-06-04;2015-07-04;2015-08-15;47 RUE DU DOCTEUR CALMETTE;93100;AE 260;285;;;Changement de destination : bureaux → logement · 1 logement créé;transformation sans extension ni diminution de surface;habitation;un logement individuel;;1;0;0;0;0;parcelle_actuelle;2.439815;48.867694
PC09304815B0071;PC;09304815B0071;logements;terminé;2015;2015-06-05;2015-07-01;2015-12-23;97 RUE DU MOULIN A VENT;93100;Z 231;166;;;Agrandissement de 63 m² · 1 logement créé;extension de surface sans transformation;habitation;un logement individuel;;1;63;25;0;0;parcelle_actuelle;2.437718;48.871135
DP09304815B0150;DP;09304815B0150;locaux;terminé;2015;2015-06-15;2015-12-15;2016-11-28;8 BD CHANZY;93100;AR 229;2155;MAAF ASSURANCES SA;542073580;Agrandissement de 2 m² (bureaux);extension de surface sans transformation;bureaux;;;;0;0;2;0;parcelle_actuelle;2.435908;48.858510
PC09304815B0011;PC;09304815B0011;locaux;terminé;2015;2015-06-15;2015-06-15;2015-07-15;107 AVENUE PDT SALVADOR ALLEND;;K 87;513;ASS VERS LA VIE ET L'EDUCATION DES JEUNES;300513033;Changement de destination : logement → local non résidentiel;transformation sans extension ni diminution de surface;habitation;;;;0;0;0;0;parcelle_actuelle;2.460705;48.874293
PC09304815B0043;PC;09304815B0043;logements;autorisé;2015;2015-06-15;;;33 RUE PIERRE JEAN DE BERANGE;93100;CJ 288, CJ 270;417;;;Construction neuve · 1 logement créé;nouvelle construction;habitation;un logement individuel;;1;126;0;0;0;parcelle_actuelle;2.466856;48.867171
PC09304815B0045;PC;09304815B0045;logements;commencé;2015;2015-06-15;2015-11-09;;65 RUE DU MIDI;93100;Y 138;167;COQUELICOT AVENIR;797640257;Construction neuve · 1 logement créé;nouvelle construction;habitation;un logement individuel;;1;41;0;0;0;parcelle_actuelle;2.440257;48.869632
PC09304815B0069;PC;09304815B0069;logements;commencé;2015;2015-06-15;2016-04-14;;9 RUE DE LA DEFENSE;93100;CR 127, CR 323;;BDM;809592264;Construction neuve · 1 logement créé;nouvelle construction;habitation;un logement individuel;;1;121;0;0;0;parcelle_actuelle;2.475566;48.860895
PC09304815B0016;PC;09304815B0016;locaux;commencé;2015;2015-06-16;2015-06-17;;13 RUE BAUDIN;93100;U 33;249;SCI BAUDIN;343578134;Agrandissement de 39 m² (bureaux);extension de surface sans transformation;bureaux;;;;0;0;39;0;parcelle_actuelle;2.447388;48.867635
PC09304815B0024;PC;09304815B0024;logements;annulé;2015;2015-06-16;;;69 71 BOULEVARD HENRI BARBUSSE;93100;AD 197, AD 195, AD 194;1083;;;Changement de destination : atelier d'artisanat → logement, avec agrandissement · 3 logements créés;transformation avec extension de surface;habitation;collectif hors résidence;;3;155;0;0;55;parcelle_actuelle;2.441745;48.867453
PD09304815B0008;PD;09304815B0008;demolir;autorisé;2015;2015-07-02;;;270 BOULEVARD DE LA BOISSIERE;93100;F 70, F 61, F 1;4416;SAS ACACIA AMENAGEMENT;528352560;Démolition;;;;;;;;;;parcelle_actuelle;2.467948;48.875210
PC09304814B0162;PC;09304814B0162;logements;autorisé;2014;2015-07-06;;;82 BI RUE KLEBER;93100;BK 302;939;;;Construction neuve · 2 logements créés;nouvelle construction;habitation;collectif hors résidence;;2;330;0;0;0;parcelle_actuelle;2.433747;48.853116
DP09304815B0228;DP;09304815B0228;logements;autorisé;2015;2015-07-10;;;51 RUE DE LA SOLIDARITE;93100;BQ 220;291;;;Réaménagement de logements (division, réunion ou rénovation), avec agrandissement · 1 logement après travaux;transformation avec extension de surface;habitation;un logement individuel;;1;10;0;0;0;parcelle_actuelle;2.442540;48.853232
PC09304815B0035;PC;09304815B0035;logements;commencé;2015;2015-07-10;2015-10-14;;66 BOULEVARD THEOPHILE SUEUR;93100;CL 129;183;;;Construction neuve · 2 logements créés;nouvelle construction;habitation;collectif hors résidence;;2;98;0;0;0;parcelle_actuelle;2.470067;48.868097
PC09304815B0087;PC;09304815B0087;logements;terminé;2015;2015-07-10;2016-03-07;2021-11-10;94 AVENUE PASTEUR;93100;AE 143;199;;;Changement de destination : atelier d'artisanat → logement · 1 logement créé;transformation sans extension ni diminution de surface;habitation;un logement individuel;;1;0;0;0;0;parcelle_actuelle;2.435644;48.866853
DP09304815B0218;DP;09304815B0218;locaux;terminé;2015;2015-07-15;2015-09-15;2016-03-04;127 BOULEVARD CHANZY;93100;AV 34;569;LE NIL;801673658;Agrandissement de 26 m² (commerce);extension de surface sans transformation;commerce;;;;0;0;26;0;parcelle_actuelle;2.426385;48.858733
PC09304815B0031;PC;09304815B0031;logements+locaux;terminé;2015;2015-07-15;2018-04-25;2020-09-10;138/1 BD HENRI BARBUSSE;93100;Y 186;405;SCI MONTREUIL 16 GRAVIERS;820650901;Construction neuve · 16 logements créés;nouvelle construction;habitation;collectif hors résidence;;16;1050;0;263;0;parcelle_actuelle;2.439906;48.871273
PC09304815B0062;PC;09304815B0062;logements;autorisé;2015;2015-07-15;;;110 RUE DES RUFFINS;93100;CR 212;295;;;Agrandissement de 64 m² · 2 logements créés;extension de surface sans transformation;habitation;plusieurs logements individuels;;2;64;0;0;0;parcelle_actuelle;2.472339;48.860833
PC09304815B0046;PC;09304815B0046;logements;annulé;2015;2015-07-16;;;123 RUE BABEUF;93100;CN 21;401;OVTN;807723572;Réaménagement de logements (division, réunion ou rénovation), avec agrandissement · 4 logements après travaux;transformation avec extension de surface;habitation;collectif hors résidence;;4;8;0;0;0;adresse;2.479732;48.867866
DP09304815B0209;DP;09304815B0209;locaux;autorisé;2015;2015-07-24;;;14 BOULEVARD ROUGET DE L'ISLE BIBLIOTHEQUE R. DESNOS;93100;AK 219;14374;COMMUNAUTE D AGGLOMERATION EST ENSEMBLE;200023430;Changement de destination : logement → local non résidentiel;transformation sans extension ni diminution de surface;habitation;;;;0;0;0;0;parcelle_actuelle;2.440503;48.862095
PC09304815B0057;PC;09304815B0057;logements;terminé;2015;2015-07-24;2016-04-05;2017-07-31;33 RUE ALEXIS LEPERE;93100;AF 339;75;;;Construction neuve · 1 logement créé;nouvelle construction;habitation;un logement individuel;;1;34;0;0;0;parcelle_actuelle;2.439615;48.864586
PC09304815B0083;PC;09304815B0083;logements;terminé;2015;2015-07-24;2015-08-18;2015-10-19;122/1 RUE PIERRE CURIE;93100;CR 327;911;SCI FUTURA;419719455;Changement de destination : bâtiment agricole → logement · 1 logement créé;transformation sans extension ni diminution de surface;habitation;un logement individuel;;1;0;0;0;0;parcelle_actuelle;2.475135;48.860470
PD09304815B0005;PD;09304815B0005;demolir;autorisé;2015;2015-07-24;;;44/46 BOULEVARD HENRI BARBUSSE;93100;AG 155, AG 76, AG 77;1380;COMMUNE DE MONTREUIL;219300480;Démolition;;;;;;;;;;parcelle_actuelle;2.442975;48.866504
PD09304815B0007;PD;09304815B0007;demolir;autorisé;2015;2015-07-28;;;4 VILLA MARYSE BASTIE;93100;E 79;356;ETABLISSEMENT PUBLIC FONCIER IDF;495120008;Démolition;;;;;;;;;;parcelle_ancienne;2.467795;48.875508
DP09304815B0255;DP;09304815B0255;locaux;terminé;2015;2015-07-30;2015-08-30;2015-10-01;20 RUE VOLTAIRE;93100;AY 154, AY 164, AY 165;3506;;;Agrandissement de 33 m² (commerce);extension de surface sans transformation;commerce;;;;3;0;30;0;parcelle_actuelle;2.420981;48.854242
PC09304815B0089;PC;09304815B0089;logements+locaux;terminé;2015;2015-07-30;2015-10-19;2023-07-01;61 RUE BABEUF;93100;CN 358;150;TRANSREVES;814425674;Construction neuve · 1 logement créé;nouvelle construction;habitation;un logement individuel;;1;97;0;30;0;parcelle_actuelle;2.476520;48.867455
PD09304815B0006;PD;09304815B0006;demolir;autorisé;2015;2015-08-07;;;6 VILLA MARYSE BASTIE;93100;E 78;300;ETABLISSEMENT PUBLIC FONCIER IDF;495120008;Démolition;;;;;;;;;;parcelle_ancienne;2.467629;48.875346
PC09304815B0070;PC;09304815B0070;logements;terminé;2015;2015-08-11;2016-07-04;2018-03-30;10 RUE DES SORINS;93100;AT 64;;;;Construction neuve · 1 logement créé;nouvelle construction;habitation;un logement individuel;;1;144;0;0;0;parcelle_actuelle;2.429269;48.859083
PC09304815B0081;PC;09304815B0081;logements;terminé;2015;2015-08-11;2015-12-22;2018-01-26;45-45 RUE DE LA REVOLUTION;93100;BI 23, BI 24;571;EFIDIS SA HABITATION LOYER MODERE;582008728;Construction neuve · 18 logements créés;nouvelle construction;habitation;collectif hors résidence;;18;985;262;0;0;parcelle_actuelle;2.428893;48.854358
PC09304815B0110;PC;09304815B0110;logements;terminé;2015;2015-08-11;2015-11-09;2017-04-15;1 RUE NAVOISEAU;93100;BK 60;575;;;Changement de destination : bureaux → logement, avec agrandissement · 1 logement créé;transformation avec extension de surface;habitation;un logement individuel;;1;19;0;0;0;parcelle_actuelle;2.431101;48.853936
PC09304815B0114;PC;09304815B0114;logements;commencé;2015;2015-08-12;2017-06-12;;21 RUE DES RAMENAS;93100;N 20;551;DES RAMENAS;484696257;Agrandissement de 52 m² · 2 logements créés;extension de surface sans transformation;habitation;collectif hors résidence;;2;52;0;0;0;parcelle_actuelle;2.448711;48.873726
PD09304815B0011;PD;09304815B0011;demolir;autorisé;2015;2015-08-12;;;39/41 BOULEVARD PAUL VAILLANT CO;93100;AG 255, AG 256;803;OFFICE PUBLIC DE L'HABITAT MONTREUILLOIS;488777160;Démolition;;;;;;;;;;parcelle_actuelle;2.443704;48.866007
PC09304815B0097;PC;09304815B0097;locaux;autorisé;2015;2015-08-14;;;39/39 RUE DE LA POINTE;93100;X 371;668;SCI 39-39B RUE DE LA POINTE A MONTREUIL;950572669;Agrandissement de 330 m² (commerce);extension de surface sans transformation;commerce;;;;0;0;330;0;parcelle_actuelle;2.442388;48.869976
PC09304815B0117;PC;09304815B0117;logements;annulé;2015;2015-08-14;;;3 RUE DU MIDI;93100;Y 16;273;;;Construction neuve · 1 logement créé;nouvelle construction;habitation;un logement individuel;;1;193;0;0;0;parcelle_ancienne;2.436468;48.869586
PD09304815B0012;PD;09304815B0012;demolir;autorisé;2015;2015-08-14;;;17 RUE DE LA PAIX;93100;CR 33;207;DEPARTEMENT DE LA SEINE SAINT DENIS;229300082;Démolition;;;;;;;;;;parcelle_actuelle;2.473984;48.862110
PD09304815B0013;PD;09304815B0013;demolir;autorisé;2015;2015-08-14;;;9 RUE DE LA COTE DU NORD;93100;CR 345, CR 346;487;DEPARTEMENT DE LA SEINE SAINT DENIS;229300082;Démolition;;;;;;;;;;parcelle_actuelle;2.475435;48.861793
DP09304815B0212;DP;09304815B0212;logements;terminé;2015;2015-08-24;2015-11-24;2016-05-01;27 BI RUE DU SERGENT GODEFROY;93100;BK 75;;;;Changement de destination : bureaux → logement · 1 logement créé;transformation sans extension ni diminution de surface;habitation;un logement individuel;;1;0;0;0;0;parcelle_actuelle;2.431574;48.853856
DP09304815B0283;DP;09304815B0283;locaux;autorisé;2015;2015-08-24;;;23-35 RUE DES DEUX COMMUNES;93100;BF 80, BF 204, BF 206;4412;SNC DE BEAUVOIR;485207302;Réaménagement de locaux (commerce);transformation sans extension ni diminution de surface;commerce;;;;0;0;0;0;parcelle_actuelle;2.428822;48.850154
PC09304815B0064;PC;09304815B0064;logements;commencé;2015;2015-08-24;2017-01-10;;16 VILLA DES SAULES CLOUETS;93100;A 19;245;;;Agrandissement de 66 m² · 1 logement créé;extension de surface sans transformation;habitation;un logement individuel;;1;66;0;0;0;parcelle_actuelle;2.451514;48.875657
PD09304815B0014;PD;09304815B0014;demolir;autorisé;2015;2015-08-24;;;48-52 RUE DES RAVINS;93100;AU 26, AU 29;816;COMMUNE DE MONTREUIL;219300480;Démolition;;;;;;;;;;parcelle_actuelle;2.424543;48.861406
PD09304815B0010;PD;09304815B0010;demolir;autorisé;2015;2015-09-01;;;266 BD BOISSIERE;93100;E 82;;SAS ACACIA AMENAGEMENT;528352560;Démolition;;;;;;;;;;parcelle_ancienne;2.467760;48.875694
PC09304815B0077;PC;09304815B0077;logements;terminé;2015;2015-09-02;2015-11-12;2022-03-01;58 RUE DE LA NOUVELLE FRANCE;93100;BZ 114;158;;;Agrandissement de 73 m² · 1 logement créé;extension de surface sans transformation;habitation;un logement individuel;;1;73;25;0;0;parcelle_actuelle;2.461688;48.866512
PC09304815B0047;PC;09304815B0047;logements;terminé;2015;2015-09-09;2016-07-18;2019-12-27;19 - RUE PIERRE DE MONTREUIL;93100;BY 50, BY 203, BY 204;1059;SCCV PIERRE DE MONTREUIL;809728090;Construction neuve · 30 logements créés;nouvelle construction;habitation;collectif hors résidence;;30;1811;49;0;0;parcelle_actuelle;2.451555;48.863174
PC09304815B0068;PC;09304815B0068;logements;annulé;2015;2015-09-11;;;35 RUE DES GROSEILLIERS;93100;Z 201;142;;;Construction neuve · 1 logement créé;nouvelle construction;habitation;un logement individuel;;1;98;0;0;0;parcelle_actuelle;2.436469;48.871706
PC09304815B0084;PC;09304815B0084;locaux;terminé;2015;2015-09-11;2015-12-03;2017-04-15;128 RUE DE VINCENNES;93100;BJ 130;387;SCI  FS;519142269;Réaménagement de logements (division, réunion ou rénovation), avec agrandissement;transformation avec extension de surface;habitation;;;;0;12;82;0;parcelle_actuelle;2.434479;48.852034
PC09304815B0060;PC;09304815B0060;logements;commencé;2015;2015-09-16;2016-01-11;;25 RUE MICHELET;93100;BJ 104;263;;;Changement de destination : atelier d'artisanat → logement · 1 logement créé;transformation sans extension ni diminution de surface;habitation;un logement individuel;;1;0;0;0;0;parcelle_actuelle;2.432542;48.852517
PC09304815B0126;PC;09304815B0126;logements;terminé;2015;2015-09-16;2017-01-03;2018-03-28;79 RUE HOCHE;93100;AP 6;461;;;Changement de destination : atelier d'artisanat → logement, avec agrandissement · 1 logement créé;transformation avec extension de surface;habitation;un logement individuel;;1;12;0;0;0;parcelle_ancienne;2.432162;48.863588
DP09304815B0250;DP;09304815B0250;locaux;autorisé;2015;2015-09-21;;;17/19 RUE NAVOISEAU;93100;BK 53, BK 286;1495;CNFR ET ASSOCIATIONS DE DEVELOPPEMENT ET D ANIMATION DU MILIEU RURAL C.N.F.R;775685431;Réaménagement de locaux (commerce);transformation sans extension ni diminution de surface;commerce;;;;0;0;0;0;parcelle_actuelle;2.430740;48.853187
DP09304815B0260;DP;09304815B0260;locaux;autorisé;2015;2015-09-21;;;156 BD DE LA BOISSIERE;93100;C 74;420;;;Construction neuve · 30 m² (commerce);nouvelle construction;commerce;;;;0;0;30;0;parcelle_actuelle;2.461066;48.877251
PC09304815B0085;PC;09304815B0085;logements;terminé;2015;2015-09-28;2016-12-02;2019-04-04;6 RUE COLBERT;93100;AP 122;798;VILLA COLBERT;819885179;Construction neuve · 26 logements créés;nouvelle construction;habitation;collectif hors résidence;;26;1539;0;0;762;parcelle_actuelle;2.435789;48.863472
PC09304815B0124;PC;09304815B0124;logements;terminé;2015;2015-09-28;2016-11-17;2018-11-15;6 BIS RUE COLBERT;93100;AP 119;775;F.HAVIM;509529301;Construction neuve · 20 logements créés;nouvelle construction;habitation;collectif hors résidence;;20;1682;0;0;775;parcelle_actuelle;2.435508;48.863445
PD09304815B0016;PD;09304815B0016;demolir;autorisé;2015;2015-09-28;;;89 RUE ERNEST SAVART;93100;AD 37;519;;;Démolition;;;;;;;;;;parcelle_actuelle;2.440755;48.868731
PC09304815B0065;PC;09304815B0065;logements;commencé;2015;2015-09-29;2016-12-15;;12 RUE DE LA RENARDIERE;93100;E 157;;;;Construction neuve · 2 logements créés;nouvelle construction;habitation;plusieurs logements individuels;;2;195;109;0;0;parcelle_actuelle;2.466332;48.877082
PC09304815B0120;PC;09304815B0120;logements;terminé;2015;2015-10-15;2015-10-30;2018-12-28;14 RUE PEPIN;93100;AI 185;721;ASSOCIATION AURORE;775684970;Construction neuve · 16 logements créés;nouvelle construction;habitation;collectif hors résidence;;16;403;0;0;0;parcelle_actuelle;2.446678;48.863147
DP09304815B0322;DP;09304815B0322;locaux;terminé;2015;2015-10-16;2015-12-16;2016-05-09;28 BI RUE GASTON LAURIAU;93100;BU 32;464;SCI MES-ANGES;809463581;Changement de destination : logement → local non résidentiel, avec agrandissement;transformation avec extension de surface;habitation;;;;0;0;9;0;parcelle_actuelle;2.444759;48.859672
PC09304815B0094;PC;09304815B0094;logements+locaux;terminé;2015;2015-10-16;2016-10-05;2018-05-04;146/1 BOULEVARD DE CHANZY;93100;AV 176;;;;Construction neuve · 87 logements créés;nouvelle construction;habitation;collectif hors résidence;;87;5646;0;1414;0;parcelle_actuelle;2.427020;48.859206
DP09304815B0299;DP;09304815B0299;locaux;terminé;2015;2015-10-21;2015-12-21;2016-05-23;15 RUE DES LUMIERES;93100;AJ 214;;SELARL PHARMACIE LECONTE;799164413;Agrandissement de 19 m² (commerce);extension de surface sans transformation;commerce;;;;0;0;19;0;parcelle_actuelle;2.441978;48.861071
DP09304815B0329;DP;09304815B0329;locaux;autorisé;2015;2015-10-21;;;25-27 RUE DE LA REPUBLIQUE;93100;BG 10, BG 15;1127;SCI DUMIL;319160388;Réaménagement de locaux (bureaux);transformation sans extension ni diminution de surface;bureaux;;;;0;0;0;0;parcelle_actuelle;2.421820;48.852841
PC09304815B0108;PC;09304815B0108;logements;terminé;2015;2015-10-26;2016-03-10;2024-01-26;25 RUE CLOTILDE GAILLARD;93100;BU 16;205;SCCV CHAMP DE COURSE;829971738;Construction neuve · 8 logements créés;nouvelle construction;habitation;collectif hors résidence;;8;598;60;0;0;parcelle_ancienne;2.444147;48.859759
PC09304815B0073;PC;09304815B0073;locaux;commencé;2015;2015-11-03;2016-06-06;;91 RUE DES SORINS;93100;AV 79;178;;;Agrandissement de 150 m² (commerce);extension de surface sans transformation;commerce;;;;0;34;150;0;parcelle_actuelle;2.423967;48.858166
PC09304815B0111;PC;09304815B0111;logements;terminé;2015;2015-11-09;2017-10-23;2021-11-30;138 RUE ETIENNE MARCEL;93100;AT 133;318;MONTEM138;795131119;Changement de destination : atelier d'artisanat → logement, avec agrandissement · 6 logements créés;transformation avec extension de surface;habitation;collectif hors résidence;;6;251;4;0;0;parcelle_actuelle;2.428625;48.857898
PC09304815B0098;PC;09304815B0098;logements+locaux;terminé;2015;2015-11-10;2017-12-22;2022-05-23;67 AVENUE PASTEUR;93100;AL 127, AL 129, AL 157;3804;EIFFAGE IMMOBILIER ILE DE FRANCE;489244483;Construction neuve · 115 logements créés;nouvelle construction;habitation;collectif hors résidence;;115;7523;0;614;0;parcelle_actuelle;2.435566;48.866132
PC09304815B0119;PC;09304815B0119;locaux;terminé;2015;2015-11-12;2015-11-25;2017-05-06;79 RUE DE LA REPUBLIQUE;93100;BC 2, BC 5, BC 6;8691;SCI NOVENGO IMMOBILIER;809635998;Agrandissement de 95 m² (bureaux);extension de surface sans transformation;bureaux;;;;0;0;95;0;parcelle_actuelle;2.416458;48.851914
PC09304815B0096;PC;09304815B0096;logements;commencé;2015;2015-11-16;2016-12-20;;127 - ETIENNE MARCEL;93100;AX 76, AX 77;2203;ANTIN RESIDENCES SA HABITAT LOYER MODERE;315518803;Construction neuve · 164 logements créés;nouvelle construction;habitation;résidence;sociale;164;5095;0;0;0;parcelle_ancienne;2.424642;48.857004
PC09304815B0142;PC;09304815B0142;logements;terminé;2015;2015-11-16;2016-06-14;2017-09-10;34 RUE CARNOT;93100;BP 24, BP 28;1424;;;Changement de destination : atelier d'artisanat → logement · 1 logement créé;transformation sans extension ni diminution de surface;habitation;un logement individuel;;1;20;0;0;20;parcelle_actuelle;2.440952;48.856349
DP09304815B0325;DP;09304815B0325;logements;terminé;2015;2015-11-18;2015-12-18;2016-02-01;47 RUE DU DOCTEUR CALMETTE;93100;AE 260;285;DES SOURCES;517822649;Agrandissement de 29 m² · 1 logement créé;extension de surface sans transformation;habitation;un logement individuel;;1;29;5;0;0;parcelle_actuelle;2.439815;48.867694
PC09304815B0040;PC;09304815B0040;logements;annulé;2015;2015-11-18;;;24 RUE ROCHEBRUNE;93100;U 167;1212;;;Construction neuve · 12 logements créés;nouvelle construction;habitation;collectif hors résidence;;12;1098;0;0;520;parcelle_ancienne;2.450391;48.866233
PC09304815B0147;PC;09304815B0147;logements;terminé;2015;2015-11-18;2016-02-05;2017-01-12;7 RUE LOUISE MICHEL;93100;CK 218;134;;;Construction neuve · 1 logement créé;nouvelle construction;habitation;un logement individuel;;1;91;0;0;0;parcelle_actuelle;2.471290;48.868048
PD09304815B0015;PD;09304815B0015;demolir;autorisé;2015;2015-11-23;;;35 BI RUE DU PROGRES;93100;BD 40;398;COMMUNE DE MONTREUIL;219300480;Démolition;;;;;;;;;;parcelle_ancienne;2.418393;48.851509
PC09304815B0139;PC;09304815B0139;logements;terminé;2015;2015-11-25;2019-11-18;2021-03-31;5 RUE DENIS COUTURIER;93100;AP 342;259;NCL IMMO;811756683;Construction neuve · 5 logements créés;nouvelle construction;habitation;collectif hors résidence;;5;298;0;0;0;parcelle_actuelle;2.432350;48.862195
PC09304815B0101;PC;09304815B0101;logements;commencé;2015;2015-11-26;2017-02-27;;94 RUE DES SORINS;93100;AV 169;106;;;Changement de destination : atelier d'artisanat → logement, avec agrandissement · 1 logement créé;transformation avec extension de surface;habitation;un logement individuel;;1;38;0;0;0;parcelle_actuelle;2.423568;48.858520
PC09304815B0100;PC;09304815B0100;logements+locaux;terminé;2015;2015-11-30;2016-09-29;2020-01-27;240/2 RUE DE ROMAINVILLE;93100;N 151;1749;MONTREUIL PANORAMA;801068057;Construction neuve · 53 logements créés;nouvelle construction;habitation;collectif hors résidence;;53;3491;100;450;250;parcelle_actuelle;2.449522;48.876530
PC09304815B0125;PC;09304815B0125;logements+locaux;terminé;2015;2015-12-01;2016-03-28;2018-01-22;RUE DE YELIMANE - RUE LENA;93100;CE 282;4644;SCI SYLVANIA;798031688;Construction neuve · 188 logements créés;nouvelle construction;habitation;résidence;étudiants;188;6133;0;273;0;parcelle_ancienne;2.458103;48.860832
PC09304815B0123;PC;09304815B0123;locaux;autorisé;2015;2015-12-07;;;RUE LUCIEN PIRON;93100;D 111, D 109;507;REGIE AUTONOME DES TRANSPORTS PARISIENS;775663438;Construction neuve · 1 373 m² (équipement d'intérêt collectif);nouvelle construction;service public ou d'intérêt collectif;;;;0;0;1373;0;parcelle_actuelle;2.464822;48.876722
PD09304815B0018;PD;09304815B0018;demolir;autorisé;2015;2015-12-15;;;16 RUE DANTON;93100;AH 171;277;;;Démolition;;;;;;;;;;parcelle_actuelle;2.447706;48.865549
PC09304815B0121;PC;09304815B0121;logements;terminé;2015;2015-12-18;2016-11-03;2018-10-08;52-54 RUE DE LA DEMI-LUNE / 108-;93100;K 63, K 64;1099;SOGEPROM HABITAT;444562029;Construction neuve · 44 logements créés;nouvelle construction;habitation;collectif hors résidence;;44;2884;281;0;77;parcelle_actuelle;2.459315;48.875473
PC09304815B0174;PC;09304815B0174;logements;terminé;2015;2015-12-18;2016-06-06;2016-09-02;49 RUE DU SERGENT GODEFROY;93100;BI 20;278;FRANCE EURO HABITAT;383349107;Changement de destination : équipement d'intérêt collectif → logement · 1 logement créé;transformation sans extension ni diminution de surface;habitation;un logement individuel;;1;0;0;0;0;parcelle_actuelle;2.429336;48.854404
PD09304815B0019;PD;09304815B0019;demolir;autorisé;2015;2015-12-18;;;12 VILLA DE L'UNION;93100;CF 84;227;SCI MOT'ART;801691536;Démolition;;;;;;;;;;parcelle_actuelle;2.463265;48.857227
PC09304815B0082;PC;09304815B0082;logements;terminé;2015;2015-12-21;2016-06-21;2018-09-24;172-1 RUE ETIENNE MARCEL;93100;AV 92, AV 93;1388;SCCV MONTREUIL ETIENNE MARCEL;818677304;Construction neuve · 33 logements créés;nouvelle construction;habitation;collectif hors résidence;;33;2293;260;0;0;parcelle_actuelle;2.424366;48.857661
PC09304815B0109;PC;09304815B0109;logements;commencé;2015;2015-12-21;2017-03-06;;22/24 RUE DES OSERAIES;93100;K 52, K 191, K 199;815;SCCV LES JARDINS DES OSERAIES;812338267;Construction neuve · 14 logements créés;nouvelle construction;habitation;collectif hors résidence;;14;852;0;0;0;parcelle_actuelle;2.456957;48.874181
DP09304815B0376;DP;09304815B0376;locaux;terminé;2015;2015-12-22;2016-01-22;2016-04-14;9 RUE CLOTILDE GAILLARD;93100;BO 162;349;;;Réduction de surface (démolition partielle);diminution de surface sans transformation;bureaux;;;;0;0;9;30;parcelle_actuelle;2.442555;48.858540
DP09304815B0392;DP;09304815B0392;locaux;autorisé;2015;2015-12-22;;;3 AVENUE GABRIEL PERI;93100;BN 49;;;;Réaménagement de locaux (commerce);transformation sans extension ni diminution de surface;commerce;;;;0;0;0;0;parcelle_actuelle;2.437549;48.858145
PC09304815B0140;PC;09304815B0140;locaux;autorisé;2015;2015-12-22;;;1 RUE DOMBASLE;93100;AH 172;47119;LYCEE ENSEIGNEMENT GENERAL&TECHNOLOGIQUE JEAN JAURES;199301219;Agrandissement de 55 m² (équipement d'intérêt collectif);extension de surface sans transformation;service public ou d'intérêt collectif;;;;0;0;55;0;parcelle_ancienne;2.447733;48.864427
PC09304815B0151;PC;09304815B0151;logements;commencé;2015;2015-12-23;2016-09-16;;40 RUE PIERRE CURIE;93100;CH 162;280;;;Construction neuve · 2 logements créés;nouvelle construction;habitation;plusieurs logements individuels;;2;232;0;0;0;parcelle_actuelle;2.470353;48.860839
PC09304815B0148;PC;09304815B0148;logements;terminé;2015;2016-01-08;2016-06-23;2017-04-24;26 RUE VITRY;93100;BV 5, BV 179, BV 180;556;SFPI;443430582;Changement de destination : entrepôt → logement, avec agrandissement · 2 logements créés;transformation avec extension de surface;habitation;plusieurs logements individuels;;2;129;0;0;76;parcelle_actuelle;2.446712;48.860851
PC09304815B0152;PC;09304815B0152;logements;annulé;2015;2016-01-08;;;39/41 RUE DE LA REPUBLIQUE;93100;BG 2, BG 3;225;SCI DUMIL;319160388;Construction neuve · 3 logements créés;nouvelle construction;habitation;plusieurs logements individuels;;3;473;0;0;0;parcelle_actuelle;2.420942;48.852825
PC09304815B0162;PC;09304815B0162;logements;commencé;2015;2016-01-08;2016-03-03;;25 RUE BEAUMARCHAIS;93100;BL 32;514;;;Construction neuve · 1 logement créé;nouvelle construction;habitation;un logement individuel;;1;165;0;0;0;parcelle_actuelle;2.431684;48.856289
PC09304815B0182;PC;09304815B0182;logements;autorisé;2015;2016-01-08;;;132 AVENUE DU PRESIDENT SALVAD;93100;D 37;154;;;Agrandissement de 46 m² · 1 logement créé;extension de surface sans transformation;habitation;un logement individuel;;1;46;0;0;0;parcelle_actuelle;2.461569;48.874835
PD09304815B0020;PD;09304815B0020;demolir;autorisé;2015;2016-01-08;;;10-12 RUE MARCEL LARGILIERE;93100;CD 312, CD 327, CD 329;743;PROMORAME;479428385;Démolition;;;;;;;;;;parcelle_actuelle;2.461559;48.862888
PC09304815B0118;PC;09304815B0118;logements+locaux;terminé;2015;2016-01-13;2016-01-29;2019-04-17;278 280 292 294 300 BD DE;93100;F 5, F 26, F 36;6358;SCI MONTREUIL LES RESERVOIRS - BOULEVARD DE LA BOISSIERE;480556042;Construction neuve · 205 logements créés;nouvelle construction;habitation;collectif hors résidence;;205;13590;0;1969;0;aucune;;
PC09304815B0127;PC;09304815B0127;logements+locaux;terminé;2015;2016-01-14;2017-04-05;2019-07-31;25 RUE LEBOUR;93100;BH 163;740;SCCV MARCEAU LEBOUR;822653119;Construction neuve · 24 logements créés;nouvelle construction;habitation;collectif hors résidence;;24;1465;0;257;658;parcelle_actuelle;2.425736;48.853833
PC09304815B0149;PC;09304815B0149;logements;terminé;2015;2016-01-14;2017-09-08;2021-08-04;143-1 RUE DES RUFFINS;93100;CQ 49;795;OSICA SOCIETE ANONYME D HABITATIONS A LOYER MODERE;552046484;Construction neuve · 18 logements créés;nouvelle construction;habitation;collectif hors résidence;;18;1006;60;0;0;parcelle_actuelle;2.480267;48.861910
PC09304815B0131;PC;09304815B0131;logements+locaux;terminé;2015;2016-01-18;2016-07-04;2019-02-22;100-1 RUE ALEXIS PESNON;93100;AK 74, AK 75, AK 185;1597;VILLA ALEXIS PESNON;794889055;Construction neuve · 54 logements créés;nouvelle construction;habitation;collectif hors résidence;;54;3235;0;42;1370;parcelle_actuelle;2.437460;48.863807
PD09304816B0002;PD;09304816B0002;demolir;autorisé;2016;2016-01-28;;;90 BD ARISTIDE BRIAND;93100;Q 97;664;OFFICE PUBLIC DE L'HABITAT MONTREUILLOIS;488777160;Démolition;;;;;;;;;;parcelle_actuelle;2.452714;48.871300
PD09304816B0003;PD;09304816B0003;demolir;autorisé;2016;2016-02-01;;;10 RUE SAINT DENIS;93100;I 87;129;COMMUNE DE MONTREUIL;219300480;Démolition;;;;;;;;;;parcelle_actuelle;2.460736;48.869118
PC09304815B0193;PC;09304815B0193;logements;terminé;2015;2016-02-09;2016-06-15;2016-11-15;12 VILLA DE LA SEIGNEURIE;93100;AP 192;145;;;Agrandissement de 26 m² · 1 logement créé;extension de surface sans transformation;habitation;un logement individuel;;1;26;0;0;0;parcelle_actuelle;2.435485;48.862750
PC09304815B0144;PC;09304815B0144;logements;commencé;2015;2016-02-10;2016-06-20;;48-50 RUE DE VINCENNES;93100;BM 6, BM 8;349;;;Agrandissement de 66 m² · 2 logements créés;extension de surface sans transformation;habitation;plusieurs logements individuels;;2;66;14;0;0;adresse;2.436121;48.854998
DP09304815B0398;DP;09304815B0398;logements;terminé;2015;2016-02-16;2016-02-16;2016-02-18;6 RUE YVES FARGE;93100;CM 282;22800;;;Changement de destination : bureaux → logement · 1 logement créé;transformation sans extension ni diminution de surface;habitation;un logement individuel;;1;0;0;0;0;parcelle_actuelle;2.474566;48.863862
PD09304816B0004;PD;09304816B0004;demolir;autorisé;2016;2016-02-16;;;35 BI RUE DE LA FRATERNITE;93100;AU 33;129;COMMUNE DE MONTREUIL;219300480;Démolition;;;;;;;;;;parcelle_actuelle;2.423840;48.861121
PC09304815B0137;PC;09304815B0137;logements+locaux;terminé;2015;2016-02-19;2016-12-05;2018-03-27;60 / RUE BEAUMARCHAIS;93100;AS 195, AS 196;814;FONDATION CASIP-COJASOR;429212111;Réaménagement de locaux (entrepôt), avec réduction de surface · 1 logement créé;transformation avec diminution de surface;entrepôt;un logement individuel;;1;22;0;24;144;parcelle_actuelle;2.430022;48.854902
PD09304816B0001;PD;09304816B0001;demolir;autorisé;2016;2016-02-19;;;8 RUE DES GRADINS;93100;AI 250;182;;;Démolition;;;;;;;;;;parcelle_actuelle;2.447447;48.861833
DP09304816B0048;DP;09304816B0048;locaux;autorisé;2016;2016-02-26;;;154 BD THEOPHILE SUEUR / 32 RU;93100;CI 105;4020;ORANGE;380129866;Agrandissement de 70 m² (équipement d'intérêt collectif);extension de surface sans transformation;service public ou d'intérêt collectif;;;;0;0;70;0;parcelle_actuelle;2.466709;48.864498
DP09304816B0053;DP;09304816B0053;logements;autorisé;2016;2016-03-08;;;89 AVENUE DU PRESIDENT WILSO;93100;BP 36;788;;;Changement de destination : bureaux → logement, avec réduction de surface · 5 logements créés;transformation avec diminution de surface;habitation;collectif hors résidence;;5;4;0;0;89;parcelle_actuelle;2.440133;48.856079
DP09304816B0059;DP;09304816B0059;logements;terminé;2016;2016-03-08;2016-03-08;2017-02-15;70 RUE ALEXIS LEPERE;93100;AE 88;230;SCI FOUGERE;499036952;Construction neuve · 1 logement créé;nouvelle construction;habitation;un logement individuel;;1;39;0;0;0;parcelle_actuelle;2.438182;48.866711
DP09304816B0014;DP;09304816B0014;locaux;terminé;2016;2016-03-10;2016-05-10;2016-08-26;48 - RUE MICHELET;93100;BK 53, BK 286;455;NURSERINE;814769121;Réaménagement de locaux (commerce);transformation sans extension ni diminution de surface;commerce;;;;0;0;0;0;parcelle_actuelle;2.430740;48.853187
DP09304816B0023;DP;09304816B0023;locaux;autorisé;2016;2016-03-10;;;70 RUE DOUY DELCUPE;93100;AS 238;9478;LES RESTAURANTS DU COEUR;339863417;Réaménagement de locaux (commerce);transformation sans extension ni diminution de surface;commerce;;;;0;0;0;0;parcelle_actuelle;2.430126;48.856338
DP09304816B0020;DP;09304816B0020;locaux;autorisé;2016;2016-03-15;;;23-25 RUE DES 2 COMMUNES;93100;BF 80, BF 204;4403;SNC DE BEAUVOIR;485207302;Réaménagement de locaux (commerce);transformation sans extension ni diminution de surface;commerce;;;;0;0;0;0;parcelle_actuelle;2.428822;48.850155
PC09304815B0158;PC;09304815B0158;locaux;autorisé;2015;2016-03-15;;;80/98 RUE DE LAGNY;93100;BE 336;11104;ICADE PROPERTY MANAGEMENT;484882642;Réaménagement de locaux (bureaux);transformation sans extension ni diminution de surface;bureaux;;;;0;0;0;0;parcelle_actuelle;2.421669;48.850160
PC09304816B0003;PC;09304816B0003;logements;terminé;2016;2016-03-21;2016-06-20;2017-04-20;16 RUE DU CLOS DES ARRACHIS;93100;CJ 425;229;;;Construction neuve · 1 logement créé;nouvelle construction;habitation;un logement individuel;;1;125;0;0;0;parcelle_actuelle;2.466819;48.865704
PC09304816B0013;PC;09304816B0013;logements;commencé;2016;2016-03-21;2018-01-01;;246 BD THEOPHILE SUEUR;93100;CG 7, CD 452, CD 454;312;;;Réaménagement de logements (division, réunion ou rénovation), avec agrandissement · 4 logements après travaux;transformation avec extension de surface;habitation;collectif hors résidence;;4;69;0;0;0;parcelle_actuelle;2.466327;48.859633
PC09304815B0170;PC;09304815B0170;logements;terminé;2015;2016-03-22;2016-11-21;2019-01-03;51 RUE DE VINCENNES;93100;BM 208;846;;;Changement de destination : local industriel → logement, avec agrandissement · 2 logements créés;transformation avec extension de surface;habitation;plusieurs logements individuels;;2;161;0;0;59;parcelle_actuelle;2.436609;48.854287
PC09304815B0195;PC;09304815B0195;logements;terminé;2015;2016-03-22;2016-06-28;2018-07-06;3 RUE DES PAPILLONS;93100;AC 138;244;SCI LE COTEAU;477995310;Construction neuve · 10 logements créés;nouvelle construction;habitation;collectif hors résidence;;10;571;0;0;0;parcelle_actuelle;2.436299;48.868556
PC09304816B0020;PC;09304816B0020;locaux;autorisé;2016;2016-03-29;;;69 RUE DE LA FRATERNITE;93100;AV 69, AV 70, AV 126;1447;SCI ARCUEIL MONTREUIL;792665937;Agrandissement de 20 m² (commerce);extension de surface sans transformation;commerce;;;;0;0;20;0;parcelle_actuelle;2.423748;48.858752
PC09304816B0005;PC;09304816B0005;logements;terminé;2016;2016-03-30;2016-10-06;2018-08-15;69/71 BD HENRI BARBUSSE;93100;AD 197, AD 194, AD 195;1083;;;Changement de destination : atelier d'artisanat → logement, avec réduction de surface · 1 logement créé;transformation avec diminution de surface;habitation;un logement individuel;;1;0;0;0;10;parcelle_actuelle;2.441745;48.867453
DP09304816B0089;DP;09304816B0089;logements;terminé;2016;2016-04-05;2016-04-05;2016-04-30;42 BI RUE MOLIERE;93100;BP 104;1050;SCI 42 MOLIERE;505138636;Changement de destination : atelier d'artisanat → logement · 1 logement créé;transformation sans extension ni diminution de surface;habitation;un logement individuel;;1;0;0;0;0;parcelle_actuelle;2.442572;48.857601
PC09304816B0014;PC;09304816B0014;logements;terminé;2016;2016-04-06;2017-06-30;2019-04-10;9 AVENUE DU DOCTEUR FERNAND;93100;A 68;338;9FL;812981595;Construction neuve · 13 logements créés;nouvelle construction;habitation;collectif hors résidence;;13;766;0;0;0;parcelle_actuelle;2.452584;48.876796
PC09304815B0167;PC;09304815B0167;logements;terminé;2015;2016-04-12;2016-11-02;2018-04-17;57 RUE DE LA FEDERATION;93100;BM 172;828;;;Changement de destination : atelier d'artisanat → logement, avec agrandissement · 1 logement créé;transformation avec extension de surface;habitation;un logement individuel;;1;237;0;0;0;parcelle_actuelle;2.438338;48.853469
PD09304816B0009;PD;09304816B0009;demolir;autorisé;2016;2016-04-12;;;27 RUE DE STALINGRAD / 15 BIS;93100;BU 26;191;;;Démolition;;;;;;;;;;parcelle_actuelle;2.443272;48.859054
PD09304816B0007;PD;09304816B0007;demolir;autorisé;2016;2016-04-15;;;5 RUE LOUISE MICHEL;93100;CK 136;1113;PROMORAME;479428385;Démolition;;;;;;;;;;parcelle_actuelle;2.471156;48.868203
DP09304816B0036;DP;09304816B0036;logements;autorisé;2016;2016-04-19;;;26 RUE DE VITRY;93100;BV 5;563;;;Changement de destination : entrepôt → logement · 2 logements créés;transformation sans extension ni diminution de surface;habitation;plusieurs logements individuels;;2;0;0;0;0;adresse;2.446710;48.860962
PD09304816B0005;PD;09304816B0005;demolir;autorisé;2016;2016-04-26;;;204-2 BOULEVARD DE LA BOISSIERE;93100;D 109, D 111;504;REGIE AUTONOME DES TRANSPORTS PARISIENS;775663438;Démolition;;;;;;;;;;parcelle_actuelle;2.464822;48.876722
DP09304816B0122;DP;09304816B0122;logements;autorisé;2016;2016-05-02;;;41 QU BD PAUL VAILLANT COUTURIER;93100;AG 265;1162;;;Changement de destination : bureaux → logement · 1 logement créé;transformation sans extension ni diminution de surface;habitation;un logement individuel;;1;0;0;0;0;parcelle_actuelle;2.443848;48.866149
PC09304816B0046;PC;09304816B0046;logements;terminé;2016;2016-05-02;2016-10-10;2018-01-01;3 RUE DES NEFLIERS;93100;T 394;120;;;Construction neuve · 1 logement créé;nouvelle construction;habitation;un logement individuel;;1;74;0;0;0;parcelle_actuelle;2.453071;48.866612
DP09304816B0032;DP;09304816B0032;locaux;autorisé;2016;2016-05-13;;;35 RUE DU CLOS FRANCAIS;93100;AO 265;1199;SELLARU;519845051;Agrandissement de 2 m² (commerce);extension de surface sans transformation;commerce;;;;0;0;2;0;parcelle_actuelle;2.431919;48.865221
PC09304816B0007;PC;09304816B0007;logements+locaux;autorisé;2016;2016-05-17;;;50 RUE ALEXIS LEPERE;93100;AE 112;595;VILLA ALEXIS LEPERE;801332461;Construction neuve · 27 logements créés;nouvelle construction;habitation;collectif hors résidence;;27;1624;376;210;0;parcelle_actuelle;2.438956;48.865256
PC09304816B0045;PC;09304816B0045;logements;terminé;2016;2016-05-24;2016-11-15;2019-01-20;70 RUE DES CAILLOTS;93100;V 73;336;;;Construction neuve · 1 logement créé;nouvelle construction;habitation;un logement individuel;;1;148;0;0;0;parcelle_actuelle;2.444194;48.867308
PD09304816B0011;PD;09304816B0011;demolir;autorisé;2016;2016-05-24;;;128 RUE BABEUF;93100;CN 163, CN 161, CN 168;1115;ASS SOCIO CULTURELLE EUROPASIE;305756033;Démolition;;;;;;;;;;parcelle_actuelle;2.478789;48.867062
DP09304816B0143;DP;09304816B0143;logements;autorisé;2016;2016-05-26;;;90 RUE DE LA FEDERATION;93100;BM 83;740;;;Changement de destination : atelier d'artisanat → logement · 1 logement créé;transformation sans extension ni diminution de surface;habitation;un logement individuel;;1;0;0;0;0;parcelle_actuelle;2.437250;48.853235
PC09304815B0185;PC;09304815B0185;logements+locaux;terminé;2015;2016-05-27;2017-07-10;2021-08-11;56 AVENUE DU PRESIDENT WILSON;93100;BO 94, BO 98, BO 97;951;ANTIN RESIDENCES SA HABITAT LOYER MODERE;315518803;Construction neuve · 39 logements créés;nouvelle construction;habitation;collectif hors résidence;;39;2243;0;75;1600;parcelle_actuelle;2.440293;48.859038
PC09304816B0017;PC;09304816B0017;logements;commencé;2016;2016-05-30;2018-04-20;;45 RUE EMILE REYNAUD;93100;AE 217;579;;;Construction neuve · 1 logement créé;nouvelle construction;habitation;un logement individuel;;1;250;0;0;0;parcelle_actuelle;2.440552;48.866417
PD09304816B0010;PD;09304816B0010;demolir;autorisé;2016;2016-06-03;;;61 RUE DE VINCENNES;93100;BM 61;1219;IMMOBILIERE 3F;552141533;Démolition;;;;;;;;;;parcelle_actuelle;2.436174;48.853953
PD09304816B0006;PD;09304816B0006;demolir;autorisé;2016;2016-06-08;;;125 AV DU PRESIDENT SALVADOR ALLE SENTIER DE LA DEMI-LUNE;93100;C 25, C 27, C 26;;REGIE AUTONOME DES TRANSPORTS PARISIENS;775663438;Démolition;;;;;;;;;;parcelle_actuelle;2.461392;48.875266
PC09304815B0165;PC;09304815B0165;locaux;terminé;2015;2016-06-13;2016-07-13;2016-08-30;163 BD THEOPHILE SUEUR;93100;CI 218, CI 220;326;;;Changement de destination : logement → local non résidentiel, avec agrandissement;transformation avec extension de surface;habitation;;;;0;0;39;0;parcelle_actuelle;2.466393;48.862086
PC09304816B0050;PC;09304816B0050;locaux;commencé;2016;2016-06-16;2016-12-23;;53/55 RUE DES RAMENAS;93100;N 53, N 54;776;;;Réaménagement de locaux (commerce);transformation sans extension ni diminution de surface;commerce;;;;0;0;0;0;parcelle_actuelle;2.450332;48.873637
PD09304816B0012;PD;09304816B0012;demolir;autorisé;2016;2016-06-16;;;5 RUE LOUISE MICHEL;93100;CK 136;1113;PROMORAME;479428385;Démolition;;;;;;;;;;parcelle_actuelle;2.471156;48.868203
DP09304816B0111;DP;09304816B0111;logements;terminé;2016;2016-06-17;2017-11-17;2020-09-16;15 RUE MICHELET;93100;BJ 207;938;;;Changement de destination : bureaux → logement · 1 logement créé;transformation sans extension ni diminution de surface;habitation;un logement individuel;;1;0;0;0;0;parcelle_actuelle;2.433105;48.852361
DP09304816B0147;DP;09304816B0147;locaux;autorisé;2016;2016-06-17;;;62 BD ROUGET DE L'ISLE;93100;BO 29, BO 30;1192;BRED BANQUE POPULAIRE;552091795;Agrandissement de 2 m² (commerce);extension de surface sans transformation;commerce;;;;0;0;2;0;parcelle_actuelle;2.437117;48.858786
PC09304815B0173;PC;09304815B0173;locaux;commencé;2015;2016-06-17;2016-09-12;;86 RUE DE PARIS;93100;AS 215;1948;TOTAL MARKETING SERVICES;542034921;Construction neuve · 65 m² (commerce);nouvelle construction;commerce;;;;0;0;65;0;parcelle_actuelle;2.429091;48.857029
PC09304816B0009;PC;09304816B0009;logements;terminé;2016;2016-06-17;2016-10-26;2017-09-21;168 RUE ETIENNE MARCEL;93100;AV 95;492;SOCIETE CIVILE IMMOBILIERE VITELI;811101674;Agrandissement de 58 m² · 1 logement créé;extension de surface sans transformation;habitation;un logement individuel;;1;58;0;0;40;parcelle_actuelle;2.424658;48.857675
PD09304816B0013;PD;09304816B0013;demolir;autorisé;2016;2016-06-17;;;92 BD ARISTIDE BRIAND;93100;Q 96;75;OFFICE PUBLIC DE L'HABITAT MONTREUILLOIS;488777160;Démolition;;;;;;;;;;parcelle_actuelle;2.452598;48.871510
PC09304815B0186;PC;09304815B0186;locaux;commencé;2015;2016-06-20;2016-09-10;;50 RUE DE PARIS;93100;AR 107;724;SARL LES FRANGINS;750165219;Réaménagement de locaux (commerce), avec agrandissement;transformation avec extension de surface;commerce;;;;0;0;383;0;parcelle_actuelle;2.432945;48.857753
PC09304816B0061;PC;09304816B0061;logements;terminé;2016;2016-06-27;2016-07-01;2017-10-17;50 RUE DE LA REVOLUTION;93100;BI 63;202;PREMIUM;532812955;Changement de destination : atelier d'artisanat → logement, avec réduction de surface · 3 logements créés;transformation avec diminution de surface;habitation;collectif hors résidence;;3;16;0;0;34;parcelle_actuelle;2.428386;48.854204
DP09304816B0139;DP;09304816B0139;locaux;autorisé;2016;2016-07-04;;;9 VILLA DE L UNION;;CF 96;150;;;Construction neuve · 155 m² (bâtiment agricole);nouvelle construction;agriculture;;;;0;0;155;0;parcelle_actuelle;2.463831;48.857396
PC09304816B0035;PC;09304816B0035;logements;terminé;2016;2016-07-04;2017-06-16;2018-03-30;10 TE RUE NUNGESSER - LOTC;93100;CL 196;138;;;Construction neuve · 1 logement créé;nouvelle construction;habitation;un logement individuel;;1;106;0;0;0;parcelle_actuelle;2.467717;48.867367
DP09304816B0199;DP;09304816B0199;logements;terminé;2016;2016-07-11;2016-10-11;2017-04-24;5 RUE COLMET LEPINAY;93100;BP 41;484;SCI LEA;529718793;Changement de destination : bureaux → logement · 1 logement créé;transformation sans extension ni diminution de surface;habitation;un logement individuel;;1;0;0;0;0;parcelle_actuelle;2.440059;48.855724
DP09304816B0225;DP;09304816B0225;locaux;terminé;2016;2016-07-11;2016-07-11;2016-07-15;292 BD THEOPHILE SUEUR;93100;CG 96, CG 97;372;SCI LE VERDIER IMMO;791019615;Changement de destination : logement → local non résidentiel;transformation sans extension ni diminution de surface;habitation;;;;0;0;0;0;parcelle_actuelle;2.466990;48.857570
PC09304816B0011;PC;09304816B0011;logements;terminé;2016;2016-07-19;2020-03-05;2022-02-22;23 RUE DES GRANDES CULTURES /;93100;J 244, J 16, J 220;1007;MONTREUIL GRANDES CULTURES;851827782;Construction neuve · 34 logements créés;nouvelle construction;habitation;collectif hors résidence;;34;2278;78;0;0;parcelle_actuelle;2.456324;48.872794
PC09304816B0025;PC;09304816B0025;logements;terminé;2016;2016-07-19;2017-01-02;2018-10-24;70 AVENUE PAUL SIGNAC;93100;T 113, T 180, T 276;;SCI ILE DE FRANCE;314066499;Construction neuve · 31 logements créés;nouvelle construction;habitation;collectif hors résidence;;31;2007;0;0;0;parcelle_actuelle;2.454540;48.866834
PC09304816B0072;PC;09304816B0072;logements;commencé;2016;2016-07-19;2019-03-25;;207 BD ARISTIDE BRIAND;93100;L 68, L 270;444;MEMS;841822828;Réaménagement de logements (division, réunion ou rénovation), avec agrandissement · 4 logements après travaux;transformation avec extension de surface;habitation;collectif hors résidence;;4;177;0;0;0;parcelle_actuelle;2.455729;48.876180
PC09304816B0089;PC;09304816B0089;logements;terminé;2016;2016-07-19;2016-12-06;2019-06-16;54 RUE DES MESSIERS;93100;AU 178;228;;;Construction neuve · 1 logement créé;nouvelle construction;habitation;un logement individuel;;1;150;0;0;0;parcelle_actuelle;2.428840;48.860218
PD09304816B0014;PD;09304816B0014;demolir;autorisé;2016;2016-07-19;;;16 RUE GEORGES MELIES;93100;L 118;239;;;Démolition;;;;;;;;;;parcelle_actuelle;2.455091;48.873282
PC09304816B0057;PC;09304816B0057;logements;commencé;2016;2016-07-20;2016-11-18;;186 BD CHANZY;93100;AV 12;233;;;Construction neuve · 4 logements créés;nouvelle construction;habitation;collectif hors résidence;;4;248;0;0;0;parcelle_actuelle;2.424472;48.859600
PC09304816B0080;PC;09304816B0080;logements;terminé;2016;2016-07-20;2019-06-15;2019-11-15;90-92 RUE GASTON LAURIAU;93100;BT 297, BT 299;375;;;Construction neuve · 2 logements créés;nouvelle construction;habitation;plusieurs logements individuels;;2;217;0;0;0;parcelle_ancienne;2.447917;48.856544
DP09304816B0209;DP;09304816B0209;locaux;autorisé;2016;2016-07-22;;;1 BOULEVARD ROUGET DE LISLE;93100;AK 1;163;RAYANE;811341114;Construction neuve · 14 m² (commerce);nouvelle construction;commerce;;;;0;0;14;0;parcelle_actuelle;2.441148;48.861644
PC09304816B0024;PC;09304816B0024;logements;terminé;2016;2016-07-22;2017-06-15;2018-10-25;285 B AVENUE VICTOR HUGO;93100;CQ 232;783;GREEN CITY IMMOBILIER;531272920;Construction neuve · 15 logements créés;nouvelle construction;habitation;collectif hors résidence;;15;973;0;0;0;parcelle_actuelle;2.481416;48.861924
PC09304816B0044;PC;09304816B0044;logements+locaux;terminé;2016;2016-07-22;2017-06-16;2018-08-18;10 BI RUE NUNGESSER (LOT B);93100;CL 195;139;;;Construction neuve · 1 logement créé;nouvelle construction;habitation;un logement individuel;;1;105;61;51;0;parcelle_actuelle;2.467698;48.867312
PC09304816B0062;PC;09304816B0062;logements;terminé;2016;2016-07-22;2017-07-22;2019-07-25;33 RUE DES GROSEILLIERS;93100;Z 202;199;;;Construction neuve · 1 logement créé;nouvelle construction;habitation;un logement individuel;;1;136;50;0;0;parcelle_actuelle;2.436513;48.871665
PC09304816B0056;PC;09304816B0056;locaux;terminé;2016;2016-08-05;2017-01-02;2018-03-30;24-28 RUE DES PAPILLONS;93100;Y 251;1974;AFASER - FOYERS ET SAJ;785558941;Agrandissement de 727 m² (équipement d'intérêt collectif);extension de surface sans transformation;service public ou d'intérêt collectif;;;;0;308;727;0;parcelle_actuelle;2.436447;48.870084
PC09304816B0066;PC;09304816B0066;logements;terminé;2016;2016-08-05;2016-12-18;2021-12-20;180 RUE ETIENNE MARCEL;93100;AV 90;86;;;Agrandissement de 35 m² · 1 logement créé;extension de surface sans transformation;habitation;un logement individuel;;1;35;0;0;0;parcelle_actuelle;2.423851;48.857420
PC09304816B0074;PC;09304816B0074;logements;terminé;2016;2016-08-05;2017-12-28;2021-02-22;43/45 AVENUE FAIDHERBE;93100;AE 120, AE 197, AE 198;2211;SA D'H L M FRANCE HABITATION;582142816;Construction neuve · 155 logements créés;nouvelle construction;habitation;résidence;étudiants;155;6049;0;0;3320;parcelle_actuelle;2.438949;48.866054
PC09304816B0095;PC;09304816B0095;logements;commencé;2016;2016-08-08;2018-04-23;;90 RUE DESIRE PREAUX;93100;AP 47;222;;;Agrandissement de 149 m² · 1 logement créé;extension de surface sans transformation;habitation;un logement individuel;;1;149;71;0;0;parcelle_actuelle;2.431617;48.862180
PC09304815B0184;PC;09304815B0184;logements+locaux;terminé;2015;2016-08-12;2016-12-13;2021-03-30;274 BD DE LA BOISSIERE;93100;F 57;6786;;;Construction neuve · 244 logements créés;nouvelle construction;habitation;collectif hors résidence;;244;15243;0;2068;0;adresse;2.468834;48.875211
PC09304816B0058;PC;09304816B0058;logements;commencé;2016;2016-08-16;2017-02-13;;3 BIS RUE DE LA MUTUALITE;93100;C 215;284;;;Agrandissement de 146 m² · 1 logement créé;extension de surface sans transformation;habitation;un logement individuel;;1;146;80;0;0;parcelle_actuelle;2.460022;48.876057
PC09304816B0078;PC;09304816B0078;logements;autorisé;2016;2016-08-16;;;16 RUE DANTON;93100;AH 171;277;;;Construction neuve · 6 logements créés;nouvelle construction;habitation;collectif hors résidence;;6;340;0;0;0;parcelle_actuelle;2.447706;48.865549
PD09304816B0016;PD;09304816B0016;demolir;autorisé;2016;2016-08-19;;;39 RUE DE LA SOLIDARITE;93100;BQ 73;866;STANROC REAL ESTATE;750319212;Démolition;;;;;;;;;;parcelle_actuelle;2.441690;48.853269
DP09304816B0250;DP;09304816B0250;locaux;autorisé;2016;2016-08-29;;;221 BD THEOPHILE SUEUR;93100;CG 4;201;SCI VITAL;403436439;Agrandissement de 19 m² (entrepôt);extension de surface sans transformation;entrepôt;;;;0;0;19;0;parcelle_actuelle;2.466976;48.859226
PC09304816B0079;PC;09304816B0079;logements+locaux;terminé;2016;2016-08-29;2016-12-23;2020-04-20;86-96 RUE ALEXIS PESNON;93100;AK 79, AK 256, AK 258;2614;SCCV MONTREUIL PESNON-RESISTANCE;814029567;Construction neuve · 97 logements créés;nouvelle construction;habitation;collectif hors résidence;;97;6493;0;305;0;parcelle_actuelle;2.437185;48.863195
PC09304816B0082;PC;09304816B0082;logements;terminé;2016;2016-08-30;2016-12-14;2019-05-07;62/64 RUE DE LAGNY;93100;BE 13, BE 14;1750;SCCV EMERIGE MONTREUIL;813652138;Construction neuve · 67 logements créés;nouvelle construction;habitation;collectif hors résidence;;67;4294;0;0;0;parcelle_actuelle;2.423988;48.849476
PC09304816B0034;PC;09304816B0034;logements;commencé;2016;2016-09-02;2017-06-16;;10 RUE NUNGESSER (LOT A);93100;CL 194;139;;;Construction neuve · 1 logement créé;nouvelle construction;habitation;un logement individuel;;1;101;49;0;0;parcelle_actuelle;2.467669;48.867245
PC09304816B0063;PC;09304816B0063;logements+locaux;terminé;2016;2016-09-06;2016-09-12;2017-05-05;1 RUE DES CHAPONS / 90 RUE C;93100;BR 123;345;COURT-CIRCUIT;482986049;Changement de destination : commerce → logement, avec agrandissement · 1 logement créé;transformation avec extension de surface;commerce;un logement individuel;;1;0;0;15;0;parcelle_actuelle;2.447478;48.853244
PC09304816B0137;PC;09304816B0137;logements;terminé;2016;2016-09-14;2017-10-12;2020-07-20;17 BI RUE DU RUISSEAU;93100;X 58, X 59, X 60;598;;;Agrandissement de 225 m² · 2 logements créés;extension de surface sans transformation;habitation;collectif hors résidence;;2;225;0;0;0;parcelle_actuelle;2.443172;48.870684
PD09304816B0017;PD;09304816B0017;demolir;autorisé;2016;2016-09-14;;;27 RUE MARCEAU;93100;BH 15;4710;COMMUNE DE MONTREUIL;219300480;Démolition;;;;;;;;;;parcelle_actuelle;2.426380;48.854905
PC09304816B0083;PC;09304816B0083;logements;commencé;2016;2016-09-15;2017-09-04;;38 RUE EMILE ZOLA;93100;BC 54;720;;;Changement de destination : bureaux → logement, avec réduction de surface · 1 logement créé;transformation avec diminution de surface;habitation;un logement individuel;;1;39;0;0;40;parcelle_actuelle;2.420491;48.852446
PC09304816B0069;PC;09304816B0069;logements+locaux;terminé;2016;2016-09-20;2017-04-12;2019-04-30;12-14 RUE EDOUARD VAILLANT;93100;BL 13, BL 14;735;IN'LI;602052359;Construction neuve · 25 logements créés;nouvelle construction;habitation;collectif hors résidence;;25;1512;0;98;0;parcelle_actuelle;2.432710;48.856869
PC09304816B0151;PC;09304816B0151;logements;terminé;2016;2016-09-20;2017-01-16;2017-06-22;80 RUE EMILE BEAUFILS;93100;K 127;292;;;Construction neuve · 1 logement créé;nouvelle construction;habitation;un logement individuel;;1;136;0;0;0;parcelle_actuelle;2.458056;48.873653
PC09304816B0117;PC;09304816B0117;logements+locaux;terminé;2016;2016-09-26;2017-05-31;2019-02-21;63 AVENUE FAIDHERBE;93100;AE 261, AE 224;2341;COMPAGNIE FONCIERE ET FINANCIERE ET D INVESTISSEMENT IMMOBILIER;353575053;Construction neuve · 58 logements créés;nouvelle construction;habitation;collectif hors résidence;;58;3716;439;95;419;parcelle_actuelle;2.437196;48.866367
PC09304816B0059;PC;09304816B0059;logements+locaux;terminé;2016;2016-09-28;2017-11-07;2019-07-12;27 RUE BRULEFER;93100;I 121, I 118;1364;BOUYGUES IMMOBILIER;562091546;Construction neuve · 37 logements créés;nouvelle construction;habitation;collectif hors résidence;;37;2484;0;461;0;parcelle_actuelle;2.462888;48.870726
PD09304816B0015;PD;09304816B0015;demolir;autorisé;2016;2016-09-30;;;29 RUE ALEXIS LEPERE;93100;AF 89;173;;;Démolition;;;;;;;;;;parcelle_actuelle;2.439786;48.864459
PC09304816B0065;PC;09304816B0065;logements;terminé;2016;2016-10-11;2017-03-22;2017-03-31;104 RUE EDOUARD VAILLANT;93100;BJ 26, BJ 28;1080;SCCV DU GAZOMETRE;789409000;Changement de destination : bureaux → logement, avec réduction de surface · 1 logement créé;transformation avec diminution de surface;habitation;un logement individuel;;1;45;0;0;46;parcelle_actuelle;2.430771;48.851871
PC09304816B0132;PC;09304816B0132;logements;commencé;2016;2016-10-14;2019-02-19;;3 RUE DU MIDI;93100;Y 16;271;;;Construction neuve · 2 logements créés;nouvelle construction;habitation;collectif hors résidence;;2;223;0;0;0;parcelle_ancienne;2.436468;48.869586
PC09304816B0112;PC;09304816B0112;logements;terminé;2016;2016-10-17;2018-12-17;2022-04-13;63 RUE DANTON;93100;T 138;278;TAL CORPORATE;388786113;Changement de destination : atelier d'artisanat → logement, avec agrandissement · 1 logement créé;transformation avec extension de surface;habitation;un logement individuel;;1;39;0;0;0;parcelle_actuelle;2.451409;48.865342
PC09304816B0114;PC;09304816B0114;logements;commencé;2016;2016-10-17;2019-10-14;;57 RUE DOUY DELCUPE;93100;BK 1;132;;;Agrandissement de 129 m² · 2 logements créés;extension de surface sans transformation;habitation;collectif hors résidence;;2;129;0;0;0;parcelle_actuelle;2.431006;48.855554
DP09304816B0284;DP;09304816B0284;logements;autorisé;2016;2016-10-19;;;22 BI RUE RABELAIS;93100;AK 162;870;;;Changement de destination : atelier d'artisanat → logement · 1 logement créé;transformation sans extension ni diminution de surface;habitation;un logement individuel;;1;0;0;0;0;parcelle_actuelle;2.437493;48.862682
PC09304816B0159;PC;09304816B0159;logements;terminé;2016;2016-10-19;2017-07-03;2017-12-20;20 RUE VOLTAIRE;93100;AY 154, AT 164, AY 165;3506;;;Changement de destination : bureaux → logement, avec agrandissement · 1 logement créé;transformation avec extension de surface;habitation;un logement individuel;;1;41;0;0;0;parcelle_actuelle;2.421012;48.854250
PC09304816B0068;PC;09304816B0068;logements+locaux;terminé;2016;2016-10-25;2016-10-27;2018-03-30;98 AVENUE PASTEUR;93100;AE 138;101;SCI JULIANNE;444807440;Agrandissement de 98 m² · 2 logements créés;extension de surface sans transformation;habitation;collectif hors résidence;;2;70;0;28;0;parcelle_actuelle;2.435312;48.867030
PC09304816B0147;PC;09304816B0147;logements;commencé;2016;2016-10-27;2017-06-21;;38 RUE GARIBALDI / 3 RUE MARC;93100;AX 44;207;IMMOBILIERE 3F;552141533;Changement de destination : bureaux → logement, avec agrandissement · 12 logements créés;transformation avec extension de surface;habitation;collectif hors résidence;;12;390;0;0;11;parcelle_actuelle;2.425995;48.855737
PC09304816B0088;PC;09304816B0088;logements+locaux;terminé;2016;2016-10-31;2018-03-13;2020-12-15;300 BOULEVARD DE LA BOISSIERE;93100;F 82, F 83;3091;OFFICE PUBLIC DE L'HABITAT MONTREUILLOIS;488777160;Construction neuve · 71 logements créés;nouvelle construction;habitation;collectif hors résidence;;71;5250;0;664;0;parcelle_actuelle;2.468672;48.873630
DP09304816B0273;DP;09304816B0273;logements;terminé;2016;2016-11-02;2016-11-02;2016-11-09;27 B RUE DU SERGENT GODEFROY;93100;BK 75;353;FEDERATION CULTURELLE DES ASSOCIATIONS MUSULMANES DE MONTREUIL;500291075;Changement de destination : bureaux → logement · 2 logements créés;transformation sans extension ni diminution de surface;habitation;collectif hors résidence;;2;0;0;0;0;parcelle_actuelle;2.431574;48.853856
PC09304816B0156;PC;09304816B0156;logements;terminé;2016;2016-11-02;2017-03-20;2019-05-15;60 BD HENRI BARBUSSE;93100;AG 235;379;PREMIUM;532812955;Changement de destination : local industriel → logement, avec réduction de surface · 5 logements créés;transformation avec diminution de surface;habitation;collectif hors résidence;;5;83;0;0;97;parcelle_actuelle;2.442544;48.867261
PC09304816B0161;PC;09304816B0161;logements;terminé;2016;2016-11-02;2017-06-15;2019-03-12;46 RUE ANNE FRANK;93100;AP 21;295;;;Construction neuve · 1 logement créé;nouvelle construction;habitation;un logement individuel;;1;115;0;0;0;parcelle_actuelle;2.432313;48.862855
PC09304816B0141;PC;09304816B0141;logements;commencé;2016;2016-11-03;2017-01-01;;3 RUE RAYMOND LEFEBVRE;93100;CF 4, CF 209;199;;;Réaménagement de logements (division, réunion ou rénovation), avec agrandissement · 3 logements après travaux;transformation avec extension de surface;habitation;collectif hors résidence;;3;82;25;0;0;parcelle_actuelle;2.462571;48.858057
DP09304816B0328;DP;09304816B0328;logements;autorisé;2016;2016-11-14;;;179 B RUE DE PARIS;93100;AY 120;320;CABINET MORGAND;801090051;Réaménagement de logements (division, réunion ou rénovation), avec réduction de surface · 3 logements après travaux;transformation avec diminution de surface;habitation;collectif hors résidence;;3;0;82;0;0;parcelle_ancienne;2.422117;48.855300
PC09304816B0128;PC;09304816B0128;locaux;terminé;2016;2016-11-25;2017-02-23;2017-08-31;202 B RUE EDOUARD BRANLY;93100;E 123, E 121;415;;;Agrandissement de 114 m² (commerce);extension de surface sans transformation;commerce;;;;47;22;67;0;parcelle_actuelle;2.464905;48.876253
PC09304816B0136;PC;09304816B0136;locaux;terminé;2016;2016-11-25;2017-02-13;2019-07-30;12 RUE EMILE BEAUFILS;93100;R 91;3654;ASSOCIATION CENTRE JEAN MACE MONTREUIL;785565961;Agrandissement de 223 m² (équipement d'intérêt collectif);extension de surface sans transformation;service public ou d'intérêt collectif;;;;0;0;223;0;parcelle_actuelle;2.454410;48.871147
PC09304816B0143;PC;09304816B0143;locaux;terminé;2016;2016-11-25;2017-09-15;2019-01-15;260/2 RUE DE ROSNY;93100;CJ 356, CJ 423, CJ 422;8208;EMMAUS ALTERNATIVES;382387546;Réaménagement de locaux (entrepôt), avec agrandissement;transformation avec extension de surface;entrepôt;;;;0;0;243;0;parcelle_actuelle;2.465538;48.869353
PC09304816B0148;PC;09304816B0148;locaux;autorisé;2016;2016-11-25;;;51 RUE DE VINCENNES;93100;BM 203;770;ALTIBRI;817652191;Changement de destination : local industriel → logement, avec réduction de surface;transformation avec diminution de surface;industrie;;;;0;0;18;100;parcelle_actuelle;2.436870;48.854180
PC09304816B0172;PC;09304816B0172;logements;commencé;2016;2016-11-25;2019-02-11;;10-14 RUE MARCEL LARGILLIERE;93100;CD 312, CD 327, CD 328;743;PROMORAME;479428385;Construction neuve · 22 logements créés;nouvelle construction;habitation;collectif hors résidence;;22;1238;0;0;0;parcelle_actuelle;2.461649;48.862833
PC09304816B0173;PC;09304816B0173;logements;commencé;2016;2016-11-26;2018-09-03;;9 RUE DE LA NOUVELLE FRANCE;93100;CJ 110;188;D.S;802528604;Construction neuve · 4 logements créés;nouvelle construction;habitation;collectif hors résidence;;4;172;0;0;0;parcelle_actuelle;2.462689;48.868668
PC09304816B0107;PC;09304816B0107;logements+locaux;annulé;2016;2016-11-30;2025-11-10;;7-9 RUE DU SERGENT BOBILLOT;93100;BL 102;4361;NESSUS;494645625;Réaménagement de locaux (entrepôt), avec agrandissement · 106 logements créés;transformation avec extension de surface;entrepôt;résidence;étudiants;106;2593;74;0;1203;parcelle_actuelle;2.435607;48.856952
PC09304816B0122;PC;09304816B0122;logements+locaux;terminé;2016;2016-11-30;2018-02-19;2020-11-16;61 RUE DE VINCENNES;93100;BM 61;1219;IMMOBILIERE 3F;552141533;Construction neuve · 29 logements créés;nouvelle construction;habitation;collectif hors résidence;;29;1975;0;550;0;parcelle_actuelle;2.436174;48.853953
PC09304816B0131;PC;09304816B0131;locaux;terminé;2016;2016-11-30;2017-03-26;2017-11-17;PLACE MARGUERITE ET EMILE;93100;CO 20, CO 26, CO 27;58032;OFFICE PUBLIC DE L'HABITAT MONTREUILLOIS;488777160;Construction neuve · 57 m² (bureaux);nouvelle construction;bureaux;;;;0;0;57;0;parcelle_actuelle;2.477413;48.865651
PC09304816B0100;PC;09304816B0100;logements;terminé;2016;2016-12-01;2017-05-02;2019-05-04;5 RUE LOUISE MICHEL;93100;CK 136;1113;PROMORAME;479428385;Construction neuve · 4 logements créés;nouvelle construction;habitation;plusieurs logements individuels;;4;619;247;0;0;parcelle_actuelle;2.471156;48.868203
DP09304816B0313;DP;09304816B0313;locaux;autorisé;2016;2016-12-05;;;26 RUE ROBESPIERRE;93100;AY 210;210;;;Réaménagement de locaux (commerce);transformation sans extension ni diminution de surface;commerce;;;;0;0;0;0;parcelle_actuelle;2.422922;48.854917
DP09304816B0316;DP;09304816B0316;logements;autorisé;2016;2016-12-05;;;4 RUE DU PROGRES;93100;BG 35;520;LOFT 93;535031553;Changement de destination : bureaux → logement · 1 logement créé;transformation sans extension ni diminution de surface;habitation;un logement individuel;;1;0;0;0;0;parcelle_actuelle;2.422952;48.852246
PC09304816B0160;PC;09304816B0160;logements;terminé;2016;2016-12-05;2017-06-01;2018-10-29;131 RUE ERNEST SAVART;93100;V 149;322;CONCEPTBOIS;819982505;Construction neuve · 7 logements créés;nouvelle construction;habitation;collectif hors résidence;;7;444;52;0;0;parcelle_actuelle;2.444052;48.868561
PC09304816B0150;PC;09304816B0150;locaux;commencé;2016;2016-12-15;2017-06-05;;117 RUE DE PARIS;93100;AX 55;180;SCI RESIDINVEST;813711405;Réaménagement de locaux (commerce);transformation sans extension ni diminution de surface;commerce;;;;0;0;0;0;parcelle_actuelle;2.427220;48.856306
PC09304816B0129;PC;09304816B0129;logements+locaux;terminé;2016;2016-12-16;2017-06-19;2019-04-11;AVE DU PRESIDENT WILSON;93100;BO 109, BO 333, AJ 254;467;SOCIETE CIVILE IMMOBILIERE PICVIN;811286749;Construction neuve · 31 logements créés;nouvelle construction;habitation;collectif hors résidence;;31;1808;0;266;0;parcelle_ancienne;2.441855;48.860401
PC09304816B0152;PC;09304816B0152;logements;terminé;2016;2016-12-22;2017-05-02;2024-09-25;42 AVENUE GABRIEL PERI;93100;BP 274, BP 223, BP 225;406;;;Construction neuve · 3 logements créés;nouvelle construction;habitation;collectif hors résidence;;3;298;0;0;140;parcelle_actuelle;2.442102;48.856690
PC09304816B0167;PC;09304816B0167;logements;terminé;2016;2016-12-22;2017-02-22;2017-07-01;21 RUE DU CAPITAINE DREYFUS;93100;BO 321;422;;;Changement de destination : atelier d'artisanat → logement, avec agrandissement · 1 logement créé;transformation avec extension de surface;habitation;un logement individuel;;1;30;0;0;0;parcelle_actuelle;2.439029;48.859122
PC09304816B0140;PC;09304816B0140;logements;terminé;2016;2016-12-23;2017-04-18;2018-06-10;38 RUE ROCHEBRUNE / 45 RUE DO;93100;U 185, U 118;83;;;Construction neuve · 1 logement créé;nouvelle construction;habitation;un logement individuel;;1;129;17;0;0;parcelle_actuelle;2.451265;48.866273
PC09304816B0157;PC;09304816B0157;logements;terminé;2016;2017-01-12;2017-03-09;2018-06-12;42 RUE DU MIDI;93100;AD 268;169;;;Changement de destination : atelier d'artisanat → logement, avec agrandissement · 1 logement créé;transformation avec extension de surface;habitation;un logement individuel;;1;41;0;0;0;parcelle_actuelle;2.438714;48.869359
PC09304816B0149;PC;09304816B0149;logements+locaux;annulé;2016;2017-01-20;;;6 AVENUE FERDINAND BUISSON;93100;Z 144;369;GROUPE PRESTIGE;331291765;Construction neuve · 2 logements créés · 180 m² (bureaux);nouvelle construction;bureaux;collectif hors résidence;;2;155;0;180;0;parcelle_actuelle;2.434114;48.873119
PD09304816B0018;PD;09304816B0018;demolir;autorisé;2016;2017-01-20;;;5 RUE DE LA COTE DU NORD;93100;CR 243;260;DEPARTEMENT DE LA SEINE SAINT DENIS;229300082;Démolition;;;;;;;;;;parcelle_actuelle;2.475971;48.861693
DP09304816B0425;DP;09304816B0425;logements;autorisé;2016;2017-01-22;;;206 RUE DE PARIS;93100;AY 265;800;HENEO;562118646;Travaux sur un bâtiment existant · 100 logements créés;;habitation;collectif hors résidence;;100;0;0;0;0;parcelle_actuelle;2.421278;48.856191
DP09304816B0374;DP;09304816B0374;locaux;terminé;2016;2017-01-26;2017-02-26;2017-04-02;77 RUE DE LA FRATERNITE;93100;AV 169;106;FRATERNITE;799578406;Réaménagement de locaux (commerce);transformation sans extension ni diminution de surface;commerce;;;;0;0;0;0;parcelle_actuelle;2.423568;48.858520
DP09304816B0408;DP;09304816B0408;logements;terminé;2016;2017-01-31;2017-01-31;2017-01-31;7/9/1 RUE EDOUARD VAILLANT;93100;BL 170;;;;Changement de destination : atelier d'artisanat → logement · 1 logement créé;transformation sans extension ni diminution de surface;habitation;un logement individuel;;1;0;0;0;0;parcelle_ancienne;2.433503;48.856956
DP09304817B0002;DP;09304817B0002;logements;terminé;2017;2017-02-03;2017-03-08;2017-06-01;6 RUE EMILE ZOLA;93100;AZ 11;125;PERI OR;812627792;Changement de destination : bureaux → logement · 1 logement créé;transformation sans extension ni diminution de surface;habitation;un logement individuel;;1;0;0;0;0;parcelle_actuelle;2.419346;48.854491
PC09304816B0135;PC;09304816B0135;logements;terminé;2016;2017-02-03;;2025-06-16;7 PLACE DU MARCHE;93100;AR 104;53;;;Changement de destination : atelier d'artisanat → logement, avec agrandissement · 3 logements créés;transformation avec extension de surface;habitation;collectif hors résidence;;3;70;0;0;0;parcelle_actuelle;2.433383;48.858188
PC09304816B0203;PC;09304816B0203;logements;annulé;2016;2017-02-03;;;10 RUE MIRABEAU;93100;U 94;195;;;Construction neuve · 1 logement créé;nouvelle construction;habitation;un logement individuel;;1;74;67;0;47;parcelle_actuelle;2.449825;48.865893
PC09304816B0179;PC;09304816B0179;logements+locaux;terminé;2016;2017-02-09;2018-11-13;2021-03-24;45 RUE ARMAND CARREL;93100;BD 39, BD 40, BD 81;4701;OFFICE PUBLIC DE L'HABITAT MONTREUILLOIS;488777160;Agrandissement de 1318 m² · 16 logements créés;extension de surface sans transformation;habitation;collectif hors résidence;;16;1188;418;130;0;parcelle_ancienne;2.418769;48.851226
PC09304816B0178;PC;09304816B0178;logements;terminé;2016;2017-02-10;2017-02-11;2017-04-15;30 RUE CUVIER;93100;BG 141;488;;;Changement de destination : entrepôt → logement, avec réduction de surface · 1 logement créé;transformation avec diminution de surface;habitation;un logement individuel;;1;0;0;0;44;parcelle_actuelle;2.423078;48.851165
PC09304816B0196;PC;09304816B0196;logements;terminé;2016;2017-02-10;2018-11-05;2023-07-31;6-8 RUE DES PLATRIERES;93100;BT 293;1194;SCCV MONTREUIL PLATRIERES;811710722;Construction neuve · 25 logements créés;nouvelle construction;habitation;collectif hors résidence;;25;1689;0;0;746;parcelle_actuelle;2.446400;48.854435
PC09304816B0220;PC;09304816B0220;logements;terminé;2016;2017-02-10;2017-02-10;2017-02-10;23 RUE DU SERGENT BOBILLOT;93100;BL 114;145;;;Agrandissement de 61 m² · 1 logement créé;extension de surface sans transformation;habitation;un logement individuel;;1;61;0;0;0;parcelle_actuelle;2.434715;48.855701
PD09304816B0019;PD;09304816B0019;demolir;autorisé;2016;2017-02-10;;;16 RUE FRANCOIS ARAGO;93100;AX 56;165;;;Démolition;;;;;;;;;;parcelle_actuelle;2.427147;48.856162
PC09304816B0144;PC;09304816B0144;logements+locaux;commencé;2016;2017-02-13;2017-02-27;;138 BOULEVARD CHANZY;93100;AT 49, AT 51, AT 52;11674;SOCIETE DE MONTAGE IMMOBILIER FAYAT SUD EST;524531647;Construction neuve · 5 logements créés · 8 225 m² (équipement d'intérêt collectif);nouvelle construction;service public ou d'intérêt collectif;collectif hors résidence;;5;410;0;8225;0;parcelle_actuelle;2.428172;48.859167
PC09304816B0177;PC;09304816B0177;logements;terminé;2016;2017-02-16;2017-09-25;2019-12-12;9 RUE DU PLATEAU;93100;V 215;318;;;Agrandissement de 346 m² · 4 logements créés;extension de surface sans transformation;habitation;collectif hors résidence;;4;346;81;0;260;parcelle_ancienne;2.443464;48.868814
PC09304816B0193;PC;09304816B0193;logements;autorisé;2016;2017-02-28;;;1 RUE AUGUSTE PERON;93100;J 342;117;;;Construction neuve · 2 logements créés;nouvelle construction;habitation;collectif hors résidence;;2;94;0;0;0;parcelle_actuelle;2.457143;48.872654
DP09304816B0393;DP;09304816B0393;logements;terminé;2016;2017-03-06;2017-03-06;2017-03-06;216/2 RUE DE PARIS;93100;AY 37;1034;SCI RUE DE PARIS;452285927;Changement de destination : atelier d'artisanat → logement, avec agrandissement · 1 logement créé;transformation avec extension de surface;habitation;un logement individuel;;1;10;0;0;0;parcelle_actuelle;2.420625;48.855704
PC09304816B0133;PC;09304816B0133;logements+locaux;terminé;2016;2017-03-06;2017-07-07;2021-11-23;31/33 RUE PIERRE DE MONTREUIL;93100;BY 89;420;WIGOS HORIZON CIEL;829885219;Construction neuve · 14 logements créés;nouvelle construction;habitation;collectif hors résidence;;14;785;0;79;0;parcelle_ancienne;2.453976;48.862821
PC09304816B0210;PC;09304816B0210;logements;commencé;2016;2017-03-08;2017-03-15;;78 RUE PIERRE DE MONTREUIL;93100;CD 44;290;;;Changement de destination : atelier d'artisanat → logement, avec réduction de surface · 1 logement créé;transformation avec diminution de surface;habitation;un logement individuel;;1;57;41;0;69;parcelle_actuelle;2.461159;48.863031
DP09304816B0369;DP;09304816B0369;locaux;autorisé;2016;2017-03-09;;;17 RUE NAVOISEAU;93100;BK 53;1207;CNFR ET ASSOCIATIONS DE DEVELOPPEMENT ET D ANIMATION DU MILIEU RURAL C.N.F.R;775685431;Réaménagement de locaux (commerce);transformation sans extension ni diminution de surface;commerce;;;;0;0;0;0;parcelle_actuelle;2.430755;48.853227
PC09304816B0199;PC;09304816B0199;logements;commencé;2016;2017-03-09;2017-07-03;;32 RUE BARBES;93100;BH 151;114;;;Changement de destination : atelier d'artisanat → logement, avec agrandissement · 1 logement créé;transformation avec extension de surface;habitation;un logement individuel;;1;47;0;0;44;parcelle_actuelle;2.424419;48.853991
PC09304816B0227;PC;09304816B0227;logements;commencé;2016;2017-03-09;2017-05-15;;1 RUE VICTOR MERCIER;93100;BQ 193, BQ 194;256;;;Construction neuve · 1 logement créé;nouvelle construction;habitation;un logement individuel;;1;147;0;0;0;parcelle_actuelle;2.443129;48.852772
PC09304816B0228;PC;09304816B0228;logements;terminé;2016;2017-03-14;2019-02-19;2019-10-24;9 RUE DU COLONEL DELORME;93100;BI 89;322;;;Agrandissement de 135 m² · 3 logements créés;extension de surface sans transformation;habitation;collectif hors résidence;;3;135;5;0;0;parcelle_actuelle;2.429927;48.853752
DP09304817B0069;DP;09304817B0069;logements;terminé;2017;2017-03-21;2017-04-21;2017-05-30;174 AVENUE SALVADOR ALLENDE;93100;D 95;180;SCI FLORE IMMO;519668685;Agrandissement de 1167 m²;extension de surface sans transformation;habitation;;;0;1167;0;0;0;parcelle_actuelle;2.463052;48.877047
PC09304817B0007;PC;09304817B0007;logements+locaux;terminé;2017;2017-03-22;2017-05-15;2022-06-22;7 RUE DU MIDI;93100;Y 17;319;;;Construction neuve · 2 logements créés;nouvelle construction;habitation;plusieurs logements individuels;;2;345;70;42;102;parcelle_actuelle;2.436586;48.869708
PD09304817B0002;PD;09304817B0002;demolir;autorisé;2017;2017-03-23;;;223 RUE DE ROSNY;93100;I 68;1896;;;Démolition;;;;;;;;;;parcelle_actuelle;2.461131;48.869629
PC09304816B0190;PC;09304816B0190;logements;terminé;2016;2017-03-24;2017-07-10;2018-12-15;8 RUE DES GRADINS;93100;AI 250;182;;;Construction neuve · 1 logement créé;nouvelle construction;habitation;un logement individuel;;1;129;0;0;0;parcelle_actuelle;2.447447;48.861833
DP09304817B0023;DP;09304817B0023;logements;autorisé;2017;2017-03-29;;;90 RUE DE LA FEDERATION;93100;BM 83;740;;;Changement de destination : atelier d'artisanat → logement · 1 logement créé;transformation sans extension ni diminution de surface;habitation;un logement individuel;;1;0;0;0;0;parcelle_actuelle;2.437250;48.853235
DP09304817B0067;DP;09304817B0067;logements;autorisé;2017;2017-04-13;;;45 RUE MALOT;93100;BT 216;239;SOCIETE CIVILE ISAAC SKY;485386189;Changement de destination : atelier d'artisanat → logement · 1 logement créé;transformation sans extension ni diminution de surface;habitation;un logement individuel;;1;0;0;0;0;parcelle_actuelle;2.444974;48.854979
PC09304816B0181;PC;09304816B0181;logements;commencé;2016;2017-04-13;2018-06-25;;54 RU ROCCHEBRUNE;93100;T 169;736;;;Agrandissement de 162 m² · 4 logements créés;extension de surface sans transformation;habitation;collectif hors résidence;;4;162;0;0;35;parcelle_actuelle;2.452992;48.865736
PC09304816B0219;PC;09304816B0219;logements;commencé;2016;2017-04-13;2017-04-15;;86/88 RUE PIERRE CURIE;93100;CR 83, CR 207;307;;;Réaménagement de logements (division, réunion ou rénovation), avec agrandissement · 6 logements après travaux;transformation avec extension de surface;habitation;collectif hors résidence;;6;207;7;0;0;parcelle_actuelle;2.472707;48.860462
PD09304817B0001;PD;09304817B0001;demolir;autorisé;2017;2017-04-14;;;;;;;SOGEPROM HABITAT;444562029;Démolition;;;;;;;;;;aucune;;
PC09304816B0208;PC;09304816B0208;logements+locaux;autorisé;2016;2017-04-20;;;8 AVENUE FAIDHERBE;93100;AG 57;279;SCI QUATORZE IMMOBILIER;811474857;Réaménagement de locaux (commerce), avec agrandissement · 2 logements créés;transformation avec extension de surface;commerce;collectif hors résidence;;2;172;0;0;0;parcelle_actuelle;2.442864;48.865640
PC09304817B0006;PC;09304817B0006;logements;terminé;2017;2017-04-21;2017-07-31;2021-02-25;84 RUE SAINT DENIS;93100;J 105;520;;;Construction neuve · 7 logements créés;nouvelle construction;habitation;collectif hors résidence;;7;453;0;0;65;parcelle_actuelle;2.455867;48.872068
DP09304817B0137;DP;09304817B0137;locaux;autorisé;2017;2017-04-27;;;34 B RUE JULES GUESDE;93100;CM 304;1390;DEPARTEMENT DE LA SEINE SAINT DENIS;229300082;Changement de destination : logement → local non résidentiel;transformation sans extension ni diminution de surface;habitation;;;;0;0;0;0;parcelle_actuelle;2.475268;48.863141
DP09304817B0144;DP;09304817B0144;logements;terminé;2017;2017-04-27;2017-04-27;2017-04-27;21 RUE DU CAPITAINE DREYFUS;93100;AK 321;;;;Changement de destination : atelier d'artisanat → logement · 1 logement créé;transformation sans extension ni diminution de surface;habitation;un logement individuel;;1;0;0;0;0;adresse;2.439087;48.859011
DP09304818B0112;DP;09304818B0112;logements;autorisé;2018;2017-04-27;;;61 RUE MOLIERE;93100;BU 90;84;;;Changement de destination : atelier d'artisanat → logement · 1 logement créé;transformation sans extension ni diminution de surface;habitation;un logement individuel;;1;0;0;0;0;parcelle_actuelle;2.445038;48.857211
DP09304817B0117;DP;09304817B0117;logements;autorisé;2017;2017-05-03;;;90 RUE DE LA FEDERATION;93100;BM 83;740;;;Changement de destination : atelier d'artisanat → logement · 1 logement créé;transformation sans extension ni diminution de surface;habitation;un logement individuel;;1;0;0;0;0;parcelle_actuelle;2.437250;48.853235
PC09304817B0003;PC;09304817B0003;logements;terminé;2017;2017-05-03;2017-06-01;2017-06-29;5 RUE DESIRE PREAUX;93100;AS 134;105;SCI DU CHATEAU DE MADRID;422818591;Changement de destination : bureaux → logement · 1 logement créé;transformation sans extension ni diminution de surface;habitation;un logement individuel;;1;0;0;0;0;parcelle_actuelle;2.431524;48.857606
DP09304817B0090;DP;09304817B0090;logements;terminé;2017;2017-05-04;2017-05-04;2017-06-09;9 BOULEVARD JEANNE D 'ARC;93100;BT 66;105;;;Changement de destination : atelier d'artisanat → logement · 1 logement créé;transformation sans extension ni diminution de surface;habitation;un logement individuel;;1;0;0;0;0;parcelle_actuelle;2.445530;48.855696
DP09304817B0132;DP;09304817B0132;locaux;autorisé;2017;2017-05-05;;;19 B RUE EMILE ZOLA;93100;AY 168;683;MINILIONS;820372837;Réaménagement de locaux (bureaux);transformation sans extension ni diminution de surface;bureaux;;;;0;0;0;0;parcelle_actuelle;2.420257;48.853786
PC09304816B0222;PC;09304816B0222;logements;terminé;2016;2017-05-05;2017-05-10;2017-07-28;17 RUE GIRARD;93100;BL 97;312;;;Changement de destination : atelier d'artisanat → logement, avec agrandissement · 1 logement créé;transformation avec extension de surface;habitation;un logement individuel;;1;37;0;0;5;parcelle_actuelle;2.434115;48.857105
PC09304817B0030;PC;09304817B0030;logements;terminé;2017;2017-05-11;2018-10-10;2021-05-26;64 RUE EDOUARD BRANLY;93100;I 153, L 153;162;;;Construction neuve · 6 logements créés;nouvelle construction;habitation;collectif hors résidence;;6;311;0;0;0;parcelle_actuelle;2.459429;48.871551
PC09304816B0215;PC;09304816B0215;locaux;terminé;2016;2017-05-15;2019-06-27;2023-07-20;121 RUE DES RUFFINS;93100;CQ 336, CQ 293, CQ 337;8046;ASS ETS SCOLAIRE HENRI MATISSE;785566274;Agrandissement de 563 m² (équipement d'intérêt collectif);extension de surface sans transformation;service public ou d'intérêt collectif;;;;0;0;563;60;parcelle_actuelle;2.478953;48.862256
PC09304816B0216;PC;09304816B0216;locaux;terminé;2016;2017-05-15;2018-07-02;2019-10-30;88 BI RUE JULES GUESDE;93100;CQ 336, CQ 337;;ASS ETS SCOLAIRE HENRI MATISSE;785566274;Agrandissement de 682 m² (équipement d'intérêt collectif);extension de surface sans transformation;service public ou d'intérêt collectif;;;;0;0;682;286;parcelle_actuelle;2.479121;48.862378
PC09304817B0034;PC;09304817B0034;logements;terminé;2017;2017-05-15;2018-04-16;2019-06-25;65 RUE MICHELET;93100;BI 119;303;SCI FANI;833298854;Changement de destination : atelier d'artisanat → logement, avec réduction de surface · 4 logements créés;transformation avec diminution de surface;habitation;collectif hors résidence;;4;0;0;0;90;parcelle_actuelle;2.429585;48.852773
PC09304817B0051;PC;09304817B0051;logements;commencé;2017;2017-05-15;2019-09-01;;10 RUE DE LA TRANCHEE;93100;CQ 196;197;;;Agrandissement de 31 m² · 1 logement créé;extension de surface sans transformation;habitation;un logement individuel;;1;31;0;0;0;parcelle_actuelle;2.477935;48.861232
DP09304817B0121;DP;09304817B0121;locaux;terminé;2017;2017-05-17;2017-05-17;2017-05-30;164 RUE EDOUARD BRANLY;93100;E 2, E 214;3905;LE FAIT TOUT;823398409;Agrandissement de 30 m² (équipement d'intérêt collectif);extension de surface sans transformation;service public ou d'intérêt collectif;;;;0;0;30;0;parcelle_actuelle;2.464863;48.874349
PC09304816B0202;PC;09304816B0202;logements;terminé;2016;2017-05-17;2017-05-22;2018-02-01;27 BI RUE DU SERGENT GODEFROY;93100;BK 75;353;;;Changement de destination : bureaux → logement, avec réduction de surface · 1 logement créé;transformation avec diminution de surface;habitation;un logement individuel;;1;8;14;0;0;parcelle_actuelle;2.431574;48.853856
PD09304817B0005;PD;09304817B0005;demolir;autorisé;2017;2017-05-17;;;86 RUE DES RIGONDES;93100;Z 456;268;SCI DE LA DHUIS;352887640;Démolition;;;;;;;;;;parcelle_actuelle;2.434780;48.874090
DP09304817B0160;DP;09304817B0160;logements;terminé;2017;2017-05-18;2017-05-18;2017-06-18;13 RUE MARCEAU;93100;BH 234, BH 237;1306;;;Changement de destination : atelier d'artisanat → logement · 1 logement créé;transformation sans extension ni diminution de surface;habitation;un logement individuel;;1;0;0;0;0;parcelle_actuelle;2.426505;48.855201
PC09304816B0221;PC;09304816B0221;logements+locaux;terminé;2016;2017-05-18;2018-04-03;2020-01-05;151 RUE DE ROSNY;93100;S 14;414;;;Changement de destination : commerce → logement, avec agrandissement · 2 logements créés;transformation avec extension de surface;commerce;collectif hors résidence;;2;20;0;23;0;parcelle_actuelle;2.456100;48.867145
PC09304817B0029;PC;09304817B0029;logements;annulé;2017;2017-05-18;;;39 BI RUE DES SAULES CLOUETS;93100;A 233, A 234;;SCI DES SAULES CLOUET;487792871;Construction neuve · 16 logements créés;nouvelle construction;habitation;collectif hors résidence;;16;923;141;0;0;parcelle_actuelle;2.453063;48.876430
PC09304817B0023;PC;09304817B0023;locaux;terminé;2017;2017-05-23;2017-06-01;2021-06-11;25-27 RUE MARCEAU;93100;BH 15, BH 18, BH 19;4710;COMMUNE DE MONTREUIL;219300480;Construction neuve · 5 672 m² (équipement d'intérêt collectif);nouvelle construction;service public ou d'intérêt collectif;;;;0;0;5672;0;parcelle_actuelle;2.426386;48.854847
PC09304817B0015;PC;09304817B0015;locaux;commencé;2017;2017-05-30;2017-06-06;;85 RUE DE LA SOLIDARITE;93100;BR 117;4467;;;Réaménagement de locaux (commerce);transformation sans extension ni diminution de surface;commerce;;;;0;0;0;0;parcelle_actuelle;2.445505;48.853076
PC09304817B0018;PC;09304817B0018;locaux;terminé;2017;2017-05-30;2017-06-08;2017-11-30;233 RUE ETIENNE MARCEL;93100;AZ 68, AZ 67, AZ 69;13231;SCI REPAIR HOUSE;822563623;Réaménagement de locaux (commerce), avec réduction de surface;transformation avec diminution de surface;commerce;;;;0;0;0;45;parcelle_actuelle;2.416666;48.855592
DP09304817B0098;DP;09304817B0098;locaux;autorisé;2017;2017-05-31;;;216 RUE DE ROSNY;93100;BZ 484;2410;B AND B PERFORMANCE;519061311;Réaménagement de locaux (bureaux);transformation sans extension ni diminution de surface;bureaux;;;;0;0;0;0;parcelle_actuelle;2.461296;48.867832
PC09304817B0027;PC;09304817B0027;logements;annulé;2017;2017-06-07;;;22 RUE LEON LOISEAU;93100;Y 100;;;;Construction neuve · 5 logements créés;nouvelle construction;habitation;collectif hors résidence;;5;258;0;0;0;parcelle_ancienne;2.438571;48.870388
PC09304817B0057;PC;09304817B0057;logements;commencé;2017;2017-06-07;2017-09-11;;35 RUE DES GROSEILLIERS;93100;Z 201;142;;;Construction neuve · 1 logement créé;nouvelle construction;habitation;un logement individuel;;1;98;0;0;0;parcelle_actuelle;2.436469;48.871706
PC09304817B0058;PC;09304817B0058;locaux;terminé;2017;2017-06-07;2017-06-08;2020-01-13;25 RUE DES RICOCHETS;93100;Y 344, Y 346;684;;;Agrandissement de 105 m²;extension de surface sans transformation;habitation;;;;60;18;45;0;parcelle_actuelle;2.439596;48.869975
PC09304816B0201;PC;09304816B0201;locaux;terminé;2016;2017-06-16;2018-01-20;2019-06-30;177 BD DE LA BOISSIERE;93100;C 123;164;BEAUTY SPACE;531637932;Changement de destination : logement → local non résidentiel, avec agrandissement;transformation avec extension de surface;habitation;;;;43;0;0;0;parcelle_actuelle;2.462278;48.877475
PD09304817B0003;PD;09304817B0003;demolir;autorisé;2017;2017-06-16;;;218 B RUE DE PARIS;93100;AY 221;1301;COMMUNE DE MONTREUIL;219300480;Démolition;;;;;;;;;;parcelle_actuelle;2.420404;48.855626
DP09304817B0083;DP;09304817B0083;locaux;terminé;2017;2017-06-19;2017-07-19;2017-10-01;45 RUE MALOT;93100;BT 75, BT 217, BT 216;486;;;Agrandissement de 38 m² (commerce);extension de surface sans transformation;commerce;;;;0;0;38;0;parcelle_actuelle;2.444988;48.855046
DP09304817B0168;DP;09304817B0168;locaux;autorisé;2017;2017-06-19;;;37 AV WALWEIN;93100;AI 34;94;;;Agrandissement de 18 m² (équipement d'intérêt collectif);extension de surface sans transformation;service public ou d'intérêt collectif;;;;0;0;18;0;parcelle_actuelle;2.446318;48.862000
DP09304817B0183;DP;09304817B0183;logements;annulé;2017;2017-06-20;;;62 AVENUE DU PRESIDENT SALVAD;93100;J 194;222;FIGUEIREDO;818242331;Changement de destination : atelier d'artisanat → logement · 2 logements créés;transformation sans extension ni diminution de surface;habitation;collectif hors résidence;;2;0;0;0;0;parcelle_actuelle;2.459069;48.871452
PC09304817B0033;PC;09304817B0033;logements;terminé;2017;2017-06-21;2017-08-28;2022-03-01;88 RUE CAMELINAT;93100;CN 361;160;;;Construction neuve · 1 logement créé;nouvelle construction;habitation;un logement individuel;;1;130;0;0;0;parcelle_actuelle;2.479299;48.868268
PC09304816B0213;PC;09304816B0213;locaux;commencé;2016;2017-06-27;2017-10-02;;ANGLE BOULEVARD DE LA BOISSIERE RUE DES SAULES CLOUET;93100;A 238, A 239;;REGIE AUTONOME DES TRANSPORTS PARISIENS;775663438;Construction neuve · 1 711 m² (équipement d'intérêt collectif);nouvelle construction;service public ou d'intérêt collectif;;;;0;0;1711;0;parcelle_actuelle;2.454932;48.878142
PC09304816B0211;PC;09304816B0211;logements+locaux;terminé;2016;2017-06-28;2020-02-07;2022-03-07;242-2 BD THEOPHILE SUEUR / 8 RUE;93100;CD 416, CD 451, CD 472;5586;OFFICE PUBLIC DE L'HABITAT MONTREUILLOIS;488777160;Construction neuve · 41 logements créés;nouvelle construction;habitation;collectif hors résidence;;41;2858;0;54;0;parcelle_actuelle;2.465756;48.859630
PC09304816B0224;PC;09304816B0224;logements+locaux;terminé;2016;2017-06-29;2018-05-14;2020-11-04;40 RUE JULES GUESDE;93100;CM 306;;SCI MONTREUIL JULES GUESDE;789700861;Construction neuve · 40 logements créés;nouvelle construction;habitation;collectif hors résidence;;40;2584;0;156;1520;parcelle_actuelle;2.476018;48.863092
DP09304817B0187;DP;09304817B0187;logements;terminé;2017;2017-07-04;2017-08-04;2017-09-25;81 RUE COLMET LEPINAY;93100;BT 35;1190;;;Agrandissement de 11 m² · 1 logement créé;extension de surface sans transformation;habitation;un logement individuel;;1;11;0;0;0;parcelle_actuelle;2.445704;48.854223
PC09304817B0042;PC;09304817B0042;logements;commencé;2017;2017-07-05;2018-04-02;;193 BD DE LA BOISSIERE;93100;C 115;185;SCI JS PATRIMOINE;490625951;Agrandissement de 58 m² · 2 logements créés;extension de surface sans transformation;habitation;collectif hors résidence;;2;58;0;0;0;parcelle_actuelle;2.463288;48.877304
PD09304817B0006;PD;09304817B0006;demolir;autorisé;2017;2017-07-05;;;94 RUE MARCEAU;93100;BE 42;285;;;Démolition;;;;;;;;;;parcelle_actuelle;2.425945;48.850524
PC09304817B0065;PC;09304817B0065;logements;commencé;2017;2017-07-07;2018-02-12;;1 RUE RABELAIS;93100;AK 112;229;SCCV AK112;821525896;Construction neuve · 8 logements créés;nouvelle construction;habitation;collectif hors résidence;;8;490;0;0;0;parcelle_actuelle;2.439856;48.862437
PD09304817B0004;PD;09304817B0004;demolir;autorisé;2017;2017-07-07;;;2 RUE MIRABEAU;93100;U 98;118;;;Démolition;;;;;;;;;;parcelle_actuelle;2.449758;48.865554
DP09304817B0152;DP;09304817B0152;logements;autorisé;2017;2017-07-12;;;50 RUE DE LAGNY;93100;BE 64;834;;;Changement de destination : atelier d'artisanat → logement · 1 logement créé;transformation sans extension ni diminution de surface;habitation;un logement individuel;;1;0;0;0;0;parcelle_actuelle;2.425031;48.849344
PC09304817B0054;PC;09304817B0054;logements;terminé;2017;2017-07-19;2019-01-21;2021-08-31;74 RUE DES CAILLOTS;93100;V 74;338;;;Agrandissement de 161 m² · 1 logement créé;extension de surface sans transformation;habitation;un logement individuel;;1;161;58;0;0;parcelle_actuelle;2.444232;48.867388
PC09304817B0055;PC;09304817B0055;logements+locaux;commencé;2017;2017-07-19;2019-06-24;;39 RUE ANATOLE FRANCE;93100;CD 242;132;;;Construction neuve · 1 logement créé;nouvelle construction;habitation;un logement individuel;;1;170;0;53;0;parcelle_actuelle;2.462402;48.862260
PC09304817B0066;PC;09304817B0066;logements;terminé;2017;2017-07-19;2017-10-12;2019-05-17;77 RUE VOLTAIRE;93100;BG 75;239;FRABALO;828115113;Changement de destination : atelier d'artisanat → logement · 1 logement créé;transformation sans extension ni diminution de surface;habitation;un logement individuel;;1;0;0;0;0;parcelle_actuelle;2.423792;48.852092
PC09304816B0226;PC;09304816B0226;logements;terminé;2016;2017-07-21;2018-12-12;2021-09-14;12 AVENUE FAIDHERBE;93100;AG 49;860;COGEDIM PARIS METROPOLE;319293916;Construction neuve · 31 logements créés;nouvelle construction;habitation;collectif hors résidence;;31;1785;163;0;0;parcelle_actuelle;2.442213;48.865867
DP09304817B0225;DP;09304817B0225;logements;terminé;2017;2017-07-24;2017-07-24;2017-09-04;5 RUE COLMET LEPINAY;93100;BP 41;484;SCI FLODAV;394918189;Changement de destination : bureaux → logement · 1 logement créé;transformation sans extension ni diminution de surface;habitation;un logement individuel;;1;0;0;0;0;parcelle_actuelle;2.440059;48.855724
PC09304816B0217;PC;09304816B0217;logements;terminé;2016;2017-07-24;2018-05-04;2020-12-31;104/1 RUE DE ROSNY;93100;BY 46, BY 51;1651;SCCV MONTREUIL 104;830670576;Changement de destination : bureaux → logement, avec agrandissement · 53 logements créés;transformation avec extension de surface;habitation;collectif hors résidence;;53;2845;0;0;676;parcelle_actuelle;2.451367;48.863635
PC09304817B0008;PC;09304817B0008;logements;commencé;2017;2017-07-24;2018-03-20;;16 RUE FRANCOIS ARAGO;93100;AX 56;165;;;Construction neuve · 1 logement créé;nouvelle construction;habitation;un logement individuel;;1;70;0;0;0;parcelle_actuelle;2.427147;48.856162
PC09304817B0072;PC;09304817B0072;logements;annulé;2017;2017-07-28;;;28 RUE DE LA MARE A L ANE;93100;CD 290;301;;;Construction neuve · 1 logement créé;nouvelle construction;habitation;un logement individuel;;1;137;0;0;0;parcelle_ancienne;2.460994;48.861847
PD09304817B0009;PD;09304817B0009;demolir;autorisé;2017;2017-08-04;;;5 RUE RAPATEL;93100;BT 167;110;SOCIETE DE REQUALICATION DES QUARTIERS ANCIENS;521804237;Démolition;;;;;;;;;;parcelle_actuelle;2.447488;48.857733
PD09304816B0008;PD;09304816B0008;demolir;autorisé;2016;2017-08-06;;;45 RUE HOCHE;93100;AP 120;617;FONCIERE ESCUDIER;483820346;Démolition;;;;;;;;;;parcelle_actuelle;2.435457;48.863766
PC09304816B0212;PC;09304816B0212;logements+locaux;terminé;2016;2017-08-07;2020-09-07;2023-12-30;66 RUE KLEBER;93100;BK 199, BK 198, BK 200;3443;SOGEPROM HABITAT;444562029;Construction neuve · 120 logements créés;nouvelle construction;habitation;collectif hors résidence;;120;7505;0;673;0;parcelle_actuelle;2.433774;48.853959
PC09304817B0071;PC;09304817B0071;locaux;annulé;2017;2017-08-09;;;18 RUE DESIRE PREAUX;93100;AR 115;203;CELERON;825008816;Changement de destination : logement → commerce, avec agrandissement;transformation avec extension de surface;commerce;;;;0;0;214;129;parcelle_actuelle;2.431891;48.858115
PD09304817B0010;PD;09304817B0010;demolir;autorisé;2017;2017-08-10;;;39 RUE DES RAVINS;93100;AU 12;1210;COMMUNE DE MONTREUIL;219300480;Démolition;;;;;;;;;;parcelle_ancienne;2.424682;48.862019
DP09304817B0240;DP;09304817B0240;locaux;annulé;2017;2017-08-16;;;148 BD CHANZY;93100;AV 175;5049;SCI UNZA;830136404;Réaménagement de locaux (commerce);transformation sans extension ni diminution de surface;commerce;;;;0;0;0;0;parcelle_actuelle;2.426468;48.859460
DP09304817B0181;DP;09304817B0181;logements;terminé;2017;2017-08-17;2017-10-17;2018-02-16;21 RUE DU CAPITAINE DREYFUS;93100;BO 321;422;;;Changement de destination : atelier d'artisanat → logement, avec agrandissement · 1 logement créé;transformation avec extension de surface;habitation;un logement individuel;;1;17;0;0;0;parcelle_actuelle;2.439029;48.859122
PC09304817B0063;PC;09304817B0063;logements;terminé;2017;2017-08-23;2017-08-25;2017-10-18;4 RUE DU PROGRES;93100;BG 35;520;;;Changement de destination : bureaux → logement, avec agrandissement · 1 logement créé;transformation avec extension de surface;habitation;un logement individuel;;1;77;0;0;0;parcelle_actuelle;2.422952;48.852246
DP09304817B0236;DP;09304817B0236;logements;terminé;2017;2017-09-12;2017-12-12;2018-07-11;90 RUE DE LA FEDERATION;93100;BM 83;740;;;Changement de destination : atelier d'artisanat → logement · 1 logement créé;transformation sans extension ni diminution de surface;habitation;un logement individuel;;1;0;0;0;0;parcelle_actuelle;2.437250;48.853235
PC09304817B0144;PC;09304817B0144;locaux;terminé;2017;2017-09-18;2019-01-09;2019-06-30;66 RUE CONDORCET;93100;BP 65;345;SCI DAIS;421162793;Agrandissement de 114 m²;extension de surface sans transformation;habitation;;;;88;51;26;0;parcelle_actuelle;2.442295;48.856569
PC09304817B0100;PC;09304817B0100;logements;terminé;2017;2017-09-25;2017-10-16;2020-12-18;20 RUE MALOT;93100;BP 196;101;;;Construction neuve · 1 logement créé;nouvelle construction;habitation;un logement individuel;;1;156;40;0;0;parcelle_actuelle;2.442652;48.855555
PC09304817B0032;PC;09304817B0032;logements+locaux;terminé;2017;2017-10-03;2019-05-06;2021-09-28;39 QU BOULEVARD PAUL VAILLANT CO;93100;AG 255, AG 256;797;OFFICE PUBLIC DE L'HABITAT MONTREUILLOIS;488777160;Construction neuve · 31 logements créés;nouvelle construction;habitation;collectif hors résidence;;31;1898;0;70;0;parcelle_actuelle;2.443704;48.866007
PC09304817B0073;PC;09304817B0073;logements+locaux;commencé;2017;2017-10-03;2020-03-12;;146 RUE DE PARIS;93100;AX 30;594;FREHA;383349107;Construction neuve · 20 logements créés;nouvelle construction;habitation;collectif hors résidence;;20;1124;1000;110;0;parcelle_actuelle;2.424690;48.856348
PC09304817B0084;PC;09304817B0084;locaux;autorisé;2017;2017-10-03;;;132 RUE DE ROMAINVILLE;93100;O 103;85;;;Changement de destination : logement → local non résidentiel, avec agrandissement;transformation avec extension de surface;habitation;;;;28;2;0;0;parcelle_actuelle;2.446980;48.871395
PC09304817B0116;PC;09304817B0116;logements;terminé;2017;2017-10-03;2018-02-01;2021-05-26;127/1 RUE ETIENNE MARCEL;93100;AX 76, AX 77;2003;ANTIN RESIDENCES SA HABITAT LOYER MODERE;315518803;Construction neuve · 164 logements créés;nouvelle construction;habitation;résidence;sociale;164;5072;0;0;210;parcelle_ancienne;2.424642;48.857004
PC09304817B0067;PC;09304817B0067;logements;autorisé;2017;2017-10-04;;;24 RUE DE L'ERMITAGE;93100;T 8;469;LES CLES;512079054;Construction neuve · 2 logements créés;nouvelle construction;habitation;plusieurs logements individuels;;2;204;0;0;0;parcelle_actuelle;2.450528;48.868200
DP09304817B0273;DP;09304817B0273;logements;autorisé;2017;2017-10-13;;;89 AVENUE DU PRESIDENT WILSON;93100;BP 36;797;SA FM DIFFUSION;331172692;Changement de destination : bureaux → logement, avec réduction de surface · 6 logements créés;transformation avec diminution de surface;habitation;collectif hors résidence;;6;3;0;0;49;parcelle_actuelle;2.440133;48.856079
PC09304817B0046;PC;09304817B0046;logements+locaux;terminé;2017;2017-10-13;2017-11-13;2018-01-12;141 RUE DE PARIS;93100;BH 240;1023;;;Changement de destination : équipement d'intérêt collectif → logement, avec agrandissement · 14 logements créés;transformation avec extension de surface;service public ou d'intérêt collectif;collectif hors résidence;;14;14;0;0;0;parcelle_actuelle;2.424941;48.855792
PD09304817B0011;PD;09304817B0011;demolir;autorisé;2017;2017-10-13;;;35 RUE DES PLATRIERES;93100;BR 114;295;;;Démolition;;;;;;;;;;parcelle_actuelle;2.445688;48.853366
PC09304817B0106;PC;09304817B0106;locaux;terminé;2017;2017-10-16;2018-02-01;2019-06-28;38 RUE DE LA REPUBLIQUE;93100;BC 76;1533;SCI MONTREUIL REPUBLIQUE;823740774;Agrandissement de 385 m² (bureaux);extension de surface sans transformation;bureaux;;;;0;0;385;66;parcelle_actuelle;2.419279;48.853033
PD09304817B0007;PD;09304817B0007;demolir;autorisé;2017;2017-10-17;;;38 RUE DE ROSNY;93100;AI 264, AI 265;;CBL.MB;752253443;Démolition;;;;;;;;;;parcelle_actuelle;2.446839;48.861841
PC09304817B0149;PC;09304817B0149;logements;terminé;2017;2017-10-19;2017-12-18;2018-11-28;85 RUE RAPATEL;93100;BT 13;155;;;Construction neuve · 1 logement créé;nouvelle construction;habitation;un logement individuel;;1;99;28;0;0;parcelle_actuelle;2.443570;48.855201
PC09304817B0125;PC;09304817B0125;logements;terminé;2017;2017-10-20;2020-09-25;2024-05-10;42 AVENUE DU PRESIDENT WILSON;93100;BO 80;487;VILLA WILSON;848258299;Construction neuve · 9 logements créés;nouvelle construction;habitation;collectif hors résidence;;9;799;128;0;39;parcelle_actuelle;2.440378;48.859849
PC09304817B0096;PC;09304817B0096;logements;terminé;2017;2017-10-25;2018-02-15;2019-09-10;18-20 RUE DES MEUNIERS;93100;BJ 157, BJ 158;633;PREMIUM;532812955;Changement de destination : bureaux → logement, avec réduction de surface · 7 logements créés;transformation avec diminution de surface;habitation;collectif hors résidence;;7;142;16;0;154;parcelle_actuelle;2.433040;48.851296
PD09304817B0008;PD;09304817B0008;demolir;autorisé;2017;2017-10-25;;;39 BI RUE FRANCOIS ARAGO;93100;BI 117;443;ASS POUR EXPERIENCE EDUCATIVE MONTESSORI;317922318;Démolition;;;;;;;;;;parcelle_actuelle;2.429648;48.852131
PC09304817B0080;PC;09304817B0080;logements+locaux;autorisé;2017;2017-10-31;;;10 AV DU PRESIDENT WILSON;93100;AK 2;326;SCI LES HAUTS DE BONNEUIL;793292293;Réaménagement de logements (division, réunion ou rénovation), avec agrandissement · 9 logements après travaux;transformation avec extension de surface;habitation;collectif hors résidence;;9;479;0;84;0;parcelle_actuelle;2.441055;48.861495
PC09304817B0131;PC;09304817B0131;logements;terminé;2017;2017-10-31;2018-09-10;2021-08-04;36 AVENUE FAIDHERBE;93100;AE 97;178;;;Construction neuve · 2 logements créés;nouvelle construction;habitation;plusieurs logements individuels;;2;193;50;0;0;parcelle_actuelle;2.439342;48.866506
PC09304817B0143;PC;09304817B0143;logements+locaux;terminé;2017;2017-10-31;2019-05-29;2023-05-29;49 RUE DES MESSIERS;93100;AT 46;221;;;Construction neuve · 1 logement créé;nouvelle construction;habitation;un logement individuel;;1;127;0;60;0;parcelle_actuelle;2.428668;48.859822
PC09304817B0158;PC;09304817B0158;logements;terminé;2017;2017-10-31;2019-09-24;2024-10-15;61 RUE DES QUATRES RUELLES;93100;BS 165;191;;;Construction neuve · 1 logement créé;nouvelle construction;habitation;un logement individuel;;1;162;0;0;0;parcelle_actuelle;2.451278;48.854718
PC09304817B0167;PC;09304817B0167;logements;autorisé;2017;2017-11-08;;;59 BOULEVARD CHANZY;93100;AT 214;64;;;Changement de destination : atelier d'artisanat → logement · 1 logement créé;transformation sans extension ni diminution de surface;habitation;un logement individuel;;1;0;0;0;0;parcelle_actuelle;2.430861;48.858408
PC09304817B0138;PC;09304817B0138;logements;terminé;2017;2017-11-10;2020-07-19;2024-12-03;5 BIS RUE DU CAPITAINE GUYNEMER;93100;P 124;309;;;Changement de destination : entrepôt → logement, avec réduction de surface · 2 logements créés;transformation avec diminution de surface;habitation;plusieurs logements individuels;;2;77;0;0;96;parcelle_actuelle;2.451336;48.869583
PC09304814B0175;PC;09304814B0175;logements;autorisé;2014;2017-11-20;;;8 BOULEVARD CHANZY;93100;AR 236, AR 229;15784;CONNEMARA;482166550;Changement de destination : bureaux → logement, avec agrandissement · 225 logements créés;transformation avec extension de surface;habitation;résidence;étudiants;225;642;0;0;404;parcelle_actuelle;2.435801;48.859010
PC09304817B0154;PC;09304817B0154;logements;commencé;2017;2017-11-20;2019-12-12;;31 RUE KLEBER;93100;BM 13;205;FREHA;383349107;Construction neuve · 8 logements créés;nouvelle construction;habitation;collectif hors résidence;;8;394;160;0;0;parcelle_actuelle;2.435561;48.855462
PC09304817B0031;PC;09304817B0031;logements+locaux;terminé;2017;2017-11-24;2018-10-15;2023-03-31;66 RUE DE LA REVOLUTION;93100;BI 325;;FEDERATION CULTURELLE DES ASSOCIATIONS MUSULMANES DE MONTREUIL;500291075;Agrandissement de 468 m² · 6 logements créés;extension de surface sans transformation;habitation;collectif hors résidence;;6;360;0;108;279;parcelle_actuelle;2.428094;48.853496
PC09304817B0142;PC;09304817B0142;logements;terminé;2017;2017-11-28;2018-04-16;2020-03-02;39 RUE DE LA SOLIDARITE;93100;BQ 73;866;STANROC REAL ESTATE;750319212;Changement de destination : atelier d'artisanat → logement, avec agrandissement · 3 logements créés;transformation avec extension de surface;habitation;plusieurs logements individuels;;3;359;131;0;3;parcelle_actuelle;2.441690;48.853269
PC09304817B0173;PC;09304817B0173;logements;commencé;2017;2017-12-04;2020-11-18;;60 RUE ANNE FRANK;93100;AP 36, AP 297;276;;;Construction neuve · 2 logements créés;nouvelle construction;habitation;plusieurs logements individuels;;2;325;105;0;0;parcelle_actuelle;2.431749;48.862823
PC09304817B0176;PC;09304817B0176;logements;terminé;2017;2017-12-04;2018-04-02;2023-05-23;3 RUE DES MESSIERS;93100;AT 3;;;;Changement de destination : atelier d'artisanat → logement, avec agrandissement · 2 logements créés;transformation avec extension de surface;habitation;collectif hors résidence;;2;48;0;0;0;parcelle_actuelle;2.431429;48.860297
PC09304817B0103;PC;09304817B0103;logements+locaux;terminé;2017;2017-12-06;2020-06-02;2022-10-26;34 RUE GASTON LAURIAU;93100;BU 35, BU 228;5153;DEMATHIEU ET BARD IMMOBILIER;353708746;Réaménagement de locaux (commerce), avec agrandissement · 137 logements créés;transformation avec extension de surface;habitation;collectif hors résidence;;137;8181;0;438;5050;parcelle_actuelle;2.444568;48.859145
PC09304817B0081;PC;09304817B0081;logements;terminé;2017;2017-12-08;2018-05-15;2020-06-15;RUE BEIT SIRA / ANGLE RUE;93100;CD 418, CD 450;1720;FONCIERE CV RU 2015;824536882;Construction neuve · 36 logements créés;nouvelle construction;habitation;collectif hors résidence;;36;2533;0;0;0;parcelle_ancienne;2.457909;48.862151
PC09304817B0110;PC;09304817B0110;locaux;terminé;2017;2017-12-08;2018-01-11;2018-11-23;31 RUE DE L'ACACIA / 5 RUE HE;93100;F 73;5681;COMMUNE DE MONTREUIL;219300480;Construction neuve · 2 958 m² (équipement d'intérêt collectif);nouvelle construction;service public ou d'intérêt collectif;;;;0;0;2958;0;parcelle_actuelle;2.469235;48.873298
PC09304817B0141;PC;09304817B0141;logements+locaux;commencé;2017;2017-12-08;2019-01-15;;2-4 RUE DESGRANGES;93100;BQ 199;361;DESGRANGES;435139563;Construction neuve · 1 logement créé · 670 m² (bureaux);nouvelle construction;bureaux;un logement individuel;;1;140;0;670;0;parcelle_actuelle;2.444040;48.854211
PC09304817B0162;PC;09304817B0162;logements+locaux;commencé;2017;2017-12-08;2019-06-11;;51 RUE DE VINCENNES;93100;BM 205;216;SCI MILLE ET UNE PARTS;751873647;Construction neuve · 2 logements créés;nouvelle construction;habitation;collectif hors résidence;;2;120;0;118;133;parcelle_actuelle;2.437006;48.854385
PC09304817B0166;PC;09304817B0166;logements;terminé;2017;2017-12-08;2018-05-14;2023-05-01;6 RUE DU VERT BOIS;93100;Z 438;235;;;Agrandissement de 172 m² · 3 logements créés;extension de surface sans transformation;habitation;plusieurs logements individuels;;3;172;38;0;0;parcelle_actuelle;2.436548;48.872183
PD09304817B0015;PD;09304817B0015;demolir;autorisé;2017;2017-12-08;;;198 - BD DE LA BOISSIERE;93100;D 296, D 297;;ETS PUBLIC DE SANTE DE VILLE-EVRARD;269300935;Démolition;;;;;;;;;;parcelle_actuelle;2.464280;48.876582
PC09304817B0124;PC;09304817B0124;logements;terminé;2017;2017-12-11;2018-02-22;2020-03-03;142 RUE MOLIERE;93100;BS 60;;;;Construction neuve · 1 logement créé;nouvelle construction;habitation;un logement individuel;;1;132;48;0;0;parcelle_ancienne;2.449596;48.854201
PC09304817B0127;PC;09304817B0127;logements;annulé;2017;2017-12-12;;;18 RUE DES HAIES FLEURIES;93100;J 161;165;;;Construction neuve · 1 logement créé;nouvelle construction;habitation;un logement individuel;;1;125;41;0;0;parcelle_actuelle;2.459331;48.872764
PD09304817B0012;PD;09304817B0012;demolir;autorisé;2017;2017-12-12;;;40 RUE DES RAMENAS;93100;M 272;544;;;Démolition;;;;;;;;;;parcelle_actuelle;2.449678;48.872995
PC09304817B0121;PC;09304817B0121;logements+locaux;terminé;2017;2017-12-18;2018-12-20;2021-09-14;39-41 BD HENRI BARBUSSE / 42 RUE;93100;AG 252, AG 43, AG 47;2041;CORESI;380373035;Construction neuve · 57 logements créés;nouvelle construction;habitation;collectif hors résidence;;57;3359;127;97;2575;parcelle_ancienne;2.442486;48.866174
PC09304817B0126;PC;09304817B0126;logements;terminé;2017;2017-12-18;2019-04-01;2025-08-01;25 RUE PEPIN;93100;AH 120;120;;;Réaménagement de logements (division, réunion ou rénovation), avec agrandissement · 4 logements après travaux;transformation avec extension de surface;habitation;collectif hors résidence;;4;54;1;0;0;parcelle_actuelle;2.447395;48.863543
PC09304817B0137;PC;09304817B0137;logements;terminé;2017;2017-12-18;2019-10-18;2022-07-08;29-31 RUE SERGENT GODEFROY;93100;BK 325, BK 61;1825;SCI MONTREUIL 29-31 SERGENT GODEFROY;829736206;Construction neuve · 49 logements créés;nouvelle construction;habitation;collectif hors résidence;;49;3221;0;0;1203;parcelle_actuelle;2.431183;48.853715
PC09304817B0140;PC;09304817B0140;logements+locaux;commencé;2017;2017-12-18;2018-12-20;;5 ET RUE MERIEL;93100;AK 264, AK 149;1038;ANTIN RESIDENCES SA HABITAT LOYER MODERE;315518803;Construction neuve · 43 logements créés;nouvelle construction;habitation;collectif hors résidence;;43;2551;139;67;370;parcelle_actuelle;2.438671;48.860569
PC09304817B0188;PC;09304817B0188;logements;terminé;2017;2017-12-18;2019-10-04;2022-12-23;2 IMPASSE PIERRE DEGEYTER;93100;E 45;401;DEGEYTER;841035603;Construction neuve · 4 logements créés;nouvelle construction;habitation;plusieurs logements individuels;;4;473;81;0;0;parcelle_actuelle;2.464848;48.875610
PD09304817B0013;PD;09304817B0013;demolir;autorisé;2017;2017-12-18;;;30 RUE CLOTILDE GAILLARD;93100;BU 28;282;SCI DU RENARD;453095267;Démolition;;;;;;;;;;parcelle_ancienne;2.444531;48.859872
PD09304817B0016;PD;09304817B0016;demolir;autorisé;2017;2017-12-19;;;12 RUE EMILE ZOLA;93100;AZ 199;;ANTIN RESIDENCES SA HABITAT LOYER MODERE;315518803;Démolition;;;;;;;;;;parcelle_actuelle;2.419495;48.854054
PC09304817B0152;PC;09304817B0152;logements;terminé;2017;2017-12-27;2018-04-27;2024-10-24;45 RUE MALOT;93100;BT 216;239;;;Changement de destination : bureaux → logement, avec agrandissement · 1 logement créé;transformation avec extension de surface;habitation;un logement individuel;;1;54;0;0;0;parcelle_actuelle;2.444974;48.854979
DP09304817B0390;DP;09304817B0390;locaux;autorisé;2017;2018-01-09;;;63 RUE BARBES;93100;BH 181;;;;Réaménagement de locaux (commerce);transformation sans extension ni diminution de surface;commerce;;;;0;0;0;0;parcelle_actuelle;2.424861;48.853002
PC09304817B0178;PC;09304817B0178;logements;terminé;2017;2018-01-09;2018-03-16;2019-01-30;36 RUE EMILE ZOLA;93100;BC 54;720;;;Changement de destination : entrepôt → logement, avec réduction de surface · 1 logement créé;transformation avec diminution de surface;habitation;un logement individuel;;1;58;115;0;0;parcelle_actuelle;2.420491;48.852446
PC09304817B0136;PC;09304817B0136;logements;terminé;2017;2018-01-11;2018-01-20;2018-12-28;39 RUE EMILE REYNAUD;93100;AE 60, AE 61, AE 233;489;;;Changement de destination : local industriel → logement, avec agrandissement · 1 logement créé;transformation avec extension de surface;habitation;un logement individuel;;1;170;0;0;5;parcelle_actuelle;2.440212;48.866572
PC09304817B0184;PC;09304817B0184;logements;annulé;2017;2018-01-11;;;45 TE RUE DE LA REVOLUTION / 10;93100;BI 215, BI 14;;;;Changement de destination : local industriel → logement, avec agrandissement · 1 logement créé;transformation avec extension de surface;habitation;un logement individuel;;1;41;0;0;0;parcelle_actuelle;2.429114;48.854153
DP09304817B0392;DP;09304817B0392;logements;terminé;2017;2018-01-15;2018-02-15;2018-04-15;47 RUE MICHELET;93100;BJ 12;479;;;Changement de destination : atelier d'artisanat → logement · 1 logement créé;transformation sans extension ni diminution de surface;habitation;un logement individuel;;1;0;0;0;0;parcelle_actuelle;2.431014;48.852643
PC09304817B0147;PC;09304817B0147;logements+locaux;annulé;2017;2018-01-17;;;89 BOULEVARD CHANZY;93100;AT 144;;SCCV MONTREUIL 89 CHANZY;814451035;Construction neuve · 26 logements créés;nouvelle construction;habitation;collectif hors résidence;;26;1521;0;70;280;parcelle_actuelle;2.429325;48.858244
PC09304817B0185;PC;09304817B0185;logements;terminé;2017;2018-01-17;2018-02-22;2020-01-30;7 AVENUE DU COLONEL FABIEN;93100;N 117, N 203;269;;;Agrandissement de 92 m² · 1 logement créé;extension de surface sans transformation;habitation;un logement individuel;;1;92;54;0;0;parcelle_actuelle;2.448536;48.874719
PC09304817B0203;PC;09304817B0203;logements;terminé;2017;2018-01-17;2018-02-07;2018-09-06;89 BI AVENUE DU PRESIDENT WILSON;93100;BP 36;;SA FM DIFFUSION;331172692;Changement de destination : bureaux → logement, avec réduction de surface · 6 logements créés;transformation avec diminution de surface;habitation;collectif hors résidence;;6;3;0;0;13;parcelle_actuelle;2.440133;48.856079
DP09304817B0361;DP;09304817B0361;locaux;autorisé;2017;2018-01-23;;;23 RUE CLOTILDE GAILLARD;93100;BU 213;772;ORPHELIN NATION CH FER FRANCE;775676224;Agrandissement de 15 m² (hôtel);extension de surface sans transformation;hôtels;;;;0;0;15;0;parcelle_actuelle;2.443850;48.859670
PC09304817B0200;PC;09304817B0200;logements;terminé;2017;2018-01-29;2019-04-16;2022-09-20;45 RUE BARBES;93100;BH 264, BH 263;247;PONT DE LA CONCORDE;478622293;Agrandissement de 333 m² · 7 logements créés;extension de surface sans transformation;habitation;collectif hors résidence;;7;333;20;0;0;parcelle_actuelle;2.424696;48.854162
PC09304817B0208;PC;09304817B0208;logements;terminé;2017;2018-01-29;2018-01-30;2018-06-15;5 RUE MAURICE WOLJUNG;93100;O 369, O 366;1067;EDELWEISS;432077352;Changement de destination : atelier d'artisanat → logement, avec agrandissement · 4 logements créés;transformation avec extension de surface;habitation;collectif hors résidence;;4;35;0;0;0;parcelle_actuelle;2.447853;48.873210
PC09304817B0161;PC;09304817B0161;logements;terminé;2017;2018-02-05;2019-11-01;2023-06-13;169 RUE ETIENNE MARCEL;93100;AY 24;96;MARCEL;833346737;Construction neuve · 2 logements créés;nouvelle construction;habitation;collectif hors résidence;;2;120;0;0;0;parcelle_actuelle;2.421046;48.856752
PD09304818B0001;PD;09304818B0001;demolir;autorisé;2018;2018-02-05;;;93 RUE DES RUFFINS;93100;CR 167;312;DEPARTEMENT DE LA SEINE SAINT DENIS;229300082;Démolition;;;;;;;;;;parcelle_actuelle;2.476112;48.861715
DP09304817B0410;DP;09304817B0410;locaux;autorisé;2017;2018-02-13;;;27-29 RUE FRANCOIS ARAGO;93100;AS 65, AS 66, AS 68;5178;OFFICE PUBLIC DE L'HABITAT MONTREUILLOIS;488777160;Agrandissement de 9 m² (bureaux);extension de surface sans transformation;bureaux;;;;0;0;9;0;parcelle_actuelle;2.428613;48.855579
PC09304817B0172;PC;09304817B0172;logements;terminé;2017;2018-02-13;2019-04-18;2020-09-10;11 SENTIER DU TOURNIQUET;93100;AQ 75, AQ 78;789;;;Agrandissement de 151 m² · 1 logement créé;extension de surface sans transformation;habitation;un logement individuel;;1;151;12;0;0;parcelle_ancienne;2.432979;48.860554
PC09304817B0204;PC;09304817B0204;locaux;autorisé;2017;2018-02-14;;;8 RUE DESIRE CHARTON;93100;T 386;386;;;Réaménagement de locaux (commerce);transformation sans extension ni diminution de surface;commerce;;;;0;0;0;0;parcelle_actuelle;2.450983;48.867462
DP09304817B0419;DP;09304817B0419;logements;autorisé;2017;2018-02-17;;;30 AVENUE FAIDHERBE;93100;AE 100;227;SCI LE SOUCHET;422798140;Changement de destination : local industriel → logement · 2 logements créés;transformation sans extension ni diminution de surface;habitation;collectif hors résidence;;2;0;0;0;0;parcelle_actuelle;2.439702;48.866379
PC09304817B0199;PC;09304817B0199;logements;autorisé;2017;2018-02-19;;;350 BD DE LA BOISSIERE;93100;CK 156;410;;;Construction neuve · 10 logements créés;nouvelle construction;habitation;collectif hors résidence;;10;635;0;0;255;parcelle_actuelle;2.470364;48.871719
PC09304817B0210;PC;09304817B0210;logements;terminé;2017;2018-02-19;2018-04-15;2018-05-03;43-45 RUE DANTON;93100;U 103, U 104;652;;;Changement de destination : entrepôt → logement · 1 logement créé;transformation sans extension ni diminution de surface;habitation;un logement individuel;;1;0;0;0;0;parcelle_actuelle;2.450098;48.865647
PC09304817B0146;PC;09304817B0146;logements;commencé;2017;2018-03-06;2021-02-01;;266 BOULEVARD DE LA BOISSIERE;93100;E 75, E 86, E 76;;SCI MONTREUIL LES RESERVOIRS - BOULEVARD DE LA BOISSIERE;480556042;Construction neuve · 159 logements créés;nouvelle construction;habitation;résidence;étudiants;159;4536;0;0;0;parcelle_actuelle;2.467320;48.875109
PC09304817B0194;PC;09304817B0194;locaux;commencé;2017;2018-03-06;2018-07-11;;84 RUE KLEBER;93100;BK 183, BK 184, BK 297;;APEI - LES PAPILLONS BLANCS DE VINCENNES;775741549;Agrandissement de 90 m² (équipement d'intérêt collectif);extension de surface sans transformation;service public ou d'intérêt collectif;;;;0;0;90;0;parcelle_actuelle;2.433797;48.852792
PC09304817B0197;PC;09304817B0197;locaux;commencé;2017;2018-03-06;2021-11-17;;29/31 BD ARISTIDE BRIAND;93100;P 115;10354;DEPARTEMENT DE LA SEINE SAINT DENIS;229300082;Construction neuve · 196 m² (équipement d'intérêt collectif);nouvelle construction;service public ou d'intérêt collectif;;;;0;0;196;0;parcelle_actuelle;2.448128;48.869654
PC09304817B0232;PC;09304817B0232;logements;terminé;2017;2018-03-06;2018-06-26;2019-10-16;4 RUE ARSENE CHEREAU;93100;AY 2;100;SCI RIBEIRO E SILVA;522667674;Construction neuve · 3 logements créés;nouvelle construction;habitation;plusieurs logements individuels;;3;240;0;0;0;parcelle_actuelle;2.422451;48.856623
PD09304818B0002;PD;09304818B0002;demolir;autorisé;2018;2018-03-06;;;250 BD DE LA BOISSIERE / IMPAS;93100;E 206;157;SAS ACACIA AMENAGEMENT;528352560;Démolition;;;;;;;;;;parcelle_ancienne;2.467329;48.875733
PD09304818B0003;PD;09304818B0003;demolir;autorisé;2018;2018-03-06;;;60 RUE ERNEST SAVART;93100;AD 82, AD 85, AD 230;1021;ANELLI;572138873;Démolition;;;;;;;;;;parcelle_actuelle;2.439459;48.868154
PC09304817B0198;PC;09304817B0198;logements;terminé;2017;2018-03-09;2018-12-06;2022-09-05;37-39 RUE DES SAULES CLOUETS / 2;93100;A 233;;SCCV FIFAX - MONTREUIL III;830363016;Construction neuve · 81 logements créés;nouvelle construction;habitation;collectif hors résidence;;81;5032;0;0;0;parcelle_actuelle;2.452968;48.876460
PC09304817B0195;PC;09304817B0195;logements+locaux;terminé;2017;2018-03-12;2018-09-01;2019-12-01;39 RUE BABEUF;93100;CN 102, CN 103;;;;Construction neuve · 3 logements créés;nouvelle construction;habitation;plusieurs logements individuels;;3;194;0;34;0;parcelle_actuelle;2.475477;48.867523
PC09304817B0229;PC;09304817B0229;logements;terminé;2017;2018-03-12;2018-09-03;2021-01-20;22 RUE LEON LOISEAU;93100;Y 100;;;;Construction neuve · 1 logement créé;nouvelle construction;habitation;un logement individuel;;1;149;0;0;0;parcelle_ancienne;2.438571;48.870388
DP09304818B0003;DP;09304818B0003;logements;terminé;2018;2018-03-14;2018-03-14;2018-03-21;49 RUE EDOUARD VAILLANT;93100;BK 81;;;;Changement de destination : atelier d'artisanat → logement · 1 logement créé;transformation sans extension ni diminution de surface;habitation;un logement individuel;;1;0;0;0;0;parcelle_actuelle;2.432436;48.854567
DP09304818B0007;DP;09304818B0007;logements;annulé;2018;2018-03-23;;;21 RUE JEAN BAPTISTE LAMARCK;93100;O 302;439;;;Agrandissement de 2 m² · 2 logements créés;extension de surface sans transformation;habitation;collectif hors résidence;;2;2;0;0;0;parcelle_ancienne;2.449086;48.871477
PC09304817B0139;PC;09304817B0139;locaux;commencé;2017;2018-03-23;2021-03-23;;78/80 RUE MARCEAU;93100;BG 102, BG 103;785;;;Construction neuve · 2 824 m² (hôtel);nouvelle construction;hôtels;;;;0;583;2824;399;parcelle_actuelle;2.425873;48.851580
PC09304817B0193;PC;09304817B0193;locaux;annulé;2017;2018-03-23;;;17 RUE SAINT JUST;93100;BZ 188, BZ 507;1983;;;Agrandissement de 257 m² (bureaux);extension de surface sans transformation;bureaux;;;;0;0;257;0;parcelle_actuelle;2.454678;48.864071
PC09304817B0145;PC;09304817B0145;locaux;terminé;2017;2018-03-27;2018-09-13;2020-05-14;15 RUE DU VERT BOIS;93100;Z 293;231;SCI DU 17 RUE DU VERT BOIS;830667341;Construction neuve · 371 m² (commerce);nouvelle construction;commerce;;;;0;71;371;0;parcelle_actuelle;2.436431;48.872731
PC09304817B0206;PC;09304817B0206;locaux;commencé;2017;2018-03-27;2019-01-04;;198 / BD DE LA BOISSIERE;93100;D 296, D 297;;ETS PUBLIC DE SANTE DE VILLE-EVRARD;269300935;Construction neuve · 4 773 m² (équipement d'intérêt collectif);nouvelle construction;service public ou d'intérêt collectif;;;;0;0;4773;0;parcelle_actuelle;2.464280;48.876582
PC09304817B0227;PC;09304817B0227;logements;commencé;2017;2018-03-29;2018-07-13;;68-70 AVENUE DE LA RESISTANCE /;93100;AK 209, AK 125, AK 126;10201;GFA FUSER;488999160;Agrandissement de 272 m² · 3 logements créés;extension de surface sans transformation;habitation;collectif hors résidence;;3;272;0;0;0;parcelle_actuelle;2.437343;48.861893
PC09304818B0005;PC;09304818B0005;logements;commencé;2018;2018-04-06;2019-10-01;;98 RUE DES CHANTEREINES;93100;O 380;125;;;Construction neuve · 1 logement créé;nouvelle construction;habitation;un logement individuel;;1;225;52;0;0;parcelle_actuelle;2.446176;48.871554
PC09304818B0007;PC;09304818B0007;logements;commencé;2018;2018-04-09;2018-11-24;;1 RUE AUGUSTE PERON;93100;J 342;117;;;Construction neuve · 1 logement créé;nouvelle construction;habitation;un logement individuel;;1;114;0;0;0;parcelle_actuelle;2.457143;48.872654
PC09304817B0169;PC;09304817B0169;logements;autorisé;2017;2018-04-11;;;39 RUE DES DEUX COMMUNES / 1;93100;BF 79;369;SOC AMENAGEMENT GARE DE L'EST;481104420;Changement de destination : atelier d'artisanat → logement, avec agrandissement · 10 logements créés;transformation avec extension de surface;habitation;collectif hors résidence;;10;280;0;0;121;parcelle_actuelle;2.429211;48.850439
PD09304818B0004;PD;09304818B0004;demolir;autorisé;2018;2018-04-11;;;45 RUE DES RAVINS;93100;AU 15;284;COMMUNE DE MONTREUIL;219300480;Démolition;;;;;;;;;;parcelle_actuelle;2.424807;48.861835
PD09304818B0005;PD;09304818B0005;demolir;autorisé;2018;2018-04-13;;;8 ALL DU PRINTEMPS;93100;C 148;196;;;Démolition;;;;;;;;;;parcelle_actuelle;2.461579;48.878099
DP09304818B0103;DP;09304818B0103;locaux;terminé;2018;2018-04-17;2018-08-17;2019-04-24;126 RUE DES RUFFINS;93100;CR 267;3788;BOUYGUES TELECOM;397480930;Agrandissement de 2 m² (équipement d'intérêt collectif);extension de surface sans transformation;service public ou d'intérêt collectif;;;;0;0;2;0;parcelle_actuelle;2.473183;48.860571
PC09304816B0094;PC;09304816B0094;logements;annulé;2016;2018-04-19;;;158/1 RUE EDOUARD BRANLY / 4 RU;93100;H 112, H 146, H 147;628;S.C.C.V. EDOUARD BRANLY - MONTAGNE PIERREUSE;817878671;Construction neuve · 32 logements créés;nouvelle construction;habitation;collectif hors résidence;;32;2000;425;0;0;parcelle_actuelle;2.463803;48.874531
PC09304817B0192;PC;09304817B0192;locaux;commencé;2017;2018-04-20;2019-01-03;;23 RUE SAINT DENIS;93100;S 60, S 59;2536;ASS EDUCATION POPULAIRE ST DENIS FIDELIS;785566266;Construction neuve · 357 m² (équipement d'intérêt collectif);nouvelle construction;service public ou d'intérêt collectif;;;;0;0;357;0;parcelle_actuelle;2.459169;48.869729
DP09304818B0110;DP;09304818B0110;logements;autorisé;2018;2018-04-23;;;118 RUE DES CHANTEREINES;93100;O 359;217;;;Changement de destination : atelier d'artisanat → logement · 1 logement créé;transformation sans extension ni diminution de surface;habitation;un logement individuel;;1;0;0;0;0;parcelle_actuelle;2.446298;48.872205
DP09304818B0114;DP;09304818B0114;logements;autorisé;2018;2018-04-23;;;40 RUE MICHELET;93100;BK 123;455;;;Changement de destination : atelier d'artisanat → logement · 1 logement créé;transformation sans extension ni diminution de surface;habitation;un logement individuel;;1;0;0;0;0;parcelle_actuelle;2.431741;48.852901
DP09304818B0070;DP;09304818B0070;logements;terminé;2018;2018-04-29;2018-07-29;2019-02-15;15 BD ARISTIDE BRIAND / 12 RU;93100;P 109;843;;;Agrandissement de 34 m² · 1 logement créé;extension de surface sans transformation;habitation;un logement individuel;;1;34;0;0;0;parcelle_actuelle;2.447716;48.869081
PC09304817B0163;PC;09304817B0163;locaux;autorisé;2017;2018-05-03;;;8 AVENUE PAUL LANGEVIN;93100;AR 142;166;SCI BOMA;434505632;Réaménagement de locaux (entrepôt);transformation sans extension ni diminution de surface;entrepôt;;;;0;0;0;0;parcelle_actuelle;2.434979;48.857655
PC09304818B0024;PC;09304818B0024;logements;terminé;2018;2018-05-04;2019-04-10;2021-09-21;15 RUE DES ROULETTES;93100;AQ 9;290;;;Agrandissement de 120 m² · 1 logement créé;extension de surface sans transformation;habitation;un logement individuel;;1;120;63;0;0;parcelle_actuelle;2.432013;48.861503
DP09304818B0133;DP;09304818B0133;locaux;autorisé;2018;2018-05-07;;;12 PLACE DU GENERAL DE GAULLE;93100;AC 216;3842;COMMUNE DE MONTREUIL;219300480;Agrandissement de 16 m² (équipement d'intérêt collectif);extension de surface sans transformation;service public ou d'intérêt collectif;;;;0;0;16;0;parcelle_actuelle;2.434135;48.868665
DP09304818B0155;DP;09304818B0155;locaux;terminé;2018;2018-05-07;2018-05-07;2018-06-05;137 B RUE DE PARIS;93100;BH 83;277;SCI HEZEL;498261585;Changement de destination : logement → local non résidentiel;transformation sans extension ni diminution de surface;habitation;;;;0;0;0;0;parcelle_actuelle;2.425608;48.855999
PC09304817B0207;PC;09304817B0207;logements;autorisé;2017;2018-05-11;;;134 RUE EMILE BEAUFILS;93100;C 200, C 202;229;;;Agrandissement de 62 m² · 2 logements créés;extension de surface sans transformation;habitation;collectif hors résidence;;2;62;0;0;0;parcelle_actuelle;2.459930;48.876597
PC09304818B0006;PC;09304818B0006;locaux;terminé;2018;2018-05-11;2018-08-27;2019-02-05;3 B RUE DES CAILLOTS;93100;AE 291;235;;;Changement de destination : logement → local non résidentiel, avec agrandissement;transformation avec extension de surface;habitation;;;;18;0;0;0;parcelle_actuelle;2.439447;48.865175
PC09304818B0023;PC;09304818B0023;locaux;autorisé;2018;2018-05-11;;;19 RUE FRANCISCO FERRER;93100;BT 129;61;;;Changement de destination : logement → local non résidentiel, avec agrandissement;transformation avec extension de surface;habitation;;;;34;1;0;0;parcelle_actuelle;2.446687;48.856806
PC09304818B0027;PC;09304818B0027;logements;terminé;2018;2018-05-11;2020-04-11;2024-03-13;20 BD JEANNE D ARC;93100;BT 75, BT 217;230;;;Changement de destination : entrepôt → logement, avec réduction de surface · 1 logement créé;transformation avec diminution de surface;habitation;un logement individuel;;1;140;0;0;271;parcelle_actuelle;2.445001;48.855111
PC09304817B0225;PC;09304817B0225;locaux;commencé;2017;2018-05-18;2021-04-30;;46 RUE COLMET LEPINAY;93100;BQ 131, BQ 130;963;SCI VAPRO;431672674;Agrandissement de 1323 m² (bureaux);extension de surface sans transformation;bureaux;;;;0;161;1323;331;parcelle_actuelle;2.443522;48.854540
PC09304818B0030;PC;09304818B0030;locaux;autorisé;2018;2018-05-18;;;86 RUE DES RIGONDES;93100;Z 456, Z 457;268;SCI DE LA DHUIS;352887640;Agrandissement de 234 m² (entrepôt);extension de surface sans transformation;entrepôt;;;;0;0;234;0;parcelle_actuelle;2.434811;48.874061
PD09304818B0006;PD;09304818B0006;demolir;autorisé;2018;2018-05-22;;;221 BD THEOPHILE SUEUR;93100;CG 4;201;SCI VITAL;403436439;Démolition;;;;;;;;;;parcelle_actuelle;2.466976;48.859226
DP09304818B0111;DP;09304818B0111;locaux;autorisé;2018;2018-05-28;;;2-4 PLACE DU 14 JUILLET;93100;BO 341;21182;MAMANS POULES;429185077;Construction neuve · 12 m² (équipement d'intérêt collectif);nouvelle construction;service public ou d'intérêt collectif;;;;0;0;12;0;parcelle_actuelle;2.442288;48.859409
PC09304817B0222;PC;09304817B0222;logements+locaux;terminé;2017;2018-05-28;2019-10-01;2023-09-14;232-2 RUE DE PARIS;93100;AY 52;1136;SCCV MONTREUIL RUE DE PARIS;829931534;Construction neuve · 46 logements créés;nouvelle construction;habitation;collectif hors résidence;;46;2627;0;158;858;parcelle_actuelle;2.419611;48.855549
PC09304818B0022;PC;09304818B0022;logements;terminé;2018;2018-05-28;2018-05-30;2019-06-03;62 AV PDT SALVADOR ALLENDE;93100;J 194;220;FIGUEIREDO;818242331;Changement de destination : atelier d'artisanat → logement, avec agrandissement · 3 logements créés;transformation avec extension de surface;habitation;plusieurs logements individuels;;3;65;0;0;0;parcelle_actuelle;2.459069;48.871452
PC09304818B0184;PC;09304818B0184;locaux;terminé;2018;2018-06-01;2019-11-18;2024-10-15;120 AVENUE DU COLONEL FABIEN;93100;B 89;449;;;Construction neuve · 927 m² (équipement d'intérêt collectif);nouvelle construction;service public ou d'intérêt collectif;;;;0;0;927;0;parcelle_actuelle;2.456084;48.877649
PC09304817B0160;PC;09304817B0160;logements;terminé;2017;2018-06-05;2018-07-15;2019-07-31;22 BD ROUGET DE LISLE;93100;AK 23, AK 25, AK 220;437;SARL ER2 MEAUX;539892406;Changement de destination : bureaux → logement, avec agrandissement · 1 logement créé;transformation avec extension de surface;habitation;un logement individuel;;1;94;1;0;0;parcelle_actuelle;2.439766;48.860929
PC09304818B0037;PC;09304818B0037;logements;annulé;2018;2018-06-11;;;76 BI RUE ALEXIS LEPERE;93100;AE 5;195;SCI CHIISAKOBE;834054199;Agrandissement de 92 m² · 4 logements créés;extension de surface sans transformation;habitation;collectif hors résidence;;4;92;33;0;0;parcelle_actuelle;2.438254;48.867493
PC09304818B0032;PC;09304818B0032;logements;terminé;2018;2018-06-14;2018-09-01;2019-08-01;50 RUE DU MIDI;93100;AD 12;183;;;Construction neuve · 1 logement créé;nouvelle construction;habitation;un logement individuel;;1;98;0;0;0;parcelle_actuelle;2.439190;48.869228
PD09304818B0008;PD;09304818B0008;demolir;autorisé;2018;2018-06-18;;;20 RUE DU DOCTEUR CHARCOT;93100;CK 127;;;;Démolition;;;;;;;;;;parcelle_actuelle;2.471588;48.868533
PC09304818B0064;PC;09304818B0064;logements;terminé;2018;2018-06-21;2018-06-25;2019-03-17;63 RUE BABEUF;93100;CN 357;299;;;Changement de destination : atelier d'artisanat → logement · 1 logement créé;transformation sans extension ni diminution de surface;habitation;un logement individuel;;1;0;0;0;0;parcelle_actuelle;2.476676;48.867430
PD09304818B0007;PD;09304818B0007;demolir;autorisé;2018;2018-06-21;;;47 RUE DE VITRY;93100;AI 66, AI 65;89;SCI JOKER;403057565;Démolition;;;;;;;;;;parcelle_actuelle;2.447534;48.861686
PC09304817B0234;PC;09304817B0234;logements;terminé;2017;2018-06-27;2020-11-09;2024-06-12;12 RUE EMILE ZOLA;93100;AZ 199;1273;ANTIN RESIDENCES SA HABITAT LOYER MODERE;315518803;Construction neuve · 123 logements créés;nouvelle construction;habitation;résidence;sociale;123;4124;0;0;0;parcelle_actuelle;2.419495;48.854054
PC09304818B0067;PC;09304818B0067;logements;terminé;2018;2018-06-27;2018-09-01;2019-07-31;17 RUE SAIGNE;93100;BQ 139;78;;;Construction neuve · 1 logement créé;nouvelle construction;habitation;un logement individuel;;1;106;31;0;0;parcelle_actuelle;2.442782;48.854283
PD09304818B0010;PD;09304818B0010;demolir;autorisé;2018;2018-06-27;;;8 RUE D ALEMBERT;93100;AZ 66, AZ 62, AZ 63;3122;IMMOBILIERE CARREFOUR;323439786;Démolition;;;;;;;;;;parcelle_actuelle;2.417179;48.855526
PD09304818B0009;PD;09304818B0009;demolir;autorisé;2018;2018-06-28;;;15 RUE DE L'ACQUEDUC;93100;O 220;244;;;Démolition;;;;;;;;;;parcelle_actuelle;2.448817;48.870689
DP09304818B0209;DP;09304818B0209;logements;autorisé;2018;2018-06-29;;;42 BI RUE MOLIERE;93100;BP 104;1050;;;Changement de destination : atelier d'artisanat → logement · 1 logement créé;transformation sans extension ni diminution de surface;habitation;un logement individuel;;1;0;0;0;0;parcelle_actuelle;2.442572;48.857601
PC09304818B0045;PC;09304818B0045;logements;terminé;2018;2018-07-03;2023-11-06;2024-02-12;35 RUE RAPATEL;93100;BT 145;264;;;Changement de destination : atelier d'artisanat → logement, avec réduction de surface · 3 logements créés;transformation avec diminution de surface;habitation;plusieurs logements individuels;;3;38;70;0;0;parcelle_actuelle;2.445906;48.856987
PC09304818B0010;PC;09304818B0010;logements;terminé;2018;2018-07-05;2019-04-01;2022-12-06;11 RUE DES SOUCIS;93100;AI 269, AI 98, AI 311;95;ALIX;520464082;Construction neuve · 8 logements créés;nouvelle construction;habitation;collectif hors résidence;;8;420;121;0;247;parcelle_actuelle;2.449703;48.862963
DP09304818B0245;DP;09304818B0245;logements;autorisé;2018;2018-07-13;;;15 BD ARISTIDE BRIAND;93100;P 109;843;;;Agrandissement de 20 m² · 1 logement créé;extension de surface sans transformation;habitation;un logement individuel;;1;20;0;0;0;parcelle_actuelle;2.447716;48.869081
PC09304818B0040;PC;09304818B0040;logements;commencé;2018;2018-07-16;2019-05-20;;20 RUE DU DOCTEUR CHARCOT;93100;CK 127;390;;;Construction neuve · 1 logement créé;nouvelle construction;habitation;un logement individuel;;1;141;60;0;0;parcelle_actuelle;2.471588;48.868533
DP09304818B0229;DP;09304818B0229;logements;terminé;2018;2018-07-19;2018-10-19;2019-05-17;130 BD ARISTIDE BRIAND;93100;Q 75;448;ALIXIA 27-29;802874883;Changement de destination : bureaux → logement · 1 logement créé;transformation sans extension ni diminution de surface;habitation;un logement individuel;;1;0;0;0;0;parcelle_actuelle;2.453704;48.872408
PD09304818B0011;PD;09304818B0011;demolir;autorisé;2018;2018-07-25;;;38 RUE DES SAULES CLOUET;93100;A 123;147;;;Démolition;;;;;;;;;;parcelle_actuelle;2.454969;48.877195
PD09304818B0012;PD;09304818B0012;demolir;autorisé;2018;2018-08-03;;;102 RUE DESIRE PREAUX;93100;AP 33, AP 34;;;;Démolition;;;;;;;;;;parcelle_actuelle;2.431725;48.863177
PD09304818B0013;PD;09304818B0013;demolir;autorisé;2018;2018-08-03;;;16 RUE DE LA PATTE D OIE;93100;CH 103;220;;;Démolition;;;;;;;;;;parcelle_actuelle;2.467904;48.860811
DP09304818B0284;DP;09304818B0284;logements;terminé;2018;2018-08-09;2018-11-09;2019-06-18;15 BD ARISTIDE BRIAND;93100;P 109;;;;Agrandissement de 35 m² · 1 logement créé;extension de surface sans transformation;habitation;un logement individuel;;1;35;0;0;0;parcelle_actuelle;2.447716;48.869081
PC09304818B0080;PC;09304818B0080;logements;terminé;2018;2018-08-09;2019-04-10;2023-12-03;69 RUE BEAUMARCHAIS;93100;BK 27;136;;;Agrandissement de 115 m² · 1 logement créé;extension de surface sans transformation;habitation;un logement individuel;;1;115;0;0;0;parcelle_actuelle;2.430510;48.854438
PC09304818B0062;PC;09304818B0062;logements;terminé;2018;2018-08-13;2018-08-29;2020-12-31;6 RUE MOLIERE;93100;BN 87, BN 135, BN 140;181;PREMIUM;532812955;Changement de destination : entrepôt → logement, avec agrandissement · 6 logements créés;transformation avec extension de surface;habitation;collectif hors résidence;;6;80;0;0;63;parcelle_actuelle;2.439683;48.858791
PC09304818B0103;PC;09304818B0103;logements;terminé;2018;2018-08-13;2022-02-15;2025-01-31;28 B RUE DES PROCESSIONS;93100;B 217;195;;;Construction neuve · 2 logements créés;nouvelle construction;habitation;plusieurs logements individuels;;2;160;102;0;0;parcelle_ancienne;2.458435;48.878548
PC09304818B0091;PC;09304818B0091;locaux;terminé;2018;2018-08-16;2021-01-25;2022-04-25;50 RUE DU DOCTEUR CALMETTE;93100;AD 262;500;SCI LE RELAIS;419689278;Agrandissement de 225 m² (local industriel);extension de surface sans transformation;industrie;;;;0;0;225;0;parcelle_actuelle;2.439952;48.868034
PC09304818B0087;PC;09304818B0087;logements;terminé;2018;2018-08-21;2019-02-01;2020-02-28;45 B RUE VITRY;93100;AI 65, AI 66;;;;Construction neuve · 1 logement créé;nouvelle construction;habitation;un logement individuel;;1;138;0;0;0;parcelle_actuelle;2.447534;48.861686
PC09304818B0038;PC;09304818B0038;logements;terminé;2018;2018-08-22;2020-06-07;2021-11-01;37 RUE FRANCOIS ARAGO;93100;BI 41;462;SCI DU 37 RUE FRANCOIS ARAGO;431637966;Changement de destination : bureaux → logement · 7 logements créés;transformation sans extension ni diminution de surface;habitation;collectif hors résidence;;7;0;0;0;0;parcelle_actuelle;2.427674;48.855224
DP09304818B0328;DP;09304818B0328;locaux;autorisé;2018;2018-08-24;;;4-6 PLACE DE LA REPUBLIQUE;93100;BH 145;951;COMMUNE DE MONTREUIL;219300480;Agrandissement de 18 m² (bureaux);extension de surface sans transformation;bureaux;;;;0;0;18;0;parcelle_actuelle;2.424171;48.853899
DP09304818B0290;DP;09304818B0290;locaux;autorisé;2018;2018-09-07;;;6 RUE MARCELIN BERTHELOT;93100;BM 28;7424;COMMUNE DE MONTREUIL;219300480;Changement de destination : logement → local non résidentiel;transformation sans extension ni diminution de surface;habitation;;;;0;0;0;0;parcelle_actuelle;2.438029;48.855879
DP09304818B0317;DP;09304818B0317;logements;autorisé;2018;2018-09-13;;;11 RUE DES CHENES;93100;BS 130;288;;;Réaménagement de logements (division, réunion ou rénovation), avec agrandissement · 2 logements après travaux;transformation avec extension de surface;habitation;plusieurs logements individuels;;2;35;3;0;0;parcelle_actuelle;2.450353;48.854680
PC09304818B0042;PC;09304818B0042;locaux;commencé;2018;2018-09-13;2019-01-10;;44 RUE ARMAND CARREL;93100;BC 23;;SOC LUC DESCHAMPS;347716276;Agrandissement de 3280 m² (bureaux);extension de surface sans transformation;bureaux;;;;0;0;3280;0;parcelle_ancienne;2.417867;48.851265
PC09304818B0085;PC;09304818B0085;logements;commencé;2018;2018-09-13;2019-02-18;;35 RUE DES PLATRIERES;93100;BR 114;;;;Construction neuve · 2 logements créés;nouvelle construction;habitation;plusieurs logements individuels;;2;287;0;0;0;parcelle_actuelle;2.445688;48.853366
DP09304818B0346;DP;09304818B0346;locaux;terminé;2018;2018-09-20;2018-12-20;2019-07-31;20 RUE DE VALMY;93100;BD 81;;;;Réaménagement de locaux (commerce);transformation sans extension ni diminution de surface;commerce;;;;0;0;0;0;parcelle_ancienne;2.418821;48.851188
PC09304818B0074;PC;09304818B0074;logements;terminé;2018;2018-09-20;2019-07-22;2022-12-31;4 RUE MERLET;93100;BQ 136;757;PREMIUM;532812955;Changement de destination : entrepôt → logement, avec agrandissement · 12 logements créés;transformation avec extension de surface;habitation;collectif hors résidence;;12;355;0;0;320;parcelle_actuelle;2.443463;48.854349
PC09304818B0096;PC;09304818B0096;logements;terminé;2018;2018-09-20;2019-01-21;2019-11-30;87 RUE MICHELET;93100;BI 142;328;SCI JPMCR AMBERT;481388643;Changement de destination : atelier d'artisanat → logement · 1 logement créé;transformation sans extension ni diminution de surface;habitation;un logement individuel;;1;0;0;0;0;parcelle_actuelle;2.428387;48.852941
DP09304818B0333;DP;09304818B0333;locaux;terminé;2018;2018-09-21;2018-09-21;2018-09-23;20 RUE VOLTAIRE;93100;AY 154, AY 164, AY 165;3506;LES ATELIERS VOLT'AIR;483116935;Réaménagement de locaux (commerce);transformation sans extension ni diminution de surface;commerce;;;;0;0;0;0;parcelle_actuelle;2.420981;48.854242
PC09304818B0031;PC;09304818B0031;logements;commencé;2018;2018-10-04;2020-06-21;;30 RUE CLOTILDE GAILLARD;93100;BU 28;282;SCCV GAILLARD;877882969;Construction neuve · 7 logements créés;nouvelle construction;habitation;collectif hors résidence;;7;465;0;0;0;parcelle_ancienne;2.444531;48.859872
PC09304818B0053;PC;09304818B0053;locaux;autorisé;2018;2018-10-04;;;12 BI RUE LEON LOISEAU / 2 RUE D;93100;Y 239;446;COMMUNE DE MONTREUIL;219300480;Construction neuve · 114 m² (bureaux);nouvelle construction;bureaux;;;;0;0;114;0;parcelle_actuelle;2.438457;48.869798
PC09304818B0118;PC;09304818B0118;logements;terminé;2018;2018-10-04;2019-01-21;2021-10-20;62 RUE CONDORCET;93100;BP 224;252;;;Agrandissement de 128 m² · 1 logement créé;extension de surface sans transformation;habitation;un logement individuel;;1;128;52;0;0;parcelle_ancienne;2.442554;48.856642
PC09304818B0039;PC;09304818B0039;logements+locaux;terminé;2018;2018-10-11;2020-12-07;2024-03-26;299-3 RUE DE ROSNY;93100;CK 5, CK 6, CK 7;14844;SCI MONTREUIL LES RESERVOIRS - BOULEVARD DE LA BOISSIERE;480556042;Construction neuve · 302 logements créés;nouvelle construction;habitation;collectif hors résidence;;302;20412;0;1693;0;parcelle_ancienne;2.469757;48.871595
PC09304818B0034;PC;09304818B0034;logements+locaux;commencé;2018;2018-10-15;2019-01-15;;77 RUE PARMENTIER;93100;AT 98;328;;;Construction neuve · 4 logements créés;nouvelle construction;habitation;collectif hors résidence;;4;289;0;21;0;parcelle_ancienne;2.430939;48.858910
PD09304818B0014;PD;09304818B0014;demolir;autorisé;2018;2018-10-23;;;36 RUE DU PROGRES;93100;BC 59, BC 60;292;COMMUNE DE MONTREUIL;219300480;Démolition;;;;;;;;;;parcelle_actuelle;2.418536;48.851775
PD09304818B0016;PD;09304818B0016;demolir;autorisé;2018;2018-10-23;;;10 RUE DE LA MARE A L' ANE;93100;CD 141;319;;;Démolition;;;;;;;;;;parcelle_actuelle;2.459833;48.861325
PC09304818B0100;PC;09304818B0100;logements;terminé;2018;2018-10-24;2019-04-15;2023-10-31;72 RUE CONDORCET;93100;BP 59;864;PREMIUM;532812955;Changement de destination : local industriel → logement, avec réduction de surface · 18 logements créés;transformation avec diminution de surface;habitation;collectif hors résidence;;18;260;0;0;425;parcelle_actuelle;2.442044;48.856327
DP09304818B0386;DP;09304818B0386;logements;terminé;2018;2018-10-31;2018-11-30;2019-03-25;42 RUE SAINT-DENIS;93100;J 392;316;;;Changement de destination : bureaux → logement · 1 logement créé;transformation sans extension ni diminution de surface;habitation;un logement individuel;;1;0;0;0;0;parcelle_actuelle;2.457864;48.870705
PC09304818B0020;PC;09304818B0020;locaux;terminé;2018;2018-10-31;2019-01-07;2019-03-06;272 RUE DE PARIS;93100;AZ 67, AZ 69, AZ 68;1065;CARREFOUR HYPERMARCHES;451321335;Agrandissement de 53 m² (commerce);extension de surface sans transformation;commerce;;;;0;0;53;8;parcelle_actuelle;2.416666;48.855592
PC09304818B0081;PC;09304818B0081;locaux;terminé;2018;2018-10-31;2019-03-04;2019-10-16;69 RUE ETIENNE MARCEL;93100;AS 113, AS 116, AS 117;3895;;;Réaménagement de locaux (commerce);transformation sans extension ni diminution de surface;commerce;;;;0;0;0;0;parcelle_actuelle;2.430062;48.857797
DP09304818B0408;DP;09304818B0408;logements;autorisé;2018;2018-11-02;;;11 SEN DES MARECAGES;93100;M 122, M 194;420;;;Réaménagement de logements (division, réunion ou rénovation), avec agrandissement · 3 logements après travaux;transformation avec extension de surface;habitation;collectif hors résidence;;3;35;0;0;0;parcelle_actuelle;2.451024;48.872535
PC09304818B0060;PC;09304818B0060;logements;terminé;2018;2018-11-02;2020-05-14;2021-12-01;53 RUE DU SERGENT BOBILLOT;93100;BK 172;398;SCI BOBILLOT;830256913;Agrandissement de 97 m² · 1 logement créé;extension de surface sans transformation;habitation;un logement individuel;;1;97;15;0;0;parcelle_actuelle;2.433130;48.853187
PC09304818B0069;PC;09304818B0069;logements;terminé;2018;2018-11-02;2019-06-01;2021-04-17;36/38 RUE EMILE ZOLA;93100;BC 54;720;;;Agrandissement de 117 m² · 1 logement créé;extension de surface sans transformation;habitation;un logement individuel;;1;117;0;0;0;parcelle_actuelle;2.420491;48.852446
DP09304818B0343;DP;09304818B0343;logements;autorisé;2018;2018-11-03;;;90 RUE DE LA FEDERATION;93100;BM 83;126;;;Changement de destination : atelier d'artisanat → logement · 1 logement créé;transformation sans extension ni diminution de surface;habitation;un logement individuel;;1;0;0;0;0;parcelle_actuelle;2.437250;48.853235
PC09304818B0057;PC;09304818B0057;locaux;autorisé;2018;2018-11-14;;;184 B RUE DE PARIS;93100;AX 9;641;SCI CENTAUREL;824269625;Agrandissement de 31 m² (commerce);extension de surface sans transformation;commerce;;;;0;0;31;0;parcelle_ancienne;2.423005;48.856132
PC09304818B0068;PC;09304818B0068;logements;terminé;2018;2018-11-14;2020-11-19;2023-04-05;75 BOULEVARD PAUL VAILLANT CO;93100;V 89;272;SCCV PVC 75;841003403;Construction neuve · 7 logements créés;nouvelle construction;habitation;collectif hors résidence;;7;562;60;0;0;parcelle_actuelle;2.445463;48.867330
DP09304818B0348;DP;09304818B0348;logements;terminé;2018;2018-11-16;2019-01-16;2019-07-08;31 RUE JEAN JACQUES ROUSSEAU;93100;BF 92, BF 175, BF 184;1282;SCI LES BAMBOUS;483698601;Changement de destination : atelier d'artisanat → logement · 1 logement créé;transformation sans extension ni diminution de surface;habitation;un logement individuel;;1;0;0;0;0;parcelle_actuelle;2.427177;48.850279
DP09304818B0234;DP;09304818B0234;logements;autorisé;2018;2018-11-21;;;43 RUE MICHELET;93100;BJ 93;88;MICHELET;838913788;Réaménagement de logements (division, réunion ou rénovation) · 2 logements après travaux;transformation sans extension ni diminution de surface;habitation;collectif hors résidence;;2;0;0;0;0;parcelle_actuelle;2.431725;48.852639
DP09304818B0426;DP;09304818B0426;logements;terminé;2018;2018-12-03;2018-12-14;2018-12-24;11 BI RUE EUGENE POTTIER;93100;CL 24;236;SUPERPOSITIONS PROVISOIRES;483871604;Changement de destination : atelier d'artisanat → logement · 2 logements créés;transformation sans extension ni diminution de surface;habitation;plusieurs logements individuels;;2;0;0;0;0;parcelle_actuelle;2.467907;48.865550
PD09304818B0019;PD;09304818B0019;demolir;autorisé;2018;2018-12-03;;;120 AVENUE DU COLONEL FABIEN;93100;B 89;449;;;Démolition;;;;;;;;;;parcelle_actuelle;2.456084;48.877649
PC09304818B0090;PC;09304818B0090;locaux;terminé;2018;2018-12-04;2020-06-12;2024-03-15;87 RU LENAIN TILLEMONT;93100;CD 182, CD 183;18213;DEPARTEMENT DE LA SEINE SAINT DENIS;229300082;Agrandissement de 133 m² (équipement d'intérêt collectif);extension de surface sans transformation;service public ou d'intérêt collectif;;;;0;0;133;67;parcelle_actuelle;2.462277;48.859339
PC09304818B0124;PC;09304818B0124;logements;terminé;2018;2018-12-17;2019-03-04;2020-06-22;50 RUE DES RUFFINS;93100;CH 119;797;SWEETHOME;531671279;Réaménagement de logements (division, réunion ou rénovation), avec agrandissement · 8 logements après travaux;transformation avec extension de surface;habitation;collectif hors résidence;;8;39;0;0;0;parcelle_actuelle;2.469245;48.861832
PD09304818B0020;PD;09304818B0020;demolir;autorisé;2018;2018-12-17;;;10 BI RUE DES GUILANDS;93100;AT 18;48;;;Démolition;;;;;;;;;;parcelle_actuelle;2.430407;48.859814
DP09304818B0474;DP;09304818B0474;locaux;terminé;2018;2018-12-21;2019-10-21;2021-06-29;1 ALLEE MAURICE CHEVALIER;93100;AO 263;7908;CELLNEX FRANCE SAS;821460102;Agrandissement de 5 m² (équipement d'intérêt collectif);extension de surface sans transformation;service public ou d'intérêt collectif;;;;0;0;5;0;parcelle_actuelle;2.433482;48.864544
PC09304818B0084;PC;09304818B0084;locaux;terminé;2018;2018-12-21;2019-01-05;2019-09-30;50 RUE LENAIN DE TILLEMONT;93100;CE 282;19574;MAMANS POULES;429185077;Agrandissement de 198 m² (équipement d'intérêt collectif);extension de surface sans transformation;service public ou d'intérêt collectif;;;;0;0;198;0;parcelle_ancienne;2.458103;48.860832
PC09304818B0108;PC;09304818B0108;logements;terminé;2018;2018-12-21;2023-10-16;2025-04-24;204-2 BLD DE LA BOISSIERE;93100;D 111;315;SA HLM LOGIS TRANSPORTS;592025811;Construction neuve · 19 logements créés;nouvelle construction;habitation;collectif hors résidence;;19;1177;0;0;0;parcelle_actuelle;2.464776;48.876726
PC09304818B0120;PC;09304818B0120;logements;terminé;2018;2018-12-21;2019-02-21;2019-07-11;69 RUE GASTON LAURIAU;93100;BV 127;258;SCI SYLALB;793935321;Changement de destination : atelier d'artisanat → logement, avec réduction de surface · 1 logement créé;transformation avec diminution de surface;habitation;un logement individuel;;1;0;0;0;18;parcelle_actuelle;2.447478;48.858410
PC09304818B0156;PC;09304818B0156;logements;commencé;2018;2018-12-21;2019-03-15;;15 RUE DES CHANTEREINES;93100;X 101;416;;;Construction neuve · 1 logement créé;nouvelle construction;habitation;un logement individuel;;1;147;83;0;0;parcelle_actuelle;2.444539;48.869144
PC09304818B0161;PC;09304818B0161;logements;terminé;2018;2018-12-21;2019-09-12;2021-06-12;69 RUE DU MIDI;93100;Y 142, Y 143;;;;Construction neuve · 2 logements créés;nouvelle construction;habitation;plusieurs logements individuels;;2;250;65;0;0;parcelle_actuelle;2.440496;48.869570
PD09304818B0018;PD;09304818B0018;demolir;autorisé;2018;2018-12-21;;;17 / RUE EDOUARD VAILLANT;93100;BL 75;525;OFFICE PUBLIC DE L'HABITAT MONTREUILLOIS;488777160;Démolition;;;;;;;;;;parcelle_actuelle;2.433227;48.856607
PC09304818B0125;PC;09304818B0125;logements+locaux;autorisé;2018;2019-01-11;;;60 RUE DU SERGENT BOBILLOT;93100;BK 163;142;;;Construction neuve · 6 logements créés;nouvelle construction;habitation;collectif hors résidence;;6;209;0;37;140;parcelle_actuelle;2.432845;48.853564
DP09304818B0455;DP;09304818B0455;logements;autorisé;2018;2019-01-16;;;24 RUE DE LA TRANCHEE;93100;CQ 298;408;;;Réaménagement de logements (division, réunion ou rénovation), avec agrandissement · 6 logements après travaux;transformation avec extension de surface;habitation;collectif hors résidence;;6;26;0;0;0;parcelle_actuelle;2.477949;48.860765
DP09304818B0489;DP;09304818B0489;locaux;autorisé;2018;2019-01-18;;;42 BD CHANZY;93100;AR 85;412;BANQUE CHAABI DU MAROC;722047552;Réaménagement de locaux (commerce);transformation sans extension ni diminution de surface;commerce;;;;0;0;0;0;parcelle_actuelle;2.434006;48.858793
PC09304818B0170;PC;09304818B0170;logements;commencé;2018;2019-01-18;2021-11-29;;17 RUE VICTOR BEAUSSE;93100;AG 161;202;;;Construction neuve · 1 logement créé;nouvelle construction;habitation;un logement individuel;;1;236;0;0;0;parcelle_actuelle;2.444379;48.866889
PD09304818B0017;PD;09304818B0017;demolir;commencé;2018;2019-01-18;;;18 RUE BARA / 27 RUE ROBESPIE;93100;BH 101, BH 100;1508;ANTIN RESIDENCES SA HABITAT LOYER MODERE;315518803;Démolition;;;;;;;;;;parcelle_actuelle;2.423370;48.855079
PC09304818B0167;PC;09304818B0167;logements;annulé;2018;2019-01-22;;;66 RUE VITRY;93100;AI 114;447;;;Réaménagement de logements (division, réunion ou rénovation) · 2 logements après travaux;transformation sans extension ni diminution de surface;habitation;plusieurs logements individuels;;2;0;0;0;0;parcelle_ancienne;2.449026;48.862250
PC09304818B0131;PC;09304818B0131;logements+locaux;terminé;2018;2019-01-23;2019-10-31;2022-12-07;27-29 RUE DOUY DELCUPE;93100;BK 95, BK 96, BK 99;1944;DEMATHIEU ET BARD IMMOBILIER;353708746;Construction neuve · 39 logements créés;nouvelle construction;habitation;collectif hors résidence;;39;2483;0;623;1980;parcelle_actuelle;2.432959;48.854852
PC09304818B0166;PC;09304818B0166;logements;commencé;2018;2019-01-23;2023-01-25;;15-19 RUE DU MIDI;93100;Y 35, Y 26, Y 25;1017;SCCV MONTREUIL MIDI 15/17;851827832;Construction neuve · 15 logements créés;nouvelle construction;habitation;collectif hors résidence;;15;959;103;0;0;parcelle_actuelle;2.436915;48.869918
PC09304818B0129;PC;09304818B0129;logements;commencé;2018;2019-01-24;2020-11-10;;;;;;;;Agrandissement de 92 m² · 1 logement créé;extension de surface sans transformation;habitation;un logement individuel;;1;92;0;0;0;aucune;;
PC09304818B0132;PC;09304818B0132;logements;terminé;2018;2019-01-28;2020-08-05;2023-07-25;2-2 B RUE DE LA COTE DU NORD;93100;CM 315, CM 316, CM 317;2203;OFFICE PUBLIC DE L'HABITAT MONTREUILLOIS;488777160;Construction neuve · 16 logements créés;nouvelle construction;habitation;collectif hors résidence;;16;1076;0;0;0;parcelle_actuelle;2.476760;48.862074
PC09304818B0123;PC;09304818B0123;logements;autorisé;2018;2019-02-07;;;33 RUE DES CAILLOTS;93100;AE 53;343;SCCV LAIGA;843425786;Construction neuve · 3 logements créés;nouvelle construction;habitation;plusieurs logements individuels;;3;275;140;0;0;parcelle_actuelle;2.440881;48.866151
PC09304818B0203;PC;09304818B0203;logements+locaux;annulé;2018;2019-02-07;;;9/13 RUE DES BATTERIES;93100;CR 181, CR 333;;;;Agrandissement de 121 m² (bureaux) · 1 logement créé;extension de surface sans transformation;bureaux;un logement individuel;;1;22;45;99;0;parcelle_actuelle;2.476366;48.861117
PC09304818B0145;PC;09304818B0145;locaux;autorisé;2018;2019-02-11;;;25 RUE DES ROCHES;93100;G 189, H 211;1056;;;Construction neuve · 759 m² (équipement d'intérêt collectif);nouvelle construction;service public ou d'intérêt collectif;;;;0;0;759;0;parcelle_actuelle;2.464926;48.871990
PC09304818B0181;PC;09304818B0181;logements;annulé;2018;2019-02-11;;;52 RUE GASTON LAURIAU;93100;BU 123;236;;;Construction neuve · 1 logement créé;nouvelle construction;habitation;un logement individuel;;1;140;70;0;0;parcelle_actuelle;2.446539;48.858904
PC09304818B0212;PC;09304818B0212;logements;terminé;2018;2019-02-25;2020-05-18;2021-11-19;6 BIS RUE NICOLAS FALTOT;93100;BQ 174;643;;;Agrandissement de 100 m² · 1 logement créé;extension de surface sans transformation;habitation;un logement individuel;;1;100;0;0;0;parcelle_actuelle;2.442664;48.853340
PC09304818B0195;PC;09304818B0195;logements;terminé;2018;2019-03-05;2019-12-30;2021-05-17;117 BD DE LA BOISSIERE;93100;B 262;298;SCI MMH;822026233;Agrandissement de 42 m² · 1 logement créé;extension de surface sans transformation;habitation;un logement individuel;;1;42;0;0;0;parcelle_actuelle;2.458192;48.878207
DP09304819B0039;DP;09304819B0039;logements;autorisé;2019;2019-03-08;;;10 RUE DE VILLIERS;93100;AL 174;897;;;Changement de destination : bureaux → logement · 1 logement créé;transformation sans extension ni diminution de surface;habitation;un logement individuel;;1;0;0;0;0;parcelle_actuelle;2.437079;48.864822
PD09304819B0001;PD;09304819B0001;demolir;autorisé;2019;2019-03-08;;;62 RUE EDOUARD BRANLY;93100;I 57;132;;;Démolition;;;;;;;;;;parcelle_actuelle;2.461361;48.869842
DP09304818B0476;DP;09304818B0476;locaux;terminé;2018;2019-03-11;2020-06-11;2022-12-09;2 PLACE DU 19 MARS 1962;93100;BO 341;21182;CELLNEX FRANCE SAS;821460102;Agrandissement de 5 m² (équipement d'intérêt collectif);extension de surface sans transformation;service public ou d'intérêt collectif;;;;0;0;5;0;parcelle_actuelle;2.442288;48.859409
DP09304819B0062;DP;09304819B0062;logements;terminé;2019;2019-03-11;2019-06-11;2019-11-26;31 RUE JEAN JACQUES ROUSSEAU;93100;BF 92;702;;;Changement de destination : bureaux → logement · 1 logement créé;transformation sans extension ni diminution de surface;habitation;un logement individuel;;1;0;0;0;0;parcelle_actuelle;2.427243;48.850312
PC09304818B0177;PC;09304818B0177;logements;commencé;2018;2019-03-11;2024-01-02;;73 RUE ALEXIS LEPERE;93100;AC 239;355;SOCIETE CIVILE IMMOBILIERE SHANTI;809166259;Construction neuve · 1 logement créé;nouvelle construction;habitation;un logement individuel;;1;237;0;0;0;parcelle_actuelle;2.437818;48.867041
PC09304818B0206;PC;09304818B0206;logements;commencé;2018;2019-03-18;2019-04-08;;13 RUE BRULEFER;93100;I 10, I 9, I 96;4599;COALLIA HABITAT;510469661;Construction neuve · 126 logements créés;nouvelle construction;habitation;résidence;sociale;126;3031;0;0;0;parcelle_actuelle;2.463659;48.869989
PC09304818B0136;PC;09304818B0136;logements+locaux;terminé;2018;2019-03-27;2020-12-21;2024-09-26;16 RUE EDOUARD VAILLANT;93100;BL 15;802;VILLA LES GUILANDS;830080891;Construction neuve · 31 logements créés;nouvelle construction;habitation;collectif hors résidence;;31;1871;40;330;0;parcelle_actuelle;2.432565;48.856758
DP09304819B0087;DP;09304819B0087;locaux;autorisé;2019;2019-04-03;;;20 RUE VOLTAIRE;93100;AY 154, AY 164, AY 165;2777;;;Changement de destination : commerce → logement, avec agrandissement;transformation avec extension de surface;commerce;;;;17;0;15;0;parcelle_actuelle;2.420981;48.854242
PC09304818B0188;PC;09304818B0188;logements;terminé;2018;2019-04-10;2019-07-25;2019-11-25;216 RUE DE PARIS;93100;AY 37;1034;SCI DOMUS;484989280;Changement de destination : bureaux → logement, avec agrandissement · 1 logement créé;transformation avec extension de surface;habitation;un logement individuel;;1;9;0;0;0;parcelle_actuelle;2.420625;48.855704
DP09304819B0049;DP;09304819B0049;logements;terminé;2019;2019-04-12;2019-04-12;2019-05-18;34 RUE MOLIERE;93100;BP 100;3449;;;Changement de destination : atelier d'artisanat → logement · 1 logement créé;transformation sans extension ni diminution de surface;habitation;un logement individuel;;1;0;0;0;0;parcelle_actuelle;2.441973;48.857729
PC09304818B0127;PC;09304818B0127;logements+locaux;terminé;2018;2019-04-12;2020-12-10;2024-04-30;08-10 RUE D'ALEMBERT / RUE ETIEN;93100;AZ 65, AZ 66, AZ 200;5724;CAPIMO;340944008;Construction neuve · 125 logements créés;nouvelle construction;habitation;collectif hors résidence;;125;8751;0;1142;1837;parcelle_ancienne;2.417168;48.855838
PC09304818B0213;PC;09304818B0213;logements;annulé;2018;2019-04-16;;;36 RUE EMILE ZOLA;93100;BC 54;720;;;Agrandissement de 74 m² · 2 logements créés;extension de surface sans transformation;habitation;collectif hors résidence;;2;74;0;0;0;parcelle_actuelle;2.420491;48.852446
DP09304819B0067;DP;09304819B0067;logements;autorisé;2019;2019-04-19;;;15 RUE KLEBER;93100;BM 26;494;;;Changement de destination : bureaux → logement · 1 logement créé;transformation sans extension ni diminution de surface;habitation;un logement individuel;;1;0;0;0;0;parcelle_actuelle;2.436027;48.856057
DP09304819B0101;DP;09304819B0101;logements;terminé;2019;2019-04-22;2019-04-22;2019-06-07;31 RUE JEAN-JACQUES ROUSSEAU;93100;BF 92, BF 175, BF 184;1282;SCI SERAPH 76;508184496;Changement de destination : bureaux → logement · 1 logement créé;transformation sans extension ni diminution de surface;habitation;un logement individuel;;1;0;0;0;0;parcelle_actuelle;2.427177;48.850279
DP09304819B0047;DP;09304819B0047;locaux;annulé;2019;2019-04-26;;;56 RUE MARCEAU;93100;BG 147;82;;;Agrandissement de 12 m² (commerce);extension de surface sans transformation;commerce;;;;0;0;12;0;parcelle_actuelle;2.425952;48.852634
DP09304819B0093;DP;09304819B0093;logements;autorisé;2019;2019-04-26;;;1 RUE DESIRE PREAU;93100;AS 132;144;PREMIUM;532812955;Changement de destination : bureaux → logement · 1 logement créé;transformation sans extension ni diminution de surface;habitation;un logement individuel;;1;0;0;0;0;parcelle_actuelle;2.431501;48.857382
PC09304818B0169;PC;09304818B0169;logements+locaux;terminé;2018;2019-04-26;2020-10-02;2023-09-26;10 TE RUE PARMENTIER;93100;AQ 184;;;;Construction neuve · 13 logements créés;nouvelle construction;habitation;résidence;étudiants;13;515;0;260;0;parcelle_ancienne;2.435195;48.859993
PC09304818B0193;PC;09304818B0193;logements;terminé;2018;2019-04-26;2020-09-09;2022-12-22;27 RUE DES PLATRIERES;93100;BR 107, BR 235, BR 338;848;TA-IMMO;827952094;Changement de destination : local industriel → logement, avec agrandissement · 9 logements créés;transformation avec extension de surface;habitation;collectif hors résidence;;9;29;0;0;0;parcelle_actuelle;2.446189;48.853437
PC09304818B0176;PC;09304818B0176;locaux;annulé;2018;2019-04-29;;;36 / RUE LEBOUR;93100;BH 50;1330;;;Agrandissement de 133 m² (bureaux);extension de surface sans transformation;bureaux;;;;0;0;133;0;parcelle_actuelle;2.424973;48.854417
PC09304818B0211;PC;09304818B0211;logements;terminé;2018;2019-04-29;2019-12-02;2024-03-06;6 RUE EMILE ZOLA;93100;AZ 11;124;E.R.C. NOGALO BATIMMO;430173377;Changement de destination : atelier d'artisanat → logement, avec agrandissement · 6 logements créés;transformation avec extension de surface;habitation;collectif hors résidence;;6;166;18;0;7;parcelle_actuelle;2.419346;48.854491
PC09304819B0041;PC;09304819B0041;logements;commencé;2019;2019-05-06;2020-03-05;;122 RUE DES CHANTEREINES;93100;O 8;;SCI COLONEL FABIEN;413091513;Changement de destination : atelier d'artisanat → logement · 1 logement créé;transformation sans extension ni diminution de surface;habitation;un logement individuel;;1;0;0;0;0;parcelle_actuelle;2.446384;48.872408
PC09304818B0144;PC;09304818B0144;locaux;terminé;2018;2019-05-07;2020-06-01;2021-09-01;RUE DE L'ACACIA;93100;F 37, F 49, F 60;27530;SAS ACACIA AMENAGEMENT;528352560;Construction neuve · 170 m² (équipement d'intérêt collectif);nouvelle construction;service public ou d'intérêt collectif;;;;0;0;170;0;parcelle_actuelle;2.468162;48.873094
PC09304819B0020;PC;09304819B0020;logements;annulé;2019;2019-05-14;;;39 RUE JULIETTE DODU;93100;CQ 220, CQ 223;297;;;Construction neuve · 1 logement créé;nouvelle construction;habitation;un logement individuel;;1;224;0;0;0;parcelle_actuelle;2.477402;48.860376
PC09304818B0164;PC;09304818B0164;logements+locaux;commencé;2018;2019-05-17;2022-07-18;;19 RUE GARIBALDI ET 28 RUE F;93100;BH 2, BH 1;1521;HAVIM PARTICIPATION;428299465;Réaménagement de locaux (entrepôt), avec agrandissement · 27 logements créés;transformation avec extension de surface;habitation;collectif hors résidence;;27;2018;0;1139;1516;parcelle_actuelle;2.427064;48.855169
PC09304818B0172;PC;09304818B0172;locaux;commencé;2018;2019-05-17;2019-10-01;;9 SENTIER DE LA FERME;93100;T 58, T 59;1058;SCI SF9;842655409;Construction neuve · 758 m² (bureaux);nouvelle construction;bureaux;;;;0;500;758;0;parcelle_actuelle;2.452168;48.868086
PC09304818B0201;PC;09304818B0201;logements+locaux;terminé;2018;2019-05-17;2019-08-19;2022-04-20;47 RUE DE VINCENNES;93100;BM 48;1042;COMMUNE DE COLOMBES;219200250;Construction neuve · 16 logements créés;nouvelle construction;habitation;collectif hors résidence;;16;960;0;248;229;parcelle_actuelle;2.436783;48.854591
PD09304819B0002;PD;09304819B0002;demolir;autorisé;2019;2019-05-20;;;31 RUE GALILEE;93100;BX 92;93337;COMMUNE DE MONTREUIL;219300480;Démolition;;;;;;;;;;parcelle_actuelle;2.451193;48.861576
DP09304819B0161;DP;09304819B0161;locaux;terminé;2019;2019-05-21;2019-05-21;2019-05-22;107/1 BD DE LA BOISSIERE;93100;B 54;;COMMUNE DE MONTREUIL;219300480;Réaménagement de locaux (équipement d'intérêt collectif);transformation sans extension ni diminution de surface;service public ou d'intérêt collectif;;;;0;0;0;0;parcelle_actuelle;2.457714;48.878155
PA09304819B0002;PA;09304819B0002;amenager;terminé;2019;2019-05-21;2019-06-07;2019-07-04;62 RUE VITRY;93100;AI 114;447;;;Aménagement d'un terrain;;;;;;;;;;parcelle_ancienne;2.449026;48.862250
PC09304818B0190;PC;09304818B0190;logements;terminé;2018;2019-05-21;2019-09-11;2021-03-30;2 RUE CHARLES INFROIT;93100;BT 127;193;SOCIETE CIVILE IMMOBILIERE CHARLES 7;839429131;Changement de destination : atelier d'artisanat → logement, avec agrandissement · 3 logements créés;transformation avec extension de surface;habitation;plusieurs logements individuels;;3;104;24;0;0;parcelle_actuelle;2.446896;48.856902
PC09304819B0028;PC;09304819B0028;logements+locaux;annulé;2019;2019-05-22;;;21 RUE DE VILLIERS;93100;AL 150;221;;;Construction neuve · 3 logements créés;nouvelle construction;habitation;collectif hors résidence;;3;195;0;83;108;parcelle_actuelle;2.435833;48.865147
PC09304819B0037;PC;09304819B0037;logements;terminé;2019;2019-05-22;2020-10-13;2022-07-31;79 RUE ERNEST RENAN;93100;CG 109;197;;;Construction neuve · 1 logement créé;nouvelle construction;habitation;un logement individuel;;1;73;0;0;0;parcelle_actuelle;2.465850;48.856739
PC09304818B0199;PC;09304818B0199;logements;terminé;2018;2019-05-23;2020-09-23;2023-06-27;81 AVENUE DU PRESIDENT WILS;93100;BP 25;471;SCCV WILSON;888028073;Réaménagement de logements (division, réunion ou rénovation), avec agrandissement · 7 logements après travaux;transformation avec extension de surface;habitation;collectif hors résidence;;7;488;0;0;0;parcelle_actuelle;2.440295;48.856508
PC09304819B0042;PC;09304819B0042;logements;commencé;2019;2019-06-03;2019-07-15;;82 RUE PIERRE DE MONTREUIL;93100;CD 38;151;;;Construction neuve · 1 logement créé;nouvelle construction;habitation;un logement individuel;;1;54;57;0;0;parcelle_actuelle;2.461229;48.863163
DP09304819B0043;DP;09304819B0043;logements;terminé;2019;2019-06-17;2019-08-17;2020-01-05;8 RUE EMILE ZOLA;93100;AZ 5;333;;;Changement de destination : atelier d'artisanat → logement · 1 logement créé;transformation sans extension ni diminution de surface;habitation;un logement individuel;;1;0;0;0;0;parcelle_actuelle;2.419380;48.854362
PC09304818B0205;PC;09304818B0205;logements+locaux;autorisé;2018;2019-06-18;;;98 RUE EDOUARD VAILLANT;93100;BJ 17;1735;SCI MIKADO;431400969;Changement de destination : commerce → logement, avec agrandissement · 25 logements créés;transformation avec extension de surface;habitation;collectif hors résidence;;25;1207;0;55;615;parcelle_actuelle;2.430656;48.852267
PC09304818B0139;PC;09304818B0139;logements+locaux;terminé;2018;2019-06-19;2020-12-11;2024-08-08;45/49 RUE DU PETIT BOIS;93100;E 169, E 224, E 174;856;L'OREE DU BOIS;531399699;Construction neuve · 35 logements créés;nouvelle construction;habitation;collectif hors résidence;;35;2191;385;323;0;parcelle_actuelle;2.465284;48.877759
DP09304819B0165;DP;09304819B0165;locaux;terminé;2019;2019-06-21;2019-09-21;2020-03-30;31 RUE DES ROCHES;93100;G 175;1585;CELLNEX FRANCE SAS;821460102;Construction neuve · 5 m² (équipement d'intérêt collectif);nouvelle construction;service public ou d'intérêt collectif;;;;0;0;5;0;parcelle_actuelle;2.465231;48.871738
PA09304819B0001;PA;09304819B0001;amenager;commencé;2019;2019-06-24;2019-07-01;;;;;;DEPARTEMENT DE LA SEINE SAINT DENIS;229300082;Aménagement d'un terrain;;;;;;;;;;aucune;;
PC09304819B0033;PC;09304819B0033;logements;terminé;2019;2019-06-24;2019-11-25;2020-12-11;50 RUE DE ROSNY;93100;AI 54;;;;Construction neuve · 1 logement créé;nouvelle construction;habitation;un logement individuel;;1;208;0;0;0;parcelle_ancienne;2.447333;48.862038
PC09304819B0003;PC;09304819B0003;locaux;autorisé;2019;2019-06-27;;;57 RUE STALINGRAD / 40 RUE CO;93100;BU 234;218;;;Réaménagement de locaux (commerce);transformation sans extension ni diminution de surface;commerce;;;;0;0;0;0;parcelle_actuelle;2.444178;48.857820
PC09304818B0210;PC;09304818B0210;logements;commencé;2018;2019-06-28;2020-06-30;;26 B RUE DE LA DEMI LUNE;93100;K 4, K 5, K 8;3235;IN'LI;602052359;Construction neuve · 64 logements créés;nouvelle construction;habitation;collectif hors résidence;;64;3440;240;0;0;parcelle_actuelle;2.457584;48.875436
PC09304819B0023;PC;09304819B0023;logements+locaux;terminé;2019;2019-07-01;2019-11-25;2021-04-01;88 T RUE SIMON DEREURE;93100;CO 122;339;2C INVESTISSEMENTS;838529873;Changement de destination : entrepôt → logement, avec agrandissement · 2 logements créés;transformation avec extension de surface;habitation;collectif hors résidence;;2;103;0;15;0;parcelle_actuelle;2.481966;48.866739
PC09304819B0011;PC;09304819B0011;logements;terminé;2019;2019-07-02;2019-09-24;2021-11-15;48 RUE RASPAIL;93100;BH 176;366;;;Agrandissement de 78 m² · 1 logement créé;extension de surface sans transformation;habitation;un logement individuel;;1;78;0;0;0;parcelle_actuelle;2.425105;48.853182
PC09304819B0025;PC;09304819B0025;logements;annulé;2019;2019-07-08;;;38 RUE PIERRE CURIE;93100;CH 160;321;;;Construction neuve · 3 logements créés;nouvelle construction;habitation;collectif hors résidence;;3;129;0;0;0;parcelle_actuelle;2.470303;48.861023
PC09304819B0048;PC;09304819B0048;logements;autorisé;2019;2019-07-08;;;8 ALLEE DU PRINTEMPS;93100;C 148;196;;;Construction neuve · 1 logement créé;nouvelle construction;habitation;un logement individuel;;1;64;0;0;0;parcelle_actuelle;2.461579;48.878099
DP09304819B0218;DP;09304819B0218;locaux;autorisé;2019;2019-07-10;;;256 BD ARISTIDE BRIAND;93100;B 219;384;SCI SONIA;524047081;Changement de destination : logement → local non résidentiel;transformation sans extension ni diminution de surface;habitation;;;;0;0;0;0;parcelle_actuelle;2.457357;48.877532
PC09304818B0180;PC;09304818B0180;logements+locaux;annulé;2018;2019-07-10;2024-03-15;;25 RUE PARMENTIER;93100;AR 238;1866;MONTREUIL - 25 PARMENTIER;843093204;Changement de destination : logement → local non résidentiel, avec agrandissement · 23 logements créés;transformation avec extension de surface;habitation;collectif hors résidence;;23;2088;0;1300;914;parcelle_actuelle;2.434654;48.859496
PC09304818B0185;PC;09304818B0185;logements+locaux;commencé;2018;2019-07-10;2022-07-01;;26 RUE DES SORINS;93100;AT 202;223;CRECHE ENFANTS DU MONDE MONTESSORI;843574740;Réaménagement de locaux (bureaux), avec agrandissement · 1 logement créé;transformation avec extension de surface;bureaux;un logement individuel;;1;0;0;40;21;parcelle_actuelle;2.428524;48.858995
DP09304819B0206;DP;09304819B0206;logements;autorisé;2019;2019-07-12;;;72 AVENUE PASTEUR;93100;AE 259;1087;;;Changement de destination : bureaux → logement · 1 logement créé;transformation sans extension ni diminution de surface;habitation;un logement individuel;;1;0;0;0;0;parcelle_actuelle;2.437448;48.865947
DP09304819B0098;DP;09304819B0098;locaux;terminé;2019;2019-07-18;2019-07-18;2019-07-25;47 AVENUE PASTEUR;93100;AL 203;536;SCI MONTREUIL;753589548;Réaménagement de locaux (bureaux);transformation sans extension ni diminution de surface;bureaux;;;;0;0;0;0;parcelle_actuelle;2.436972;48.865375
DP09304819B0190;DP;09304819B0190;logements;terminé;2019;2019-07-18;2020-11-18;2023-07-01;34 RUE DES FEDERES;93100;BJ 85;553;;;Changement de destination : entrepôt → logement · 1 logement créé;transformation sans extension ni diminution de surface;habitation;un logement individuel;;1;0;0;0;0;parcelle_actuelle;2.431904;48.852298
PC09304819B0031;PC;09304819B0031;locaux;commencé;2019;2019-07-18;2024-06-04;;147 RUE DE ROSNY;93100;S 12;288;;;Agrandissement de 138 m² (local industriel);extension de surface sans transformation;industrie;;;;0;0;138;0;parcelle_actuelle;2.455614;48.866859
PC09304819B0049;PC;09304819B0049;logements;terminé;2019;2019-07-18;2019-11-25;2020-05-30;37 AVE DU PDT S. ALLENDE;93100;J 392;321;;;Réaménagement de logements (division, réunion ou rénovation) · 1 logement après travaux;transformation sans extension ni diminution de surface;habitation;un logement individuel;;1;0;0;0;0;parcelle_actuelle;2.457864;48.870705
PC09304819B0039;PC;09304819B0039;logements;terminé;2019;2019-07-19;2021-04-05;2025-04-30;50 RUE FRANCOIS ARAGO;93100;BH 32;321;;;Construction neuve · 3 logements créés;nouvelle construction;habitation;collectif hors résidence;;3;360;0;0;0;parcelle_actuelle;2.427246;48.854332
PD09304819B0003;PD;09304819B0003;demolir;autorisé;2019;2019-07-19;;;35 BOULEVARD THEOPHILE SUEUR;93100;CM 285;126;COMMUNE DE MONTREUIL;219300480;Démolition;;;;;;;;;;parcelle_actuelle;2.467610;48.863496
PC09304819B0051;PC;09304819B0051;logements;terminé;2019;2019-07-25;2020-06-26;2023-06-15;19 AV ERNEST RENAN;93100;CF 170;618;SCCV ECHOS-LOGIS;842064719;Construction neuve · 34 logements créés;nouvelle construction;habitation;collectif hors résidence;;34;2235;320;0;0;parcelle_actuelle;2.460511;48.856292
PD09304819B0005;PD;09304819B0005;demolir;autorisé;2019;2019-07-25;;;29 RUE DU RUISSEAU;93100;X 68;;SCI BARBUSSE;433726296;Démolition;;;;;;;;;;parcelle_actuelle;2.442491;48.871264
DP09304819B0199;DP;09304819B0199;logements;autorisé;2019;2019-07-26;;;7/9/1 RUE EDOUARD VAILLANT;93100;BL 170;1028;;;Changement de destination : atelier d'artisanat → logement · 1 logement créé;transformation sans extension ni diminution de surface;habitation;un logement individuel;;1;0;0;0;0;parcelle_ancienne;2.433503;48.856956
PC09304819B0052;PC;09304819B0052;logements;annulé;2019;2019-07-26;2019-09-09;;25 RUE DU RUISSEAU;93100;X 66;154;;;Agrandissement de 114 m² · 2 logements créés;extension de surface sans transformation;habitation;plusieurs logements individuels;;2;114;32;0;0;parcelle_actuelle;2.442642;48.871134
PC09304819B0066;PC;09304819B0066;logements;annulé;2019;2019-07-26;;;12 RUE DES MESSIERS;93100;AU 163;187;;;Agrandissement de 145 m² · 2 logements créés;extension de surface sans transformation;habitation;collectif hors résidence;;2;145;0;0;0;parcelle_actuelle;2.431060;48.860571
DP09304819B0192;DP;09304819B0192;locaux;autorisé;2019;2019-08-06;;;72 RUE DE LA SOLIDARITE;93100;BR 145;2291;T D F;342404399;Construction neuve · 2 m² (équipement d'intérêt collectif);nouvelle construction;service public ou d'intérêt collectif;;;;0;0;2;0;parcelle_actuelle;2.445920;48.852549
DP09304819B0259;DP;09304819B0259;locaux;autorisé;2019;2019-08-08;;;87 RUE DE STALINGRAD;93100;BT 105;4227;COMMUNE DE MONTREUIL;219300480;Construction neuve · 15 m² (équipement d'intérêt collectif);nouvelle construction;service public ou d'intérêt collectif;;;;0;0;15;0;parcelle_actuelle;2.446410;48.855931
DP09304819B0280;DP;09304819B0280;locaux;terminé;2019;2019-08-13;2020-01-13;2020-10-31;10 RUE DU DOCTEUR ROUX;93100;AD 208;153;;;Agrandissement de 6 m² (commerce);extension de surface sans transformation;commerce;;;;0;0;6;0;parcelle_actuelle;2.441082;48.867653
PC09304819B0040;PC;09304819B0040;logements;terminé;2019;2019-08-13;2019-11-01;2024-05-31;8 RUE VITRY;93100;BV 15;433;PREMIUM;532812955;Changement de destination : local industriel → logement, avec réduction de surface · 5 logements créés;transformation avec diminution de surface;habitation;collectif hors résidence;;5;111;0;0;182;parcelle_actuelle;2.446413;48.860598
PC09304819B0064;PC;09304819B0064;locaux;commencé;2019;2019-08-13;2019-11-25;;39 RUE DES RAVINS;93100;AU 12;1215;LES ENCHANTIERES;811829357;Construction neuve · 101 m² (équipement d'intérêt collectif);nouvelle construction;service public ou d'intérêt collectif;;;;0;0;101;0;parcelle_ancienne;2.424682;48.862019
PD09304819B0006;PD;09304819B0006;demolir;autorisé;2019;2019-08-13;;;63 RUE CARNOT;93100;BQ 1;231;;;Démolition;;;;;;;;;;parcelle_actuelle;2.439817;48.855513
PC09304819B0021;PC;09304819B0021;logements;terminé;2019;2019-09-09;2020-07-15;2022-01-15;13 BI RUE MARCEAU;93100;BH 238;246;;;Changement de destination : atelier d'artisanat → logement, avec agrandissement · 1 logement créé;transformation avec extension de surface;habitation;un logement individuel;;1;100;0;0;0;parcelle_ancienne;2.426169;48.855121
PC09304819B0068;PC;09304819B0068;logements;commencé;2019;2019-09-20;2020-05-18;;208-210 RUE DE ROSNY - 1 -;93100;BZ 28, BZ 29, BZ 33;1971;IMMOBILIERE 3F;552141533;Changement de destination : bâtiment agricole → logement, avec agrandissement · 21 logements créés;transformation avec extension de surface;habitation;collectif hors résidence;;21;1434;0;0;72;parcelle_actuelle;2.460023;48.867817
PC09304819B0056;PC;09304819B0056;locaux;terminé;2019;2019-09-23;2021-05-31;2023-01-18;63 TE RUE BEAUMARCHAIS;93100;BK 368;1169;SCI ABEMI;404375768;Construction neuve · 2 489 m² (équipement d'intérêt collectif);nouvelle construction;service public ou d'intérêt collectif;;;;0;0;2489;0;parcelle_actuelle;2.430834;48.854756
PC09304819B0065;PC;09304819B0065;logements+locaux;terminé;2019;2019-09-23;2020-01-06;2020-12-14;19 RUE CARNOT;93100;BP 239;477;SCI GUEGAN TCHERTOFF;841171697;Réaménagement de locaux (entrepôt), avec agrandissement · 1 logement créé;transformation avec extension de surface;entrepôt;un logement individuel;;1;51;0;0;0;parcelle_actuelle;2.441698;48.856801
DP09304819B0260;DP;09304819B0260;logements;terminé;2019;2019-09-24;2020-03-24;2021-03-29;50 RUE DE LAGNY;93100;BE 64;834;;;Agrandissement de 25 m² · 1 logement créé;extension de surface sans transformation;habitation;un logement individuel;;1;25;0;0;0;parcelle_actuelle;2.425031;48.849344
DP09304819B0292;DP;09304819B0292;logements;annulé;2019;2019-09-24;;;3 TER RUE MAINGUET;93100;AQ 41;;;;Agrandissement de 32 m² · 1 logement créé;extension de surface sans transformation;habitation;un logement individuel;;1;32;0;0;0;parcelle_actuelle;2.433239;48.861763
PC09304819B0092;PC;09304819B0092;logements;annulé;2019;2019-09-24;;;72 BD THEOPHILE SUEUR;93100;CL 104;423;;;Construction neuve · 1 logement créé;nouvelle construction;habitation;un logement individuel;;1;191;0;0;0;parcelle_ancienne;2.469900;48.867830
PC09304819B0112;PC;09304819B0112;logements;commencé;2019;2019-09-24;2020-03-06;;14 RUE MAINGUET;93100;AP 72;639;;;Construction neuve · 1 logement créé;nouvelle construction;habitation;un logement individuel;;1;143;0;0;0;parcelle_ancienne;2.433002;48.862299
PC09304819B0079;PC;09304819B0079;logements+locaux;terminé;2019;2019-09-25;2020-04-30;2022-05-02;6-8 AVENUE FAIDHERBE / 33 BIS;93100;AG 57, AG 58, AG 59;520;SCCV MONTREUIL - FAIDHERBE;811474857;Construction neuve · 20 logements créés;nouvelle construction;habitation;collectif hors résidence;;20;1346;250;297;237;parcelle_actuelle;2.442935;48.865637
PC09304819B0084;PC;09304819B0084;logements;terminé;2019;2019-09-25;2019-11-18;2021-12-20;139 AVENUE DU PDT SALVADOR ALL;93100;C 43;320;;;Agrandissement de 225 m² · 3 logements créés;extension de surface sans transformation;habitation;collectif hors résidence;;3;225;87;0;0;parcelle_actuelle;2.461821;48.875962
PC09304819B0090;PC;09304819B0090;logements;terminé;2019;2019-09-26;2021-01-28;2022-11-07;65 BI RUE MARCEAU;93100;BI 289;750;FEDERATION CULTURELLE DES ASSOCIATIONS MUSULMANES DE MONTREUIL;500291075;Agrandissement de 88 m² · 2 logements créés;extension de surface sans transformation;habitation;collectif hors résidence;;2;88;0;0;0;parcelle_actuelle;2.426350;48.852792
PC09304819B0053;PC;09304819B0053;logements;commencé;2019;2019-09-30;2021-05-07;;16 RUE VITRY;93100;BV 16;265;ARA & FRO;898530092;Construction neuve · 1 logement créé;nouvelle construction;habitation;un logement individuel;;1;225;0;0;0;parcelle_actuelle;2.446315;48.860535
PC09304819B0072;PC;09304819B0072;logements;terminé;2019;2019-10-02;2020-12-01;2022-02-01;25-27 RUE RASPAIL;93100;BI 290;77;;;Changement de destination : atelier d'artisanat → logement, avec agrandissement · 2 logements créés;transformation avec extension de surface;habitation;collectif hors résidence;;2;47;0;0;0;parcelle_actuelle;2.426442;48.852922
PC09304818B0122;PC;09304818B0122;locaux;terminé;2018;2019-10-03;2022-03-31;2024-04-29;66 RUE DE LAGNY / 27 RUE CUVI;93100;BE 12;4041;SCCV MONTREUIL CUVIER;909365330;Construction neuve · 10 035 m² (bureaux);nouvelle construction;bureaux;;;;0;0;10035;4114;parcelle_ancienne;2.423936;48.850218
PD09304819B0008;PD;09304819B0008;demolir;autorisé;2019;2019-10-04;;;15 BI RUE SAINT ANTOINE;93100;BZ 89;2403;ECODROM93;533782785;Démolition;;;;;;;;;;parcelle_actuelle;2.456164;48.865848
PD09304819B0004;PD;09304819B0004;demolir;autorisé;2019;2019-10-09;;;17 BI RUE PEPIN;93100;AH 45;;;;Démolition;;;;;;;;;;parcelle_actuelle;2.446372;48.863617
PC09304819B0102;PC;09304819B0102;locaux;terminé;2019;2019-10-15;2020-02-03;2023-10-06;14-20 BOULEVARD DE CHANZY;93100;AR 236, AR 229;15738;KVA MONTREUIL;844115386;Agrandissement de 524 m² (bureaux);extension de surface sans transformation;bureaux;;;;0;0;524;0;parcelle_actuelle;2.435801;48.859010
PD09304819B0007;PD;09304819B0007;demolir;autorisé;2019;2019-10-18;;;16 RUE DE LA CONVENTION;93100;AF 153;184;;;Démolition;;;;;;;;;;parcelle_actuelle;2.442715;48.863464
PC09304819B0055;PC;09304819B0055;locaux;terminé;2019;2019-10-21;2020-02-21;2020-10-20;56 BD DE LA BOISSIERE;93100;A 237, A 226;36031;CENTRE HOSPITALIER INTERCOM GREGOIRE;269302618;Agrandissement de 38 m² (équipement d'intérêt collectif);extension de surface sans transformation;service public ou d'intérêt collectif;;;;0;0;38;0;parcelle_actuelle;2.453145;48.877686
DP09304819B0342;DP;09304819B0342;logements;terminé;2019;2019-10-23;2019-10-23;2019-10-23;179 RUE DE ROMAINVILLE;93100;O 9;;;;Changement de destination : bureaux → logement · 1 logement créé;transformation sans extension ni diminution de surface;habitation;un logement individuel;;1;0;0;0;0;parcelle_actuelle;2.446377;48.872281
PC09304819B0103;PC;09304819B0103;locaux;autorisé;2019;2019-10-23;;;26 IMPASSE DES CHANTEREINES;93100;X 360, X 388, X 196;832;;;Réaménagement de logements (division, réunion ou rénovation), avec agrandissement;transformation avec extension de surface;industrie;;;;0;0;45;0;parcelle_actuelle;2.444144;48.871347
PD09304819B0010;PD;09304819B0010;demolir;autorisé;2019;2019-10-23;;;9 RUE ALICE;93100;R 97;140;;;Démolition;;;;;;;;;;parcelle_actuelle;2.455177;48.871422
DP09304819B0324;DP;09304819B0324;logements;terminé;2019;2019-10-29;2019-10-29;2020-05-01;27 BI RUE DU SERGENT GODEFROY;93100;BK 75;;;;Changement de destination : atelier d'artisanat → logement, avec réduction de surface · 1 logement créé;transformation avec diminution de surface;habitation;un logement individuel;;1;2;0;0;5;parcelle_actuelle;2.431574;48.853856
PC09304819B0086;PC;09304819B0086;logements+locaux;terminé;2019;2019-10-29;2021-11-15;2024-03-08;5 VILLA DE LA TOURELLE;93100;BK 148;288;FEDERATION CULTURELLE DES ASSOCIATIONS MUSULMANES DE MONTREUIL;500291075;Changement de destination : bureaux → logement, avec agrandissement · 1 logement créé;transformation avec extension de surface;bureaux;un logement individuel;;1;155;0;166;0;parcelle_actuelle;2.432587;48.853540
PD09304819B0013;PD;09304819B0013;demolir;autorisé;2019;2019-10-29;;;31 BOULEVARD THEOPHILE SUEUR;93100;CM 8;136589;COMMUNE DE MONTREUIL;219300480;Démolition;;;;;;;;;;parcelle_actuelle;2.471081;48.865477
PD09304819B0011;PD;09304819B0011;demolir;autorisé;2019;2019-10-30;;;;;;;SAS ACACIA AMENAGEMENT;528352560;Démolition;;;;;;;;;;aucune;;
PD09304819B0012;PD;09304819B0012;demolir;autorisé;2019;2019-10-30;;;80 RUE JULES GUESDE;93100;CQ 334;393;;;Démolition;;;;;;;;;;parcelle_actuelle;2.478604;48.862680
PC09304819B0059;PC;09304819B0059;logements+locaux;terminé;2019;2019-10-31;2020-09-07;2023-06-28;107-1 RUE DE ROSNY;93100;BY 17, BY 18, BY 19;3376;SCCV MONTREUIL 111;850773292;Construction neuve · 86 logements créés;nouvelle construction;habitation;collectif hors résidence;;86;5511;311;288;979;parcelle_actuelle;2.451618;48.864623
PC09304819B0077;PC;09304819B0077;logements;terminé;2019;2019-10-31;2019-11-26;2021-01-28;62 RUE VITRY;93100;AI 323, AI 114;584;;;Construction neuve · 1 logement créé;nouvelle construction;habitation;un logement individuel;;1;164;67;0;0;parcelle_actuelle;2.449047;48.862269
PC09304819B0107;PC;09304819B0107;logements;terminé;2019;2019-10-31;2020-07-28;2021-07-31;7 B RUE EMILE REYNAUD;93100;AE 12, AE 15;399;;;Construction neuve · 1 logement créé;nouvelle construction;habitation;un logement individuel;;1;188;0;0;0;parcelle_actuelle;2.439042;48.867449
PC09304819B0116;PC;09304819B0116;locaux;commencé;2019;2019-11-05;2021-02-16;;39-43 RUE SAINT DENIS;93100;S 56, S 55, S 139;2038;SCI LE BOURGET 26;818017956;Agrandissement de 288 m² (entrepôt);extension de surface sans transformation;entrepôt;;;;0;0;288;0;parcelle_actuelle;2.458194;48.870150
PC09304819B0081;PC;09304819B0081;logements+locaux;commencé;2019;2019-11-13;2020-06-29;;5 RUE DE LA CONVENTION;93100;AF 141;366;CAP 5;849867494;Construction neuve · 3 logements créés;nouvelle construction;habitation;collectif hors résidence;;3;543;0;96;230;parcelle_actuelle;2.442409;48.863405
PC09304819B0101;PC;09304819B0101;locaux;terminé;2019;2019-11-13;2020-02-03;2020-08-29;21 RUE DES ROCHES;93100;H 222, H 52, H 53;21372;COMMUNE DE MONTREUIL;219300480;Construction neuve · 268 m² (équipement d'intérêt collectif);nouvelle construction;service public ou d'intérêt collectif;;;;0;0;268;0;parcelle_actuelle;2.463834;48.872720
PC09304819B0131;PC;09304819B0131;logements;commencé;2019;2019-11-15;2022-09-28;;93 RUE DE ROMAINVILLE;93100;V 171, V 129;2075;CDC HABITAT;470801168;Construction neuve · 17 logements créés;nouvelle construction;habitation;plusieurs logements individuels;;17;1728;0;0;983;parcelle_actuelle;2.446115;48.868970
PD09304819B0009;PD;09304819B0009;demolir;autorisé;2019;2019-11-26;;;39-39 RUE FRANCOIS ARAGO;93100;BI 217, BI 218;1109;ASS POUR EXPERIENCE EDUCATIVE MONTESSORI;317922318;Démolition;;;;;;;;;;parcelle_actuelle;2.427663;48.855048
DP09304819B0348;DP;09304819B0348;logements;terminé;2019;2019-11-29;2020-04-29;2021-02-16;4 VICTOR BAUSSE;93100;V 150, V 179, U 179;253;;;Agrandissement de 13 m² · 1 logement créé;extension de surface sans transformation;habitation;un logement individuel;;1;13;0;0;0;parcelle_actuelle;2.444007;48.868189
DP09304819B0411;DP;09304819B0411;locaux;autorisé;2019;2019-12-02;;;10 RUE DE LA TRANCHEE;93100;CQ 196;197;;;Changement de destination : logement → local non résidentiel;transformation sans extension ni diminution de surface;habitation;;;;0;0;0;0;parcelle_actuelle;2.477935;48.861232
PC09304819B0111;PC;09304819B0111;logements;terminé;2019;2019-12-02;2020-05-04;2021-09-01;63 RUE CARNOT;93100;BQ 99;231;;;Construction neuve · 1 logement créé;nouvelle construction;habitation;un logement individuel;;1;183;148;0;0;parcelle_actuelle;2.441703;48.854191
PC09304819B0036;PC;09304819B0036;locaux;autorisé;2019;2019-12-03;;;2 RUE DE LA MONTAGNE PIERRE;93100;E 214;3905;;;Construction neuve · 63 m² (équipement d'intérêt collectif);nouvelle construction;service public ou d'intérêt collectif;;;;0;0;63;0;parcelle_ancienne;2.464903;48.874326
PC09304819B0132;PC;09304819B0132;logements;terminé;2019;2019-12-03;2020-05-15;2021-05-15;30 BD THEOPHILE SUEUR;93100;CK 147;836;;;Construction neuve · 1 logement créé;nouvelle construction;habitation;un logement individuel;;1;103;10;0;0;parcelle_ancienne;2.470519;48.869842
PD09304819B0015;PD;09304819B0015;demolir;autorisé;2019;2019-12-03;;;62 RUE FERNAND COMBETTE;93100;Q 58;100;;;Démolition;;;;;;;;;;parcelle_ancienne;2.453089;48.873143
PC09304819B0091;PC;09304819B0091;locaux;annulé;2019;2019-12-04;;;81 RUE DE PARIS;93100;AS 50;;;;Changement de destination : logement → local non résidentiel, avec agrandissement;transformation avec extension de surface;habitation;;;;78;0;0;0;parcelle_actuelle;2.431154;48.856928
PC09304819B0121;PC;09304819B0121;locaux;terminé;2019;2019-12-04;2020-01-27;2021-06-30;17 RUE GAMBETTA;93100;BK 239;244;SCI 17 RUE GAMBETTA MONTREUIL;853088433;Changement de destination : logement → bureaux, avec agrandissement;transformation avec extension de surface;bureaux;;;;0;12;285;37;parcelle_actuelle;2.435220;48.854067
PD09304819B0014;PD;09304819B0014;demolir;autorisé;2019;2019-12-04;;;146 RUE DE LA NOUVELLE FRANCE;93100;CD 182, CD 183, CD 223;105270;COMMUNE DE MONTREUIL;219300480;Démolition;;;;;;;;;;parcelle_actuelle;2.463071;48.859865
PC09304819B0098;PC;09304819B0098;locaux;commencé;2019;2019-12-09;2020-09-01;;56 BOULEVARD DE LA BOISSIERE;93100;A 237, A 80, A 160;35447;CENTRE HOSPITALIER INTERCOM GREGOIRE;269302618;Construction neuve · 596 m² (équipement d'intérêt collectif);nouvelle construction;service public ou d'intérêt collectif;;;;0;0;596;0;parcelle_actuelle;2.453149;48.877680
PC09304819B0110;PC;09304819B0110;logements;terminé;2019;2019-12-10;2021-02-03;2024-05-28;42 RUE MICHELET;93100;BK 65;289;;;Agrandissement de 167 m² · 2 logements créés;extension de surface sans transformation;habitation;collectif hors résidence;;2;167;11;0;0;parcelle_actuelle;2.431062;48.852982
PC09304819B0152;PC;09304819B0152;logements;terminé;2019;2019-12-10;2022-04-06;2023-01-07;36 RUE DE LA REVOLUTION;93100;BI 48;;;;Construction neuve · 1 logement créé;nouvelle construction;habitation;un logement individuel;;1;174;76;0;0;parcelle_actuelle;2.428460;48.854625
PC09304819B0145;PC;09304819B0145;logements;terminé;2019;2019-12-12;2020-09-11;2022-06-15;30 BOULEVARD THEOPHILE SUEUR;93100;CK 147;;;;Construction neuve · 1 logement créé;nouvelle construction;habitation;un logement individuel;;1;217;0;0;0;parcelle_ancienne;2.470519;48.869842
PC09304819B0118;PC;09304819B0118;locaux;commencé;2019;2019-12-19;2022-01-10;;146 RUE DE LA NOUVELLE FRANCE;93100;CD 182, CD 183, CD 223;105270;BLOSSOM SPORT MONTREUIL;889425880;Agrandissement de 1927 m² (équipement d'intérêt collectif);extension de surface sans transformation;service public ou d'intérêt collectif;;;;0;0;1927;1186;parcelle_actuelle;2.463071;48.859865
PC09304819B0115;PC;09304819B0115;logements+locaux;commencé;2019;2019-12-20;2021-09-01;;74 AVENUE PAUL SIGNAC;93100;T 202;458;FEDERATION CULTURELLE DES ASSOCIATIONS MUSULMANES DE MONTREUIL;500291075;Réaménagement de locaux (commerce), avec agrandissement · 2 logements créés;transformation avec extension de surface;commerce;collectif hors résidence;;2;132;66;0;29;parcelle_actuelle;2.454658;48.866713
PC09304819B0147;PC;09304819B0147;locaux;terminé;2019;2019-12-22;2020-04-24;2020-12-01;5 RUE DU CENTENAIRE;93100;AV 122;496;NEW COMMERCIAL INDUSTRIES FRA SAS;851058347;Réaménagement de locaux (bureaux), avec agrandissement;transformation avec extension de surface;bureaux;;;;0;0;214;11;parcelle_actuelle;2.426998;48.858023
DP09304819B0445;DP;09304819B0445;locaux;terminé;2019;2020-01-20;2020-02-20;2020-04-12;20 RUE DE VOLTAIRE;93100;AY 154;2777;;;Changement de destination : logement → local non résidentiel;transformation sans extension ni diminution de surface;habitation;;;;0;0;0;0;parcelle_actuelle;2.421078;48.854264
PC09304819B0172;PC;09304819B0172;logements;commencé;2019;2020-01-21;2020-05-13;;17 /1 RUE DU PLATEAU;93100;V 22;264;;;Agrandissement de 80 m² · 1 logement créé;extension de surface sans transformation;habitation;un logement individuel;;1;80;0;0;0;parcelle_actuelle;2.443513;48.869100
PC09304819B0187;PC;09304819B0187;logements;annulé;2019;2020-01-21;;;10 RUE DU SERGENT BOBILLOT;93100;BL 165, BL 166;;;;Agrandissement de 94 m² · 1 logement créé;extension de surface sans transformation;habitation;un logement individuel;;1;94;0;0;0;parcelle_actuelle;2.434504;48.856893
PC09304819B0137;PC;09304819B0137;logements;terminé;2019;2020-01-22;2020-03-19;2021-10-13;4 RUE DE LA MONTAGNE PIERREU;93100;H 146, H 147;546;;;Agrandissement de 73 m² · 2 logements créés;extension de surface sans transformation;habitation;collectif hors résidence;;2;73;0;0;0;parcelle_actuelle;2.463809;48.874517
PC09304819B0153;PC;09304819B0153;locaux;terminé;2019;2020-01-22;2020-04-29;2021-05-06;59 RUE DE LA FERME;93100;R 279;;AUX NETTOYEURS ENCAUSTIQUEURS REUNIS;552119703;Réaménagement de locaux (bureaux), avec agrandissement;transformation avec extension de surface;bureaux;;;;0;0;341;317;parcelle_actuelle;2.453187;48.869101
PC09304819B0200;PC;09304819B0200;logements;terminé;2019;2020-01-22;2020-06-17;2021-06-11;50 BIS RUE HOCHE;93100;AL 80;463;;;Construction neuve · 1 logement créé;nouvelle construction;habitation;un logement individuel;;1;281;52;0;0;parcelle_actuelle;2.435157;48.864108
PC09304819B0143;PC;09304819B0143;logements;annulé;2019;2020-01-27;;;37 RUE DANTON;93100;U 71;178;;;Construction neuve · 1 logement créé;nouvelle construction;habitation;un logement individuel;;1;112;0;0;0;parcelle_actuelle;2.449276;48.865602
DP09304819B0443;DP;09304819B0443;locaux;terminé;2019;2020-01-30;2020-03-30;2020-09-15;56 RUE MARCEAU;93100;BG 147;82;;;Agrandissement de 8 m² (commerce);extension de surface sans transformation;commerce;;;;0;0;8;0;parcelle_actuelle;2.425952;48.852634
PD09304820B0001;PD;09304820B0001;demolir;autorisé;2020;2020-01-31;;;100 RUE DES RIGONDES;93100;Z 7;;SCI DE LA DHUIS;352887640;Démolition;;;;;;;;;;parcelle_actuelle;2.435324;48.874336
DP09304819B0423;DP;09304819B0423;logements;autorisé;2019;2020-02-05;;;90-92 RUE GASTON LAURIAU;93100;BT 298, BT 300;220;;;Changement de destination : atelier d'artisanat → logement · 1 logement créé;transformation sans extension ni diminution de surface;habitation;un logement individuel;;1;0;0;0;0;parcelle_actuelle;2.447649;48.856611
PC09304819B0127;PC;09304819B0127;logements+locaux;autorisé;2019;2020-02-05;;;31 RUE GAMBETTA;93100;BJ 5, BJ 170;681;;;Changement de destination : commerce → bureaux, avec agrandissement · 3 logements créés;transformation avec extension de surface;bureaux;plusieurs logements individuels;;3;47;15;445;288;parcelle_actuelle;2.430134;48.852309
PC09304819B0163;PC;09304819B0163;logements;terminé;2019;2020-02-05;2020-05-18;2021-05-17;49 RUE DESGRANGES;93100;BR 64;65;;;Construction neuve · 1 logement créé;nouvelle construction;habitation;un logement individuel;;1;141;61;0;0;parcelle_actuelle;2.443329;48.852133
PD09304820B0002;PD;09304820B0002;demolir;autorisé;2020;2020-02-05;;;146 BOULEVARD THEOPHILE SUEUR;93100;CI 142;;TOTAL MARKETING FRANCE;531680445;Démolition;;;;;;;;;;parcelle_actuelle;2.467288;48.864365
PC09304819B0130;PC;09304819B0130;logements;terminé;2019;2020-02-15;2021-01-04;2024-01-31;31 RUE VICTOR HUGO;93100;AK 265;265;PREMIUM;532812955;Changement de destination : entrepôt → logement, avec agrandissement · 3 logements créés;transformation avec extension de surface;habitation;collectif hors résidence;;3;65;0;0;49;parcelle_actuelle;2.439110;48.860600
PC09304819B0070;PC;09304819B0070;logements+locaux;terminé;2019;2020-02-17;2020-12-16;2024-09-30;7-9 AVENUE FAIDHERBE;93100;AF 52, AF 53;1216;SCCV MONTREUIL 7/9 FAIDHERBE;887982197;Construction neuve · 27 logements créés;nouvelle construction;habitation;collectif hors résidence;;27;1694;0;427;1135;parcelle_actuelle;2.442529;48.865224
PC09304819B0150;PC;09304819B0150;logements;commencé;2019;2020-02-17;2021-04-20;;27 BOULEVARD THEOPHILE SUEUR;93100;CK 140;;;;Construction neuve · 4 logements créés;nouvelle construction;habitation;collectif hors résidence;;4;217;130;0;0;parcelle_actuelle;2.470545;48.867921
PC09304819B0158;PC;09304819B0158;logements+locaux;commencé;2019;2020-02-17;2021-04-14;;67 RUE DE PARIS;93100;BL 8, BL 9;1226;F.HAVIM;509529301;Agrandissement de 528 m² · 1 logement créé;extension de surface sans transformation;habitation;un logement individuel;;1;476;262;52;212;parcelle_actuelle;2.432127;48.857124
DP09304820B0039;DP;09304820B0039;locaux;autorisé;2020;2020-02-20;;;15 -1 RUE LAVOISIER;93100;AY 169;600;RATP HABITAT;592025811;Réaménagement de locaux (commerce);transformation sans extension ni diminution de surface;commerce;;;;0;0;0;0;parcelle_actuelle;2.420602;48.853822
PC09304819B0142;PC;09304819B0142;logements+locaux;terminé;2019;2020-02-20;2021-05-06;2022-10-26;17-19 RUE EDOUARD VAILLANT;93100;BL 75, BL 76;653;OFFICE PUBLIC DE L'HABITAT MONTREUILLOIS;488777160;Construction neuve · 23 logements créés;nouvelle construction;habitation;collectif hors résidence;;23;1448;0;325;0;parcelle_actuelle;2.433309;48.856644
DP09304820B0020;DP;09304820B0020;logements;autorisé;2020;2020-02-25;;;8 B RUE BEAUMARCHAIS;93100;AS 47;1683;;;Changement de destination : atelier d'artisanat → logement · 1 logement créé;transformation sans extension ni diminution de surface;habitation;un logement individuel;;1;0;0;0;0;parcelle_actuelle;2.430892;48.856616
DP09304820B0058;DP;09304820B0058;locaux;autorisé;2020;2020-02-25;;;102 RUE DES RIGONDES;93100;Z 6;;SCI TALA;515328755;Agrandissement de 37 m² (commerce);extension de surface sans transformation;commerce;;;;0;0;37;0;parcelle_actuelle;2.435407;48.874376
PD09304820B0004;PD;09304820B0004;demolir;autorisé;2020;2020-02-25;;;;;;;;;Démolition;;;;;;;;;;aucune;;
DP09304820B0041;DP;09304820B0041;locaux;autorisé;2020;2020-02-27;;;65 AVENUE DU PRESIDENT WILSON;93100;BP 11;556;S.C.I. DES BOXES;831530845;Construction neuve · 35 m² (bureaux);nouvelle construction;bureaux;;;;0;0;35;0;parcelle_actuelle;2.440462;48.857523
PC09304819B0096;PC;09304819B0096;logements;terminé;2019;2020-02-28;2021-03-15;2023-02-09;18 RUE BARA - 27 RUE ROBESPIE;93100;BH 101, BH 100;1508;ANTIN RESIDENCES SA HABITAT LOYER MODERE;315518803;Construction neuve · 160 logements créés;nouvelle construction;habitation;résidence;sociale;160;3825;2320;0;0;parcelle_actuelle;2.423370;48.855079
DP09304819B0403;DP;09304819B0403;logements;terminé;2019;2020-03-05;2020-05-05;2020-08-12;9 RUE LAVOISIER;93100;AY 173;305;;;Changement de destination : bureaux → logement · 1 logement créé;transformation sans extension ni diminution de surface;habitation;un logement individuel;;1;0;0;0;0;parcelle_actuelle;2.421169;48.853888
PC09304819B0087;PC;09304819B0087;logements+locaux;commencé;2019;2020-03-05;2022-09-30;;16 RUE LEBOUR;93100;BH 266;228;ROUSSELLE PATRIMOINE;834131336;Réaménagement de locaux (entrepôt), avec agrandissement · 9 logements créés;transformation avec extension de surface;habitation;collectif hors résidence;;9;601;0;0;0;parcelle_actuelle;2.426431;48.854214
DP09304820B0015;DP;09304820B0015;logements;terminé;2020;2020-03-13;2020-04-13;2020-05-25;65 RUE BEAUMARCHAIS;93100;BK 25;311;;;Changement de destination : atelier d'artisanat → logement, avec agrandissement · 1 logement créé;transformation avec extension de surface;habitation;un logement individuel;;1;5;0;0;0;parcelle_actuelle;2.430596;48.854580
PC09304819B0108;PC;09304819B0108;locaux;autorisé;2019;2020-03-13;;;39 BI RUE FRANCOIS ARAGO;93100;BI 217, BI 218;1109;;;Réaménagement de locaux (équipement d'intérêt collectif), avec agrandissement;transformation avec extension de surface;service public ou d'intérêt collectif;;;;0;0;276;195;parcelle_actuelle;2.427663;48.855048
PC09304819B0114;PC;09304819B0114;logements+locaux;autorisé;2019;2020-03-13;;;61 RUE RAPATEL - 14 BD JEANNE;93100;BT 255;1406;MONTREUIL RAPATEL;877622613;Construction neuve · 49 logements créés;nouvelle construction;habitation;collectif hors résidence;;49;3228;0;120;597;parcelle_actuelle;2.444826;48.855848
PC09304819B0146;PC;09304819B0146;logements;autorisé;2019;2020-03-13;;;354 BD DE LA BOISSIERE;93100;CK 158, CK 163;506;CABINET LEMA IMMOBILIER;320798655;Agrandissement de 87 m² · 2 logements créés;extension de surface sans transformation;habitation;collectif hors résidence;;2;87;0;0;0;parcelle_actuelle;2.470471;48.871515
PC09304819B0166;PC;09304819B0166;logements;commencé;2019;2020-03-13;2020-12-16;;;;;;SCCV MONTREUIL 2018;844280511;Construction neuve · 15 logements créés;nouvelle construction;habitation;collectif hors résidence;;15;872;0;0;602;aucune;;
PC09304819B0169;PC;09304819B0169;logements;commencé;2019;2020-03-13;2021-03-15;;104 RUE CARNOT;93100;BQ 209;;PREMIUM;532812955;Construction neuve · 4 logements créés;nouvelle construction;habitation;plusieurs logements individuels;;4;488;0;0;0;parcelle_actuelle;2.440540;48.853352
PC09304819B0205;PC;09304819B0205;logements;commencé;2019;2020-03-13;2021-01-04;;88 RU ARAGO;93100;BF 216, BF 217;458;PREMIUM;532812955;Changement de destination : entrepôt → logement, avec agrandissement · 3 logements créés;transformation avec extension de surface;habitation;collectif hors résidence;;3;216;0;0;52;parcelle_actuelle;2.428008;48.851924
PC09304820B0010;PC;09304820B0010;logements;terminé;2020;2020-03-13;2020-04-06;2020-11-01;21 RUE POULIN;93100;Y 204;;;;Changement de destination : bureaux → logement, avec réduction de surface · 1 logement créé;transformation avec diminution de surface;habitation;un logement individuel;;1;0;0;0;45;parcelle_ancienne;2.441455;48.870853
DP09304819B0459;DP;09304819B0459;logements;terminé;2019;2020-03-31;2020-04-30;2020-07-13;4 BIS RUE JEAN JACQUES ROUSS;93100;BF 135;417;;;Changement de destination : atelier d'artisanat → logement · 1 logement créé;transformation sans extension ni diminution de surface;habitation;un logement individuel;;1;0;0;0;0;parcelle_actuelle;2.429163;48.850895
DP09304820B0139;DP;09304820B0139;logements;terminé;2020;2020-05-27;2020-06-03;2020-07-03;3 RUE POULIN;93100;Y 360;30;;;Agrandissement de 167 m² · 1 logement créé;extension de surface sans transformation;habitation;un logement individuel;;1;167;0;0;0;parcelle_ancienne;2.441262;48.869578
DP09304820B0101;DP;09304820B0101;logements;terminé;2020;2020-06-16;2020-06-16;2020-08-04;4 BIS RUE COLMET LEPINAY;93100;BQ 1;218;SCI FLODAV;394918189;Changement de destination : bureaux → logement · 1 logement créé;transformation sans extension ni diminution de surface;habitation;un logement individuel;;1;0;0;0;0;parcelle_actuelle;2.439817;48.855513
PC09304819B0140;PC;09304819B0140;logements;annulé;2019;2020-06-19;;;4 A 7 RUE DE LA DHUYS;93100;A 215, A 4;7041;OFFICE PUBLIC DE L'HABITAT MONTREUILLOIS;488777160;Construction neuve · 29 logements créés;nouvelle construction;habitation;collectif hors résidence;;29;1909;0;0;0;parcelle_actuelle;2.451901;48.875048
DP09304820B0120;DP;09304820B0120;locaux;terminé;2020;2020-06-23;2020-11-23;2021-10-21;3 RUE DES ROCHES /88 RUE EMI;93100;K 182;15681;CELLNEX FRANCE SAS;821460102;Agrandissement de 8 m² (équipement d'intérêt collectif);extension de surface sans transformation;service public ou d'intérêt collectif;;;;0;0;8;0;parcelle_actuelle;2.459497;48.874317
DP09304820B0067;DP;09304820B0067;locaux;autorisé;2020;2020-06-26;;;1 BOULEVARD ROUGET DE LISLE;93100;AK 1;163;RAYANE;811341114;Réaménagement de locaux (bureaux);transformation sans extension ni diminution de surface;bureaux;;;;0;0;0;0;parcelle_actuelle;2.441148;48.861644
DP09304820B0132;DP;09304820B0132;locaux;terminé;2020;2020-06-26;2020-06-26;2020-08-01;27 RUE PIERRE DE MONTREUIL;93100;BY 146;153;;;Réaménagement de locaux (commerce);transformation sans extension ni diminution de surface;commerce;;;;0;0;0;0;parcelle_actuelle;2.453435;48.862859
PC09304819B0199;PC;09304819B0199;locaux;terminé;2019;2020-06-26;2021-02-15;2021-04-19;55-63 RUE GASTON LAURIAU;93100;BV 170;3888;GRAND COSMOS GASTON LAURIAU;878318815;Réaménagement de locaux (bureaux), avec agrandissement;transformation avec extension de surface;bureaux;;;;0;0;119;0;parcelle_actuelle;2.447357;48.858786
PD09304819B0016;PD;09304819B0016;demolir;autorisé;2019;2020-06-26;;;18 RUE DE LA CONVENTION;93100;AF 154;683;VILLA LES CHATAIGNIERS;848305728;Démolition;;;;;;;;;;parcelle_actuelle;2.442834;48.863485
PD09304820B0005;PD;09304820B0005;demolir;autorisé;2020;2020-06-26;;;8-12 VILLA ARISTIDE BRIAND;93100;E 83, E 84, E 85;;SAS ACACIA AMENAGEMENT;528352560;Démolition;;;;;;;;;;parcelle_ancienne;2.467421;48.875351
PD09304820B0008;PD;09304820B0008;demolir;autorisé;2020;2020-06-26;;;173/1 RUE ETIENNE MARCEL;93100;AY 26, AY 27, AY 28;1352;SOCIETE DE REQUALICATION DES QUARTIERS ANCIENS;521804237;Démolition;;;;;;;;;;parcelle_actuelle;2.420974;48.856523
PC09304819B0186;PC;09304819B0186;locaux;terminé;2019;2020-06-29;2021-04-01;2021-12-02;38 AV LEON GAUMONT;93100;BC 2;107;SCI NOVENGO IMMOBILIER;809635998;Agrandissement de 181 m² (bureaux);extension de surface sans transformation;bureaux;;;;0;0;181;8;parcelle_actuelle;2.415974;48.851929
PC09304819B0204;PC;09304819B0204;logements+locaux;terminé;2019;2020-07-08;2021-10-01;2024-04-06;223 BD THEOPHILE SUEUR;93100;CG 259;122;;;Réaménagement de locaux (entrepôt), avec agrandissement · 1 logement créé;transformation avec extension de surface;habitation;un logement individuel;;1;69;0;0;47;parcelle_actuelle;2.466980;48.859040
PC09304819B0133;PC;09304819B0133;logements+locaux;commencé;2019;2020-07-10;2024-07-08;;1 TER RUE MARCEL SEMBAT;93100;AR 222;130;SCI CASINO;442054623;Construction neuve · 3 logements créés;nouvelle construction;habitation;collectif hors résidence;;3;237;0;175;130;parcelle_actuelle;2.433672;48.858981
PC09304820B0014;PC;09304820B0014;logements;commencé;2020;2020-07-10;2021-04-01;;20 RUE GASTON COUTE;93100;OY 214;;;;Construction neuve · 1 logement créé;nouvelle construction;habitation;un logement individuel;;1;178;68;0;0;adresse;2.440983;48.871349
PD09304820B0010;PD;09304820B0010;demolir;autorisé;2020;2020-07-10;;;188 B RUE DE ROMAINVILLE;93100;N 210, N 225;;;;Démolition;;;;;;;;;;parcelle_actuelle;2.447305;48.873795
PC09304819B0129;PC;09304819B0129;locaux;annulé;2019;2020-07-13;;;PLACE GUERNICA / RUE FRANK ESPACE COMMERCIAL GRAND ANGLE;93100;AJ 209, AJ 210, AJ 213;21214;DG FINANCE;830911608;Agrandissement de 99 m² (commerce);extension de surface sans transformation;commerce;;;;0;0;99;0;parcelle_actuelle;2.442282;48.861530
PC09304820B0036;PC;09304820B0036;logements;terminé;2020;2020-07-13;2020-11-02;2022-08-15;1 RUE DE LA CAPSULERIE;93100;AP 362, AP 349;88;SCI SONIA;524047081;Construction neuve · 1 logement créé;nouvelle construction;habitation;un logement individuel;;1;50;0;0;0;parcelle_actuelle;2.434563;48.861936
PD09304820B0006;PD;09304820B0006;demolir;autorisé;2020;2020-07-15;;;236-2 RUE DE PARIS / 2 RUE PAUL;93100;AY 58;;SOCIETE DE REQUALICATION DES QUARTIERS ANCIENS;521804237;Démolition;;;;;;;;;;parcelle_actuelle;2.419438;48.855519
PC09304819B0185;PC;09304819B0185;logements;commencé;2019;2020-07-17;2021-06-11;;33 RUE DES CAILLOTS;93100;AE 53;348;;;Construction neuve · 3 logements créés;nouvelle construction;habitation;plusieurs logements individuels;;3;275;140;0;0;parcelle_actuelle;2.440881;48.866151
DP09304820B0215;DP;09304820B0215;logements;terminé;2020;2020-07-21;2020-08-21;2020-09-27;9 AVENUE PAUL SIGNAC;93100;R 4;;;;Changement de destination : atelier d'artisanat → logement · 1 logement créé;transformation sans extension ni diminution de surface;habitation;un logement individuel;;1;0;0;0;0;parcelle_actuelle;2.452434;48.868830
PC09304820B0004;PC;09304820B0004;locaux;commencé;2020;2020-07-21;2020-10-02;;26 RUE DE PARIS;93100;AR 89;336;PHARMACIE MONTREUIL 93-24/24;844146951;Agrandissement de 56 m² (commerce);extension de surface sans transformation;commerce;;;;0;0;56;0;parcelle_actuelle;2.435052;48.858078
PC09304820B0015;PC;09304820B0015;logements;terminé;2020;2020-07-21;2021-10-08;2024-03-29;4 RUE JULES VERNE;93100;J 199;;ZANE ONE;848522173;Construction neuve · 18 logements créés;nouvelle construction;habitation;collectif hors résidence;;18;415;86;0;0;parcelle_actuelle;2.459015;48.871037
DP09304820B0105;DP;09304820B0105;logements;autorisé;2020;2020-07-22;;;9 RUE CLOTILDE GAILLARD;93100;BO 162;349;;;Changement de destination : atelier d'artisanat → logement · 1 logement créé;transformation sans extension ni diminution de surface;habitation;un logement individuel;;1;0;0;0;0;parcelle_actuelle;2.442555;48.858540
DP09304820B0130;DP;09304820B0130;locaux;autorisé;2020;2020-07-24;;;143 AVENUE DU PRESIDENT WILSON;93100;BQ 60;;MFC 94100;890701980;Réaménagement de locaux (commerce);transformation sans extension ni diminution de surface;commerce;;;;0;0;0;0;parcelle_actuelle;2.439049;48.853098
DP09304820B0177;DP;09304820B0177;locaux;terminé;2020;2020-07-24;2020-10-24;2021-06-23;18 RUE FRANCOIS ARAGO;93100;AX 58;388;BALAGE;832764625;Agrandissement de 23 m² (bureaux);extension de surface sans transformation;bureaux;;;;0;0;23;14;parcelle_actuelle;2.427081;48.855879
DP09304820B0243;DP;09304820B0243;locaux;autorisé;2020;2020-07-24;;;30 RUE DE STALINGRAD;93100;BO 341;21182;ORANGE;380129866;Construction neuve · 2 m² (équipement d'intérêt collectif);nouvelle construction;service public ou d'intérêt collectif;;;;0;0;2;0;parcelle_actuelle;2.442288;48.859409
PC09304819B0099;PC;09304819B0099;logements;annulé;2019;2020-07-24;;;119 B RUE DE PARIS;93100;AX 53;;HABITATS GROUPES;848097416;Agrandissement de 502 m² · 4 logements créés;extension de surface sans transformation;habitation;collectif hors résidence;;4;502;170;0;0;parcelle_actuelle;2.426992;48.856156
PC09304819B0198;PC;09304819B0198;logements;commencé;2019;2020-07-24;2021-05-03;;92 AVENUE PASTEUR;93100;AE 146;;;;Construction neuve · 9 logements créés;nouvelle construction;habitation;collectif hors résidence;;9;801;155;0;170;parcelle_actuelle;2.435838;48.866760
PC09304819B0201;PC;09304819B0201;logements+locaux;commencé;2019;2020-07-24;2021-11-01;;8 BIS PLACE DE LA FRATERNITE;93100;AY 1;230;FRATERNITE;482415205;Construction neuve · 3 logements créés;nouvelle construction;habitation;collectif hors résidence;;3;618;0;90;367;parcelle_actuelle;2.422406;48.856750
PC09304820B0008;PC;09304820B0008;logements;annulé;2020;2020-07-24;;;73 RUE RAPATEL;93100;BT 85;576;;;Agrandissement de 165 m² · 1 logement créé;extension de surface sans transformation;habitation;un logement individuel;;1;165;18;0;0;parcelle_actuelle;2.444260;48.855475
PC09304820B0066;PC;09304820B0066;logements;terminé;2020;2020-07-24;2021-04-07;2023-06-12;78 RUE CONDORCET;93100;BP 78;;J.L IMMOBILIER;378247027;Changement de destination : entrepôt → logement · 1 logement créé;transformation sans extension ni diminution de surface;habitation;un logement individuel;;1;0;0;0;0;parcelle_actuelle;2.441857;48.856911
PD09304820B0007;PD;09304820B0007;demolir;autorisé;2020;2020-07-24;;;7 RUE DES BRAVES;93100;CQ 359, CQ 360;451;DEPARTEMENT DE LA SEINE SAINT DENIS;229300082;Démolition;;;;;;;;;;parcelle_actuelle;2.480423;48.861352
PC09304819B0197;PC;09304819B0197;logements;autorisé;2019;2020-08-10;;;171 RUE DE PARIS;93100;BH 98;;SCI MILORD;432797264;Agrandissement de 79 m² · 1 logement créé;extension de surface sans transformation;habitation;un logement individuel;;1;79;17;0;0;parcelle_actuelle;2.423113;48.855556
PC09304820B0022;PC;09304820B0022;logements;autorisé;2020;2020-08-10;;;7 RUE BEAUMARCHAIS;93100;BL 17;80;;;Agrandissement de 46 m² · 1 logement créé;extension de surface sans transformation;habitation;un logement individuel;;1;46;0;0;0;parcelle_actuelle;2.431985;48.856874
PD09304820B0009;PD;09304820B0009;demolir;annulé;2020;2020-08-10;;;95-97 RUE PIERRE DE MONTREUIL;93100;BZ 245, BZ 463;;ETABLISSEMENT PUBLIC FONCIER IDF;495120008;Démolition;;;;;;;;;;parcelle_actuelle;2.461124;48.863939
PD09304820B0014;PD;09304820B0014;demolir;autorisé;2020;2020-08-10;;;10 IMPASSE DEGEYTER;93100;E 55, E 217, E 218;;SAS ACACIA AMENAGEMENT;528352560;Démolition;;;;;;;;;;parcelle_ancienne;2.466338;48.874740
PC09304820B0058;PC;09304820B0058;locaux;autorisé;2020;2020-08-14;;;30 RUE DE LA NOUVELLE FRANCE;93100;BZ 362, BZ 561, BZ 517;11701;MURS A FLEURS;879772739;Construction neuve · 70 m² (bâtiment agricole);nouvelle construction;agriculture;;;;0;0;70;0;parcelle_actuelle;2.461023;48.866949
PD09304820B0013;PD;09304820B0013;demolir;autorisé;2020;2020-08-14;;;289-3 RUE DE ROSNY;93100;F 22, F 21, CK 219;;SAS ACACIA AMENAGEMENT;528352560;Démolition;;;;;;;;;;parcelle_actuelle;2.469457;48.872070
PC09304819B0141;PC;09304819B0141;logements;terminé;2019;2020-08-17;2023-06-05;2025-10-29;90-92 BOULEVARD ARISTIDE BRIAND;93100;Q 96, Q 97;;OFFICE PUBLIC DE L'HABITAT MONTREUILLOIS;488777160;Construction neuve · 25 logements créés;nouvelle construction;habitation;collectif hors résidence;;25;1615;0;0;0;parcelle_actuelle;2.452702;48.871321
PC09304819B0176;PC;09304819B0176;locaux;terminé;2019;2020-08-20;2020-12-20;2021-10-12;254 RUE DE PARIS;93100;AZ 53;879;SCI MURS DE FRANCE;493135651;Agrandissement de 78 m² (commerce);extension de surface sans transformation;commerce;;;;0;0;78;0;parcelle_actuelle;2.418216;48.855280
PC09304820B0078;PC;09304820B0078;logements;terminé;2020;2020-09-10;2021-04-09;2022-06-01;31 RUE JULIETTE DODU;93100;CQ 211;72;SCI FOUGERE;499036952;Construction neuve · 1 logement créé;nouvelle construction;habitation;un logement individuel;;1;57;41;0;0;parcelle_actuelle;2.477308;48.860635
DP09304820B0281;DP;09304820B0281;logements;autorisé;2020;2020-09-16;;;68 RUE BEAUMARCHAIS;93100;AS 255;;;;Changement de destination : atelier d'artisanat → logement, avec agrandissement · 1 logement créé;transformation avec extension de surface;habitation;un logement individuel;;1;20;0;0;0;parcelle_actuelle;2.429963;48.854680
DP09304819B0300;DP;09304819B0300;logements+locaux;autorisé;2019;2020-09-26;;;9 AV PAUL SIGNAC ANCIENNE POSTE -BAT B;93100;R 4;3636;;;Réaménagement de locaux (commerce) · 1 logement créé;transformation sans extension ni diminution de surface;commerce;un logement individuel;;1;0;0;0;0;parcelle_actuelle;2.452434;48.868830
DP09304820B0258;DP;09304820B0258;logements;terminé;2020;2020-09-27;2020-10-27;2021-01-01;31 RUE JEAN-JACQUES-ROUSSEAU;93100;BF 92, BF 175, BF 184;;SCI LES BAMBOUS;483698601;Changement de destination : atelier d'artisanat → logement · 1 logement créé;transformation sans extension ni diminution de surface;habitation;un logement individuel;;1;0;0;0;0;parcelle_actuelle;2.427177;48.850279
PC09304820B0062;PC;09304820B0062;logements;terminé;2020;2020-10-01;2021-05-17;2022-01-05;9 RUE COLONEL DELORME;93100;BI 89;322;;;Agrandissement de 189 m² · 2 logements créés;extension de surface sans transformation;habitation;collectif hors résidence;;2;189;0;0;0;parcelle_actuelle;2.429927;48.853752
PC09304820B0063;PC;09304820B0063;logements;commencé;2020;2020-10-01;2020-12-01;;9 BIS RUE DE NORMANDIE;93100;C 220;;;;Construction neuve · 4 logements créés;nouvelle construction;habitation;collectif hors résidence;;4;247;102;0;0;parcelle_ancienne;2.460363;48.876820
PC09304820B0080;PC;09304820B0080;logements;commencé;2020;2020-10-01;2020-11-15;;16 RUE CONDORCET;93100;BU 50;;;;Construction neuve · 1 logement créé;nouvelle construction;habitation;un logement individuel;;1;39;21;0;0;parcelle_actuelle;2.445154;48.858802
PD09304820B0015;PD;09304820B0015;demolir;autorisé;2020;2020-10-01;;;172 RUE DES RUFFINS;93100;CR 379, CR 380;67;DEPARTEMENT DE LA SEINE SAINT DENIS;229300082;Démolition;;;;;;;;;;parcelle_actuelle;2.476866;48.861576
DP09304820B0167;DP;09304820B0167;locaux;autorisé;2020;2020-10-02;;;60 RUE SAINT ANTOINE;93100;BZ 141, BZ 140;825;LE SENS DE L HUMUS;490932704;Construction neuve · 12 m² (bâtiment agricole);nouvelle construction;agriculture;;;;0;0;12;0;parcelle_actuelle;2.458557;48.864805
PC09304820B0041;PC;09304820B0041;locaux;terminé;2020;2020-10-02;2020-11-02;2021-06-01;100 RUE DES RIGONDES;93100;Z 7;285;SCI DE LA DHUIS;352887640;Construction neuve · 200 m² (entrepôt);nouvelle construction;entrepôt;;;;0;0;200;0;parcelle_actuelle;2.435324;48.874336
PC09304820B0059;PC;09304820B0059;logements;annulé;2020;2020-10-02;;;42 BI RUE MOLIERE;93100;BP 104;1050;;;Agrandissement de 228 m² · 1 logement créé;extension de surface sans transformation;habitation;un logement individuel;;1;228;82;0;0;parcelle_actuelle;2.442572;48.857601
PD09304820B0017;PD;09304820B0017;demolir;autorisé;2020;2020-10-02;;;188-1 RUE DES RUFFINS;93100;CQ 175, CQ 176;;DEPARTEMENT DE LA SEINE SAINT DENIS;229300082;Démolition;;;;;;;;;;parcelle_actuelle;2.479479;48.861536
PD09304820B0019;PD;09304820B0019;demolir;autorisé;2020;2020-10-07;;;17 RUE DE LA COTE DU NORD / 7;93100;CR 347, CR 348;;DEPARTEMENT DE LA SEINE SAINT DENIS;229300082;Démolition;;;;;;;;;;parcelle_actuelle;2.474927;48.861653
PC09304820B0055;PC;09304820B0055;locaux;commencé;2020;2020-10-09;2020-10-15;;17 RUE D'ESTIENNE D'ORVES;93100;O 179, O 182;744;;;Construction neuve · 40 m² (entrepôt);nouvelle construction;entrepôt;;;;0;0;40;0;parcelle_actuelle;2.447900;48.871391
PD09304820B0016;PD;09304820B0016;demolir;autorisé;2020;2020-10-12;;;186 TER RUE DES RUFFINS;93100;CQ 177;;DEPARTEMENT DE LA SEINE SAINT DENIS;229300082;Démolition;;;;;;;;;;parcelle_actuelle;2.479359;48.861536
PD09304820B0020;PD;09304820B0020;demolir;autorisé;2020;2020-10-12;;;9 RUE DES BRAVES;93100;CQ 363, CQ 364;;DEPARTEMENT DE LA SEINE SAINT DENIS;229300082;Démolition;;;;;;;;;;parcelle_actuelle;2.480275;48.861329
PD09304820B0023;PD;09304820B0023;demolir;autorisé;2020;2020-10-12;;;186 BIS RUE DES RUFFINS;93100;CQ 178, CQ 370;;DEPARTEMENT DE LA SEINE SAINT DENIS;229300082;Démolition;;;;;;;;;;parcelle_actuelle;2.479244;48.861531
DP09304820B0309;DP;09304820B0309;locaux;autorisé;2020;2020-10-15;;;46 RUE DE LAGNY;93100;BE 357;;ORANGE;380129866;Agrandissement de 12 m² (équipement d'intérêt collectif);extension de surface sans transformation;service public ou d'intérêt collectif;;;;0;0;12;0;parcelle_actuelle;2.425294;48.849579
PC09304820B0095;PC;09304820B0095;logements;terminé;2020;2020-10-22;2021-03-04;2023-03-17;59-61 BD JEANNE D'ARC;93100;BR 159, BR 160;;;;Construction neuve · 2 logements créés;nouvelle construction;habitation;plusieurs logements individuels;;2;319;0;0;0;parcelle_actuelle;2.444790;48.851873
PD09304820B0021;PD;09304820B0021;demolir;autorisé;2020;2020-10-22;;;2 RUE DES BRAVES - 190 RUE D;93100;CQ 174;;DEPARTEMENT DE LA SEINE SAINT DENIS;229300082;Démolition;;;;;;;;;;parcelle_actuelle;2.479764;48.861516
PD09304820B0026;PD;09304820B0026;demolir;autorisé;2020;2020-10-23;;;27-31 RUE JEAN-BAPTISTE LAMARCK;93100;O 294, O 311, O 312;287;COMMUNE DE MONTREUIL;219300480;Démolition;;;;;;;;;;parcelle_actuelle;2.447879;48.872077
PD09304820B0025;PD;09304820B0025;demolir;autorisé;2020;2020-10-28;;;21 RUE DES HAIES FLEURIES;93100;K 111;99;D.L.A.;404167058;Démolition;;;;;;;;;;parcelle_actuelle;2.459375;48.873222
PC09304820B0043;PC;09304820B0043;logements;annulé;2020;2020-10-31;;;65 RUE DU DOCTEUR CALMETTE;93100;AE 284;390;;;Construction neuve · 6 logements créés;nouvelle construction;habitation;collectif hors résidence;;6;331;0;0;0;parcelle_ancienne;2.438517;48.867730
PD09304820B0018;PD;09304820B0018;demolir;autorisé;2020;2020-11-09;;;19-23 RUE COTE DU NORD;93100;CR 154, CR 369, CR 370;;;;Démolition;;;;;;;;;;parcelle_actuelle;2.474443;48.861958
PD09304820B0022;PD;09304820B0022;demolir;autorisé;2020;2020-11-09;;;1 A 5 RUE DES BRAVES - 273 A 281;93100;CQ 69, CQ 70, CQ 77;;DEPARTEMENT DE LA SEINE SAINT DENIS;229300082;Démolition;;;;;;;;;;parcelle_actuelle;2.481136;48.861382
PC09304819B0194;PC;09304819B0194;logements+locaux;terminé;2019;2020-11-10;2021-12-16;2025-02-10;198 RUE DE PARIS;93100;AY 14;6065;COGEDIM PARIS METROPOLE;319293916;Réaménagement de locaux (commerce), avec agrandissement · 116 logements créés;transformation avec extension de surface;habitation;collectif hors résidence;;116;8095;872;1328;2407;parcelle_actuelle;2.421901;48.856259
PC09304820B0071;PC;09304820B0071;logements+locaux;annulé;2020;2020-11-10;;;6 RUE DES ORMES;93100;BT 213;442;MAAN;849195193;Changement de destination : logement → commerce, avec agrandissement · 2 logements créés;transformation avec extension de surface;commerce;plusieurs logements individuels;;2;204;0;530;46;parcelle_actuelle;2.448785;48.856780
PC09304820B0031;PC;09304820B0031;logements+locaux;terminé;2020;2020-11-17;2022-07-05;2024-10-17;236-2 RUE DE PARIS;93100;AY 58, AY 59, AY 60;;SOCIETE CIVILE IMMOBILIERE DOUCET HOCHE;520605049;Construction neuve · 32 logements créés;nouvelle construction;habitation;collectif hors résidence;;32;2297;765;130;205;parcelle_actuelle;2.419343;48.855474
PC09304820B0021;PC;09304820B0021;logements;autorisé;2020;2020-11-19;;;31 RU PARIS;93100;AR 141;100;SCI BOMA;434505632;Agrandissement de 158 m² · 3 logements créés;extension de surface sans transformation;habitation;collectif hors résidence;;3;158;0;0;0;parcelle_actuelle;2.434916;48.857654
PC09304820B0081;PC;09304820B0081;logements;autorisé;2020;2020-11-19;;;65 AVENUE DU PRESIDENT WILSON;93100;BP 11;555;SANEXI;534271184;Agrandissement de 109 m² · 1 logement créé;extension de surface sans transformation;habitation;un logement individuel;;1;109;0;0;0;parcelle_actuelle;2.440462;48.857523
PC09304820B0030;PC;09304820B0030;logements+locaux;annulé;2020;2020-11-26;;;182 BD DE LA BOISSIERE;93100;D 95, D 94;801;;;Construction neuve · 6 logements créés;nouvelle construction;habitation;collectif hors résidence;;6;466;0;162;0;parcelle_actuelle;2.462923;48.876946
PC09304820B0065;PC;09304820B0065;logements+locaux;commencé;2020;2020-11-30;2022-08-10;;15-17 RUE DE NORMANDIE;93100;C 191, C 75;;SCI NORMONTREUIL;854045192;Construction neuve · 22 logements créés;nouvelle construction;habitation;collectif hors résidence;;22;1150;347;286;0;parcelle_actuelle;2.460772;48.876867
PC09304820B0122;PC;09304820B0122;locaux;terminé;2020;2020-11-30;2021-03-01;2021-09-03;45 TE RUE DE LA REVOLUTION;93100;BI 14;585;COPROCOOP ILE DE FRANCE;491329348;Réaménagement de locaux (bureaux), avec agrandissement;transformation avec extension de surface;bureaux;;;;0;0;25;0;parcelle_actuelle;2.428891;48.854195
DP09304820B0348;DP;09304820B0348;logements;terminé;2020;2020-12-03;;2022-10-31;22 RUE BRULEFER;93100;G 121;1234;;;Changement de destination : local industriel → logement · 1 logement créé;transformation sans extension ni diminution de surface;habitation;un logement individuel;;1;0;0;0;0;parcelle_actuelle;2.463803;48.870937
PD09304820B0011;PD;09304820B0011;demolir;autorisé;2020;2020-12-04;;;10-12 PLACE DE LA FRATERNITE;93100;AX 2, AX 3, AX 4;;IMMOBILIERE 3F;552141533;Démolition;;;;;;;;;;parcelle_actuelle;2.422877;48.856726
PD09304820B0027;PD;09304820B0027;demolir;autorisé;2020;2020-12-04;;;77 RUE PARMENTIER;93100;AT 98;;SAINT-CROUZETTE;814312641;Démolition;;;;;;;;;;parcelle_ancienne;2.430939;48.858910
PC09304820B0117;PC;09304820B0117;locaux;terminé;2020;2020-12-10;2020-12-22;2021-04-08;15 RUE ROL TANGUY;93100;BE 338, BE 339, BE 340;;CONSEIL D'ETAT;110000270;Construction neuve · 850 m² (bureaux);nouvelle construction;bureaux;;;;0;0;850;0;parcelle_actuelle;2.422346;48.849987
DP09304820B0386;DP;09304820B0386;logements;terminé;2020;2020-12-15;2021-05-15;2022-03-19;15 BIS RUE STALINGRAD;93100;BU 208;;;;Changement de destination : bureaux → logement · 1 logement créé;transformation sans extension ni diminution de surface;habitation;un logement individuel;;1;0;0;0;0;parcelle_actuelle;2.443590;48.860006
PC09304820B0105;PC;09304820B0105;logements;autorisé;2020;2020-12-15;;;68 RUE DE LA DEMI LUNE;93100;K 75;244;;;Construction neuve · 1 logement créé;nouvelle construction;habitation;un logement individuel;;1;210;0;0;0;parcelle_actuelle;2.460302;48.875099
DP09304820B0377;DP;09304820B0377;logements;terminé;2020;2021-01-07;2021-03-07;2021-07-01;15 RUE MICHELET;93100;BJ 207;938;;;Changement de destination : atelier d'artisanat → logement · 2 logements créés;transformation sans extension ni diminution de surface;habitation;collectif hors résidence;;2;0;0;0;0;parcelle_actuelle;2.433105;48.852361
DP09304820B0441;DP;09304820B0441;logements;autorisé;2020;2021-01-07;;;15/19 RUE MICHELET;93100;BJ 207;938;;;Changement de destination : bureaux → logement · 2 logements créés;transformation sans extension ni diminution de surface;habitation;plusieurs logements individuels;;2;0;0;0;0;parcelle_actuelle;2.433105;48.852361
PC09304820B0017;PC;09304820B0017;locaux;commencé;2020;2021-01-07;2025-06-13;;PLACE BERTHIE ALBRECHT;93100;AN 296, AN 293, AN 290;;OFFICE PUBLIC DE L'HABITAT MONTREUILLOIS;488777160;Construction neuve · 465 m² (commerce);nouvelle construction;commerce;;;;0;0;465;0;parcelle_actuelle;2.429999;48.866880
PC09304820B0091;PC;09304820B0091;logements;terminé;2020;2021-01-08;2021-10-18;2023-03-31;22 RUE DE LA REVOLUTION;93100;BI 34, BI 248, BI 278;677;;;Changement de destination : atelier d'artisanat → logement, avec agrandissement · 1 logement créé;transformation avec extension de surface;habitation;un logement individuel;;1;77;15;0;0;parcelle_actuelle;2.428331;48.855203
PC09304820B0107;PC;09304820B0107;logements+locaux;terminé;2020;2021-01-08;2022-03-02;2023-11-14;4 RUE SAINT JUST;93100;BY 78, BY 150;445;;;Construction neuve · 10 logements créés;nouvelle construction;habitation;collectif hors résidence;;10;756;120;42;0;parcelle_actuelle;2.453460;48.864269
DP09304820B0456;DP;09304820B0456;logements;autorisé;2020;2021-01-22;;;14 RUE DIDEROT;93100;BI 133;1166;;;Changement de destination : bureaux → logement · 1 logement créé;transformation sans extension ni diminution de surface;habitation;un logement individuel;;1;0;0;0;0;parcelle_actuelle;2.428897;48.852455
PC09304820B0079;PC;09304820B0079;logements+locaux;terminé;2020;2021-01-26;2021-10-22;2026-02-24;10 ET PLACE DE LA FRATERNITE;93100;AX 2, AX 3, AX 104;;IMMOBILIERE 3F;552141533;Construction neuve · 32 logements créés;nouvelle construction;habitation;collectif hors résidence;;32;2171;0;253;0;parcelle_actuelle;2.422889;48.856762
PD09304820B0028;PD;09304820B0028;demolir;autorisé;2020;2021-02-01;;;3 PASSAGE DU GAZOMETRE;93100;BJ 22;;;;Démolition;;;;;;;;;;parcelle_actuelle;2.430282;48.851952
PC09304820B0038;PC;09304820B0038;logements+locaux;terminé;2020;2021-02-05;2022-05-30;2025-03-31;40-42 RUE DES RUFFINS;93100;CH 284, CH 48, CH 47;;OFFICE PUBLIC DE L'HABITAT MONTREUILLOIS;488777160;Construction neuve · 53 logements créés;nouvelle construction;habitation;collectif hors résidence;;53;3673;90;105;0;parcelle_actuelle;2.468646;48.862265
PC09304820B0099;PC;09304820B0099;locaux;autorisé;2020;2021-02-05;;;170 RUE DE ROSNY;93100;BZ 559, BZ 557, BZ 555;11991;REGIE AUTONOME DES TRANSPORTS PARISIENS;775663438;Construction neuve · 5 257 m² (équipement d'intérêt collectif);nouvelle construction;service public ou d'intérêt collectif;;;;0;0;5257;0;parcelle_actuelle;2.457726;48.865952
DP09304821B0013;DP;09304821B0013;logements;autorisé;2021;2021-02-09;;;08 RUE BEAUMARCHAIS;93100;AS 47;1683;BRAM;888972072;Changement de destination : atelier d'artisanat → logement · 1 logement créé;transformation sans extension ni diminution de surface;habitation;un logement individuel;;1;0;0;0;0;parcelle_actuelle;2.430892;48.856616
PC09304820B0152;PC;09304820B0152;logements;terminé;2020;2021-02-09;2021-07-20;2023-05-01;35 BIS AVENUE PASTEUR;93100;AL 166;;;;Réduction de surface (démolition partielle) · 2 logements créés;diminution de surface sans transformation;habitation;plusieurs logements individuels;;2;225;0;0;272;parcelle_actuelle;2.437910;48.864780
PD09304821B0001;PD;09304821B0001;demolir;autorisé;2021;2021-02-09;;;258 RUE DE PARIS;93100;AZ 56;;COMMUNE DE MONTREUIL;219300480;Démolition;;;;;;;;;;parcelle_ancienne;2.417844;48.855460
PC09304820B0155;PC;09304820B0155;logements;terminé;2020;2021-02-10;2022-03-14;2024-04-01;42 BI RUE MOLIERE;93100;BP 104;1050;;;Construction neuve · 1 logement créé;nouvelle construction;habitation;un logement individuel;;1;110;82;0;0;parcelle_actuelle;2.442572;48.857601
DP09304821B0026;DP;09304821B0026;logements;autorisé;2021;2021-02-16;;;14 RUE VICTOR MERCIER;93100;BR 87;;;;Agrandissement de 12 m² · 1 logement créé;extension de surface sans transformation;habitation;un logement individuel;;1;12;0;0;0;parcelle_actuelle;2.444450;48.852453
PA09304820B0002;PA;09304820B0002;amenager;terminé;2020;2021-02-16;2021-02-22;2021-05-05;77 RUE PARMENTIER;93100;AT 98;328;SAINT-CROUZETTE;814312641;Aménagement d'un terrain;;;;;;;;;;parcelle_ancienne;2.430939;48.858910
PC09304820B0106;PC;09304820B0106;locaux;terminé;2020;2021-02-16;2022-01-11;2023-11-15;7 RUE SAIGNE;93100;BQ 244;389;SCI SAIGNE;400797320;Agrandissement de 60 m² (bureaux);extension de surface sans transformation;bureaux;;;;0;0;60;0;parcelle_actuelle;2.442972;48.854567
PC09304820B0133;PC;09304820B0133;logements;autorisé;2020;2021-02-16;;;22 RUE HONORE DE BALZAC;93100;K 50;203;;;Construction neuve · 3 logements créés;nouvelle construction;habitation;collectif hors résidence;;3;152;9;0;0;parcelle_actuelle;2.457127;48.874241
PC09304820B0135;PC;09304820B0135;logements;annulé;2020;2021-02-16;;;89 RUE ERNEST SAVART;93100;AD 37;;;;Agrandissement de 135 m² · 1 logement créé;extension de surface sans transformation;habitation;un logement individuel;;1;135;28;0;0;parcelle_actuelle;2.440755;48.868731
PC09304820B0174;PC;09304820B0174;logements;terminé;2020;2021-02-16;2022-02-12;2025-01-16;135 AVENUE DU PRESIDENT SALVAD;93100;C 38;;;;Construction neuve · 1 logement créé;nouvelle construction;habitation;un logement individuel;;1;229;100;0;0;parcelle_actuelle;2.461614;48.875832
PC09304820B0103;PC;09304820B0103;locaux;commencé;2020;2021-02-17;2021-03-29;;168 AVENUE DU PRESIDENT WILSON;93100;BM 172;828;;;Changement de destination : logement → local non résidentiel;transformation sans extension ni diminution de surface;habitation;;;;0;0;0;0;parcelle_actuelle;2.438338;48.853469
PC09304820B0128;PC;09304820B0128;locaux;commencé;2020;2021-02-17;2023-08-28;;4 PASSAGE DES RUFFINS;93100;CR 222;358;;;Agrandissement de 48 m² (bureaux);extension de surface sans transformation;bureaux;;;;24;0;24;0;parcelle_actuelle;2.472691;48.861134
PC09304820B0131;PC;09304820B0131;logements;annulé;2020;2021-02-19;;;84 RUE PARMENTIER;93100;AT 124;217;;;Construction neuve · 1 logement créé;nouvelle construction;habitation;un logement individuel;;1;403;0;0;0;parcelle_actuelle;2.428250;48.858219
PC09304820B0109;PC;09304820B0109;logements;commencé;2020;2021-03-02;2022-03-07;;128 RUE BABEUF;93100;CN 163, CN 161, CN 168;432;;;Construction neuve · 13 logements créés;nouvelle construction;habitation;collectif hors résidence;;13;845;103;0;0;parcelle_actuelle;2.478789;48.867062
PC09304820B0111;PC;09304820B0111;locaux;annulé;2020;2021-03-09;;;81 BIS RUE DE PARIS;93100;AS 501;;;;Changement de destination : logement → local non résidentiel;transformation sans extension ni diminution de surface;habitation;;;;0;0;0;0;adresse;2.431180;48.857097
PC09304820B0145;PC;09304820B0145;logements+locaux;annulé;2020;2021-03-09;2021-05-14;;143 B RUE DE ROSNY ANGLE AVENUE;93100;T 117;903;;;Réaménagement de logements (division, réunion ou rénovation), avec agrandissement · 7 logements après travaux;transformation avec extension de surface;habitation;collectif hors résidence;;7;27;0;0;0;parcelle_actuelle;2.455122;48.866732
PC09304820B0162;PC;09304820B0162;logements;autorisé;2020;2021-03-09;;;6 RUE EMILE RAYNAUD;93100;AE 280;;;;Construction neuve · 1 logement créé;nouvelle construction;habitation;un logement individuel;;1;176;0;0;0;parcelle_actuelle;2.438525;48.867162
PC09304820B0168;PC;09304820B0168;logements;commencé;2020;2021-03-09;2024-02-02;;45 RUE JULES FERRY;93100;AQ 42;268;;;Construction neuve · 1 logement créé;nouvelle construction;habitation;un logement individuel;;1;194;26;0;68;parcelle_actuelle;2.433375;48.861696
PC09304821B0001;PC;09304821B0001;logements;terminé;2021;2021-03-09;2021-11-15;2022-09-04;27 SENTIER TORTUEUX;93100;AD 294, AD 174, AD 295;;;;Construction neuve · 1 logement créé;nouvelle construction;habitation;un logement individuel;;1;131;0;0;0;parcelle_actuelle;2.442704;48.868030
PD09304821B0002;PD;09304821B0002;demolir;autorisé;2021;2021-03-09;;;114 RUE ETIENNE MARCEL;93100;AT 155;;;;Démolition;;;;;;;;;;parcelle_actuelle;2.430119;48.858211
PD09304821B0005;PD;09304821B0005;demolir;autorisé;2021;2021-03-09;;;26 RUE DU PLATEAU;93100;X 108;;;;Démolition;;;;;;;;;;parcelle_actuelle;2.444342;48.869318
PC09304820B0143;PC;09304820B0143;logements;terminé;2020;2021-03-10;2022-07-27;2025-03-16;4 RUE DES GRADINS;93100;AI 57;124;;;Construction neuve · 1 logement créé;nouvelle construction;habitation;un logement individuel;;1;102;0;0;0;parcelle_ancienne;2.447365;48.861914
DP09304821B0103;DP;09304821B0103;logements;autorisé;2021;2021-03-18;;;31 RUE JEAN JACQUES ROUSSEAU;93100;BF 92, BF 175, BF 184;1282;LES LUMIERES;488824988;Changement de destination : atelier d'artisanat → logement · 1 logement créé;transformation sans extension ni diminution de surface;habitation;un logement individuel;;1;0;0;0;0;parcelle_actuelle;2.427177;48.850279
PC09304820B0156;PC;09304820B0156;logements;commencé;2020;2021-03-18;2021-09-08;;3 RUE GASTON COUTE;93100;Y 199, Y 195, Y 196;;;;Construction neuve · 3 logements créés;nouvelle construction;habitation;plusieurs logements individuels;;3;257;0;0;0;parcelle_ancienne;2.440657;48.871262
DP09304821B0097;DP;09304821B0097;logements;autorisé;2021;2021-03-22;;;31 RUE JEAN - JACQUES ROUSSEA;93100;BF 92, BF 175, BF 184;1282;AFOUS;504290669;Changement de destination : atelier d'artisanat → logement · 1 logement créé;transformation sans extension ni diminution de surface;habitation;un logement individuel;;1;0;0;0;0;parcelle_actuelle;2.427177;48.850279
DP09304821B0054;DP;09304821B0054;locaux;terminé;2021;2021-03-23;2021-03-23;2021-05-03;100 RUE HOCHE;93100;AO 127;1922;;;Agrandissement de 17 m² (équipement d'intérêt collectif);extension de surface sans transformation;service public ou d'intérêt collectif;;;;0;0;17;0;parcelle_actuelle;2.431461;48.864074
DP09304821B0069;DP;09304821B0069;locaux;terminé;2021;2021-03-25;2021-08-25;2022-07-01;43 RUE DES SAULES CLOUET;93100;A 59;;M-DESK;891947186;Changement de destination : logement → local non résidentiel;transformation sans extension ni diminution de surface;habitation;;;;0;0;0;0;parcelle_actuelle;2.453660;48.876408
PC09304820B0158;PC;09304820B0158;logements;terminé;2020;2021-03-25;2021-03-29;2021-05-26;8 RUE BEAUMARCHAIS;93100;AS 47;;;;Changement de destination : atelier d'artisanat → logement, avec agrandissement · 1 logement créé;transformation avec extension de surface;habitation;un logement individuel;;1;29;0;0;6;parcelle_actuelle;2.430892;48.856616
PC09304820B0164;PC;09304820B0164;logements;terminé;2020;2021-03-25;2021-04-12;2022-06-25;11 TER RUE ROCHEBRUNE;93100;T 155;;SCI CHAPAUX;431440049;Changement de destination : atelier d'artisanat → logement, avec réduction de surface · 1 logement créé;transformation avec diminution de surface;habitation;un logement individuel;;1;0;0;0;31;parcelle_actuelle;2.449909;48.867016
PC09304820B0130;PC;09304820B0130;logements;annulé;2020;2021-03-26;;;56 RUE DE ROMAINVILLE;93100;U 23;;MHBSF888;827453945;Construction neuve · 1 logement créé;nouvelle construction;habitation;un logement individuel;;1;166;36;0;0;parcelle_actuelle;2.446948;48.866999
DP09304821B0019;DP;09304821B0019;logements;autorisé;2021;2021-04-02;;;12 BD THEOPHILE SUEUR;93100;CK 143;;;;Réaménagement de logements (division, réunion ou rénovation), avec agrandissement · 1 logement après travaux;transformation avec extension de surface;habitation;un logement individuel;;1;18;0;0;0;parcelle_actuelle;2.470662;48.870330
PC09304821B0022;PC;09304821B0022;logements;terminé;2021;2021-04-02;2021-12-28;2023-04-03;79 RUE ALEXIS LEPERE;93100;AC 114;172;;;Construction neuve · 1 logement créé;nouvelle construction;habitation;un logement individuel;;1;138;0;0;0;parcelle_actuelle;2.437890;48.867497
PD09304821B0006;PD;09304821B0006;demolir;autorisé;2021;2021-04-09;;;175.1 RUE DE PARIS;93100;AY 122, AY 123, AY 121;;SOCIETE DE REQUALICATION DES QUARTIERS ANCIENS;521804237;Démolition;;;;;;;;;;parcelle_actuelle;2.422396;48.855277
PC09304820B0119;PC;09304820B0119;locaux;annulé;2020;2021-04-13;2024-04-09;;133 AVENUE DU PRESIDENT WILSON;93100;BQ 51, BQ 215;1014;SCI COMES;411953771;Réaménagement de locaux (commerce);transformation sans extension ni diminution de surface;commerce;;;;0;0;0;0;parcelle_actuelle;2.439835;48.853785
PD09304821B0004;PD;09304821B0004;demolir;autorisé;2021;2021-04-21;;;13 PLACE DE GENERAL DE GAULLE;93100;AM 213;11058;AGENCE PUBLIQUE POUR L'IMMOBILIER DE LA JUSTICE;180092256;Démolition;;;;;;;;;;parcelle_actuelle;2.432559;48.867594
DP09304821B0094;DP;09304821B0094;logements;autorisé;2021;2021-05-03;;;53 RUE EDOUARD VAILLANT;93100;BK 328;;J C T;438476947;Changement de destination : atelier d'artisanat → logement · 1 logement créé;transformation sans extension ni diminution de surface;habitation;un logement individuel;;1;0;0;0;0;parcelle_actuelle;2.432068;48.854041
PC09304820B0136;PC;09304820B0136;logements;autorisé;2020;2021-05-03;;;17 RUE CLAUDE BERNARD;93100;Q 175;;;;Construction neuve · 1 logement créé;nouvelle construction;habitation;un logement individuel;;1;84;0;0;0;parcelle_actuelle;2.451419;48.870447
PD09304821B0008;PD;09304821B0008;demolir;autorisé;2021;2021-05-03;;;8 VILLA MARYSE BASTIE;93100;E 77;;SAS ACACIA AMENAGEMENT;528352560;Démolition;;;;;;;;;;parcelle_ancienne;2.467510;48.875233
PD09304821B0009;PD;09304821B0009;demolir;autorisé;2021;2021-05-04;;;268 BOULEVARD DE LA BOISSIERE;93100;E 79;;SAS ACACIA AMENAGEMENT;528352560;Démolition;;;;;;;;;;parcelle_ancienne;2.467795;48.875508
PD09304821B0010;PD;09304821B0010;demolir;autorisé;2021;2021-05-05;;;6 VILLA MARYSE BASTIE;93100;E 78;;SAS ACACIA AMENAGEMENT;528352560;Démolition;;;;;;;;;;parcelle_ancienne;2.467629;48.875346
PC09304821B0042;PC;09304821B0042;logements;commencé;2021;2021-05-17;2021-07-19;;16 RUE DENIS COUTURIER;93100;AP 91;;;;Construction neuve · 1 logement créé;nouvelle construction;habitation;un logement individuel;;1;94;63;0;0;parcelle_actuelle;2.432761;48.862771
PD09304821B0007;PD;09304821B0007;demolir;autorisé;2021;2021-05-17;;;10 VILLA MARYSE BASTIE;93100;E 76;;SAS ACACIA AMENAGEMENT;528352560;Démolition;;;;;;;;;;parcelle_ancienne;2.467425;48.875140
DP09304821B0098;DP;09304821B0098;logements;terminé;2021;2021-05-21;2021-05-21;2021-05-21;37 BIS RUE LEBOUR;93100;BH 158, BH 242;;;;Changement de destination : bureaux → logement · 1 logement créé;transformation sans extension ni diminution de surface;habitation;un logement individuel;;1;0;0;0;0;parcelle_actuelle;2.425220;48.853478
PC09304820B0124;PC;09304820B0124;logements+locaux;commencé;2020;2021-05-24;2023-04-24;;30 RUE DES CAILLOTS;93100;AG 197;;VILLA LES MERISIERS;889600391;Construction neuve · 15 logements créés;nouvelle construction;habitation;collectif hors résidence;;15;1008;0;146;0;parcelle_actuelle;2.441720;48.866246
PA09304820B0003;PA;09304820B0003;logements+amenager;autorisé;2020;2021-05-25;;;154-1 RUE DE ROSNY;93100;BZ 402, BZ 329, BZ 288;;COMMUNE DE MONTREUIL;219300480;Aménagement d'un terrain;nouvelle construction;habitation;plusieurs logements individuels;;9;396;0;0;0;parcelle_actuelle;2.455717;48.866274
PD09304821B0003;PD;09304821B0003;demolir;autorisé;2021;2021-05-25;;;60 RUE DE VINCENNES;93100;BK 222;;;;Démolition;;;;;;;;;;parcelle_actuelle;2.435549;48.854559
PD09304821B0014;PD;09304821B0014;demolir;autorisé;2021;2021-05-25;;;5-7 IMPASSE MARSEUIL;93100;E 206, E 91;;SAS ACACIA AMENAGEMENT;528352560;Démolition;;;;;;;;;;parcelle_ancienne;2.467226;48.875632
PC09304820B0134;PC;09304820B0134;locaux;autorisé;2020;2021-05-26;;;86 RUE ALEXIS PESNON;93100;AK 87;1206;IMMOBILIERE 3F;552141533;Changement de destination : logement → local non résidentiel;transformation sans extension ni diminution de surface;habitation;;;;0;0;0;0;parcelle_actuelle;2.436984;48.862981
PC09304821B0021;PC;09304821B0021;logements;commencé;2021;2021-05-31;2022-09-01;;195 BD DE LA BOISSIERE;93100;C 114;240;V.S. IMMO;824712079;Construction neuve · 2 logements créés;nouvelle construction;habitation;collectif hors résidence;;2;159;0;0;0;parcelle_actuelle;2.463422;48.877353
PD09304821B0019;PD;09304821B0019;demolir;autorisé;2021;2021-05-31;;;12 RUE GEORGES MELIES;93100;L 115;;;;Démolition;;;;;;;;;;parcelle_actuelle;2.454967;48.873180
PD09304821B0011;PD;09304821B0011;demolir;annulé;2021;2021-06-01;;;8 RUE PIERE DE BERANGER;93100;CL 145;;;;Démolition;;;;;;;;;;parcelle_ancienne;2.468806;48.866406
PD09304821B0018;PD;09304821B0018;demolir;autorisé;2021;2021-06-01;;;9-13 IMPASSE DEGEYTER;93100;E 65, E 66, E 73;;SAS ACACIA AMENAGEMENT;528352560;Démolition;;;;;;;;;;parcelle_actuelle;2.466424;48.875147
PD09304821B0017;PD;09304821B0017;demolir;autorisé;2021;2021-06-03;;;310-3 BOULEVARD DE LA BOISSIERE;93100;F 9, F 10, F 11;;SAS ACACIA AMENAGEMENT;528352560;Démolition;;;;;;;;;;parcelle_ancienne;2.469830;48.872738
PD09304821B0021;PD;09304821B0021;demolir;autorisé;2021;2021-06-10;;;49 RUE DE LA DEMI -LUNE;93100;B 312;350;;;Démolition;;;;;;;;;;parcelle_actuelle;2.458637;48.876339
PD09304821B0013;PD;09304821B0013;demolir;autorisé;2021;2021-06-15;;;268-2 BIS BOULEVARD DE LA BOISSI;93100;E 80, E 81;;SAS ACACIA AMENAGEMENT;528352560;Démolition;;;;;;;;;;parcelle_ancienne;2.467980;48.875691
PC09304821B0041;PC;09304821B0041;logements+locaux;terminé;2021;2021-06-21;2022-07-01;2024-01-20;7 RUE DENIS COUTURIER;93100;AP 306;422;;;Changement de destination : commerce → logement, avec agrandissement · 2 logements créés;transformation avec extension de surface;habitation;plusieurs logements individuels;;2;173;114;127;0;parcelle_actuelle;2.432207;48.862328
PD09304821B0020;PD;09304821B0020;demolir;autorisé;2021;2021-06-21;;;13 RUE FERNAND COMBETTE;93100;M 107;;;;Démolition;;;;;;;;;;parcelle_actuelle;2.451522;48.872296
PC09304821B0028;PC;09304821B0028;logements;autorisé;2021;2021-06-22;;;4 RUE DE LA MONTAGNE PIERREU;93100;H 147, H 146;;;;Construction neuve · 1 logement créé;nouvelle construction;habitation;un logement individuel;;1;109;0;0;0;parcelle_actuelle;2.463809;48.874517
DP09304821B0250;DP;09304821B0250;logements;autorisé;2021;2021-07-01;;;25 RUE EMILE REYNAUD;93100;AE 72, AE 244, AE 268;351;;;Agrandissement de 6 m² · 1 logement créé;extension de surface sans transformation;habitation;un logement individuel;;1;6;0;0;0;parcelle_actuelle;2.439825;48.866848
PD09304820B0024;PD;09304820B0024;demolir;autorisé;2020;2021-07-08;;;30 RUE DES CAILLOTS;93100;AG 197;;;;Démolition;;;;;;;;;;parcelle_actuelle;2.441720;48.866246
PD09304821B0015;PD;09304821B0015;demolir;autorisé;2021;2021-07-08;;;332-3 BOULEVARD DE LA BOISSIERE;93100;F 12, F 13, F 20;;SAS ACACIA AMENAGEMENT;528352560;Démolition;;;;;;;;;;parcelle_ancienne;2.470179;48.872410
PD09304821B0022;PD;09304821B0022;demolir;autorisé;2021;2021-07-08;;;41 RUE DIDEROT;93100;BF 38;242;;;Démolition;;;;;;;;;;parcelle_actuelle;2.426446;48.852165
PA09304821B0001;PA;09304821B0001;amenager;autorisé;2021;2021-07-09;;;43 - RUE SAINT ANTOINE;93100;BZ 369, BZ 549, BZ 552;2410;COMMUNE DE MONTREUIL;219300480;Aménagement d'un terrain;;;;;;;;;;parcelle_actuelle;2.458919;48.865595
PC09304821B0057;PC;09304821B0057;logements;commencé;2021;2021-07-09;2022-07-01;;92 RUE GASTON LAURIAU;93100;BT 308;;;;Construction neuve · 1 logement créé;nouvelle construction;habitation;un logement individuel;;1;130;0;0;0;parcelle_actuelle;2.447964;48.856507
PD09304821B0023;PD;09304821B0023;demolir;autorisé;2021;2021-07-09;;;146 RUE DE STALINGRAD;93100;BS 20;;;;Démolition;;;;;;;;;;parcelle_actuelle;2.448154;48.853346
PC09304821B0051;PC;09304821B0051;logements;annulé;2021;2021-07-16;;;13 BOULEVARD JEANNE D'ARC;93100;BT 68;;PIERVIC PATRIMOINE;844198044;Agrandissement de 121 m² · 2 logements créés;extension de surface sans transformation;habitation;collectif hors résidence;;2;121;63;0;0;parcelle_actuelle;2.445597;48.855510
PC09304821B0025;PC;09304821B0025;logements;terminé;2021;2021-07-23;2023-05-22;2025-12-15;28 RUE DE LA MULTUALITE;93100;C 46;;KCS;812987386;Construction neuve · 3 logements créés;nouvelle construction;habitation;plusieurs logements individuels;;3;280;45;0;0;parcelle_ancienne;2.461018;48.876297
PC09304821B0037;PC;09304821B0037;logements;commencé;2021;2021-07-23;2023-03-15;;22 RUE RAPATEL;93100;BU 236;250;22 RAPATEL;891808818;Construction neuve · 3 logements créés;nouvelle construction;habitation;collectif hors résidence;;3;209;0;0;88;parcelle_actuelle;2.446207;48.857561
PC09304821B0046;PC;09304821B0046;logements;autorisé;2021;2021-07-23;;;4 RUE DU SOLITAIRE;93100;AL 117, AL 119, AL 238;;;;Construction neuve · 1 logement créé;nouvelle construction;habitation;un logement individuel;;1;182;8;0;0;adresse;2.448799;48.862047
PC09304821B0047;PC;09304821B0047;logements;terminé;2021;2021-07-23;2022-09-05;2023-08-26;77 RUE PARMENTIER;93100;AT 98;199;;;Construction neuve · 1 logement créé;nouvelle construction;habitation;un logement individuel;;1;136;0;0;0;parcelle_ancienne;2.430939;48.858910
PC09304821B0055;PC;09304821B0055;logements;terminé;2021;2021-07-23;2022-11-05;2023-12-20;18 RUE DES NEFLIERS;93100;T 110;;;;Construction neuve · 2 logements créés;nouvelle construction;habitation;plusieurs logements individuels;;2;180;0;0;0;parcelle_ancienne;2.453934;48.867023
PC09304821B0058;PC;09304821B0058;logements;terminé;2021;2021-07-23;2022-04-25;2024-12-03;9-11 RUE CONDORCET;93100;BU 114;;;;Changement de destination : atelier d'artisanat → logement, avec réduction de surface · 1 logement créé;transformation avec diminution de surface;habitation;un logement individuel;;1;94;0;0;96;parcelle_actuelle;2.446037;48.858721
PC09304821B0074;PC;09304821B0074;logements;annulé;2021;2021-07-23;;;19 RUE DE LA MARE A L ANE;93100;CD 68, CD 218, CD 476;;S.A.J;477667505;Construction neuve · 19 logements créés;nouvelle construction;habitation;résidence;personnes âgées;19;863;107;0;0;parcelle_actuelle;2.460083;48.862041
DP09304821B0304;DP;09304821B0304;logements;terminé;2021;2021-07-28;2021-07-28;2021-07-28;69 RUE DE STALINGRAD;93100;BU 164;385;;;Changement de destination : atelier d'artisanat → logement, avec agrandissement · 1 logement créé;transformation avec extension de surface;habitation;collectif hors résidence;;1;3;0;0;0;parcelle_actuelle;2.445204;48.856850
DP09304821B0364;DP;09304821B0364;locaux;autorisé;2021;2021-07-28;;;2 RUE FRANKLIN;93100;AJ 310;3740;PLATEAU URBAIN;803939115;Réaménagement de locaux (bureaux);transformation sans extension ni diminution de surface;bureaux;;;;0;0;0;0;parcelle_actuelle;2.444127;48.861195
PD09304821B0025;PD;09304821B0025;demolir;autorisé;2021;2021-07-28;;;23 RUE DES MESSIERS;93100;AT 25;262;;;Démolition;;;;;;;;;;parcelle_ancienne;2.429995;48.859915
PD09304821B0024;PD;09304821B0024;demolir;autorisé;2021;2021-08-03;;;49 RUE LEON LOISEAU;93100;Z 227;205;;;Démolition;;;;;;;;;;parcelle_actuelle;2.438418;48.871172
PC09304821B0068;PC;09304821B0068;logements;autorisé;2021;2021-08-17;;;12 RUE DES HAIES FLEURIES;93100;K 111, J 157, J 205;;;;Construction neuve · 3 logements créés;nouvelle construction;habitation;collectif hors résidence;;3;127;30;0;0;parcelle_actuelle;2.459198;48.872762
PC09304821B0029;PC;09304821B0029;logements;autorisé;2021;2021-08-18;;;5 AVENUE FERDINAND BUISSON;93100;Z 33;;COMMUNE DE DRANCY;219300290;Agrandissement de 90 m² · 2 logements créés;extension de surface sans transformation;habitation;plusieurs logements individuels;;2;90;0;0;4;parcelle_actuelle;2.434139;48.873581
PC09304821B0033;PC;09304821B0033;logements;commencé;2021;2021-08-18;2022-07-08;;37 RUE DANTON;93100;U 71;;;;Construction neuve · 3 logements créés;nouvelle construction;habitation;plusieurs logements individuels;;3;209;0;0;0;parcelle_actuelle;2.449276;48.865602
PC09304821B0063;PC;09304821B0063;logements;commencé;2021;2021-08-23;2021-12-15;;22 RUE DES FEDERES;93100;BJ 111;208;IMMOBILIERE 3F;552141533;Changement de destination : bureaux → logement, avec agrandissement · 11 logements créés;transformation avec extension de surface;habitation;collectif hors résidence;;11;189;79;0;0;parcelle_actuelle;2.432742;48.852088
PC09304821B0039;PC;09304821B0039;logements;terminé;2021;2021-08-26;2021-11-01;2025-03-18;157 B DE LA BOISSI RE;93100;C 134;472;SCI LA BOISSIERE;380853796;Agrandissement de 206 m² · 3 logements créés;extension de surface sans transformation;habitation;collectif hors résidence;;3;206;0;0;0;parcelle_actuelle;2.460717;48.877705
PC09304821B0056;PC;09304821B0056;logements;autorisé;2021;2021-08-27;;;83 RUE DE LA SOLIDARITE;93100;BR 31;;SCI ANGELO;790741235;Changement de destination : atelier d'artisanat → logement · 1 logement créé;transformation sans extension ni diminution de surface;habitation;un logement individuel;;1;0;0;0;0;parcelle_actuelle;2.444582;48.852963
PC09304821B0004;PC;09304821B0004;logements+locaux;annulé;2021;2021-08-30;;;58 RUE NUNGESSER;93100;CK 23, CK 24, CK 201;894;SCI VERS LA VIE;834244600;Construction neuve;nouvelle construction;habitation;;sociale;0;595;292;832;0;parcelle_actuelle;2.468483;48.869569
PC09304821B0061;PC;09304821B0061;logements+locaux;terminé;2021;2021-09-17;2022-03-25;2024-06-27;48 RUE DOUY DELCUPE;93100;BL 48, BL 44;;COGEDIM PARIS METROPOLE;319293916;Construction neuve · 24 logements créés;nouvelle construction;habitation;collectif hors résidence;;24;1789;0;449;991;parcelle_actuelle;2.431483;48.855778
PC09304821B0092;PC;09304821B0092;logements;commencé;2021;2021-09-17;2024-07-08;;9 RUE MOLIERE;93100;BO 364;;SCI MONTREUIL & CO;828095372;Agrandissement de 679 m² · 8 logements créés;extension de surface sans transformation;habitation;collectif hors résidence;;8;679;0;0;88;parcelle_actuelle;2.441015;48.858509
PC09304821B0099;PC;09304821B0099;logements;annulé;2021;2021-09-17;2022-03-23;;77 RUE PARMENTIER;93100;AT 98, AT 99;;;;Construction neuve · 1 logement créé;nouvelle construction;habitation;un logement individuel;;1;234;0;0;0;parcelle_actuelle;2.430917;48.858943
PC09304821B0119;PC;09304821B0119;locaux;terminé;2021;2021-09-23;2022-09-15;2024-03-05;33 RUE DENIS COUTURIER;93100;AP 8;259;;;Agrandissement de 34 m² (commerce);extension de surface sans transformation;commerce;;;;0;0;34;0;parcelle_actuelle;2.432517;48.863759
PC09304821B0101;PC;09304821B0101;logements;annulé;2021;2021-10-14;;;22 RUE DE LA DEFENSE;93100;CR 106;276;;;Agrandissement de 38 m² · 1 logement créé;extension de surface sans transformation;habitation;un logement individuel;;1;38;17;0;0;parcelle_actuelle;2.474922;48.860478
PC09304821B0076;PC;09304821B0076;logements+locaux;commencé;2021;2021-10-26;2023-04-12;;17 RUE CATHERINE PUIG;93100;AY 26;;SCCV CHERE CATHERINE;919005074;Construction neuve · 13 logements créés;nouvelle construction;habitation;collectif hors résidence;;13;1031;0;184;0;parcelle_ancienne;2.421051;48.856509
PC09304821B0110;PC;09304821B0110;logements;annulé;2021;2021-10-26;;;26 BD JEANNE D ARC;93100;BT 23, BT 24, BT 25;1588;;;Changement de destination : bureaux → logement, avec agrandissement · 2 logements créés;transformation avec extension de surface;habitation;collectif hors résidence;;2;53;0;0;0;parcelle_actuelle;2.444774;48.854671
PC09304821B0112;PC;09304821B0112;locaux;autorisé;2021;2021-10-26;;;69 RUE FRANCOIS ARAGO;93100;BI 148;421;ONIRIQUE;813739406;Réaménagement de locaux (entrepôt), avec réduction de surface;transformation avec diminution de surface;entrepôt;;;;0;0;0;11;parcelle_actuelle;2.427910;48.853647
PC09304821B0125;PC;09304821B0125;locaux;autorisé;2021;2021-10-26;;;99 RUE STALINGRAD;93100;BT 108;4079;EST ENSEMBLE;200057875;Réaménagement de locaux (local industriel);transformation sans extension ni diminution de surface;industrie;;;;0;0;0;0;parcelle_actuelle;2.447292;48.855051
PC09304821B0154;PC;09304821B0154;logements+locaux;terminé;2021;2021-10-26;2022-02-01;2025-05-30;34 RUE DES GRAVIERS;93100;Y 380, Y 383, Y 386;;SCI JEAN;891254799;Construction neuve · 3 logements créés;nouvelle construction;habitation;collectif hors résidence;;3;249;146;196;0;parcelle_actuelle;2.440733;48.871377
PD09304821B0026;PD;09304821B0026;demolir;commencé;2021;2021-10-29;;;55-55 RUE DU PREFET CLAUDE ERIGN;93100;BC 65, BC 125;;AGLM IMMO;817487077;Démolition;;;;;;;;;;parcelle_actuelle;2.416907;48.851455
PC09304821B0118;PC;09304821B0118;logements;commencé;2021;2021-11-02;2022-06-20;;14 RUE DE LA POINTE;93100;V 194;237;;;Agrandissement de 116 m² · 1 logement créé;extension de surface sans transformation;habitation;un logement individuel;;1;116;24;0;0;parcelle_actuelle;2.443011;48.868824
PC09304821B0146;PC;09304821B0146;logements;annulé;2021;2021-11-02;;;11 RUE JULES FERY;93100;AQ 112;229;;;Changement de destination : atelier d'artisanat → logement, avec réduction de surface · 1 logement créé;transformation avec diminution de surface;habitation;un logement individuel;;1;69;9;0;73;parcelle_actuelle;2.433475;48.860504
PC09304821B0086;PC;09304821B0086;logements;terminé;2021;2021-11-05;2022-05-25;2022-11-28;2 RUE BAUDIN;93100;U 47;475;CODOMUS;839322310;Réaménagement de logements (division, réunion ou rénovation), avec agrandissement · 1 logement après travaux;transformation avec extension de surface;habitation;un logement individuel;;1;35;0;0;0;parcelle_actuelle;2.447070;48.866467
PC09304821B0113;PC;09304821B0113;logements;terminé;2021;2021-11-09;2022-12-09;2024-09-09;24 RUE HENRI WALLON;93100;CE 221;;FREHA;383349107;Construction neuve · 8 logements créés;nouvelle construction;habitation;collectif hors résidence;;8;278;0;0;0;parcelle_actuelle;2.459810;48.856826
PC09304821B0054;PC;09304821B0054;locaux;autorisé;2021;2021-11-10;;;3 RUE DE ROSNY;93100;AJ 310;;SCCV OPALE MONTREUIL;885134916;Agrandissement de 1296 m² (bureaux);extension de surface sans transformation;bureaux;;;;0;0;1296;1075;parcelle_actuelle;2.444127;48.861195
PC09304821B0162;PC;09304821B0162;logements;commencé;2021;2021-11-23;2022-05-18;;21 RU DE L'HERMITAGE;93100;P 112;298;;;Construction neuve · 2 logements créés;nouvelle construction;habitation;plusieurs logements individuels;;2;304;0;0;0;parcelle_actuelle;2.449991;48.868314
PC09304821B0155;PC;09304821B0155;locaux;commencé;2021;2021-11-26;2023-12-11;;95 TE AVENUE PASTEUR;93100;AB 12;;;;Construction neuve · 134 m² (commerce);nouvelle construction;commerce;;;;0;0;134;129;parcelle_actuelle;2.431588;48.870146
PC09304821B0090;PC;09304821B0090;logements+locaux;terminé;2021;2021-11-29;2022-07-01;2025-07-18;89 BOULEVARD CHANZY;93100;AT 144;;SCCV MONTREUIL 89 CHANZY;814451035;Construction neuve · 14 logements créés;nouvelle construction;habitation;collectif hors résidence;;14;965;0;63;280;parcelle_actuelle;2.429325;48.858244
DP09304821B0583;DP;09304821B0583;logements;autorisé;2021;2021-12-02;;;55 RUE DESGRANGES;93100;BR 60;74;FONCIERE RAMEAU LULLI LOUVOIS;490714011;Changement de destination : atelier d'artisanat → logement, avec réduction de surface · 1 logement créé;transformation avec diminution de surface;habitation;un logement individuel;;1;0;0;0;54;parcelle_actuelle;2.443219;48.851906
PA09304821B0002;PA;09304821B0002;amenager;autorisé;2021;2021-12-02;;;SITE OUEST DES MURS A PECH;93100;BZ 227, BZ 228, BZ 229;;COMMUNE DE MONTREUIL;219300480;Aménagement d'un terrain;;;;;;;;;;parcelle_actuelle;2.456703;48.863439
PC09304821B0124;PC;09304821B0124;locaux;terminé;2021;2021-12-02;2022-02-02;2022-07-01;33 RUE DU PROGRES;93100;BD 73;;ARKOSE&CO;793196536;Réaménagement de locaux (commerce), avec agrandissement;transformation avec extension de surface;commerce;;;;0;0;67;0;parcelle_actuelle;2.419272;48.851626
PC09304821B0132;PC;09304821B0132;locaux;terminé;2021;2021-12-02;2021-12-16;2023-12-12;53/55 RUE DU PREFET CLAUDE ERIG;93100;BC 65, BC 125, BC 115;9109;AGLM IMMO;817487077;Réduction de surface (démolition partielle);diminution de surface sans transformation;bureaux;;;;0;0;340;462;parcelle_actuelle;2.416884;48.851464
PC09304821B0144;PC;09304821B0144;logements;autorisé;2021;2021-12-02;;;37-39 RUE DE NORMANDIE;93100;C 226;;SCI APYS 26;809436074;Construction neuve · 7 logements créés;nouvelle construction;habitation;collectif hors résidence;;7;471;60;0;0;parcelle_actuelle;2.461801;48.876762
PC09304821B0158;PC;09304821B0158;logements;commencé;2021;2021-12-06;2022-02-28;;18 RUE JULIETTE DODU;93100;CR 339, CR 341;96;;;Agrandissement de 74 m² · 1 logement créé;extension de surface sans transformation;habitation;un logement individuel;;1;74;48;0;0;parcelle_actuelle;2.476802;48.861083
PC09304821B0103;PC;09304821B0103;locaux;autorisé;2021;2021-12-07;;;5 RUE DU MARAIS;93100;AB 105;2117;SCI F5I;814789061;Réaménagement de locaux (bureaux);transformation sans extension ni diminution de surface;bureaux;;;;0;0;0;0;parcelle_actuelle;2.434107;48.870093
PC09304821B0139;PC;09304821B0139;locaux;annulé;2021;2021-12-09;;;1T RUE DU MARAIS;93100;AB 91;2402;S3Y;444703805;Réaménagement de locaux (bureaux), avec agrandissement;transformation avec extension de surface;bureaux;;;;0;0;30;0;parcelle_actuelle;2.433406;48.870021
PC09304821B0166;PC;09304821B0166;logements;commencé;2021;2021-12-10;2022-02-16;;41 RUE DE LA RENARDIERE;93100;C 114;240;GREEN CAP;897950978;Agrandissement de 88 m² · 1 logement créé;extension de surface sans transformation;habitation;un logement individuel;;1;88;9;0;0;parcelle_actuelle;2.463422;48.877353
PC09304821B0078;PC;09304821B0078;logements+locaux;commencé;2021;2021-12-15;2023-04-01;;246-268 BOULEVARD DE LA BO;93100;E 78, E 79, E 80;;SCI MONTREUIL LES RESERVOIRS - BOULEVARD DE LA BOISSIERE;480556042;Construction neuve · 214 logements créés;nouvelle construction;habitation;collectif hors résidence;;214;15118;0;1797;0;parcelle_ancienne;2.467796;48.875495
PC09304821B0145;PC;09304821B0145;logements;annulé;2021;2021-12-16;;;55 RUE ROCHEBRUNE;93100;T 272;223;;;Construction neuve · 3 logements créés;nouvelle construction;habitation;collectif hors résidence;;3;189;0;0;0;parcelle_actuelle;2.453328;48.866169
DP09304821B0505;DP;09304821B0505;logements;autorisé;2021;2021-12-18;;;43 RUE RAYMOND LEFEBVRE;93100;CF 69;;SCI MONTREUIL EPINAY;398538124;Changement de destination : atelier d'artisanat → logement · 1 logement créé;transformation sans extension ni diminution de surface;habitation;un logement individuel;;1;0;0;0;0;parcelle_actuelle;2.459212;48.856139
PC09304821B0107;PC;09304821B0107;locaux;autorisé;2021;2021-12-21;;;118 BD DE LA BOISSIERE;93100;B 305;;SCI DES BOULEVARDS;478222243;Changement de destination : logement → local non résidentiel;transformation sans extension ni diminution de surface;habitation;;;;0;0;0;0;parcelle_actuelle;2.459099;48.877277
DP09304821B0573;DP;09304821B0573;locaux;autorisé;2021;2021-12-31;;;41 RUE DIDEROT;93100;BF 38;242;;;Réaménagement de locaux (commerce);transformation sans extension ni diminution de surface;commerce;;;;0;0;0;0;parcelle_actuelle;2.426446;48.852165
PC09304821B0048;PC;09304821B0048;locaux;autorisé;2021;2021-12-31;;;1 RUE DOMBASLE;93100;AH 172;;REGION ILE DE FRANCE;237500079;Agrandissement de 421 m² (équipement d'intérêt collectif);extension de surface sans transformation;service public ou d'intérêt collectif;;;;0;0;421;0;parcelle_ancienne;2.447733;48.864427
PC09304821B0134;PC;09304821B0134;logements;annulé;2021;2021-12-31;;;21 BI RUE DANTON;93100;U 64, U 154;21;;;Construction neuve · 1 logement créé;nouvelle construction;habitation;un logement individuel;;1;218;0;0;0;parcelle_actuelle;2.448331;48.865926
DP09304821B0642;DP;09304821B0642;locaux;autorisé;2021;2022-01-10;;;175 RUE DE PARIS;93100;AY 123;;;;Changement de destination : logement → local non résidentiel;transformation sans extension ni diminution de surface;habitation;;;;0;0;0;0;parcelle_ancienne;2.422497;48.855305
PC09304821B0102;PC;09304821B0102;logements+locaux;terminé;2021;2022-01-10;2023-09-18;2023-09-18;RUE FRANTZ FANON / RUE SIM;93100;E 66, E 361, E 67;5709;SCI MONTREUIL LES RESERVOIRS - BOULEVARD DE LA BOISSIERE;480556042;Construction neuve · 80 logements créés;nouvelle construction;habitation;collectif hors résidence;;80;5594;0;180;0;parcelle_actuelle;2.466427;48.875114
PC09304821B0148;PC;09304821B0148;logements;annulé;2021;2022-01-10;;;98 RUE DE ROMAINVILLE / ET 4;93100;O 86;289;;;Changement de destination : atelier d'artisanat → logement, avec réduction de surface · 2 logements créés;transformation avec diminution de surface;habitation;plusieurs logements individuels;;2;41;0;0;129;parcelle_actuelle;2.447045;48.870399
PC09304821B0179;PC;09304821B0179;locaux;terminé;2021;2022-01-10;2022-05-01;2024-02-28;90 RUE DU MIDI;93100;AD 130, AD 131;935;;;Construction neuve · 40 m² (commerce);nouvelle construction;commerce;;;;0;0;40;0;parcelle_actuelle;2.441797;48.869110
PC09304821B0199;PC;09304821B0199;logements;terminé;2021;2022-01-12;2022-06-08;2025-09-19;84 RUE PARMENTIER;93100;AT 124;217;;;Construction neuve · 1 logement créé;nouvelle construction;habitation;un logement individuel;;1;426;0;0;0;parcelle_actuelle;2.428250;48.858219
DP09304821B0620;DP;09304821B0620;locaux;terminé;2021;2022-01-18;2022-03-18;2022-08-01;8 RUE MARCELIN BERTHELOT;93100;BM 28, BM 29, BM 31;11997;COMMUNE DE MONTREUIL;219300480;Construction neuve · 24 m² (équipement d'intérêt collectif);nouvelle construction;service public ou d'intérêt collectif;;;;0;0;24;0;parcelle_actuelle;2.437965;48.855752
PC09304821B0133;PC;09304821B0133;logements+locaux;autorisé;2021;2022-01-18;;;192-1 RUE DE PARIS;93100;AY 12;687;LA PARISIENNE;888932845;Changement de destination : logement → local non résidentiel, avec agrandissement · 9 logements créés;transformation avec extension de surface;habitation;collectif hors résidence;;9;373;0;38;0;parcelle_actuelle;2.422325;48.855887
PC09304821B0181;PC;09304821B0181;logements;terminé;2021;2022-01-18;2022-11-14;2024-03-27;4 IMPASSE DU GRAND AIR;93100;CK 84;270;;;Construction neuve · 1 logement créé;nouvelle construction;habitation;un logement individuel;;1;149;63;0;0;parcelle_actuelle;2.470214;48.869499
PC09304821B0195;PC;09304821B0195;logements;terminé;2021;2022-01-18;2022-09-01;2024-09-13;62 RUE EDOUARD BRANLY;93100;I 58;;;;Construction neuve · 1 logement créé;nouvelle construction;habitation;un logement individuel;;1;106;0;0;0;parcelle_actuelle;2.461467;48.869762
PC09304821B0215;PC;09304821B0215;logements;annulé;2021;2022-01-18;;;12 RUE DES MESSIERS;93100;AU 163;182;;;Construction neuve · 1 logement créé;nouvelle construction;habitation;un logement individuel;;1;193;0;0;0;parcelle_actuelle;2.431060;48.860571
DP09304821B0519;DP;09304821B0519;logements;autorisé;2021;2022-01-21;;;21 RUE ERNEST SAVART;93100;AC 18, AC 32, AC 214;1953;ASSOCIATION LA MAIN TENDUE;785476060;Changement de destination : bureaux → logement · 31 logements créés;transformation sans extension ni diminution de surface;habitation;résidence;sociale;31;0;0;0;0;parcelle_actuelle;2.435496;48.868289
DP09304821B0605;DP;09304821B0605;locaux;autorisé;2021;2022-01-24;;;21BIS BOULEVARD PAUL VAILLANT CO;93100;AF 354;5398;;;Réaménagement de locaux (commerce);transformation sans extension ni diminution de surface;commerce;;;;0;0;0;0;parcelle_actuelle;2.441739;48.864436
DP09304822B0004;DP;09304822B0004;logements;terminé;2022;2022-02-01;2022-10-02;2024-03-20;13 RUE PEPIN;93100;AH 42;634;;;Réaménagement de logements (division, réunion ou rénovation) · 1 logement après travaux;transformation sans extension ni diminution de surface;habitation;un logement individuel;;1;0;0;0;0;parcelle_actuelle;2.446092;48.863772
DP09304821B0587;DP;09304821B0587;locaux;autorisé;2021;2022-02-02;;;1 RUE DES GUILANDS;93100;AT 80;;;;Changement de destination : logement → local non résidentiel;transformation sans extension ni diminution de surface;habitation;;;;0;0;0;0;parcelle_actuelle;2.430363;48.859131
PC09304821B0173;PC;09304821B0173;logements;annulé;2021;2022-02-02;;;42 RUE DIDEROT;93100;BI 204;871;;;Agrandissement de 70 m² · 1 logement créé;extension de surface sans transformation;habitation;un logement individuel;;1;70;10;0;0;parcelle_actuelle;2.426878;48.852599
DP09304821B0609;DP;09304821B0609;locaux;autorisé;2021;2022-02-07;;;64-68 RUE ROBESPIERRE;93100;BG 132;5792;ESAT HENRY MARSOULAN;269301123;Construction neuve · 12 m² (équipement d'intérêt collectif);nouvelle construction;service public ou d'intérêt collectif;;;;0;0;12;0;parcelle_actuelle;2.423499;48.851413
DP09304821B0636;DP;09304821B0636;locaux;autorisé;2021;2022-02-07;;;7 RUE KLEBER;93100;BN 108;2531;SAS ORION;901009639;Réaménagement de locaux (bureaux);transformation sans extension ni diminution de surface;bureaux;;;;0;0;0;0;parcelle_actuelle;2.436881;48.857235
DP09304822B0016;DP;09304822B0016;locaux;autorisé;2022;2022-02-07;;;100 RUE HOCHE;93100;AO 127;1911;ON SEME TOUS;853422376;Agrandissement de 17 m² (équipement d'intérêt collectif);extension de surface sans transformation;service public ou d'intérêt collectif;;;;0;0;17;0;parcelle_actuelle;2.431461;48.864074
PC09304821B0174;PC;09304821B0174;locaux;commencé;2021;2022-02-14;2022-11-23;;270 BOULEVARD DE LA BOISSIERE;93100;F 75;;MICRO-CRECHE LES BILINGUES;839684644;Réaménagement de locaux (commerce);transformation sans extension ni diminution de surface;commerce;;;;0;0;0;0;parcelle_actuelle;2.469723;48.874084
PC09304821B0189;PC;09304821B0189;logements;annulé;2021;2022-02-15;;;294 RUE DE ROSNY;93100;CK 222;242;A&S;824786495;Agrandissement de 126 m² · 1 logement créé;extension de surface sans transformation;habitation;un logement individuel;;1;126;0;0;5;parcelle_actuelle;2.468575;48.870672
PC09304821B0214;PC;09304821B0214;logements;commencé;2021;2022-02-15;2023-06-19;;67 RUE PARMENTIER;93100;AT 210;118;;;Construction neuve · 1 logement créé;nouvelle construction;habitation;un logement individuel;;1;163;58;0;0;parcelle_actuelle;2.431472;48.859240
PD09304821B0028;PD;09304821B0028;demolir;autorisé;2021;2022-02-16;;;13 PLACE DU GENERAL DE GAULLE;93100;AM 213;11058;AGENCE PUBLIQUE POUR L'IMMOBILIER DE LA JUSTICE;180092256;Démolition;;;;;;;;;;parcelle_actuelle;2.432559;48.867594
PD09304822B0001;PD;09304822B0001;demolir;annulé;2022;2022-02-18;;;13 PLACE DU GENERAL DE GAULLE;93100;AM 213;11058;AGENCE PUBLIQUE POUR L'IMMOBILIER DE LA JUSTICE;180092256;Démolition;;;;;;;;;;parcelle_actuelle;2.432559;48.867594
PC09304821B0192;PC;09304821B0192;logements;annulé;2021;2022-02-23;;;48-50 SENTIER DE LA FERME / 25 R;93100;T 363;342;SCI DU DRAGON;447945874;Construction neuve · 2 logements créés;nouvelle construction;habitation;plusieurs logements individuels;;2;271;0;0;0;parcelle_actuelle;2.451444;48.867160
DP09304822B0015;DP;09304822B0015;logements;autorisé;2022;2022-02-25;;;90 RUE DE LA FEDERATION;93100;BM 83;126;;;Changement de destination : atelier d'artisanat → logement · 1 logement créé;transformation sans extension ni diminution de surface;habitation;un logement individuel;;1;0;0;0;0;parcelle_actuelle;2.437250;48.853235
PC09304821B0186;PC;09304821B0186;logements;commencé;2021;2022-02-25;2023-06-05;;16 RUE DANTON;93100;AH 171;276;UZAN 93;883911422;Construction neuve · 3 logements créés;nouvelle construction;habitation;collectif hors résidence;;3;249;201;0;0;parcelle_actuelle;2.447706;48.865549
PC09304821B0198;PC;09304821B0198;logements;autorisé;2021;2022-02-25;;;25 RUE EMILE REYNAUD;93100;AE 72, AE 244, AE 268;351;;;Agrandissement de 42 m² · 1 logement créé;extension de surface sans transformation;habitation;un logement individuel;;1;42;0;0;0;parcelle_actuelle;2.439825;48.866848
PC09304821B0213;PC;09304821B0213;logements;commencé;2021;2022-02-25;2026-02-20;;28 RUE DE LA MARE A L ANE;93100;CD 479, CD 480;302;;;Construction neuve · 1 logement créé;nouvelle construction;habitation;un logement individuel;;1;369;0;0;0;parcelle_ancienne;2.460994;48.861853
DP09304822B0037;DP;09304822B0037;locaux;autorisé;2022;2022-03-08;;;78 RUE DES ROCHES;93100;G 165;;GODIJA FRANCE;893376053;Réaménagement de locaux (commerce);transformation sans extension ni diminution de surface;commerce;;;;0;0;0;0;parcelle_actuelle;2.465500;48.870574
PC09304822B0004;PC;09304822B0004;locaux;autorisé;2022;2022-03-08;;;102 RUE HOCHE NA_102 - ILOT MACE;93100;AO 128;;ON SEME TOUS;853422376;Construction neuve · 28 m² (équipement d'intérêt collectif);nouvelle construction;service public ou d'intérêt collectif;;;;0;0;28;0;parcelle_actuelle;2.431048;48.864575
PC09304821B0160;PC;09304821B0160;logements+locaux;terminé;2021;2022-03-22;2022-05-23;2023-09-22;35 RUE DIDEROT;93100;BI 192;;ARBAGE;883096620;Agrandissement de 300 m² (bureaux) · 2 logements créés;extension de surface sans transformation;bureaux;collectif hors résidence;;2;58;0;242;42;parcelle_actuelle;2.427427;48.852387
PC09304821B0188;PC;09304821B0188;logements;terminé;2021;2022-03-22;2023-11-28;2026-06-12;49 RUE LEON LOISEAU;93100;Z 227;205;;;Construction neuve · 1 logement créé;nouvelle construction;habitation;un logement individuel;;1;90;0;0;0;parcelle_actuelle;2.438418;48.871172
PC09304821B0225;PC;09304821B0225;logements;terminé;2021;2022-03-22;2022-04-01;2025-10-31;6 RUE PIERRE JEAN DE BERANGE;93100;CL 145;537;SCI LEAL IMMO;907777510;Construction neuve · 3 logements créés;nouvelle construction;habitation;collectif hors résidence;;3;121;27;0;0;parcelle_ancienne;2.468806;48.866406
PD09304822B0003;PD;09304822B0003;demolir;autorisé;2022;2022-03-22;;;44 RUE DU PLATEAU;93100;X 124;284;;;Démolition;;;;;;;;;;parcelle_actuelle;2.444488;48.869875
PC09304821B0197;PC;09304821B0197;logements+locaux;commencé;2021;2022-03-24;2022-07-05;;39 RUE DES DEUX COMMUNES / 1;93100;BF 78, BF 79;489;SCI D'ATTRIBUTION 39 RUE DES DEUX COMMUNES;908172828;Changement de destination : commerce → logement, avec agrandissement · 9 logements créés;transformation avec extension de surface;habitation;collectif hors résidence;;9;557;0;33;300;parcelle_actuelle;2.429184;48.850466
PD09304822B0004;PD;09304822B0004;demolir;autorisé;2022;2022-03-28;;;26 RUE DES HANOTS;93100;P 115;10354;COMMUNE DE MONTREUIL;219300480;Démolition;;;;;;;;;;parcelle_actuelle;2.448128;48.869654
PC09304821B0201;PC;09304821B0201;logements;terminé;2021;2022-04-06;2022-09-01;2024-02-23;50 RUE COLMET LEPINAY;93100;BQ 153;135;;;Agrandissement de 73 m² · 1 logement créé;extension de surface sans transformation;habitation;un logement individuel;;1;73;0;0;0;parcelle_ancienne;2.444041;48.854406
DP09304822B0131;DP;09304822B0131;logements;terminé;2022;2022-04-08;2022-07-11;2023-02-28;134 RUE HOCHE;93100;AO 151;1378;;;Changement de destination : bureaux → logement · 1 logement créé;transformation sans extension ni diminution de surface;habitation;un logement individuel;;1;0;0;0;0;parcelle_actuelle;2.429466;48.863935
DP09304822B0094;DP;09304822B0094;locaux;autorisé;2022;2022-04-13;;;86 BOULEVARD DE CHANZY;93100;AT 89;57;;;Réaménagement de locaux (commerce);transformation sans extension ni diminution de surface;commerce;;;;0;0;0;0;parcelle_actuelle;2.431586;48.858662
DP09304822B0024;DP;09304822B0024;locaux;autorisé;2022;2022-04-29;;;8 RUE MERIEL;93100;BO 323;300;SCI IRINN;434575098;Réaménagement de locaux (bureaux);transformation sans extension ni diminution de surface;bureaux;;;;0;0;0;0;parcelle_actuelle;2.438140;48.860109
PC09304821B0226;PC;09304821B0226;logements;annulé;2021;2022-04-29;;;215 BOULEVARD THEOPHILE SUEUR;93100;CG 232, CG 233;571;LES HABITATIONS POPULAIRES;575751656;Construction neuve · 5 logements créés;nouvelle construction;habitation;plusieurs logements individuels;;5;505;0;0;0;parcelle_actuelle;2.466879;48.859560
PC09304822B0023;PC;09304822B0023;logements;annulé;2022;2022-05-04;;;62 RUE ERNEST SAVART ET 54 RU;93100;AD 86;;;;Construction neuve · 2 logements créés;nouvelle construction;habitation;plusieurs logements individuels;;2;147;48;0;0;parcelle_ancienne;2.439633;48.868086
PD09304822B0005;PD;09304822B0005;demolir;autorisé;2022;2022-05-04;;;104 BOULEVARD ARISTIDE BRIAND;93100;Q 90;744;;;Démolition;;;;;;;;;;parcelle_actuelle;2.453028;48.871692
PC09304821B0206;PC;09304821B0206;logements+locaux;annulé;2021;2022-05-06;;;78 RUE DE VITRY;93100;AI 106;258;VITREUIL;909236150;Changement de destination : commerce → logement, avec agrandissement · 3 logements créés;transformation avec extension de surface;commerce;plusieurs logements individuels;;3;130;0;58;66;parcelle_actuelle;2.449695;48.862603
PC09304821B0211;PC;09304821B0211;logements+locaux;annulé;2021;2022-05-09;;;81 RUE DE ROSNY;93100;BY 36;254;MCC;445222417;Construction neuve · 6 logements créés;nouvelle construction;habitation;collectif hors résidence;;6;466;93;116;151;parcelle_ancienne;2.449145;48.863410
DP09304822B0205;DP;09304822B0205;logements;terminé;2022;2022-05-19;2022-05-19;2022-06-01;85 AVENUE DU PRESIDENT SALVAD;93100;K 155;304;;;Réaménagement de logements (division, réunion ou rénovation) · 2 logements après travaux;transformation sans extension ni diminution de surface;habitation;collectif hors résidence;;2;0;0;0;0;parcelle_actuelle;2.459840;48.872888
PC09304821B0216;PC;09304821B0216;logements;autorisé;2021;2022-05-19;;;60 AV DU PRESIDENT WILSON;93100;BO 93;275;;;Agrandissement de 121 m² · 1 logement créé;extension de surface sans transformation;habitation;un logement individuel;;1;121;0;0;0;parcelle_actuelle;2.440285;48.858807
PC09304821B0219;PC;09304821B0219;logements;commencé;2021;2022-05-19;2024-03-29;;148 RUE PIERRE DE CURIE;93100;CR 198;;;;Construction neuve · 1 logement créé;nouvelle construction;habitation;un logement individuel;;1;137;0;0;0;parcelle_actuelle;2.476483;48.860568
PC09304822B0025;PC;09304822B0025;logements;terminé;2022;2022-05-27;2023-01-23;2023-09-22;121 RUE MOLIERE;93100;BS 96;;IMMO SEVRES;897701652;Changement de destination : entrepôt → logement, avec réduction de surface · 3 logements créés;transformation avec diminution de surface;habitation;plusieurs logements individuels;;3;0;0;0;98;parcelle_actuelle;2.449292;48.854820
PC09304821B0227;PC;09304821B0227;logements;commencé;2021;2022-05-31;2023-01-26;;61 RUE VICTOR HUGO;93100;AK 269;203;AGNES & AGNES ARCHITECTURE;482809720;Construction neuve · 3 logements créés;nouvelle construction;habitation;collectif hors résidence;;3;258;0;0;0;parcelle_actuelle;2.439510;48.861886
PD09304822B0008;PD;09304822B0008;demolir;autorisé;2022;2022-05-31;;;136 RUE MOLIERE;93100;BS 64;247;;;Démolition;;;;;;;;;;parcelle_actuelle;2.449312;48.854312
DP09304822B0201;DP;09304822B0201;logements;terminé;2022;2022-06-03;2022-07-14;2022-09-12;47 RUE MICHELET;93100;BJ 12;479;;;Changement de destination : atelier d'artisanat → logement · 1 logement créé;transformation sans extension ni diminution de surface;habitation;un logement individuel;;1;0;0;0;0;parcelle_actuelle;2.431014;48.852643
PD09304822B0007;PD;09304822B0007;demolir;autorisé;2022;2022-06-03;;;28 RUE DES NEFLIERS;93100;S 116, S 117;734;ETABLISSEMENT PUBLIC FONCIER IDF;495120008;Démolition;;;;;;;;;;parcelle_actuelle;2.454798;48.867550
PC09304821B0182;PC;09304821B0182;logements+locaux;commencé;2021;2022-06-10;2024-10-30;;83 RUE ROBESPIERRE;93100;BE 71;;M83R;894688571;Construction neuve · 8 logements créés;nouvelle construction;habitation;collectif hors résidence;;8;659;190;40;0;parcelle_actuelle;2.425327;48.850405
PC09304822B0046;PC;09304822B0046;logements;terminé;2022;2022-06-10;2023-03-15;2025-11-12;49 TE RUE DE LA REVOLUTION;93100;BI 65;41;;;Réaménagement de logements (division, réunion ou rénovation), avec agrandissement · 1 logement après travaux;transformation avec extension de surface;habitation;un logement individuel;;1;53;0;0;0;parcelle_ancienne;2.428597;48.853836
PD09304822B0006;PD;09304822B0006;demolir;autorisé;2022;2022-06-10;;;34 RUE DES MESSIERS;93100;AU 123, AU 78, AU 165;3138;OPHLM DE LA VILLE DE MONTREUIL;279300073;Démolition;;;;;;;;;;parcelle_actuelle;2.429752;48.860391
DP09304822B0245;DP;09304822B0245;logements;autorisé;2022;2022-06-13;;;6 RUE LAVOISIER;93100;AY 165;277;;;Changement de destination : bureaux → logement, avec réduction de surface · 1 logement créé;transformation avec diminution de surface;habitation;un logement individuel;;1;0;0;0;2;parcelle_actuelle;2.420366;48.854116
PC09304822B0035;PC;09304822B0035;logements;autorisé;2022;2022-06-20;;;66 RUE EDOUARD BRANLY;93100;I 46;177;KADIMMO;831274188;Construction neuve · 2 logements créés;nouvelle construction;habitation;collectif hors résidence;;2;148;87;0;0;parcelle_actuelle;2.460650;48.870518
PC09304822B0059;PC;09304822B0059;logements;terminé;2022;2022-06-20;2023-03-23;2024-11-12;60 RUE EDOUARD VAILLANT;93100;BK 17, BK 19;269;;;Agrandissement de 210 m² · 1 logement créé;extension de surface sans transformation;habitation;un logement individuel;;1;210;87;0;0;parcelle_actuelle;2.432075;48.854903
PC09304821B0233;PC;09304821B0233;logements;commencé;2021;2022-06-22;2023-07-17;;81-83 RUE EDOUARD BRANLY;93100;J 306;4673;ADOMA;788058030;Construction neuve · 160 logements créés;nouvelle construction;habitation;plusieurs logements individuels;;160;4089;3957;0;0;parcelle_ancienne;2.460518;48.871634
PC09304821B0221;PC;09304821B0221;logements;terminé;2021;2022-06-23;2024-04-15;2026-07-03;25 RUE BEAUMARCHAIS;93100;BL 32;514;;;Construction neuve · 1 logement créé;nouvelle construction;habitation;un logement individuel;;1;144;36;0;0;parcelle_actuelle;2.431684;48.856289
PC09304821B0241;PC;09304821B0241;logements;commencé;2021;2022-06-29;2025-02-03;;24 RUE GASTON LAURIAU;93100;BU 29, BU 30;682;;;Construction neuve · 1 logement créé;nouvelle construction;habitation;un logement individuel;;1;158;32;0;0;parcelle_actuelle;2.444548;48.859742
PC09304821B0217;PC;09304821B0217;locaux;commencé;2021;2022-07-01;2023-10-13;;119 BOULEVARD DE CHANZY;93100;AV 31;201;TAL CORPORATE;388786113;Construction neuve · 632 m² (bureaux);nouvelle construction;bureaux;;;;0;130;632;38;parcelle_actuelle;2.426865;48.858701
PC09304822B0016;PC;09304822B0016;locaux;commencé;2022;2022-07-01;2022-10-24;;4 RUE VICTOR HUGO;93100;BO 87;344;SCI JAFAIR;893203596;Changement de destination : commerce → bureaux, avec agrandissement;transformation avec extension de surface;bureaux;;;;0;0;195;3;parcelle_actuelle;2.439880;48.859554
DP09304822B0278;DP;09304822B0278;locaux;terminé;2022;2022-07-11;2022-09-11;2023-01-21;9 BD PAUL VAILLANT COUTURIER;93100;AF 125;257;LA MAISON BLEUE;821450749;Réaménagement de locaux (commerce);transformation sans extension ni diminution de surface;commerce;;;;0;0;0;0;parcelle_actuelle;2.441605;48.863393
PC09304822B0028;PC;09304822B0028;logements+locaux;terminé;2022;2022-07-11;2022-10-17;2023-08-01;29 BI RUE GAMBETTA;93100;BJ 211;110;MAEL IMMO 2;892073503;Agrandissement de 143 m² · 4 logements créés;extension de surface sans transformation;habitation;collectif hors résidence;;4;97;2;46;0;parcelle_actuelle;2.429958;48.852316
PC09304822B0054;PC;09304822B0054;logements;commencé;2022;2022-07-11;2024-12-20;;140 RUE ETIENNE MARCEL;93100;AT 194, AT 131;234;;;Construction neuve · 1 logement créé;nouvelle construction;habitation;un logement individuel;;1;86;0;0;0;parcelle_actuelle;2.428502;48.857949
PC09304822B0070;PC;09304822B0070;logements;autorisé;2022;2022-07-11;;;11 RUE POULIN;93100;Y 151, Y 150;377;;;Changement de destination : entrepôt → logement, avec agrandissement · 1 logement créé;transformation avec extension de surface;habitation;un logement individuel;;1;23;0;0;0;parcelle_actuelle;2.441452;48.870204
PD09304822B0009;PD;09304822B0009;demolir;autorisé;2022;2022-07-11;;;56 RUE FRANKLIN;93100;AI 259;851;;;Démolition;;;;;;;;;;parcelle_actuelle;2.444398;48.863113
PC09304821B0222;PC;09304821B0222;logements+locaux;commencé;2021;2022-07-19;2023-07-03;;32 RUE DE VILLIERS;93100;AL 123, AL 37;1421;LP PROMOTION PERSICA;895306439;Construction neuve · 29 logements créés;nouvelle construction;habitation;collectif hors résidence;;29;1914;0;115;0;parcelle_actuelle;2.435620;48.865727
PD09304822B0011;PD;09304822B0011;demolir;autorisé;2022;2022-07-19;;;138 RUE MOLIERE;93100;BS 63;240;;;Démolition;;;;;;;;;;parcelle_actuelle;2.449402;48.854286
PC09304822B0073;PC;09304822B0073;logements;commencé;2022;2022-07-26;2023-04-03;;4 RUE MARGUERITE YOURCENAR;93100;AI 32;;;;Changement de destination : atelier d'artisanat → logement, avec agrandissement · 1 logement créé;transformation avec extension de surface;habitation;un logement individuel;;1;79;5;0;0;parcelle_ancienne;2.446596;48.862265
DP09304822B0215;DP;09304822B0215;logements;autorisé;2022;2022-08-08;;;76 RUE DE PARIS;93100;AS 124;49;;;Changement de destination : atelier d'artisanat → logement · 1 logement créé;transformation sans extension ni diminution de surface;habitation;un logement individuel;;1;0;0;0;0;parcelle_actuelle;2.430503;48.857186
DP09304822B0232;DP;09304822B0232;locaux;autorisé;2022;2022-08-08;;;30 RUE DE LAGNY;93100;BF 124;242;;;Agrandissement de 3 m² (commerce);extension de surface sans transformation;commerce;;;;0;0;3;0;parcelle_actuelle;2.427182;48.849032
PC09304822B0055;PC;09304822B0055;logements;terminé;2022;2022-08-10;2023-06-07;2025-12-15;28 RUE DE LA MUTUALITE;93100;C 46;;SCI JARDINS DE MONTREUIL;884084229;Construction neuve · 2 logements créés;nouvelle construction;habitation;plusieurs logements individuels;;2;236;0;0;0;parcelle_ancienne;2.461018;48.876297
DP09304822B0271;DP;09304822B0271;logements;terminé;2022;2022-08-12;2022-09-12;2022-10-28;27 27 BIS RUE SERGENT GODEFRO;93100;BK 75;353;;;Changement de destination : bureaux → logement · 2 logements créés;transformation sans extension ni diminution de surface;habitation;collectif hors résidence;;2;0;0;0;0;parcelle_actuelle;2.431574;48.853856
DP09304822B0341;DP;09304822B0341;logements;terminé;2022;2022-08-12;2023-03-12;2024-05-15;130 BOULEVARD ARISTIDE BRIAND;93100;Q 75, Q 207;1054;SCI SAINT JAMS;503706848;Travaux sur un bâtiment existant · 2 logements créés;;habitation;collectif hors résidence;;2;0;0;0;0;parcelle_actuelle;2.453678;48.872338
PD09304822B0010;PD;09304822B0010;demolir;autorisé;2022;2022-08-12;;;26 RUE CUVIER;93100;BG 64;93;OFFICE PUBLIC DE L'HABITAT MONTREUILLOIS;488777160;Démolition;;;;;;;;;;parcelle_actuelle;2.423654;48.851077
DP09304822B0253;DP;09304822B0253;logements;autorisé;2022;2022-08-13;;;29 RUE BRULEFER;93100;I 121, I 118;2670;VERNEUIL INVESTISSEMENT;902922384;Changement de destination : atelier d'artisanat → logement · 2 logements créés;transformation sans extension ni diminution de surface;habitation;collectif hors résidence;;2;0;0;0;0;parcelle_actuelle;2.462888;48.870726
DP09304822B0331;DP;09304822B0331;locaux;autorisé;2022;2022-08-16;;;7 RUE DU CLOS FRANCAIS;93100;AL 207;811;;;Réaménagement de locaux (bureaux);transformation sans extension ni diminution de surface;bureaux;;;;0;0;0;0;parcelle_actuelle;2.434533;48.865213
PC09304822B0130;PC;09304822B0130;logements;autorisé;2022;2022-08-23;;;57 RU ROCHEBRUNE;93100;T 274;244;;;Agrandissement de 34 m² · 1 logement créé;extension de surface sans transformation;habitation;un logement individuel;;1;34;0;0;0;parcelle_actuelle;2.453410;48.866135
PC09304822B0091;PC;09304822B0091;logements;commencé;2022;2022-09-14;2023-07-18;;2 RUE EMILE BATAILLE;93100;BR 218;;SCI SOIKY;891973638;Construction neuve · 3 logements créés;nouvelle construction;habitation;plusieurs logements individuels;;3;398;0;0;0;parcelle_actuelle;2.446612;48.852508
DP09304822B0295;DP;09304822B0295;logements;autorisé;2022;2022-09-15;;;87 BOULEVARD PAUL VAILLANT CO;93100;V 104;221;SELURL PHARMACIE ODILE FLORENCE CONY;453842726;Changement de destination : atelier d'artisanat → logement · 1 logement créé;transformation sans extension ni diminution de surface;habitation;un logement individuel;;1;0;0;0;0;parcelle_actuelle;2.446108;48.867875
DP09304822B0336;DP;09304822B0336;logements;autorisé;2022;2022-09-15;;;90 RUE DE LA FEDERATION;93100;BM 83;740;;;Changement de destination : atelier d'artisanat → logement · 1 logement créé;transformation sans extension ni diminution de surface;habitation;un logement individuel;;1;0;0;0;0;parcelle_actuelle;2.437250;48.853235
PC09304822B0069;PC;09304822B0069;locaux;commencé;2022;2022-09-15;2023-05-22;;13 AVENUE DE LA RESISTANCE;93100;AR 236;13446;EST ENSEMBLE;200057875;Réduction de surface (démolition partielle);diminution de surface sans transformation;service public ou d'intérêt collectif;;;;0;0;86;113;parcelle_actuelle;2.435784;48.859090
PC09304822B0095;PC;09304822B0095;logements;terminé;2022;2022-09-15;2023-06-19;2024-06-06;62 RUE ERNEST SAVART;93100;AD 86;223;SCA CALMETTE;948011895;Construction neuve · 1 logement créé;nouvelle construction;habitation;un logement individuel;;1;136;0;0;100;parcelle_ancienne;2.439633;48.868086
PC09304822B0115;PC;09304822B0115;logements;terminé;2022;2022-09-15;2022-10-15;2023-02-09;108 RUE DU MOULIN A VENT;93100;Y 34;487;;;Construction neuve · 2 logements créés;nouvelle construction;habitation;collectif hors résidence;;2;100;0;0;0;parcelle_actuelle;2.437072;48.870675
DP09304822B0349;DP;09304822B0349;logements;autorisé;2022;2022-09-23;;;9 RUE LAVOISIER;93100;AY 173;306;;;Changement de destination : bureaux → logement · 1 logement créé;transformation sans extension ni diminution de surface;habitation;un logement individuel;;1;0;0;0;0;parcelle_actuelle;2.421169;48.853888
PC09304822B0108;PC;09304822B0108;logements;terminé;2022;2022-09-23;2024-06-12;2025-09-06;55BIS AVENUE FAIDHERBE;93100;AE 135;54;;;Construction neuve · 1 logement créé;nouvelle construction;habitation;un logement individuel;;1;56;0;0;0;parcelle_actuelle;2.438038;48.866482
PC09304822B0118;PC;09304822B0118;logements;autorisé;2022;2022-09-23;;;8 RUE MARGUERITE YOURCENAR;93100;AI 262;;;;Changement de destination : entrepôt → logement, avec agrandissement · 1 logement créé;transformation avec extension de surface;habitation;un logement individuel;;1;88;0;0;17;parcelle_ancienne;2.446415;48.862541
PC09304822B0104;PC;09304822B0104;locaux;terminé;2022;2022-09-26;2022-09-26;2024-09-30;40 RUE DU SERGENT GODEFROY;93100;AS 5;157;;;Réaménagement de locaux (bureaux), avec agrandissement;transformation avec extension de surface;bureaux;;;;29;0;32;0;parcelle_actuelle;2.429249;48.854729
PC09304822B0081;PC;09304822B0081;logements;autorisé;2022;2022-10-03;;;3 RUE CONDORCET;93100;BU 119;663;MGPARTNERS;535241871;Construction neuve · 3 logements créés;nouvelle construction;habitation;plusieurs logements individuels;;3;672;0;0;0;parcelle_actuelle;2.446270;48.858894
DP09304822B0326;DP;09304822B0326;locaux;autorisé;2022;2022-10-11;;;3 RUE VICTOR HUGO;93100;BO 50;475;;;Changement de destination : logement → local non résidentiel;transformation sans extension ni diminution de surface;habitation;;;;0;0;0;0;parcelle_actuelle;2.439179;48.859305
PC09304822B0096;PC;09304822B0096;logements;terminé;2022;2022-10-11;2023-09-07;2025-12-18;2 BIS RUE JULES FERRY;93100;AQ 360;17498;OFFICE PUBLIC DE L'HABITAT MONTREUILLOIS;488777160;Changement de destination : bureaux → logement, avec agrandissement · 8 logements créés;transformation avec extension de surface;habitation;collectif hors résidence;;8;109;0;0;0;parcelle_actuelle;2.434910;48.860781
PC09304822B0047;PC;09304822B0047;logements+locaux;terminé;2022;2022-10-18;2024-06-17;2026-01-31;12 RUE CARNOT;93100;BP 12;446;AINSI 12 CARNOT;910831635;Agrandissement de 450 m² · 5 logements créés;extension de surface sans transformation;habitation;collectif hors résidence;;5;395;0;55;0;parcelle_actuelle;2.440897;48.857435
PC09304822B0084;PC;09304822B0084;logements;annulé;2022;2022-10-18;;;85 RUE DE LA DEMI-LUNE;93100;C 24;404;IMMO VENTURE INVEST;881842736;Agrandissement de 135 m² · 2 logements créés;extension de surface sans transformation;habitation;collectif hors résidence;;2;135;12;0;0;parcelle_ancienne;2.461024;48.875290
PC09304822B0045;PC;09304822B0045;logements+locaux;autorisé;2022;2022-10-20;;;75 RUE DE LA NOUVELLE FRANCE;93100;CJ 82;152;LA NOUVELLE FRANCE;984266759;Construction neuve · 1 logement créé · 49 m² (bureaux);nouvelle construction;bureaux;un logement individuel;;1;46;0;49;0;parcelle_ancienne;2.461910;48.865488
PC09304822B0097;PC;09304822B0097;logements;terminé;2022;2022-10-24;2022-10-24;2024-06-06;54 RUE DU DOCTEUR CALMETTE;93100;AD 86;223;SCA CALMETTE;948011895;Construction neuve · 1 logement créé;nouvelle construction;habitation;un logement individuel;;1;136;0;0;0;parcelle_ancienne;2.439633;48.868086
PC09304822B0107;PC;09304822B0107;locaux;autorisé;2022;2022-10-25;;;3 RUE DE ROSNY;93100;AJ 310;3740;SCCV OPALE MONTREUIL;885134916;Agrandissement de 7900 m² (bureaux);extension de surface sans transformation;bureaux;;;;0;0;7900;2064;parcelle_actuelle;2.444127;48.861195
PC09304822B0110;PC;09304822B0110;locaux;terminé;2022;2022-10-25;2023-03-07;2025-01-20;11 BI RUE ANATOLE FRANCE;93100;CD 443;334;;;Construction neuve · 100 m² (entrepôt);nouvelle construction;entrepôt;;;;0;0;100;0;parcelle_actuelle;2.460362;48.861261
PC09304822B0152;PC;09304822B0152;logements;commencé;2022;2022-10-25;2024-04-22;;34 RUE PIERRE CURIE;93100;CH 315, CH 313, CH 317;436;AYLAN;900771080;Construction neuve · 2 logements créés;nouvelle construction;habitation;plusieurs logements individuels;;2;405;0;0;0;parcelle_actuelle;2.470121;48.860977
DP09304822B0438;DP;09304822B0438;logements;annulé;2022;2022-11-02;;;22 AVENUE GABRIEL PERI;93100;BP 14;550;;;Agrandissement de 39 m² · 1 logement créé;extension de surface sans transformation;habitation;un logement individuel;;1;39;0;0;0;parcelle_actuelle;2.440357;48.857248
PC09304822B0044;PC;09304822B0044;logements+locaux;autorisé;2022;2022-11-02;;;75 RUE DE LA NOUVELLE FRANCE;93100;CJ 82;152;;;Construction neuve · 1 logement créé;nouvelle construction;habitation;un logement individuel;;1;67;0;23;0;parcelle_ancienne;2.461910;48.865488
PC09304822B0077;PC;09304822B0077;locaux;commencé;2022;2022-11-02;2022-12-01;;166 RUE EDOUARD BRANLY;93100;CE 2;185;LE FAIT TOUT;823398409;Construction neuve · 156 m² (équipement d'intérêt collectif);nouvelle construction;service public ou d'intérêt collectif;;;;0;0;156;0;parcelle_ancienne;2.456967;48.857089
PC09304822B0105;PC;09304822B0105;locaux;autorisé;2022;2022-11-02;;;71 RUE ROBESPIERRE;93100;BG 101;3649;HARYMEL;893571489;Réaménagement de locaux (bureaux), avec réduction de surface;transformation avec diminution de surface;bureaux;;;;0;0;21;43;parcelle_actuelle;2.424896;48.851567
PC09304822B0079;PC;09304822B0079;logements+locaux;commencé;2022;2022-11-07;2024-12-11;;249 RUE DE ROSNY;93100;I 10;3617;BATIGERE MAISON FAMILIALE;357802032;Construction neuve · 27 logements créés;nouvelle construction;habitation;collectif hors résidence;;27;1852;0;36;0;parcelle_ancienne;2.463637;48.870029
DP09304822B0434;DP;09304822B0434;logements;autorisé;2022;2022-11-24;;;16 RUE DE ROSNY;93100;AJ 221;2595;;;Changement de destination : atelier d'artisanat → logement · 1 logement créé;transformation sans extension ni diminution de surface;habitation;un logement individuel;;1;0;0;0;0;parcelle_actuelle;2.445498;48.860805
DP09304822B0422;DP;09304822B0422;logements;autorisé;2022;2022-11-25;;;152 BOULEVARD DE CHANZY;93100;AV 175;5049;;;Changement de destination : atelier d'artisanat → logement · 1 logement créé;transformation sans extension ni diminution de surface;habitation;un logement individuel;;1;0;0;0;0;parcelle_actuelle;2.426468;48.859460
DP09304822B0459;DP;09304822B0459;logements;terminé;2022;2022-11-25;;2024-11-20;4 RUE DES MEUNIERS;93100;BJ 164;581;SCI MEUNIERS FRERES;838335479;Changement de destination : atelier d'artisanat → logement;transformation sans extension ni diminution de surface;habitation;;autre;0;0;0;0;0;parcelle_actuelle;2.433998;48.851163
PC09304822B0043;PC;09304822B0043;logements+locaux;autorisé;2022;2022-11-25;;;75 RUE DE LA NOUVELLE FRANCE;93100;CJ 82;153;;;Construction neuve · 1 logement créé;nouvelle construction;habitation;un logement individuel;;1;66;0;22;0;parcelle_ancienne;2.461910;48.865488
PC09304822B0082;PC;09304822B0082;logements+locaux;terminé;2022;2022-11-25;2024-04-17;2025-12-16;32 RU CHARLES DELAVACQUERIE;93100;CO 24, CO 25;825;MONTREUIL 93 DELAVACQUERIE;922095294;Construction neuve · 19 logements créés;nouvelle construction;habitation;collectif hors résidence;;19;1413;276;50;0;parcelle_ancienne;2.477422;48.865637
DP09304822B0452;DP;09304822B0452;locaux;autorisé;2022;2022-12-02;;;63 AVENUE DE LA RESISTANCE LOGEMENT N_5;93100;AQ 334;999;MINLOC'AP;914579024;Changement de destination : logement → local non résidentiel;transformation sans extension ni diminution de surface;habitation;;;;0;0;0;0;parcelle_actuelle;2.436358;48.861407
PC09304822B0093;PC;09304822B0093;logements+locaux;commencé;2022;2022-12-02;2024-09-19;;65-65 RUE VOLTAIRE / 7 RUE DE RE;93100;BG 84, BG 85;2078;MONTREUIL VOLTAIRE;892904111;Changement de destination : bureaux → logement, avec agrandissement · 20 logements créés;transformation avec extension de surface;bureaux;collectif hors résidence;;20;706;120;522;270;parcelle_actuelle;2.423120;48.852929
PD09304822B0014;PD;09304822B0014;demolir;autorisé;2022;2022-12-02;;;86 BOULEVARD ARISTIDE BRIAND;93100;Q 204;138;ETABLISSEMENT PUBLIC FONCIER IDF;495120008;Démolition;;;;;;;;;;parcelle_actuelle;2.452316;48.871182
PC09304822B0144;PC;09304822B0144;logements;terminé;2022;2022-12-05;2023-05-05;2024-04-01;54 RUE ANNE FRANCK;93100;AP 29;175;;;Agrandissement de 62 m² · 1 logement créé;extension de surface sans transformation;habitation;un logement individuel;;1;62;20;0;0;parcelle_actuelle;2.431989;48.862844
PC09304822B0157;PC;09304822B0157;logements;autorisé;2022;2022-12-05;;;58 RUE NUNGESSER;93100;CK 23, CK 24;3760;TERABILIS;537549479;Construction neuve · 16 logements créés;nouvelle construction;habitation;plusieurs logements individuels;;16;1566;311;0;0;parcelle_actuelle;2.468445;48.869496
PD09304822B0012;PD;09304822B0012;demolir;autorisé;2022;2022-12-05;;;29 RUE VICTOR BEAUSSE;93100;AG 187;422;;;Démolition;;;;;;;;;;parcelle_actuelle;2.443179;48.867508
PC09304822B0158;PC;09304822B0158;logements;annulé;2022;2022-12-12;;;6 RUE DE LA DEMI-LUNE;93100;L 172;780;;;Changement de destination : entrepôt → logement, avec réduction de surface · 3 logements créés;transformation avec diminution de surface;habitation;collectif hors résidence;;3;0;52;0;0;parcelle_actuelle;2.456544;48.876020
PC09304822B0094;PC;09304822B0094;logements+locaux;commencé;2022;2022-12-13;2024-11-15;;10 AVENUE FAIDHERBE;93100;AG 50;;SCCV MONTREUIL FAIDHERBE;823800180;Construction neuve · 8 logements créés;nouvelle construction;habitation;collectif hors résidence;;8;503;54;38;0;parcelle_actuelle;2.442454;48.865804
PC09304822B0145;PC;09304822B0145;logements;commencé;2022;2022-12-13;2024-07-01;;8 RUE GALILEE;93100;BV 4;403;LYMO;790989180;Construction neuve · 8 logements créés;nouvelle construction;habitation;collectif hors résidence;;8;495;0;0;0;parcelle_actuelle;2.447230;48.860953
DP09304822B0430;DP;09304822B0430;logements;terminé;2022;2022-12-16;2023-03-16;2023-10-04;5 RUE DE LA POINTE;93100;AD 156;65;;;Agrandissement de 22 m² · 1 logement créé;extension de surface sans transformation;habitation;un logement individuel;;1;22;3;0;0;parcelle_actuelle;2.442615;48.868865
PC09304822B0119;PC;09304822B0119;logements+locaux;autorisé;2022;2022-12-16;;;40-48 RUE BEAUMARCHAIS;93100;AS 194, AS 197;3753;MONTREUIL BEAUMARCHAIS SAS;890803141;Agrandissement de 2197 m² · 29 logements créés;extension de surface sans transformation;habitation;collectif hors résidence;;29;2122;0;75;547;parcelle_actuelle;2.430246;48.855335
PC09304822B0122;PC;09304822B0122;logements+locaux;autorisé;2022;2022-12-19;;;39-41 RUE DE LA REPUBLIQUE;93100;BG 203;226;VACHON;822582631;Construction neuve · 2 logements créés;nouvelle construction;habitation;plusieurs logements individuels;;2;298;0;198;0;adresse;2.420970;48.852890
PC09304822B0112;PC;09304822B0112;logements+locaux;autorisé;2022;2022-12-23;;;6 RUE DU SERGENT BOBILLOT;93100;BL 122;182;SCCV BOBILLOT;950987727;Construction neuve · 5 logements créés;nouvelle construction;habitation;collectif hors résidence;;5;313;0;65;0;parcelle_actuelle;2.434672;48.857114
PC09304822B0120;PC;09304822B0120;locaux;terminé;2022;2022-12-23;2024-02-05;2025-04-30;63 RUE GASTON LAURIAU;93100;BV 189, BV 170, BV 158;28203;OFFICE PUBLIC DE L'HABITAT MONTREUILLOIS;488777160;Construction neuve · 1 534 m² (équipement d'intérêt collectif);nouvelle construction;service public ou d'intérêt collectif;;;;0;0;1534;0;parcelle_actuelle;2.448052;48.859254
PD09304822B0015;PD;09304822B0015;demolir;autorisé;2022;2022-12-30;;;84 RUE HOCHE;93100;AO 126;497;OFFICE PUBLIC DE L'HABITAT MONTREUILLOIS;488777160;Démolition;;;;;;;;;;parcelle_actuelle;2.432892;48.864205
PC09304822B0121;PC;09304822B0121;logements+locaux;commencé;2022;2023-01-05;2024-01-31;;31 BD ROUGET DE LISLE;93100;BO 58;399;31 ROUGET DE L'ISLE;918326562;Agrandissement de 812 m² · 8 logements créés;extension de surface sans transformation;habitation;collectif hors résidence;;8;599;0;213;305;parcelle_actuelle;2.439222;48.859885
PC09304822B0083;PC;09304822B0083;logements+locaux;commencé;2022;2023-01-09;2025-01-06;;30BIS AVENUE PASTEUR;93100;AF 255, AF 256;242;SCI DES FRERES WEI;408737567;Construction neuve · 8 logements créés;nouvelle construction;habitation;collectif hors résidence;;8;579;0;103;240;parcelle_actuelle;2.439627;48.864177
PC09304822B0165;PC;09304822B0165;logements;terminé;2022;2023-01-09;2023-04-11;2024-03-18;45 RUE DE LA REPUBLIQUE;93100;BG 166;89;TECTRIS;821556032;Agrandissement de 122 m² · 2 logements créés;extension de surface sans transformation;habitation;plusieurs logements individuels;;2;122;0;0;0;parcelle_actuelle;2.420743;48.852823
PC09304822B0175;PC;09304822B0175;logements;commencé;2022;2023-01-09;2023-06-15;;32 RUE DOMBASLE;93100;T 137;708;;;Agrandissement de 108 m² · 1 logement créé;extension de surface sans transformation;habitation;un logement individuel;;1;108;63;0;0;parcelle_actuelle;2.451464;48.865560
PC09304822B0100;PC;09304822B0100;locaux;autorisé;2022;2023-01-13;;;1 AVENUE DE LA RESISTANCE;93100;AR 236;13629;LA MARBRERIE;812182491;Réaménagement de locaux (commerce), avec réduction de surface;transformation avec diminution de surface;commerce;;;;0;0;24;118;parcelle_actuelle;2.435784;48.859090
DP09304822B0480;DP;09304822B0480;logements;autorisé;2022;2023-01-27;;;20 RUE VOLTAIRE;93100;AY 154;2777;;;Changement de destination : bureaux → logement · 1 logement créé;transformation sans extension ni diminution de surface;habitation;un logement individuel;;1;0;0;0;0;parcelle_actuelle;2.421078;48.854264
DP09304822B0526;DP;09304822B0526;logements;terminé;2022;2023-01-27;2023-03-27;2023-07-27;43 RUE DES 3 TERRITOIRES;93100;BR 327;75;PADHOME;850141805;Agrandissement de 15 m² · 1 logement créé;extension de surface sans transformation;habitation;un logement individuel;;1;15;0;0;0;parcelle_actuelle;2.446585;48.851393
PC09304822B0169;PC;09304822B0169;locaux;autorisé;2022;2023-01-27;;;33 RUE NUNGESSER;93100;CJ 332, CJ 334, CJ 162;12625;COMMUNE DE MONTREUIL;219300480;Construction neuve · 40 m² (équipement d'intérêt collectif);nouvelle construction;service public ou d'intérêt collectif;;;;0;0;40;0;parcelle_actuelle;2.466983;48.868527
PD09304823B0001;PD;09304823B0001;demolir;autorisé;2023;2023-01-27;;;187 BIS EDOUARD BRANLY;93100;D 262;2600;ETABLISSEMENT PUBLIC FONCIER IDF;495120008;Démolition;;;;;;;;;;parcelle_ancienne;2.464071;48.876258
DP09304822B0511;DP;09304822B0511;locaux;autorisé;2022;2023-01-28;;;70 RUE DOUY DELCUPE;93100;AS 238, AS 39, AS 40;13777;PRIBON;879031847;Agrandissement de 27 m² (commerce);extension de surface sans transformation;commerce;;;;0;0;27;0;parcelle_actuelle;2.430122;48.856327
PC09304822B0127;PC;09304822B0127;logements+locaux;commencé;2022;2023-01-30;2024-07-01;;12 BD PAUL VAILLANT COUTURIER;93100;AF 136;466;SAS RAMA;942649500;Construction neuve · 15 logements créés;nouvelle construction;habitation;collectif hors résidence;;15;910;0;396;0;parcelle_actuelle;2.442205;48.863682
DP09304822B0528;DP;09304822B0528;locaux;terminé;2022;2023-02-02;2023-02-02;2023-04-22;36 RUE DE ROMAINVILLE;93100;AH 95;1020;;;Changement de destination : logement → local non résidentiel, avec agrandissement;transformation avec extension de surface;habitation;;;;0;0;65;0;parcelle_actuelle;2.446180;48.864999
DP09304822B0532;DP;09304822B0532;locaux;autorisé;2022;2023-02-06;;;22 AV PAUL SIGNAC;93100;T 1;411;;;Changement de destination : logement → local non résidentiel;transformation sans extension ni diminution de surface;habitation;;;;0;0;0;0;parcelle_actuelle;2.451144;48.868720
DP09304822B0510;DP;09304822B0510;logements;autorisé;2022;2023-02-10;;;28 RUE VICTOR BEAUSSE;93100;V 160;267;;;Changement de destination : bureaux → logement · 2 logements créés;transformation sans extension ni diminution de surface;habitation;plusieurs logements individuels;;2;0;0;0;0;parcelle_actuelle;2.444126;48.867265
PC09304822B0179;PC;09304822B0179;logements;terminé;2022;2023-02-17;2024-05-21;2025-11-18;20-22 RUE EDOUARD BRANLY;93100;S 169;236;;;Construction neuve · 1 logement créé;nouvelle construction;habitation;un logement individuel;;1;195;0;0;0;parcelle_ancienne;2.459593;48.868440
DP09304823B0026;DP;09304823B0026;logements;terminé;2023;2023-02-20;2023-02-20;2023-02-25;35 RUE DES MESSIERS;93100;AT 36;514;;;Changement de destination : atelier d'artisanat → logement · 1 logement créé;transformation sans extension ni diminution de surface;habitation;un logement individuel;;1;0;0;0;0;parcelle_actuelle;2.429308;48.859781
PC09304822B0196;PC;09304822B0196;logements;commencé;2022;2023-03-10;2025-08-22;;3 RUE MERLET;93100;BQ 155;411;;;Construction neuve · 3 logements créés;nouvelle construction;habitation;collectif hors résidence;;3;492;80;0;0;parcelle_actuelle;2.443925;48.854280
PC09304822B0202;PC;09304822B0202;logements;annulé;2022;2023-03-10;;;30 RUE DES HANOTS;93100;O 213, O 314, 0 405;340;;;Agrandissement de 85 m² · 1 logement créé;extension de surface sans transformation;habitation;un logement individuel;;1;85;19;0;0;parcelle_actuelle;2.447668;48.870512
DP09304822B0503;DP;09304822B0503;locaux;terminé;2022;2023-03-21;2023-12-21;2025-06-12;88 RUE DE PARIS;93100;AS 215;1997;TOTALENERGIES MARKETING FRANCE;531680445;Agrandissement de 10 m² (commerce);extension de surface sans transformation;commerce;;;;0;0;10;0;parcelle_actuelle;2.429091;48.857029
DP09304823B0038;DP;09304823B0038;locaux;autorisé;2023;2023-03-21;;;42 RUE KLEBER;93100;BL 129;372;;;Changement de destination : logement → local non résidentiel;transformation sans extension ni diminution de surface;habitation;;;;0;0;0;0;parcelle_actuelle;2.434854;48.855278
DP09304823B0074;DP;09304823B0074;locaux;autorisé;2023;2023-03-21;;;8 RUE BONOUVRIER;93100;BI 15, BI 311;741;SCI LNA;827637992;Changement de destination : logement → local non résidentiel;transformation sans extension ni diminution de surface;habitation;;;;0;0;0;0;parcelle_actuelle;2.429349;48.854260
PC09304822B0186;PC;09304822B0186;locaux;terminé;2022;2023-03-21;2023-05-02;2023-11-22;25 RUE DES JARDINS DUFOUR;93100;BZ 517, BZ 561;10485;MURS A FLEURS;879772739;Construction neuve · 98 m² (bâtiment agricole);nouvelle construction;agriculture;;;;0;0;98;0;parcelle_actuelle;2.461091;48.867023
PC09304823B0002;PC;09304823B0002;logements;terminé;2023;2023-03-22;2024-06-17;2025-11-24;193-1 RUE DE ROSNY;93100;S 169;252;;;Construction neuve · 1 logement créé;nouvelle construction;habitation;un logement individuel;;1;138;0;0;0;parcelle_ancienne;2.459593;48.868440
PD09304822B0016;PD;09304822B0016;demolir;autorisé;2022;2023-03-27;;;72 RUE EDOUARD VAILLANT;93100;BK 74;298;;;Démolition;;;;;;;;;;parcelle_actuelle;2.431572;48.853721
PC09304822B0126;PC;09304822B0126;logements+locaux;annulé;2022;2023-03-30;;;3-5 RUE BEAUMARCHAIS;93100;BL 152;865;HEIR INVEST;438490070;Changement de destination : bureaux → logement, avec agrandissement · 5 logements créés;transformation avec extension de surface;habitation;collectif hors résidence;;5;410;0;42;0;parcelle_actuelle;2.431944;48.856985
PD09304823B0003;PD;09304823B0003;demolir;autorisé;2023;2023-03-30;;;222 BOULEVARD DE LA BOISSIERE;93100;E 103;3252;;;Démolition;;;;;;;;;;parcelle_actuelle;2.466119;48.876124
DP09304823B0050;DP;09304823B0050;locaux;autorisé;2023;2023-04-04;;;243 RUE DE PARIS;93100;AZ 21;421;RESIDSOCIAL;803603489;Agrandissement de 5 m² (hôtel);extension de surface sans transformation;hôtels;;;;0;0;5;0;parcelle_actuelle;2.418661;48.854761
PC09304822B0124;PC;09304822B0124;locaux;commencé;2022;2023-04-04;2024-07-01;;119BI RUE DE PARIS;93100;AX 53;434;ILOT 119 BIS;918849910;Changement de destination : logement → commerce, avec agrandissement;transformation avec extension de surface;commerce;;;;0;0;275;128;parcelle_actuelle;2.426992;48.856156
PC09304822B0138;PC;09304822B0138;logements;autorisé;2022;2023-04-04;;;6 BIS RUE GIRARDOT;93100;AK 163;446;SCI GIRARDOT6;893094276;Changement de destination : atelier d'artisanat → logement, avec agrandissement · 2 logements créés;transformation avec extension de surface;habitation;collectif hors résidence;;2;138;0;0;5;parcelle_actuelle;2.440719;48.860629
PC09304822B0166;PC;09304822B0166;logements+locaux;commencé;2022;2023-04-04;2024-11-07;;187 RUE EDOUARD BRANLY;93100;D 262, D 261;5294;MONTREUIL EDOUARD BRANLY;914845607;Changement de destination : logement → local non résidentiel, avec agrandissement · 33 logements créés;transformation avec extension de surface;habitation;collectif hors résidence;;33;2318;24;722;500;parcelle_ancienne;2.464090;48.876247
PD09304823B0002;PD;09304823B0002;demolir;autorisé;2023;2023-04-07;;;50 RUE RASPAIL;93100;BH 177;196;ETABLISSEMENT PUBLIC FONCIER IDF;495120008;Démolition;;;;;;;;;;parcelle_actuelle;2.425037;48.853139
PA09304823B0001;PA;09304823B0001;amenager;autorisé;2023;2023-04-11;;;21bis RUE DE LA SOLIDARITE;93100;BQ 63;873;PROVINI ARSAN;535388599;Aménagement d'un terrain;;;;;;;;;;parcelle_ancienne;2.440239;48.853155
PC09304822B0216;PC;09304822B0216;locaux;autorisé;2022;2023-04-12;;;BOULEVARD ARISTIDE BRIAND;93100;P 115;10354;STUDIO HYBRIDE ARCHITECTES;504453028;Construction neuve · 2 775 m² (équipement d'intérêt collectif);nouvelle construction;service public ou d'intérêt collectif;;;;0;0;2775;0;parcelle_actuelle;2.448128;48.869654
PD09304823B0007;PD;09304823B0007;demolir;autorisé;2023;2023-04-12;;;79 RUE EMILE BEAUFILS;93100;K 180, K 193;1535;COMMUNE DE MONTREUIL;219300480;Démolition;;;;;;;;;;parcelle_actuelle;2.457311;48.873963
PC09304823B0020;PC;09304823B0020;logements;autorisé;2023;2023-04-21;;;12 RUE DES MESSIERS;93100;AU 163;170;R2J;902659457;Construction neuve · 1 logement créé;nouvelle construction;habitation;un logement individuel;;1;142;0;0;0;parcelle_actuelle;2.431060;48.860571
DP09304823B0119;DP;09304823B0119;locaux;autorisé;2023;2023-04-25;;;233 RUE ETIENNE MARCEL;93100;AZ 117, AZ 67, AZ 68;26540;SCI REPAIR HOUSE;822563623;Réaménagement de locaux (commerce);transformation sans extension ni diminution de surface;commerce;;;;0;0;0;0;parcelle_actuelle;2.416361;48.855212
DP09304823B0125;DP;09304823B0125;locaux;autorisé;2023;2023-04-25;;;86 RUE ERNEST SAVART;93100;AD 118;279;;;Réaménagement de locaux (entrepôt);transformation sans extension ni diminution de surface;entrepôt;;;;0;0;0;0;parcelle_actuelle;2.441032;48.868172
PC09304822B0206;PC;09304822B0206;logements;commencé;2022;2023-04-25;2025-03-01;;26 RUE EDOUARD VAILLANT;93100;BL 180;462;SCI LES OEILLETS;441422110;Changement de destination : atelier d'artisanat → logement, avec agrandissement · 3 logements créés;transformation avec extension de surface;habitation;collectif hors résidence;;3;130;0;0;102;parcelle_actuelle;2.432513;48.856443
PC09304822B0211;PC;09304822B0211;locaux;commencé;2022;2023-04-25;2026-02-01;;12 RUE KLEBER;93100;BL 101;384;SCI KLEBER;820914018;Agrandissement de 710 m² (hôtel);extension de surface sans transformation;hôtels;;;;0;0;710;180;parcelle_actuelle;2.436188;48.857102
PC09304822B0213;PC;09304822B0213;logements;terminé;2022;2023-04-25;2023-04-25;2024-07-01;96 RUE PIERRE DE MONTREUIL;93100;CD 28;417;;;Réaménagement de logements (division, réunion ou rénovation) · 2 logements après travaux;transformation sans extension ni diminution de surface;habitation;plusieurs logements individuels;;2;0;0;0;0;parcelle_actuelle;2.462097;48.863220
DP09304823B0102;DP;09304823B0102;locaux;autorisé;2023;2023-05-05;;;193 RUE LENAIN DE TILLEMONT;93100;CG 83;570;;;Changement de destination : logement → local non résidentiel;transformation sans extension ni diminution de surface;habitation;;;;0;0;0;0;parcelle_actuelle;2.466447;48.857028
DP09304823B0153;DP;09304823B0153;locaux;autorisé;2023;2023-05-05;;;27 RUE BRULEFER;93100;I 121;1306;LPB CRECHES;885357004;Réaménagement de locaux (commerce);transformation sans extension ni diminution de surface;commerce;;;;0;0;0;0;parcelle_actuelle;2.462875;48.870727
PC09304822B0200;PC;09304822B0200;locaux;autorisé;2022;2023-05-05;;;43 RUE DIDEROT;93100;BF 38;241;DIDEROT;904025392;Agrandissement de 252 m² (hôtel);extension de surface sans transformation;hôtels;;;;122;0;130;0;parcelle_actuelle;2.426446;48.852165
PC09304822B0204;PC;09304822B0204;locaux;terminé;2022;2023-05-05;2023-12-15;2026-07-06;94BIS RUE MARCEAU;93100;BE 359, BE 47;3989;MARIGNAN IMMOBILIER D'ENTREPRISE;882384175;Construction neuve · 8 594 m² (bureaux);nouvelle construction;bureaux;;;;0;0;8594;4959;parcelle_actuelle;2.425911;48.850160
PC09304823B0005;PC;09304823B0005;logements;commencé;2023;2023-05-05;2023-06-06;;59 BOULEVARD HENRI BARBUSSE;93100;AG 21;181;;;Agrandissement de 40 m² · 1 logement créé;extension de surface sans transformation;habitation;un logement individuel;;1;40;16;0;0;parcelle_actuelle;2.441968;48.867313
PC09304822B0173;PC;09304822B0173;logements;autorisé;2022;2023-05-09;;;50 RUE BEAUMARCHAIS;93100;AS 24;526;MONTREUIL BEAUMARCHAIS SAS;890803141;Construction neuve · 8 logements créés;nouvelle construction;habitation;collectif hors résidence;;8;599;0;0;370;parcelle_actuelle;2.430185;48.855136
DP09304823B0144;DP;09304823B0144;locaux;terminé;2023;2023-05-16;2023-05-23;2023-06-01;89-96 RUE ALEXIS PESNON;93100;AK 84;395;SECOUSSES;822790747;Réaménagement de locaux (commerce), avec réduction de surface;transformation avec diminution de surface;commerce;;;;0;0;0;10;parcelle_actuelle;2.437141;48.863244
PD09304823B0006;PD;09304823B0006;demolir;autorisé;2023;2023-05-22;;;98 BD CHANZY;93100;AT 100;179;;;Démolition;;;;;;;;;;parcelle_actuelle;2.430860;48.858781
PC09304822B0172;PC;09304822B0172;logements+locaux;autorisé;2022;2023-05-24;;;34 RUE JULES GUESDE;93100;CM 246, CM 248;2964;;;Construction neuve · 60 logements créés;nouvelle construction;habitation;collectif hors résidence;;60;4190;1206;470;0;parcelle_actuelle;2.474063;48.863294
PC09304823B0032;PC;09304823B0032;logements;autorisé;2023;2023-05-30;;;32 RUE DOMBASLE;93100;T 137;708;;;Agrandissement de 44 m² · 1 logement créé;extension de surface sans transformation;habitation;un logement individuel;;1;44;0;0;0;parcelle_actuelle;2.451464;48.865560
DP09304823B0207;DP;09304823B0207;logements;autorisé;2023;2023-06-02;;;12 RUE VOLTAIRE;93100;AY 154;2780;SCI BRUNEL;451369755;Changement de destination : bureaux → logement · 1 logement créé;transformation sans extension ni diminution de surface;habitation;un logement individuel;;1;0;0;0;0;parcelle_actuelle;2.421078;48.854264
DP09304823B0061;DP;09304823B0061;locaux;autorisé;2023;2023-06-05;;;69-71 RUE PIERRE DE MONTREUIL;93100;BZ 234, BZ 395;3194;LEZARTS DANS LES MURS;499047983;Agrandissement de 40 m² (bâtiment agricole);extension de surface sans transformation;agriculture;;;;0;0;40;10;parcelle_actuelle;2.458122;48.863271
PC09304823B0010;PC;09304823B0010;locaux;autorisé;2023;2023-06-05;;;52 RUE DE LA FERME;93100;R 227, R 229, R 250;3789;TURENNE STORAGE;892154907;Construction neuve · 4 755 m² (entrepôt);nouvelle construction;entrepôt;;;;0;0;4755;3165;parcelle_actuelle;2.453558;48.868466
PC09304823B0019;PC;09304823B0019;logements;commencé;2023;2023-06-05;2024-01-17;;22 RUE EDOUARD BRANLY;93100;SN 197, SN 191;37;;;Construction neuve · 1 logement créé;nouvelle construction;habitation;un logement individuel;;1;100;0;0;52;adresse;2.459242;48.868830
PC09304823B0048;PC;09304823B0048;logements;terminé;2023;2023-06-05;2023-10-06;2025-10-22;31 RUE JULES FERRY;93100;AQ 50;424;SWEETHOME;531671279;Agrandissement de 214 m² · 2 logements créés;extension de surface sans transformation;habitation;plusieurs logements individuels;;2;214;13;0;0;parcelle_actuelle;2.433208;48.861343
PD09304823B0009;PD;09304823B0009;demolir;autorisé;2023;2023-06-05;;;80 RUE GASTON LAURIAU;93100;BT 172;715;LAUR'IMMO;423019827;Démolition;;;;;;;;;;parcelle_actuelle;2.447736;48.857369
PD09304823B0005;PD;09304823B0005;demolir;autorisé;2023;2023-06-06;;;127 RUE PIERRE DE MONTREUIL;93100;CI 204;7412;EST ENSEMBLE;200057875;Démolition;;;;;;;;;;parcelle_actuelle;2.465124;48.863508
DP09304823B0222;DP;09304823B0222;logements;autorisé;2023;2023-06-09;;;29 RUE DE L EGLISE;93100;AF 305;1076;;;Réaménagement de logements (division, réunion ou rénovation) · 1 logement après travaux;transformation sans extension ni diminution de surface;habitation;un logement individuel;;1;0;0;0;0;parcelle_ancienne;2.443537;48.864037
DP09304823B0247;DP;09304823B0247;logements;autorisé;2023;2023-06-09;;;29 RUE DE L'EGLISE;93100;AF 305;538;;;Réaménagement de logements (division, réunion ou rénovation) · 1 logement après travaux;transformation sans extension ni diminution de surface;habitation;un logement individuel;autre;1;0;0;0;0;parcelle_ancienne;2.443537;48.864037
PC09304822B0201;PC;09304822B0201;logements;terminé;2022;2023-06-10;2023-09-15;2025-03-04;26 RUE DU CAPITAINE DREYFUS;93100;BN 62;373;SCI TREZDEUX;489506915;Changement de destination : atelier d'artisanat → logement, avec agrandissement · 1 logement créé;transformation avec extension de surface;habitation;un logement individuel;;1;49;0;0;11;parcelle_actuelle;2.438552;48.858566
PC09304822B0180;PC;09304822B0180;locaux;autorisé;2022;2023-06-15;;;86 RUE DE LA FEDERATION;93100;BM 59;1430;SECRETARIAT D'ETAT AUPRES DU MINISTRE DE L'ECONOMIE ET DES FINANCES;110002011;Réaménagement de locaux (équipement d'intérêt collectif), avec réduction de surface;transformation avec diminution de surface;service public ou d'intérêt collectif;;;;0;0;21;126;parcelle_actuelle;2.436879;48.853650
PC09304823B0053;PC;09304823B0053;logements;autorisé;2023;2023-06-15;;;20 RUE FERNAND COMBETTE;93100;Q 20;91;SCI NINO ONE;751405697;Construction neuve · 1 logement créé;nouvelle construction;habitation;un logement individuel;;1;149;62;0;0;parcelle_actuelle;2.451853;48.871985
PD09304823B0008;PD;09304823B0008;demolir;autorisé;2023;2023-06-23;;;82 RUE DES RIGONDES;93100;Z 21;370;SCI DE LA DHUIS;352887640;Démolition;;;;;;;;;;parcelle_actuelle;2.434627;48.873984
DP09304823B0094;DP;09304823B0094;logements;autorisé;2023;2023-06-28;;;35 RUE DE LA FEDERATION;93100;BM 108;236;;;Changement de destination : atelier d'artisanat → logement · 1 logement créé;transformation sans extension ni diminution de surface;habitation;un logement individuel;;1;0;0;0;0;parcelle_actuelle;2.438458;48.854131
DP09304823B0254;DP;09304823B0254;locaux;autorisé;2023;2023-07-10;;;120 RUE MOLIERE;93100;BS 179;628;;;Changement de destination : logement → local non résidentiel;transformation sans extension ni diminution de surface;habitation;;;;0;0;0;0;parcelle_ancienne;2.448701;48.854557
PC09304823B0013;PC;09304823B0013;logements;terminé;2023;2023-07-10;2023-10-12;2025-08-01;26 RUE DE LA RENARDIERE;93100;E 173;495;;;Réaménagement de logements (division, réunion ou rénovation), avec agrandissement · 2 logements après travaux;transformation avec extension de surface;habitation;collectif hors résidence;;2;64;0;0;0;parcelle_actuelle;2.465314;48.877390
PC09304823B0030;PC;09304823B0030;logements;commencé;2023;2023-07-10;2025-09-22;;23 RUE DE LA SOLIDARITE;93100;BQ 290, BQ 63;873;;;Construction neuve · 1 logement créé;nouvelle construction;habitation;un logement individuel;;1;197;0;0;0;parcelle_actuelle;2.440241;48.853154
PC09304823B0031;PC;09304823B0031;logements;commencé;2023;2023-07-10;2025-09-22;;23 RUE DE LA SOLIDARITE;93100;BQ 63;873;;;Construction neuve · 1 logement créé;nouvelle construction;habitation;un logement individuel;;1;196;0;0;0;parcelle_ancienne;2.440239;48.853155
PD09304823B0010;PD;09304823B0010;demolir;autorisé;2023;2023-07-10;;;214 BOULEVARD THEOPHILE SUEUR;93100;CH 4;339;OFFICE PUBLIC DE L'HABITAT EST ENSEMBLE HABITAT;488777160;Démolition;;;;;;;;;;parcelle_actuelle;2.465939;48.861533
PD09304823B0004;PD;09304823B0004;demolir;autorisé;2023;2023-07-11;;;16 IMPASSE PIERRE DEGEYTER;93100;E 59;141;SYNDICAT DES EAUX D ILE DE FRANCE;257500017;Démolition;;;;;;;;;;parcelle_actuelle;2.466514;48.874821
PC09304823B0059;PC;09304823B0059;logements;commencé;2023;2023-07-12;2024-05-27;;29 RUE LEON LOISEAU;93100;Y 314, Y 313;379;SCI R.J;418829875;Construction neuve · 1 logement créé;nouvelle construction;habitation;un logement individuel;;1;146;118;0;73;parcelle_actuelle;2.438069;48.870287
PD09304823B0013;PD;09304823B0013;demolir;autorisé;2023;2023-07-12;;;113 BOULEVARD DE LA BOISSIERE;93100;B 49;210;;;Démolition;;;;;;;;;;parcelle_actuelle;2.457977;48.878188
PC09304822B0205;PC;09304822B0205;logements+locaux;autorisé;2022;2023-07-17;;;332 BOULEVARD DE LA BOISSIERE;93100;P 1;13122;SCI MONTREUIL LES RESERVOIRS - BOULEVARD DE LA BOISSIERE;480556042;Construction neuve · 286 logements créés;nouvelle construction;habitation;collectif hors résidence;;286;18730;0;332;0;parcelle_actuelle;2.447064;48.868496
PC09304823B0062;PC;09304823B0062;logements;commencé;2023;2023-07-19;2024-01-08;;18 RUE DE LA RENARDIERE;93100;E 442, E 160;376;;;Réaménagement de logements (division, réunion ou rénovation), avec agrandissement · 1 logement après travaux;transformation avec extension de surface;habitation;un logement individuel;;1;5;0;0;0;parcelle_actuelle;2.466120;48.877094
DP09304822B0527;DP;09304822B0527;locaux;terminé;2022;2023-07-20;2023-11-20;2024-09-06;41 RUE EMILE ZOLA;93100;BG 21;1045;SOC CIVILE DU 41 RUE EMILE ZOLA;352885107;Agrandissement de 13 m² (commerce);extension de surface sans transformation;commerce;;;;0;0;13;0;parcelle_actuelle;2.421519;48.852545
PC09304823B0035;PC;09304823B0035;logements;commencé;2023;2023-07-26;2025-01-13;;31 RUE GAMBETTA;93100;BJ 5, BJ 170;705;PREMIUM;532812955;Changement de destination : bureaux → logement, avec agrandissement · 9 logements créés;transformation avec extension de surface;habitation;collectif hors résidence;;9;216;0;0;175;parcelle_actuelle;2.430134;48.852309
PC09304823B0004;PC;09304823B0004;locaux;autorisé;2023;2023-07-27;;;12 RUE GASTON LAURIAU;93100;BU 7;259;THE LOVECATS;910022987;Agrandissement de 26 m² (commerce);extension de surface sans transformation;commerce;;;;0;0;26;0;parcelle_actuelle;2.443983;48.860264
PD09304823B0012;PD;09304823B0012;demolir;autorisé;2023;2023-07-27;;;132 RUE MOLIERE;93100;BS 66;193;SCI PRECIEUSE;439278912;Démolition;;;;;;;;;;parcelle_actuelle;2.449300;48.854388
PC09304822B0217;PC;09304822B0217;locaux;autorisé;2022;2023-08-06;;;6 PLACE DU MARCHE;93100;AR 99;328;SARL LES FRANGINS;750165219;Agrandissement de 73 m² (commerce);extension de surface sans transformation;commerce;;;;0;0;73;0;parcelle_actuelle;2.434197;48.858169
PC09304823B0026;PC;09304823B0026;locaux;commencé;2023;2023-08-07;2024-06-10;;81 RUE MICHELET;93100;BI 132;766;FONDATION OEUVRE DE LA CROIX SAINT SIMON;784809683;Construction neuve · 2 613 m² (équipement d'intérêt collectif);nouvelle construction;service public ou d'intérêt collectif;;;;0;0;2613;1513;parcelle_actuelle;2.428694;48.852825
DP09304823B0276;DP;09304823B0276;locaux;autorisé;2023;2023-08-08;;;12 RUE ROCHEBRUNE;93100;U 173;;;;Changement de destination : logement → local non résidentiel;transformation sans extension ni diminution de surface;habitation;;;;0;0;0;0;parcelle_actuelle;2.448464;48.866676
PC09304822B0212;PC;09304822B0212;locaux;autorisé;2022;2023-08-08;;;3 RUE KLEBER;93100;BN 108, BN 7;2657;SAS ORION;901009639;Réaménagement de locaux (bureaux), avec réduction de surface;transformation avec diminution de surface;bureaux;;;;0;0;0;62;parcelle_actuelle;2.436885;48.857250
PC09304823B0028;PC;09304823B0028;locaux;commencé;2023;2023-08-08;2025-11-24;;81 RUE DE PARIS;93100;AS 50;346;;;Changement de destination : logement → local non résidentiel;transformation sans extension ni diminution de surface;habitation;;;;0;0;0;0;parcelle_actuelle;2.431154;48.856928
PC09304823B0041;PC;09304823B0041;logements;autorisé;2023;2023-08-08;;;33 RUE DE LA DEMI-LUNE;93100;B 242;1856;SEQUOIA;881243356;Construction neuve · 14 logements créés;nouvelle construction;habitation;collectif hors résidence;;14;1283;0;0;0;parcelle_actuelle;2.457921;48.876494
PD0930482300011;PD;0930482300011;demolir;autorisé;2023;2023-08-08;;;13 PLACE DU GENERAL DE GAULLE;93100;AM 213;;AGENCE PUBLIQUE POUR L'IMMOBILIER DE LA JUSTICE;180092256;Démolition;;;;;;;;;;parcelle_actuelle;2.432559;48.867594
PC09304822B0203;PC;09304822B0203;logements;commencé;2022;2023-08-09;2024-03-11;;3 SENTIER DU TOURNIQUET;93100;AQ 400;356;;;Agrandissement de 49 m² · 1 logement créé;extension de surface sans transformation;habitation;un logement individuel;;1;49;0;0;0;parcelle_actuelle;2.433383;48.860253
PC09304823B0070;PC;09304823B0070;logements+locaux;commencé;2023;2023-08-09;2024-07-01;;66 AV PAUL SIGNAC;93100;T 112;878;SCI PAUL SIGNAC;804812402;Changement de destination : bureaux → logement, avec agrandissement · 3 logements créés;transformation avec extension de surface;habitation;collectif hors résidence;;3;208;0;14;0;parcelle_actuelle;2.454333;48.866920
PD09304823B0011;PD;09304823B0011;demolir;autorisé;2023;2023-08-09;;;13 PLACE DU GENERAL DE GAULLE;93100;AM 213;11058;AGENCE PUBLIQUE POUR L'IMMOBILIER DE LA JUSTICE;180092256;Démolition;;;;;;;;;;parcelle_actuelle;2.432559;48.867594
DP09304823B0184;DP;09304823B0184;locaux;terminé;2023;2023-08-10;2023-08-10;2023-10-01;13 RUE DE LA NOUVELLE FRANCE;93100;CJ 108;499;ALBERT RENE IMMOBILIER;921740155;Changement de destination : logement → local non résidentiel;transformation sans extension ni diminution de surface;habitation;;;;0;0;0;0;parcelle_actuelle;2.462821;48.868497
DP09304823B0285;DP;09304823B0285;logements;terminé;2023;2023-08-23;2023-11-23;2024-06-02;111 BD DE LA BOISSIERE;93100;B 52;162;;;Réaménagement de logements (division, réunion ou rénovation) · 4 logements après travaux;transformation sans extension ni diminution de surface;habitation;collectif hors résidence;;4;0;0;0;0;parcelle_actuelle;2.457850;48.878134
PC09304823B0049;PC;09304823B0049;locaux;autorisé;2023;2023-08-23;;;59 RUE DE LA FERME;93100;R 279;5678;LA PINARELLE;849985973;Changement de destination : entrepôt → bureaux, avec agrandissement;transformation avec extension de surface;bureaux;;;;0;0;472;19;parcelle_actuelle;2.453187;48.869101
PC09304823B0080;PC;09304823B0080;logements;commencé;2023;2023-08-25;2023-08-28;;91 RUE DES CHANTEREINES;93100;X 264, X 404;1044;NEW BOCAL;438467896;Changement de destination : atelier d'artisanat → logement, avec réduction de surface · 3 logements créés;transformation avec diminution de surface;habitation;collectif hors résidence;;3;0;0;0;9;parcelle_actuelle;2.445761;48.872102
PC09304823B0027;PC;09304823B0027;logements;terminé;2023;2023-09-04;2024-10-03;2024-09-30;26 RUE EMILE RAYNAUD;93100;AE 78, AE 257;501;;;Réaménagement de logements (division, réunion ou rénovation), avec agrandissement · 2 logements après travaux;transformation avec extension de surface;habitation;plusieurs logements individuels;;2;38;27;0;0;parcelle_actuelle;2.439583;48.867082
DP09304823B0342;DP;09304823B0342;logements;autorisé;2023;2023-09-07;;;67 RUE VOLTAIRE;93100;BG 82;348;B2JE;799896352;Changement de destination : atelier d'artisanat → logement · 1 logement créé;transformation sans extension ni diminution de surface;habitation;un logement individuel;;1;0;0;0;0;parcelle_actuelle;2.423480;48.852617
DP09304823B0313;DP;09304823B0313;logements;autorisé;2023;2023-10-02;;;3 RUE HOCHE;93100;AK 65;391;;;Réaménagement de logements (division, réunion ou rénovation), avec agrandissement · 7 logements après travaux;transformation avec extension de surface;habitation;collectif hors résidence;;7;38;26;0;0;parcelle_actuelle;2.438620;48.864075
PC09304823B0033;PC;09304823B0033;logements+locaux;autorisé;2023;2023-10-04;;;30 RUE SAINT-JUST;93100;BY 96;577;HAVIM PARTICIPATION;428299465;Construction neuve · 8 logements créés;nouvelle construction;habitation;collectif hors résidence;;8;673;74;121;145;parcelle_actuelle;2.454876;48.862688
PD09304823B0015;PD;09304823B0015;demolir;autorisé;2023;2023-10-04;;;42 RUE ANNE FRANK;93100;AP 353;21;;;Démolition;;;;;;;;;;parcelle_actuelle;2.432540;48.862876
PC09304823B0098;PC;09304823B0098;logements;annulé;2023;2023-10-06;;;112 RUE DE VINCENNES;93100;BK 275;376;;;Construction neuve · 2 logements créés;nouvelle construction;habitation;plusieurs logements individuels;;2;428;97;0;0;parcelle_actuelle;2.434585;48.852850
PC09304823B0101;PC;09304823B0101;locaux;commencé;2023;2023-10-07;2024-04-01;;13 PLACE DU GENERAL DE GAULLE;93100;AM 213;23397;AGENCE PUBLIQUE POUR L'IMMOBILIER DE LA JUSTICE;180092256;Construction neuve · 18 107 m² (équipement d'intérêt collectif);nouvelle construction;service public ou d'intérêt collectif;;;;0;0;18107;0;parcelle_actuelle;2.432559;48.867594
PC09304823B0037;PC;09304823B0037;logements;terminé;2023;2023-10-10;2024-04-15;2025-12-19;7 RUE DESIRE CHARTON;93100;T 23;223;;;Agrandissement de 90 m² · 1 logement créé;extension de surface sans transformation;habitation;un logement individuel;;1;90;0;0;0;parcelle_actuelle;2.450328;48.867532
PC09304823B0044;PC;09304823B0044;logements;autorisé;2023;2023-10-10;;;5 RUE RAYMOND LEFEBVRE;93100;CF 7;92;;;Construction neuve · 1 logement créé;nouvelle construction;habitation;un logement individuel;;1;49;37;0;0;parcelle_actuelle;2.462255;48.857918
PC09304823B0079;PC;09304823B0079;logements;commencé;2023;2023-10-10;2024-12-12;;16 RUE POULIN;93100;X 16;175;;;Construction neuve · 1 logement créé;nouvelle construction;habitation;un logement individuel;;1;125;55;0;0;parcelle_actuelle;2.441700;48.869709
PC09304822B0220;PC;09304822B0220;logements;autorisé;2022;2023-10-16;;;24 RUE DES BRAVES;93100;CQ 341;589;;;Agrandissement de 165 m² · 2 logements créés;extension de surface sans transformation;habitation;collectif hors résidence;;2;165;0;0;0;parcelle_actuelle;2.479724;48.860385
DP09304822B0451;DP;09304822B0451;locaux;autorisé;2022;2023-10-17;;;44 RUE ARMAND CARREL;93100;BC 128;781;FONDATION OEUVRE DE LA CROIX SAINT SIMON;784809683;Réaménagement de locaux (bureaux);transformation sans extension ni diminution de surface;bureaux;;;;0;0;0;0;parcelle_actuelle;2.417867;48.851265
PD09304823B0016;PD;09304823B0016;demolir;autorisé;2023;2023-10-17;;;101 RUE ERNEST SAVART;;AD 30;73;COMMUNE DE MONTREUIL;219300480;Démolition;;;;;;;;;;parcelle_actuelle;2.441267;48.868521
PD09304823B0017;PD;09304823B0017;demolir;autorisé;2023;2023-10-20;;;122 RUE PIERRE DE BERANGER;93100;CJ 48;768;COMMUNE DE MONTREUIL;219300480;Démolition;;;;;;;;;;parcelle_actuelle;2.466584;48.866478
PC09304823B0083;PC;09304823B0083;logements;commencé;2023;2023-10-23;2024-11-14;;44 RUE SAINT VICTOR;93100;R 145;182;;;Construction neuve · 3 logements créés;nouvelle construction;habitation;plusieurs logements individuels;;3;174;39;0;0;parcelle_actuelle;2.457255;48.870162
DP09304823B0416;DP;09304823B0416;logements;terminé;2023;2023-10-27;2023-12-02;2024-02-05;5 RUE DE LA POINTE;93100;AD 156;65;;;Agrandissement de 23 m² · 1 logement créé;extension de surface sans transformation;habitation;un logement individuel;;1;23;3;0;0;parcelle_actuelle;2.442615;48.868865
PC09304823B0072;PC;09304823B0072;logements+locaux;autorisé;2023;2023-10-27;;;176 AV DU PRESIDENT SALVADOR A;93100;D 94, D 95;801;;;Construction neuve · 1 logement créé;nouvelle construction;habitation;un logement individuel;;1;440;0;131;0;parcelle_actuelle;2.462923;48.876946
PC09304823B0117;PC;09304823B0117;logements;autorisé;2023;2023-10-27;;;101 RUE GASTON LAURIAU;93100;BT 268;339;SARL GROUPE MANSANA IMMOBILIER;529765976;Agrandissement de 85 m² · 1 logement créé;extension de surface sans transformation;habitation;un logement individuel;;1;85;35;0;0;parcelle_actuelle;2.448380;48.856399
PC09304823B0107;PC;09304823B0107;logements;terminé;2023;2023-10-30;2025-01-15;2026-01-15;23 SENTIER DES MARECAGES;93100;M 116, M 117;934;;;Construction neuve · 2 logements créés;nouvelle construction;habitation;plusieurs logements individuels;;2;286;50;0;0;parcelle_ancienne;2.451364;48.872812
PC09304823B0119;PC;09304823B0119;logements;terminé;2023;2023-10-30;2024-04-15;2025-04-15;37 RUE ANNE FRANCK;93100;AP 305;350;;;Réaménagement de logements (division, réunion ou rénovation), avec agrandissement · 1 logement après travaux;transformation avec extension de surface;habitation;un logement individuel;;1;40;0;0;0;parcelle_actuelle;2.432246;48.862494
PC09304823B0128;PC;09304823B0128;locaux;autorisé;2023;2023-11-02;;;261 RUE DE PARIS;93100;AZ 194;3651;SCI OLIMONT;953280559;Agrandissement de 104 m² (entrepôt);extension de surface sans transformation;entrepôt;;;;0;0;104;0;parcelle_actuelle;2.417105;48.854221
PD09304823B0019;PD;09304823B0019;demolir;autorisé;2023;2023-11-02;;;10 IMPASSE PIERRE DE DEGEYTER;93100;E 55, E 217, E 218;674;SAS ACACIA AMENAGEMENT;528352560;Démolition;;;;;;;;;;parcelle_ancienne;2.466338;48.874740
PD09304823B0014;PD;09304823B0014;demolir;autorisé;2023;2023-11-11;;;49/51 AVENUE FAIDHERBE;93100;AE 248;1405;ONE YARD;801382136;Démolition;;;;;;;;;;parcelle_actuelle;2.438430;48.866231
DP09304823B0418;DP;09304823B0418;locaux;autorisé;2023;2023-11-16;;;20 IMPASSE DU PROGRES;93100;BG 18;205;;;Agrandissement de 19 m² (commerce);extension de surface sans transformation;commerce;;;;0;0;19;0;parcelle_actuelle;2.422337;48.852693
DP09304823B0442;DP;09304823B0442;logements;autorisé;2023;2023-11-17;;;8 RUE BEAUMARCHAIS;93100;AS 47;1683;;;Changement de destination : atelier d'artisanat → logement · 1 logement créé;transformation sans extension ni diminution de surface;habitation;un logement individuel;;1;0;0;0;0;parcelle_actuelle;2.430892;48.856616
PC09304823B0036;PC;09304823B0036;locaux;autorisé;2023;2023-11-17;;;9 RUE DE NANTEUIL;93100;H 117;12311;COMMUNE DE MONTREUIL;219300480;Agrandissement de 343 m² (équipement d'intérêt collectif);extension de surface sans transformation;service public ou d'intérêt collectif;;;;0;0;343;64;parcelle_actuelle;2.464399;48.873763
PC09304823B0057;PC;09304823B0057;logements+locaux;autorisé;2023;2023-11-17;;;8 RUE MOLIERE;93100;BN 139;1347;;;Construction neuve · 19 logements créés;nouvelle construction;habitation;collectif hors résidence;;19;1352;0;341;1073;parcelle_actuelle;2.439794;48.858599
PC09304823B0091;PC;09304823B0091;logements;terminé;2023;2023-11-17;2024-09-18;2026-04-15;1 RUE DESIRE CHARTON;93100;T 48;155;;;Réaménagement de logements (division, réunion ou rénovation), avec agrandissement · 1 logement après travaux;transformation avec extension de surface;habitation;un logement individuel;;1;35;0;0;0;parcelle_actuelle;2.450119;48.866852
PC09304823B0123;PC;09304823B0123;logements;terminé;2023;2023-11-29;2024-02-28;2024-09-30;24 RUE CARNOT;93100;BP 19;308;;;Changement de destination : bureaux → logement · 1 logement créé;transformation sans extension ni diminution de surface;habitation;un logement individuel;;1;0;0;0;0;parcelle_ancienne;2.441028;48.856841
PD09304823B0018;PD;09304823B0018;demolir;autorisé;2023;2023-11-30;;;16 RUE DE LA COTE DU NORD;93100;CM 217;414;;;Démolition;;;;;;;;;;parcelle_actuelle;2.475695;48.862139
PC09304823B0069;PC;09304823B0069;logements;annulé;2023;2023-12-11;;;38 RUE DES CAILLOTS;93100;AG 42, AG 246;1524;;;Construction neuve · 6 logements créés;nouvelle construction;habitation;plusieurs logements individuels;;6;822;300;0;0;parcelle_actuelle;2.442058;48.866191
DP09304823B0216;DP;09304823B0216;locaux;autorisé;2023;2023-12-12;;;114 RUE DE STALINGRAD;93100;BT 48;200;RAYANE;811341114;Réaménagement de locaux (entrepôt);transformation sans extension ni diminution de surface;entrepôt;;;;0;0;0;0;parcelle_actuelle;2.446443;48.854903
PC09304823B0075;PC;09304823B0075;logements;commencé;2023;2023-12-21;2025-01-06;;27 RUE DIDEROT;93100;BF 31;3086;;;Construction neuve · 1 logement créé;nouvelle construction;habitation;un logement individuel;;1;150;0;0;0;parcelle_actuelle;2.427400;48.852094
PC09304823B0130;PC;09304823B0130;locaux;autorisé;2023;2023-12-26;;;11 RUE DOMBASLE;93100;AH 68;1210;SCI 3 ETOILES;953246832;Construction neuve · 42 m² (commerce);nouvelle construction;commerce;;;;0;0;42;0;parcelle_actuelle;2.450217;48.864586
DP09304824B0002;DP;09304824B0002;logements;autorisé;2024;2024-01-03;;;55 RUE DESIRE CHEVALIER;93100;BU 110;512;;;Changement de destination : atelier d'artisanat → logement · 1 logement créé;transformation sans extension ni diminution de surface;habitation;un logement individuel;;1;0;0;0;0;parcelle_actuelle;2.446387;48.858336
PC09304823B0147;PC;09304823B0147;logements;annulé;2023;2024-01-17;;;12 RUE DES MESSIERS;93100;AU 163;182;;;Construction neuve · 1 logement créé;nouvelle construction;habitation;un logement individuel;;1;150;0;0;0;parcelle_actuelle;2.431060;48.860571
PC09304823B0140;PC;09304823B0140;locaux;autorisé;2023;2024-01-22;;;46 AVENUE DU PRESIDENT WILSON;93100;BO 105;93;;;Agrandissement de 8 m²;extension de surface sans transformation;habitation;;;;7;0;1;0;parcelle_actuelle;2.440512;48.859477
DP09304824B0005;DP;09304824B0005;locaux;terminé;2024;2024-01-29;2024-03-29;2024-09-05;19 AVENUE GABRIEL PERI;93100;BP 84, BP 82, BP 85;974;;;Agrandissement de 13 m² (commerce);extension de surface sans transformation;commerce;;;;0;0;13;0;parcelle_actuelle;2.441832;48.857253
PC09304823B0118;PC;09304823B0118;logements;autorisé;2023;2024-01-29;;;29 RUE PEPIN;93100;AH 77;1281;OFFICE PUBLIC DE L'HABITAT EST ENSEMBLE HABITAT;488777160;Réaménagement de logements (division, réunion ou rénovation), avec agrandissement · 1 logement après travaux;transformation avec extension de surface;habitation;un logement individuel;;1;11;0;0;0;parcelle_actuelle;2.447651;48.863540
PC09304823B0129;PC;09304823B0129;logements;autorisé;2023;2024-01-29;;;32BIS BD PAUL VAILLANT COUTURIER;93100;AP 363;86;;;Changement de destination : atelier d'artisanat → logement, avec agrandissement · 1 logement créé;transformation avec extension de surface;habitation;un logement individuel;;1;46;0;0;22;parcelle_actuelle;2.432855;48.863754
PC09304823B0131;PC;09304823B0131;logements;commencé;2023;2024-01-29;2025-01-27;;31 RUE DES PLATRIERES;93100;BR 112;540;REBACO;948875513;Construction neuve · 2 logements créés;nouvelle construction;habitation;plusieurs logements individuels;;2;208;45;0;0;parcelle_actuelle;2.445885;48.853409
PC09304823B0092;PC;09304823B0092;logements+locaux;autorisé;2023;2024-02-05;;;79 RUE EMILE BEAUFILS / 20 RU;93100;K 180, K 193;1535;OFFICE PUBLIC DE L'HABITAT EST ENSEMBLE HABITAT;488777160;Construction neuve · 20 logements créés;nouvelle construction;habitation;collectif hors résidence;;20;1406;0;32;0;parcelle_actuelle;2.457311;48.873963
DP09304823B0490;DP;09304823B0490;logements;autorisé;2023;2024-02-15;;;85 RUE DE LA DEMI LUNE;93100;C 271, C 24;530;IMMO VENTURE INVEST;881842736;Agrandissement de 33 m² · 1 logement créé;extension de surface sans transformation;habitation;un logement individuel;;1;33;19;0;0;parcelle_actuelle;2.461016;48.875277
DP09304824B0013;DP;09304824B0013;locaux;autorisé;2024;2024-02-26;;;49/51 AVENUE FAIDHERBE;93100;AE 248;1405;ONE YARD;801382136;Réaménagement de locaux (local industriel);transformation sans extension ni diminution de surface;industrie;;;;0;0;0;0;parcelle_actuelle;2.438430;48.866231
PC09304823B0096;PC;09304823B0096;locaux;autorisé;2023;2024-03-01;;;65 RUE MARCEAU;93100;BI 289;764;YENNA;890434038;Réaménagement de locaux (entrepôt);transformation sans extension ni diminution de surface;entrepôt;;;;0;0;0;0;parcelle_actuelle;2.426350;48.852792
DP09304824B0076;DP;09304824B0076;logements;autorisé;2024;2024-03-06;;;13 RUE CARNOT;93100;BP 90;404;;;Agrandissement de 22 m² · 1 logement créé;extension de surface sans transformation;habitation;un logement individuel;;1;22;18;0;0;parcelle_actuelle;2.441420;48.857371
PC09304823B0137;PC;09304823B0137;locaux;terminé;2023;2024-03-06;2024-04-03;2024-08-01;29 AVENUE WALWEIN;93100;AI 227;1365;;;Réaménagement de locaux (bureaux);transformation sans extension ni diminution de surface;bureaux;;;;0;0;0;0;parcelle_actuelle;2.446061;48.862207
DP09304823B0477;DP;09304823B0477;logements;autorisé;2023;2024-03-08;;;167 RUE DE LA NOUVELLE FRANCE;93100;CI 66;84;;;Agrandissement de 26 m² · 2 logements créés;extension de surface sans transformation;habitation;collectif hors résidence;;2;26;0;0;0;parcelle_actuelle;2.465659;48.861668
PC09304823B0122;PC;09304823B0122;locaux;terminé;2023;2024-03-08;2024-07-01;2025-08-05;43 RUE DU SERGENT BOBILLOT;93100;BK 205;512;;;Changement de destination : logement → local non résidentiel, avec agrandissement;transformation avec extension de surface;habitation;;;;0;4;68;0;parcelle_actuelle;2.433859;48.854414
PD09304824B0003;PD;09304824B0003;demolir;autorisé;2024;2024-03-08;;;26 RUE D'ESTIENNE D'ORVES;93100;O 407;430;ETABLISSEMENT PUBLIC FONCIER IDF;495120008;Démolition;;;;;;;;;;parcelle_actuelle;2.448718;48.871732
PC09304823B0124;PC;09304823B0124;logements;commencé;2023;2024-03-15;2024-12-26;;15BIS ALLEE BLERIOT;93100;E 160;374;ANOZERDAY;842648362;Construction neuve · 1 logement créé;nouvelle construction;habitation;un logement individuel;;1;157;0;0;0;parcelle_ancienne;2.466143;48.877124
PC09304823B0145;PC;09304823B0145;locaux;terminé;2023;2024-03-15;2024-08-15;2025-08-04;103 BOULEVARD HENRI BARBUSSE;93100;AD 264;424;FONSECA ECHAFAUDAGE;499520054;Agrandissement de 230 m² (entrepôt);extension de surface sans transformation;entrepôt;;;;0;0;230;123;parcelle_actuelle;2.440708;48.869126
PD09304824B0001;PD;09304824B0001;demolir;autorisé;2024;2024-03-28;;;20 RUE BAUDIN;93100;P 66;1742;ETABLISSEMENT PUBLIC FONCIER IDF;495120008;Démolition;;;;;;;;;;parcelle_actuelle;2.448066;48.867772
PC09304823B0154;PC;09304823B0154;logements;commencé;2023;2024-04-05;2024-10-02;;30 RUE CLOTILDE GAILLARD;93100;BU 245;274;;;Construction neuve · 5 logements créés;nouvelle construction;habitation;collectif hors résidence;;5;480;0;0;0;parcelle_actuelle;2.444530;48.859864
PD09304824B0004;PD;09304824B0004;demolir;autorisé;2024;2024-04-05;;;72 RUE EDOUARD VAILLANT;93100;BK 74;298;;;Démolition;;;;;;;;;;parcelle_actuelle;2.431572;48.853721
DP09304824B0052;DP;09304824B0052;logements;autorisé;2024;2024-04-09;;;30 AVENUE DE LA RESISTANCE;93100;BO 323;65;;;Changement de destination : atelier d'artisanat → logement · 1 logement créé;transformation sans extension ni diminution de surface;habitation;un logement individuel;;1;0;0;0;0;parcelle_actuelle;2.438140;48.860109
PC09304823B0135;PC;09304823B0135;locaux;terminé;2023;2024-04-09;2024-04-15;2025-02-28;137 BOULEVARD DE CHANZY;93100;AV 42, AV 62;15856;EVA;834704447;Réaménagement de locaux (entrepôt), avec réduction de surface;transformation avec diminution de surface;entrepôt;;;;0;0;0;1;parcelle_actuelle;2.424795;48.858955
DP09304824B0155;DP;09304824B0155;logements;terminé;2024;2024-04-19;2024-04-19;2024-04-24;55 RUE DESIRE CHEVALIER;93100;BU 110;521;;;Changement de destination : bureaux → logement · 1 logement créé;transformation sans extension ni diminution de surface;habitation;un logement individuel;;1;0;0;0;0;parcelle_actuelle;2.446387;48.858336
PC09304823B0105;PC;09304823B0105;logements+locaux;autorisé;2023;2024-04-19;;;97 BOULEVARD DE CHANZY;93100;AT 128;473;SCCV CHANZY-PARMENTIER;941116592;Construction neuve · 16 logements créés;nouvelle construction;habitation;collectif hors résidence;;16;940;0;312;260;parcelle_actuelle;2.428748;48.858453
PC09304824B0025;PC;09304824B0025;locaux;terminé;2024;2024-04-19;2024-05-19;2024-07-14;75 RUE DANTON;93100;0T 143;487;VALZON;428756860;Réaménagement de locaux (commerce), avec agrandissement;transformation avec extension de surface;commerce;;;;0;0;48;2;parcelle_actuelle;2.452470;48.865241
DP09304824B0122;DP;09304824B0122;logements;autorisé;2024;2024-04-22;;;31 RUE JEAN-JACQUES ROUSSEAU;93100;BF 92, BF 175;2564;JP NEYVOZ ARCHITECTE;848549952;Changement de destination : atelier d'artisanat → logement · 1 logement créé;transformation sans extension ni diminution de surface;habitation;un logement individuel;;1;0;0;0;0;parcelle_actuelle;2.427178;48.850277
PC09304823B0141;PC;09304823B0141;logements;autorisé;2023;2024-04-22;;;3 IMPASSE DES CHANTEREINES;93100;X 141;323;SCI IBISSA;829215342;Construction neuve · 2 logements créés;nouvelle construction;habitation;plusieurs logements individuels;;2;260;47;0;0;parcelle_actuelle;2.445149;48.870511
PC09304824B0005;PC;09304824B0005;logements+locaux;commencé;2024;2024-04-22;2024-11-04;;55 AVENUE ERNEST RENAN;93100;CF 126;1026;;;Construction neuve · 2 logements créés;nouvelle construction;habitation;plusieurs logements individuels;;2;700;100;54;0;parcelle_actuelle;2.464834;48.856784
PC09304824B0024;PC;09304824B0024;logements;autorisé;2024;2024-04-22;;;5 RUE ROBERT LE GROS;93100;GC 254, CG 254;195;;;Construction neuve · 3 logements créés;nouvelle construction;habitation;collectif hors résidence;;3;192;0;0;0;parcelle_actuelle;2.466388;48.859499
PD09304824B0005;PD;09304824B0005;demolir;autorisé;2024;2024-04-22;;;157 RUE EDOUARD BRANLY;93100;D 58;1654;ETABLISSEMENT PUBLIC FONCIER IDF;495120008;Démolition;;;;;;;;;;parcelle_actuelle;2.462879;48.874902
DP09304824B0121;DP;09304824B0121;locaux;autorisé;2024;2024-04-23;;;51 RUE JULES GUESDE;93100;CP 180;38325;ETABLISSEMENT PETITE ENFANCE MULTI ACCUEIL CELESTIN FREINET;444875876;Agrandissement de 38 m² (équipement d'intérêt collectif);extension de surface sans transformation;service public ou d'intérêt collectif;;;;0;0;38;0;parcelle_actuelle;2.478590;48.863719
PC09304823B0155;PC;09304823B0155;logements;autorisé;2023;2024-04-25;;;10 RUE DU DOCTEUR CALMETTE;93100;AD 220;310;;;Construction neuve · 1 logement créé;nouvelle construction;habitation;un logement individuel;;1;63;0;0;0;parcelle_actuelle;2.441300;48.867072
PD09304824B0006;PD;09304824B0006;demolir;autorisé;2024;2024-05-06;;;16 RUE RABELAIS;93100;AK 97;364;;;Démolition;;;;;;;;;;parcelle_ancienne;2.438420;48.862700
DP09304824B0116;DP;09304824B0116;logements;autorisé;2024;2024-05-10;;;24 RUE DES PAVILLONS;93100;R 77, R 201;415;;;Réaménagement de logements (division, réunion ou rénovation) · 1 logement après travaux;transformation sans extension ni diminution de surface;habitation;un logement individuel;;1;0;0;0;0;parcelle_actuelle;2.455193;48.870188
DP09304824B0128;DP;09304824B0128;locaux;autorisé;2024;2024-05-10;;;58 RUE DU CAPITAINE DREYFUS;93100;BO 100;155;;;Changement de destination : logement → local non résidentiel;transformation sans extension ni diminution de surface;habitation;;;;0;0;0;0;parcelle_actuelle;2.440247;48.859306
DP09304824B0140;DP;09304824B0140;logements;terminé;2024;2024-05-10;2024-05-10;2024-06-14;35 RUE DES RAMENAS;93100;N 34;755;;;Changement de destination : bureaux → logement, avec agrandissement · 1 logement créé;transformation avec extension de surface;habitation;un logement individuel;;1;30;0;0;0;parcelle_ancienne;2.449410;48.873668
DP09304824B0141;DP;09304824B0141;logements;autorisé;2024;2024-05-10;;;11 RUE DU PETIT BOIS;93100;E 195;215;;;Agrandissement de 19 m² · 1 logement créé;extension de surface sans transformation;habitation;un logement individuel;;1;19;0;0;0;parcelle_actuelle;2.467355;48.877241
PD09304824B0009;PD;09304824B0009;demolir;autorisé;2024;2024-05-13;;;16 IMP DES PIVOINES;93100;CL 197;52;;;Démolition;;;;;;;;;;parcelle_actuelle;2.467837;48.867423
DP09304824B0124;DP;09304824B0124;logements;autorisé;2024;2024-05-14;;;200 B DE CHANZY;93100;AV 144;;COUQUEBERG;602029084;Réaménagement de logements (division, réunion ou rénovation) · 2 logements après travaux;transformation sans extension ni diminution de surface;habitation;collectif hors résidence;;2;0;0;0;0;parcelle_actuelle;2.423813;48.859775
DP09304824B0015;DP;09304824B0015;logements+locaux;autorisé;2024;2024-05-17;;;16 RUE DESIRE PREAUX;93100;AR 116;201;;;Changement de destination : logement → local non résidentiel, avec agrandissement · 1 logement créé;transformation avec extension de surface;habitation;un logement individuel;;1;19;10;10;10;parcelle_actuelle;2.431881;48.858049
DP09304824B0115;DP;09304824B0115;locaux;terminé;2024;2024-05-22;2024-05-22;2024-05-25;6 AVENUE PASTEUR;93100;AF 126;254;FAMILLE CMC;792988750;Changement de destination : logement → local non résidentiel;transformation sans extension ni diminution de surface;habitation;;;;0;0;0;0;parcelle_actuelle;2.441320;48.863020
PC09304823B0138;PC;09304823B0138;logements;autorisé;2023;2024-05-22;;;55 RUE ROBESPIERRE;93100;BH 137;162;MUZELLE IM;977676212;Agrandissement de 102 m² · 2 logements créés;extension de surface sans transformation;habitation;collectif hors résidence;;2;102;0;0;0;parcelle_actuelle;2.423651;48.853796
PC09304823B0162;PC;09304823B0162;logements+locaux;commencé;2023;2024-05-22;2024-12-04;;1-7 RUE GASTON MONMOUSSEAU;93100;BY 188, BY 66;5847;ANTIN RESIDENCES SA HABITAT LOYER MODERE;315518803;Construction neuve · 133 logements créés;nouvelle construction;habitation;résidence;sociale;133;3369;70;417;3416;parcelle_ancienne;2.452868;48.863207
PD09304824B0007;PD;09304824B0007;demolir;autorisé;2024;2024-05-22;;;47 RUE CONDORCET;93100;BP 125, BP 131;2536;FONCIA PARIS EST;518931340;Démolition;;;;;;;;;;parcelle_actuelle;2.443934;48.856898
DP09304824B0087;DP;09304824B0087;logements;autorisé;2024;2024-06-07;;;30 RUE GASTON LAURIAU;93100;BU 33;48;;;Réaménagement de logements (division, réunion ou rénovation) · 1 logement après travaux;transformation sans extension ni diminution de surface;habitation;un logement individuel;;1;0;0;0;0;parcelle_actuelle;2.444908;48.859632
PC09304824B0030;PC;09304824B0030;logements;autorisé;2024;2024-06-07;;;112 RUE DE VINCENNES;93100;BK 275;377;;;Construction neuve · 2 logements créés;nouvelle construction;habitation;plusieurs logements individuels;;2;396;97;0;0;parcelle_actuelle;2.434585;48.852850
PC09304824B0027;PC;09304824B0027;logements;autorisé;2024;2024-06-10;;;34 BOULEVARD JEANNE D'ARC;93100;BR 5;259;;;Construction neuve · 1 logement créé;nouvelle construction;habitation;un logement individuel;;1;83;0;0;0;parcelle_actuelle;2.444644;48.854018
PC09304824B0052;PC;09304824B0052;logements;autorisé;2024;2024-06-24;;;61 RUE DESIRE CHEVALIER;93100;BU 111, BU 112;858;SCI COSTA;450922638;Changement de destination : atelier d'artisanat → logement · 2 logements créés;transformation sans extension ni diminution de surface;habitation;collectif hors résidence;;2;0;0;0;0;parcelle_actuelle;2.446426;48.858464
PC09304824B0043;PC;09304824B0043;logements;commencé;2024;2024-06-25;2024-08-27;;39 RUE EMILE RAYNAUD;93100;AE 61, AE 294;375;;;Construction neuve · 1 logement créé;nouvelle construction;habitation;un logement individuel;;1;85;0;0;0;parcelle_actuelle;2.440142;48.866548
PC09304823B0120;PC;09304823B0120;locaux;terminé;2023;2024-06-26;;2026-08-01;58 RUE ERNEST SAVART;93100;AD 82, AD 230, AD 251;1762;VULCAIN;953138930;Réaménagement de locaux (commerce), avec agrandissement;transformation avec extension de surface;commerce;;;;0;0;418;0;parcelle_actuelle;2.439397;48.868083
PC09304824B0046;PC;09304824B0046;logements;autorisé;2024;2024-06-26;;;63-67 RUE DOUY DELCUPE;93100;AS 28, AS 29;350;VILOGIA SOCIETE ANONYME D'HLM;475680815;Agrandissement de 99 m² · 2 logements créés;extension de surface sans transformation;habitation;collectif hors résidence;;2;99;49;0;0;parcelle_actuelle;2.430194;48.855577
PC09304824B0017;PC;09304824B0017;logements;autorisé;2024;2024-06-27;;;103 RUE SAINT-DENIS;93100;M 177, M 303, M 175;1208;;;Agrandissement de 134 m² · 1 logement créé;extension de surface sans transformation;habitation;un logement individuel;;1;134;57;0;0;parcelle_actuelle;2.452623;48.873882
DP09304824B0255;DP;09304824B0255;logements;autorisé;2024;2024-07-02;;;22 AVENUE GABRIEL PERI;93100;BP 14;273;;;Agrandissement de 39 m² · 1 logement créé;extension de surface sans transformation;habitation;un logement individuel;;1;39;0;0;0;parcelle_actuelle;2.440357;48.857248
PD09304824B0008;PD;09304824B0008;demolir;autorisé;2024;2024-07-02;;;84 RUE DES RIGONDES;93100;Z 18;578;;;Démolition;;;;;;;;;;parcelle_actuelle;2.434786;48.873964
PD09304824B0010;PD;09304824B0010;demolir;autorisé;2024;2024-07-04;;;60 RUE ALEXIS LEPERE;93100;AE 126;498;;;Démolition;;;;;;;;;;parcelle_actuelle;2.438193;48.865797
PC09304823B0161;PC;09304823B0161;logements+locaux;commencé;2023;2024-07-09;2026-06-17;;34 RUE DES MESSIERS;93100;AU 123, AU 78;4692;OFFICE PUBLIC DE L'HABITAT EST ENSEMBLE HABITAT;488777160;Construction neuve · 36 logements créés;nouvelle construction;habitation;collectif hors résidence;;36;2336;0;133;0;parcelle_actuelle;2.429891;48.860370
PC09304824B0068;PC;09304824B0068;logements;terminé;2024;2024-07-12;2024-08-05;2024-12-01;10 AVENUE DU COLONEL FABIEN;93100;N 10;279;;;Changement de destination : local industriel → logement · 1 logement créé;transformation sans extension ni diminution de surface;habitation;un logement individuel;;1;0;0;0;0;parcelle_actuelle;2.448574;48.874347
DP09304824B0167;DP;09304824B0167;logements;autorisé;2024;2024-07-18;;;7 RUE DE L'ERMITAGE;93100;P 56;1195;SAS ERMITAGE;930212345;Réaménagement de logements (division, réunion ou rénovation) · 8 logements après travaux;transformation sans extension ni diminution de surface;habitation;collectif hors résidence;;8;0;0;0;0;parcelle_actuelle;2.449086;48.867629
PC09304824B0062;PC;09304824B0062;logements;commencé;2024;2024-07-18;2026-01-05;;8 RUE IRENEE LECOQ;93100;M 49;410;SCI IRENEE008;928015692;Agrandissement de 50 m² · 1 logement créé;extension de surface sans transformation;habitation;un logement individuel;;1;50;30;0;0;parcelle_actuelle;2.449787;48.872475
DP09304824B0264;DP;09304824B0264;logements;autorisé;2024;2024-07-24;;;37BIS RUE LEBOUR;93100;BH 158, BH 242;1441;;;Changement de destination : atelier d'artisanat → logement · 1 logement créé;transformation sans extension ni diminution de surface;habitation;un logement individuel;;1;0;0;0;0;parcelle_actuelle;2.425220;48.853478
DP09304824B0342;DP;09304824B0342;locaux;autorisé;2024;2024-07-24;;;32 BL PAUL VAILLANT COUTURIER;93100;AG 116, AG 154;;TINGARI;479474306;Réaménagement de locaux (bureaux);transformation sans extension ni diminution de surface;bureaux;;;;0;0;0;0;parcelle_actuelle;2.444364;48.865357
DP09304824B0164;DP;09304824B0164;logements;autorisé;2024;2024-07-25;;;15 RU DE LA DEMI LUNE;93100;B 132;829;;;Réaménagement de logements (division, réunion ou rénovation) · 3 logements après travaux;transformation sans extension ni diminution de surface;habitation;plusieurs logements individuels;;3;0;0;0;0;parcelle_actuelle;2.457262;48.876835
DP09304824B0315;DP;09304824B0315;logements;terminé;2024;2024-07-26;2024-11-26;2025-08-01;12 IMPASSE DES PIVOINES;93100;CL 71;199;SCI PIVOINES12;984763755;Réaménagement de logements (division, réunion ou rénovation), avec réduction de surface · 1 logement après travaux;transformation avec diminution de surface;habitation;un logement individuel;;1;0;22;0;0;parcelle_actuelle;2.467949;48.867697
PC09304824B0041;PC;09304824B0041;logements+locaux;commencé;2024;2024-07-26;2024-08-01;;5 RUE CARNOT;93100;BP 94;370;;;Réaménagement de logements (division, réunion ou rénovation), avec agrandissement · 1 logement après travaux;transformation avec extension de surface;bureaux;un logement individuel;;1;16;0;60;0;parcelle_actuelle;2.441296;48.857872
PD09304824B0011;PD;09304824B0011;demolir;autorisé;2024;2024-07-26;;;102 RUE EDOUARD VAILLANT;93100;BJ 213;140;;;Démolition;;;;;;;;;;parcelle_actuelle;2.431044;48.852007
PC09304824B0022;PC;09304824B0022;logements;autorisé;2024;2024-07-30;;;115 RUE MOLIERE;93100;BS 99;140;;;Agrandissement de 69 m² · 1 logement créé;extension de surface sans transformation;habitation;un logement individuel;;1;69;8;0;0;parcelle_actuelle;2.449110;48.854975
PC09304824B0055;PC;09304824B0055;logements;autorisé;2024;2024-08-02;;;1 RUE CLAIRE MAISON;93100;CO 123, CO 168;747;AEVEN CHATEAU;882587389;Construction neuve · 1 logement créé;nouvelle construction;habitation;un logement individuel;;1;112;0;0;0;parcelle_actuelle;2.481115;48.866753
PC09304824B0073;PC;09304824B0073;logements;autorisé;2024;2024-08-02;;;24 RUE DESGRANGES;93100;BQ 1;145;;;Changement de destination : entrepôt → logement, avec réduction de surface · 1 logement créé;transformation avec diminution de surface;habitation;un logement individuel;;1;22;0;0;25;parcelle_actuelle;2.439817;48.855513
DP09304824B0320;DP;09304824B0320;locaux;autorisé;2024;2024-08-07;;;58 RUE ERNEST SAVART;93100;AD 82;1020;VULCAIN;953138930;Réaménagement de locaux (local industriel);transformation sans extension ni diminution de surface;industrie;;;;0;0;0;0;parcelle_actuelle;2.439353;48.868085
DP09304824B0321;DP;09304824B0321;locaux;autorisé;2024;2024-08-07;;;58 R ERNEST SAVART;93100;AD 82;1020;VULCAIN;953138930;Réaménagement de locaux (local industriel);transformation sans extension ni diminution de surface;industrie;;;;0;0;0;0;parcelle_actuelle;2.439353;48.868085
PC09304824B0056;PC;09304824B0056;logements;autorisé;2024;2024-08-07;;;1 RUE CLAIRE MAISON;93100;CO 168, CO 123;768;AEVEN CHATEAU;882587389;Construction neuve · 1 logement créé;nouvelle construction;habitation;un logement individuel;;1;112;0;0;0;parcelle_actuelle;2.481115;48.866753
PC09304823B0151;PC;09304823B0151;logements+locaux;autorisé;2023;2024-08-08;;;81 RUE DE ROSNY;93100;01 36, BY 36;254;HMR;898090220;Changement de destination : commerce → logement, avec agrandissement · 4 logements créés;transformation avec extension de surface;habitation;collectif hors résidence;;4;137;0;43;53;parcelle_ancienne;2.449145;48.863410
PC09304824B0031;PC;09304824B0031;locaux;autorisé;2024;2024-08-08;;;106 BOULEVARD THEOPHILE SUEUR;93100;CL 144;362;LE MONTREAU;481586691;Réaménagement de locaux (commerce), avec agrandissement;transformation avec extension de surface;habitation;;;;105;0;0;15;parcelle_actuelle;2.469238;48.866303
PC09304824B0057;PC;09304824B0057;logements;commencé;2024;2024-08-08;2025-09-20;;4 RUE EDOUARD BRANLY;93100;S 183;141;;;Construction neuve · 1 logement créé;nouvelle construction;habitation;un logement individuel;;1;122;0;0;0;parcelle_actuelle;2.458788;48.868131
PD09304824B0014;PD;09304824B0014;demolir;autorisé;2024;2024-08-08;;;285 AVENUE VICTOR HUGO;93100;CQ 67;135;ETABLISSEMENT PUBLIC FONCIER IDF;495120008;Démolition;;;;;;;;;;parcelle_actuelle;2.481510;48.861769
PC09304823B0164;PC;09304823B0164;logements;autorisé;2023;2024-08-16;;;24 RUE ROCHEBRUNE;93100;U 161, U 88;2479;ANTIN RESIDENCES SA HABITAT LOYER MODERE;315518803;Construction neuve · 100 logements créés;nouvelle construction;habitation;résidence;sociale;100;2692;2450;0;0;parcelle_actuelle;2.450082;48.866403
PC09304823B0146;PC;09304823B0146;logements+locaux;commencé;2023;2024-08-19;2025-05-14;;27 RUE DE ROSNY;93100;AJ 56, AJ 57;836;SCCV MONTREUIL RUE DE ROSNY;977464130;Construction neuve · 19 logements créés;nouvelle construction;habitation;collectif hors résidence;;19;1260;164;299;280;parcelle_actuelle;2.445948;48.861723
PD09304824B0020;PD;09304824B0020;demolir;autorisé;2024;2024-08-20;;;2 4 26 RUE PAUL BERT ET 209 RU;93100;AY 64, AY 69, AY 68;3199;SOCIETE DE REQUALICATION DES QUARTIERS ANCIENS;521804237;Démolition;;;;;;;;;;parcelle_actuelle;2.418869;48.855716
DP09304824B0312;DP;09304824B0312;locaux;autorisé;2024;2024-08-22;;;27 R ROBESPIERRE;93100;BH 100;;CONNECTING STORE;509580221;Agrandissement de 20 m² (commerce);extension de surface sans transformation;commerce;;;;0;0;20;0;parcelle_actuelle;2.423348;48.855240
PC09304824B0067;PC;09304824B0067;logements;commencé;2024;2024-08-22;2025-06-01;;56 RUE DES RAMENAS;93100;M 301, M 198;466;SCI VIRLAUT;352042428;Agrandissement de 209 m² · 1 logement créé;extension de surface sans transformation;habitation;un logement individuel;;1;209;0;0;0;parcelle_actuelle;2.450994;48.873138
PD09304824B0015;PD;09304824B0015;demolir;autorisé;2024;2024-08-22;;;58 BOULEVARD HENRI BARBUSSE;93100;AG 15;105;;;Démolition;;;;;;;;;;parcelle_actuelle;2.442442;48.867190
PD09304824B0021;PD;09304824B0021;demolir;autorisé;2024;2024-08-27;;;199 2 RUE DE PARIS;93100;AY 223, AY 240, AY 102;;SOCIETE DE REQUALICATION DES QUARTIERS ANCIENS;521804237;Démolition;;;;;;;;;;parcelle_actuelle;2.420812;48.855085
DP09304824B0336;DP;09304824B0336;logements;autorisé;2024;2024-08-29;;;23 RUE DOMBASLE;93100;AH 187;55;;;Agrandissement de 39 m² · 1 logement créé;extension de surface sans transformation;habitation;un logement individuel;;1;39;21;0;0;parcelle_actuelle;2.450915;48.864992
PD09304824B0017;PD;09304824B0017;demolir;annulé;2024;2024-08-29;;;24 RUE DES PAVILLONS;93100;R 77, R 201;415;;;Démolition;;;;;;;;;;parcelle_actuelle;2.455193;48.870188
PD09304824B0022;PD;09304824B0022;demolir;autorisé;2024;2024-09-09;;;11 ALLEE BLERIOT;93100;E 183;;;;Démolition;;;;;;;;;;parcelle_actuelle;2.466176;48.877514
PC09304824B0075;PC;09304824B0075;logements;commencé;2024;2024-09-11;2024-09-11;;73 RUE ALEXIS LEPERE;;AC 239;356;SOCIETE CIVILE IMMOBILIERE SHANTI;809166259;Construction neuve · 1 logement créé;nouvelle construction;habitation;un logement individuel;;1;237;0;0;0;parcelle_actuelle;2.437818;48.867041
DP09304824B0275;DP;09304824B0275;logements;terminé;2024;2024-09-17;;2026-01-29;61 RUE DES CAILLOTS;93100;AG 285;201;;;Réaménagement de logements (division, réunion ou rénovation), avec agrandissement · 1 logement après travaux;transformation avec extension de surface;habitation;un logement individuel;;1;5;0;0;0;parcelle_actuelle;2.443071;48.867105
PD09304824B0019;PD;09304824B0019;demolir;autorisé;2024;2024-09-17;;;181 1 RUE PARIS;93100;AY 118, AY 117, AY 228;;SOCIETE DE REQUALICATION DES QUARTIERS ANCIENS;521804237;Démolition;;;;;;;;;;parcelle_actuelle;2.421886;48.855209
PD09304824B0023;PD;09304824B0023;demolir;autorisé;2024;2024-09-24;;;188 B BD DE LA BOISSIERE;93100;D 99;1261;COMMUNE DE MONTREUIL;219300480;Démolition;;;;;;;;;;parcelle_actuelle;2.463590;48.876643
PC09304823B0160;PC;09304823B0160;logements;autorisé;2023;2024-10-01;;;13 RUE DU COLONEL RAYNAL;93100;BL 82;595;SCI ERJI;450724703;Changement de destination : entrepôt → logement, avec agrandissement · 6 logements créés;transformation avec extension de surface;habitation;plusieurs logements individuels;;6;88;0;0;0;parcelle_actuelle;2.434155;48.856577
PC09304824B0014;PC;09304824B0014;locaux;commencé;2024;2024-10-01;2024-12-23;;21 AVENUE DU PRESIDENT SALVAD;93100;R 284;6830;COMMUNE DE MONTREUIL;219300480;Construction neuve · 5 330 m² (équipement d'intérêt collectif);nouvelle construction;service public ou d'intérêt collectif;;;;0;0;5330;1705;parcelle_actuelle;2.456303;48.870325
DP09304824B0385;DP;09304824B0385;logements;autorisé;2024;2024-10-02;;;47 RUE DE VINCENNES;93100;BM 48;1030;SCI ANNE ELEONORE;892354614;Changement de destination : atelier d'artisanat → logement · 1 logement créé;transformation sans extension ni diminution de surface;habitation;un logement individuel;;1;0;0;0;0;parcelle_actuelle;2.436783;48.854591
DP09304824B0309;DP;09304824B0309;logements;autorisé;2024;2024-10-07;;;131 BOULEVARD HENRI BARBUSSE;93100;Y 75;111;;;Réaménagement de logements (division, réunion ou rénovation) · 1 logement après travaux;transformation sans extension ni diminution de surface;habitation;un logement individuel;;1;0;0;0;0;parcelle_actuelle;2.439711;48.870956
PC09304824B0034;PC;09304824B0034;locaux;commencé;2024;2024-10-07;2025-05-19;;82BIS RUE KLEBER;93100;BK 302, BK 385;1002;V.H. CAPITAL;883088502;Changement de destination : logement → équipement d'intérêt collectif, avec agrandissement;transformation avec extension de surface;service public ou d'intérêt collectif;;;;0;586;1817;0;parcelle_actuelle;2.433736;48.853128
PC09304824B0063;PC;09304824B0063;logements;autorisé;2024;2024-10-07;;;86 RUE PIERRE DE MONTREUIL;93100;CD 431, CD 432;1084;;;Changement de destination : entrepôt → logement, avec agrandissement · 2 logements créés;transformation avec extension de surface;habitation;collectif hors résidence;;2;83;0;0;8;parcelle_actuelle;2.461375;48.863085
PD09304824B0012;PD;09304824B0012;demolir;autorisé;2024;2024-10-07;;;190 BOULEVARD DE LA BOISSIERE;93100;D 100;145;ETABLISSEMENT PUBLIC FONCIER IDF;495120008;Démolition;;;;;;;;;;parcelle_actuelle;2.463736;48.876924
PD09304824B0028;PD;09304824B0028;demolir;autorisé;2024;2024-10-09;;;2 NOUVELLE CITE DE TILLEMONT;93100;CF 30;121;COMMUNE DE MONTREUIL;219300480;Démolition;;;;;;;;;;parcelle_ancienne;2.463057;48.858300
PC09304824B0033;PC;09304824B0033;logements+locaux;autorisé;2024;2024-10-17;;;118 BOULEVARD DE CHANZY;93100;AT 113;238;CHANZY INVEST;904646338;Construction neuve · 8 logements créés;nouvelle construction;habitation;collectif hors résidence;;8;450;0;160;235;parcelle_actuelle;2.429781;48.858758
PD09304824B0027;PD;09304824B0027;demolir;autorisé;2024;2024-10-21;;;7 ALLEE DU PRINTEMPS;93100;OC 144;168;;;Démolition;;;;;;;;;;adresse;2.461391;48.878132
DP09304824B0430;DP;09304824B0430;locaux;autorisé;2024;2024-10-22;;;7 SQUARE JEAN ZAY;93100;AN 551;1434;LE CESAR;804911865;Réaménagement de locaux (commerce);transformation sans extension ni diminution de surface;commerce;;;;0;0;0;0;parcelle_actuelle;2.428932;48.866464
PD09304824B0018;PD;09304824B0018;demolir;autorisé;2024;2024-10-22;;;23 RUE DOMBASLE;93100;AH 187;55;;;Démolition;;;;;;;;;;parcelle_actuelle;2.450915;48.864992
PC09304824B0092;PC;09304824B0092;logements;annulé;2024;2024-10-23;;;42 RUE ANNE FRANK;93100;AP 352, AP 353;270;;;Construction neuve · 1 logement créé;nouvelle construction;habitation;un logement individuel;;1;108;0;0;0;parcelle_actuelle;2.432543;48.862795
DP09304824B0452;DP;09304824B0452;logements;annulé;2024;2024-10-28;;;33 AV FAIDHERBE;93100;AE 262;4365;;;Changement de destination : bureaux → logement · 1 logement créé;transformation sans extension ni diminution de surface;habitation;un logement individuel;;1;0;0;0;0;parcelle_actuelle;2.439914;48.865704
PC09304824B0072;PC;09304824B0072;locaux;autorisé;2024;2024-10-28;;;43 RUE DE VINCENNES;93100;BM 46;700;;;Réaménagement de locaux (commerce);transformation sans extension ni diminution de surface;commerce;;;;0;0;0;0;parcelle_actuelle;2.436723;48.854732
PD09304824B0024;PD;09304824B0024;demolir;autorisé;2024;2024-10-28;;;118 RUE DE VINCENNES;93100;BK 282;231;;;Démolition;;;;;;;;;;parcelle_actuelle;2.434655;48.852605
PD09304824B0026;PD;09304824B0026;demolir;autorisé;2024;2024-11-04;;;217 2 RUE ETIENNE MARCEL;93100;AZ 51, AZ 242, AZ 50;;SOCIETE DE REQUALICATION DES QUARTIERS ANCIENS;521804237;Démolition;;;;;;;;;;parcelle_actuelle;2.418180;48.855848
PD09304824B0031;PD;09304824B0031;demolir;autorisé;2024;2024-11-04;;;188 BOULEVARD DE LA BOISSIERE;93100;D 292;2413;;;Démolition;;;;;;;;;;parcelle_actuelle;2.463245;48.876664
PD09304824B0030;PD;09304824B0030;demolir;autorisé;2024;2024-11-12;;;228-2 RUE DE PARIS;93100;AY 51;281;HLM INTERPROFESSIONNELLE REGION PARIS;559896535;Démolition;;;;;;;;;;parcelle_actuelle;2.419776;48.855422
PD09304824B0032;PD;09304824B0032;demolir;autorisé;2024;2024-11-12;;;71 RUE DES RUFFINS;93100;CR 157;330;;;Démolition;;;;;;;;;;parcelle_actuelle;2.474564;48.861443
DP09304824B0464;DP;09304824B0464;logements;autorisé;2024;2024-11-26;;;16 RUE GAMBETTA;93100;BI 95;173;;;Changement de destination : atelier d'artisanat → logement · 1 logement créé;transformation sans extension ni diminution de surface;habitation;un logement individuel;;1;0;0;0;0;parcelle_actuelle;2.429813;48.853055
DP09304824B0468;DP;09304824B0468;locaux;autorisé;2024;2024-11-26;;;15 RU;93100;BM 26;494;ORTHODONTIE KLEBER;934043704;Réaménagement de locaux (bureaux);transformation sans extension ni diminution de surface;bureaux;;;;0;0;0;0;parcelle_actuelle;2.436027;48.856057
PC09304824B0042;PC;09304824B0042;locaux;autorisé;2024;2024-11-27;;;33 VICTOR HUGO;93100;AK 147;;SCI P.X.;530773373;Changement de destination : logement → local non résidentiel;transformation sans extension ni diminution de surface;habitation;;;;0;0;0;0;parcelle_actuelle;2.439220;48.860684
DP09304824B0424;DP;09304824B0424;logements;autorisé;2024;2024-12-03;;;72 BOULEVARD THEOPHILE SUEUR;93100;CL 104;423;;;Agrandissement de 30 m² · 1 logement créé;extension de surface sans transformation;habitation;un logement individuel;;1;30;0;0;0;parcelle_ancienne;2.469900;48.867830
PC09304824B0070;PC;09304824B0070;logements;autorisé;2024;2024-12-04;;;10 RUE RABELAIS;93100;AK 94;253;10 RABELAIS;984933572;Construction neuve · 2 logements créés;nouvelle construction;habitation;plusieurs logements individuels;;2;215;0;0;0;parcelle_actuelle;2.438791;48.862670
PC09304824B0085;PC;09304824B0085;locaux;autorisé;2024;2024-12-04;;;6BIS CLAUDE BERNARD;93100;P 31;18;SCI ELSON;894051440;Construction neuve · 17 m² (bureaux);nouvelle construction;bureaux;;;;0;0;17;0;parcelle_actuelle;2.450914;48.869858
PC09304824B0088;PC;09304824B0088;locaux;autorisé;2024;2024-12-04;;;31 RUE DU MOULIN A VENT;93100;AB 65, AB 246;1964;;;Agrandissement de 97 m² (local industriel);extension de surface sans transformation;industrie;;;;0;0;97;25;parcelle_actuelle;2.434070;48.871489
PA09304824B0001;PA;09304824B0001;amenager;autorisé;2024;2024-12-06;;;RUE PIERRE DE MONTREUIL;93100;AH 172, AG 228, AG 224;60948;COMMUNAUTE D AGGLOMERATION EST ENSEMBLE;200023430;Aménagement d'un terrain;;;;;;;;;;parcelle_actuelle;2.447733;48.864427
PC09304824B0084;PC;09304824B0084;logements+locaux;autorisé;2024;2024-12-10;;;39 RUE SAINT-DENIS;93100;S 55, S 56, S 139;2038;SCI LE BOURGET 26;818017956;Agrandissement de 1916 m² · 20 logements créés;extension de surface sans transformation;habitation;collectif hors résidence;;20;1484;0;432;1404;parcelle_actuelle;2.458194;48.870150
DP09304824B0491;DP;09304824B0491;logements;terminé;2024;2024-12-13;2024-12-13;2025-01-22;33 AVENUE FAIDHERBE;93100;AE 262;4365;;;Changement de destination : bureaux → logement · 1 logement créé;transformation sans extension ni diminution de surface;habitation;un logement individuel;;1;0;0;0;0;parcelle_actuelle;2.439914;48.865704
PD09304824B0034;PD;09304824B0034;demolir;autorisé;2024;2024-12-13;;;91 RUE DES MESSIERS;93100;AV 10;225;;;Démolition;;;;;;;;;;parcelle_actuelle;2.424311;48.859785
DP09304824B0498;DP;09304824B0498;logements;autorisé;2024;2024-12-16;;;98 AV AV PASTEUR;93100;AE 138;101;SCI JULIANNE;444807440;Changement de destination : atelier d'artisanat → logement · 1 logement créé;transformation sans extension ni diminution de surface;habitation;un logement individuel;;1;0;0;0;0;parcelle_actuelle;2.435312;48.867030
PC09304824B0120;PC;09304824B0120;logements;annulé;2024;2024-12-23;;;8 RUE DESIRE CHEVALIER;93100;BP 136;125;;;Construction neuve · 1 logement créé;nouvelle construction;habitation;un logement individuel;;1;160;0;0;0;parcelle_actuelle;2.444702;48.856586
PC09304824B0095;PC;09304824B0095;logements;commencé;2024;2024-12-26;2025-12-01;;34 RUE EMILE REYNAUD;93100;AE 77;240;34 REYNAUD;987769791;Agrandissement de 92 m² · 1 logement créé;extension de surface sans transformation;habitation;un logement individuel;;1;92;19;0;0;parcelle_actuelle;2.439507;48.866944
PC09304824B0114;PC;09304824B0114;logements;autorisé;2024;2024-12-26;;;6 RUE DOUY DELCUPE;93100;BM 2;304;SCI YENILIK;915112353;Changement de destination : atelier d'artisanat → logement, avec agrandissement · 3 logements créés;transformation avec extension de surface;habitation;plusieurs logements individuels;;3;83;0;0;0;parcelle_actuelle;2.435359;48.854983
DP09304824B0542;DP;09304824B0542;locaux;autorisé;2024;2025-01-02;;;33 RUE DE LA REPUBLIQUE;93100;BG 6;152;AGENCE IMMOBILIERE BANLIEUE OUEST;304786627;Changement de destination : logement → local non résidentiel;transformation sans extension ni diminution de surface;habitation;;;;0;0;0;0;parcelle_actuelle;2.421286;48.852858
PA09304824B0002;PA;09304824B0002;amenager;autorisé;2024;2025-01-02;;;24 RUE ROCHEBRUNE;93100;U 167;1212;SCCV ROCHEBRUNE DE MONTREUIL;818399099;Aménagement d'un terrain;;;;;;;;;;parcelle_ancienne;2.450391;48.866233
PD09304824B0036;PD;09304824B0036;demolir;autorisé;2024;2025-01-02;;;1 RUE DU MARAIS;93100;AB 83;4547;MONTREUIL MARAIS;909302341;Démolition;;;;;;;;;;parcelle_actuelle;2.432935;48.870000
PC09304824B0090;PC;09304824B0090;logements;autorisé;2024;2025-01-03;;;44 RUE ROCHEBRUNE;93100;T 134;949;SCCV ROCHEBRUNE 44;940499346;Construction neuve · 11 logements créés;nouvelle construction;habitation;collectif hors résidence;;11;728;0;0;160;parcelle_actuelle;2.452080;48.865986
DP09304824B0478;DP;09304824B0478;locaux;autorisé;2024;2025-01-06;;;27 RUE CUVIER;93100;BE 12;4041;ALLIANZ PIERRE;328470570;Réaménagement de locaux (commerce);transformation sans extension ni diminution de surface;commerce;;;;0;0;0;0;parcelle_ancienne;2.423936;48.850218
DP09304824B0511;DP;09304824B0511;logements;terminé;2024;2025-01-07;2025-01-07;2025-02-18;33TER RUE DE L'ERMITAGE;93100;0P 102;3132;;;Changement de destination : atelier d'artisanat → logement · 1 logement créé;transformation sans extension ni diminution de surface;habitation;un logement individuel;;1;0;0;0;0;parcelle_actuelle;2.450997;48.869363
PD09304824B0038;PD;09304824B0038;demolir;autorisé;2024;2025-01-23;;;1 RUE DES CAILLOTS;93100;AE 304;20;;;Démolition;;;;;;;;;;parcelle_actuelle;2.439333;48.865002
PC09304824B0089;PC;09304824B0089;logements;commencé;2024;2025-01-27;2025-12-15;;25 RUE DU RUISSEAU;93100;X 66;154;;;Construction neuve · 1 logement créé;nouvelle construction;habitation;un logement individuel;;1;84;0;0;0;parcelle_actuelle;2.442642;48.871134
PC09304824B0101;PC;09304824B0101;logements;autorisé;2024;2025-01-27;;;55 RUE DU DOCTEUR CALMETTE;93100;AE 17;195;;;Agrandissement de 110 m² · 2 logements créés;extension de surface sans transformation;habitation;collectif hors résidence;;2;110;12;0;0;parcelle_actuelle;2.439251;48.867681
PC09304824B0119;PC;09304824B0119;logements;autorisé;2024;2025-01-27;;;6 RUE EMILE ZOLA;93100;AZ 11;250;CONFEDERATION GENERALE DU TRAVAIL;775678451;Changement de destination : atelier d'artisanat → logement, avec réduction de surface · 1 logement créé;transformation avec diminution de surface;habitation;un logement individuel;;1;0;0;0;2;parcelle_actuelle;2.419346;48.854491
DP09304824B0534;DP;09304824B0534;locaux;autorisé;2024;2025-02-04;;;102 RUE DE PARIS;93100;AS 108, AS 249;1074;ACTION CONTRE LA FAIM;318990892;Réaménagement de locaux (bureaux);transformation sans extension ni diminution de surface;bureaux;;;;0;0;0;0;parcelle_actuelle;2.428477;48.856935
DP09304824B0554;DP;09304824B0554;logements;terminé;2024;2025-02-04;;2025-12-31;60 RUE EDOUARD VAILLANT;93100;BK 353;75;;;Changement de destination : atelier d'artisanat → logement · 1 logement créé;transformation sans extension ni diminution de surface;habitation;un logement individuel;;1;0;0;0;0;parcelle_actuelle;2.431869;48.854967
PC09304824B0110;PC;09304824B0110;locaux;autorisé;2024;2025-02-04;;;4-18 AVENUE LEON GAUMONT ET RUE;;BD 1, BD 2, BD 3;5363;PRIMOPIERRE;507646446;Construction neuve · 30 m² (bureaux);nouvelle construction;bureaux;;;;0;0;30;0;parcelle_actuelle;2.416227;48.850569
PC09304824B0138;PC;09304824B0138;logements;autorisé;2024;2025-02-04;;;115 B RUE DES BLANCS VILAINS;93100;CO 168, CO 123;670;AEVEN CHATEAU;882587389;Construction neuve · 1 logement créé;nouvelle construction;habitation;un logement individuel;;1;112;0;0;0;parcelle_actuelle;2.481115;48.866753
PC09304824B0141;PC;09304824B0141;logements;commencé;2024;2025-02-04;2025-07-21;;4 RUE COLBERT;93100;AP 270;452;;;Changement de destination : bureaux → logement, avec agrandissement · 1 logement créé;transformation avec extension de surface;habitation;un logement individuel;;1;73;0;0;20;parcelle_actuelle;2.436026;48.863463
PD09304825B0001;PD;09304825B0001;demolir;autorisé;2025;2025-02-04;;;4 IMP DES QUATRE RUELLES;;BS 58;77;;;Démolition;;;;;;;;;;parcelle_actuelle;2.449628;48.854070
DP09304825B0022;DP;09304825B0022;locaux;autorisé;2025;2025-02-06;;;98 RUE DE ROMAINVILLE ET 43 RUE DES HANOTS;93100;O 86;578;IMAJ;931300222;Réduction de surface (démolition partielle);diminution de surface sans transformation;commerce;;;;0;0;39;71;parcelle_actuelle;2.447045;48.870399
PC09304825B0004;PC;09304825B0004;locaux;terminé;2025;2025-02-06;;2025-02-06;1 RUE DANIELLE CASANOVA;93100;L 262;5786;COMMUNE DE MONTREUIL;219300480;Construction neuve · 105 m² (équipement d'intérêt collectif);nouvelle construction;service public ou d'intérêt collectif;;;;0;0;105;0;parcelle_actuelle;2.453961;48.874594
PC09304824B0137;PC;09304824B0137;logements;autorisé;2024;2025-02-07;;;115 B RUE DES BLANCS VILAINS;93100;CO 123, CO 168;671;AEVEN CHATEAU;882587389;Construction neuve · 1 logement créé;nouvelle construction;habitation;un logement individuel;;1;112;0;0;0;parcelle_actuelle;2.481115;48.866753
PC09304824B0140;PC;09304824B0140;logements;autorisé;2024;2025-02-07;;;8 RUE MARGUERITE YOURCENAR;93100;AI 339;312;;;Construction neuve · 1 logement créé;nouvelle construction;habitation;un logement individuel;;1;68;0;0;0;parcelle_actuelle;2.446473;48.862488
PD09304824B0035;PD;09304824B0035;demolir;autorisé;2024;2025-02-07;;;26 VC STR DES BUTTES;93100;AT 47;106;;;Démolition;;;;;;;;;;parcelle_actuelle;2.428728;48.859571
DP09304824B0509;DP;09304824B0509;logements;terminé;2024;2025-02-10;;2026-04-17;88 RUE DU MIDI;93100;AD 131, AD 130;675;;;Changement de destination : bureaux → logement · 1 logement créé;transformation sans extension ni diminution de surface;habitation;un logement individuel;;1;0;0;0;0;parcelle_actuelle;2.441797;48.869110
PC09304824B0132;PC;09304824B0132;logements;autorisé;2024;2025-02-10;;;23 RUE POULIN;93100;Y 209;371;;;Construction neuve · 1 logement créé;nouvelle construction;habitation;un logement individuel;;1;65;0;0;0;parcelle_actuelle;2.441649;48.871064
PD09304825B0002;PD;09304825B0002;demolir;autorisé;2025;2025-02-17;;;23 RUE MADELEINE;93100;K 138;119;;;Démolition;;;;;;;;;;parcelle_actuelle;2.459001;48.873134
PC09304824B0131;PC;09304824B0131;locaux;autorisé;2024;2025-02-18;;;1BIS RUE DES MARGOTTES;93100;Y 66;333;SIBYLLE;848323184;Agrandissement de 47 m² (commerce);extension de surface sans transformation;commerce;;;;0;0;47;10;parcelle_actuelle;2.438887;48.871147
PD09304824B0037;PD;09304824B0037;demolir;autorisé;2024;2025-02-18;;;14TER RUE GALILEE;93100;BV 10;328;;;Démolition;;;;;;;;;;parcelle_actuelle;2.447662;48.860708
DP09304825B0048;DP;09304825B0048;locaux;autorisé;2025;2025-02-20;;;23 RUE DES FEDERES;93100;BJ 199;345;SCI REALITY;940322977;Réaménagement de locaux (logement);transformation sans extension ni diminution de surface;habitation;;;;0;0;0;0;parcelle_actuelle;2.432956;48.851649
PC09304824B0127;PC;09304824B0127;logements;commencé;2024;2025-02-20;2025-03-26;;45 RUE DES MESSIERS;93100;AT 43;330;SCI MICHMICH;933620197;Construction neuve · 1 logement créé;nouvelle construction;habitation;un logement individuel;;1;234;89;0;0;parcelle_actuelle;2.428860;48.859833
PC09304824B0134;PC;09304824B0134;logements;terminé;2024;2025-02-20;2025-10-17;2026-05-07;65 RUE FRANCOIS ARAGO;93100;BI 161;120;;;Construction neuve · 2 logements créés;nouvelle construction;habitation;plusieurs logements individuels;;2;75;0;0;0;parcelle_actuelle;2.427721;48.854023
PD09304825B0003;PD;09304825B0003;demolir;autorisé;2025;2025-02-20;;;39 RUE JULES FERRY;93100;AQ 406;220;;;Démolition;;;;;;;;;;parcelle_actuelle;2.432935;48.861558
PD09304825B0004;PD;09304825B0004;demolir;autorisé;2025;2025-02-20;;;52 RUE MOLIERE;93100;BP 217, BP 230;1071;BBYFF;978954931;Démolition;;;;;;;;;;parcelle_actuelle;2.443421;48.857630
PD09304825B0005;PD;09304825B0005;demolir;autorisé;2025;2025-02-24;;;20 RUE DESIRE CHEVALIER;93100;BU 162;75;;;Démolition;;;;;;;;;;parcelle_actuelle;2.445153;48.856977
DP09304824B0564;DP;09304824B0564;logements;autorisé;2024;2025-03-10;;;1 RUE DES CAILLOTS;93100;AE 304, AE 108;171;;;Agrandissement de 17 m² · 1 logement créé;extension de surface sans transformation;habitation;un logement individuel;;1;17;0;0;0;parcelle_actuelle;2.439429;48.865051
DP09304825B0051;DP;09304825B0051;logements;autorisé;2025;2025-03-10;;;208 BOULEVARD TH OPHILE SUEUR;93100;CI 67;165;;;Agrandissement de 9 m² · 1 logement créé;extension de surface sans transformation;habitation;un logement individuel;;1;9;0;0;0;parcelle_actuelle;2.465903;48.861778
DP09304825B0058;DP;09304825B0058;locaux;autorisé;2025;2025-03-10;;;20 BD ROUGET DE LISLE;93100;AK 30;346;IRIS;938541844;Changement de destination : bureaux → commerce, avec agrandissement;transformation avec extension de surface;commerce;;;;0;61;125;0;parcelle_actuelle;2.439893;48.861216
DP09304825B0067;DP;09304825B0067;locaux;autorisé;2025;2025-03-10;;;227 RUE DE PARIS;93100;AY 80;66;ENERGIES DURABLES DE FRANCE SOLAIRE;795362854;Changement de destination : logement → local non résidentiel;transformation sans extension ni diminution de surface;habitation;;;;0;0;0;0;parcelle_actuelle;2.419599;48.855003
PC09304824B0116;PC;09304824B0116;logements+locaux;commencé;2024;2025-03-10;2025-09-01;;43 RUE DE STALINGRAD;93100;BU 63;1254;PREMIUM;532812955;Changement de destination : commerce → logement, avec agrandissement · 3 logements créés;transformation avec extension de surface;commerce;collectif hors résidence;;3;0;0;606;234;parcelle_actuelle;2.444038;48.858158
PC09304824B0143;PC;09304824B0143;logements;autorisé;2024;2025-03-10;;;54 RUE DE ROMAINVILLE;93100;U 48;401;OFFICE PUBLIC DE L'HABITAT EST ENSEMBLE HABITAT;488777160;Construction neuve · 9 logements créés;nouvelle construction;habitation;collectif hors résidence;;9;598;0;0;0;parcelle_actuelle;2.446992;48.866334
PC09304825B0006;PC;09304825B0006;logements;autorisé;2025;2025-03-10;;;296 RUE DE ROSNY;93100;CK 208;391;SCI ROSNY;832430284;Agrandissement de 77 m² · 1 logement créé;extension de surface sans transformation;habitation;un logement individuel;;1;77;21;0;0;parcelle_actuelle;2.468747;48.870625
PD09304825B0006;PD;09304825B0006;demolir;autorisé;2025;2025-03-10;;;25 RUE DE L'AQUEDUC;93100;O 400;339;;;Démolition;;;;;;;;;;parcelle_actuelle;2.449333;48.871031
PC09304824B0124;PC;09304824B0124;logements;autorisé;2024;2025-03-11;;;87 AV DU PRESIDENT SALVADOR A;93100;K 156;272;;;Construction neuve · 2 logements créés;nouvelle construction;habitation;plusieurs logements individuels;;2;238;59;0;0;parcelle_actuelle;2.459934;48.873027
DP09304825B0084;DP;09304825B0084;logements;autorisé;2025;2025-03-18;;;34 RUE CARNOT 32/34/36;93100;BP 24, BP 28;1424;SCI CARNOT 34;413719790;Changement de destination : entrepôt → logement · 1 logement créé;transformation sans extension ni diminution de surface;habitation;un logement individuel;;1;0;0;0;0;parcelle_actuelle;2.440952;48.856349
PC09304824B0122;PC;09304824B0122;locaux;commencé;2024;2025-03-18;2025-06-20;;74 RUE DE PARIS;93100;AS 123;1156;PROJET BASE;433506920;Réaménagement de locaux (local industriel), avec agrandissement;transformation avec extension de surface;industrie;;;;0;0;246;202;parcelle_actuelle;2.430552;48.857405
DP09304825B0113;DP;09304825B0113;logements;terminé;2025;2025-04-03;2025-04-08;2025-04-14;58 RUE DE LA BEAUNE;93100;AP 161;81;;;Changement de destination : atelier d'artisanat → logement · 1 logement créé;transformation sans extension ni diminution de surface;habitation;un logement individuel;;1;0;0;0;0;parcelle_actuelle;2.433823;48.861780
DP09304825B0038;DP;09304825B0038;locaux;autorisé;2025;2025-04-11;;;51 RUE GASTON LAURIAU;93100;BV 170;3898;LA GRANDE CLASSE;508304185;Agrandissement de 73 m² (équipement d'intérêt collectif);extension de surface sans transformation;service public ou d'intérêt collectif;;;;35;0;38;0;parcelle_actuelle;2.447357;48.858786
DP09304825B0095;DP;09304825B0095;locaux;autorisé;2025;2025-04-11;;;20 BL ROUGET DE LISLE;93100;AK 30;343;IRIS;938541844;Agrandissement de 18 m² (commerce);extension de surface sans transformation;commerce;;;;0;0;18;0;parcelle_actuelle;2.439893;48.861216
DP09304825B0106;DP;09304825B0106;locaux;autorisé;2025;2025-04-11;;;10 RUE CARNOT;93100;BP 9;626;;;Agrandissement de 24 m²;extension de surface sans transformation;habitation;;;;12;0;12;12;parcelle_actuelle;2.440858;48.857563
PD09304825B0008;PD;09304825B0008;demolir;autorisé;2025;2025-04-11;;;18 RUE DU DEMI CERCLE;93100;BP 154;195;;;Démolition;;;;;;;;;;parcelle_actuelle;2.443640;48.856235
DP09304825B0130;DP;09304825B0130;locaux;autorisé;2025;2025-04-14;;;105 RUE SAINT-DENIS;93100;M 178;717;105 MONTREUIL;921183364;Réaménagement de locaux (commerce);transformation sans extension ni diminution de surface;commerce;;;;0;0;0;0;parcelle_actuelle;2.452607;48.874024
PC09304824B0130;PC;09304824B0130;logements;commencé;2024;2025-05-06;2026-02-10;;24 RUE ROCHEBRUNE;93100;U 167;1208;SCCV VILLA LEA;982118473;Agrandissement de 1132 m² · 17 logements créés;extension de surface sans transformation;habitation;collectif hors résidence;;17;1132;0;0;760;parcelle_ancienne;2.450391;48.866233
PC09304824B0142;PC;09304824B0142;logements;autorisé;2024;2025-05-06;;;13 RUE MADELEINE LAFFITE;93100;J 376;60;G.A;877708891;Construction neuve · 1 logement créé;nouvelle construction;habitation;un logement individuel;;1;86;48;0;0;parcelle_actuelle;2.457624;48.871626
PD09304825B0009;PD;09304825B0009;demolir;autorisé;2025;2025-05-07;;;42BIS RUE MOLIERE;93100;BP 104;1045;;;Démolition;;;;;;;;;;parcelle_actuelle;2.442572;48.857601
PC09304824B0147;PC;09304824B0147;logements;autorisé;2024;2025-05-12;;;93 RUE DE ROMAINVILLE;93100;V 171, V 129;2036;SCCV 93 ROMAINVILLE;898763974;Construction neuve · 21 logements créés;nouvelle construction;habitation;collectif hors résidence;;21;1428;0;0;0;parcelle_actuelle;2.446115;48.868970
PC09304824B0146;PC;09304824B0146;logements;autorisé;2024;2025-05-13;;;22 RUE DE L'ERMITAGE;93100;T 9;366;OFFICE PUBLIC DE L'HABITAT EST ENSEMBLE HABITAT;488777160;Construction neuve · 8 logements créés;nouvelle construction;habitation;collectif hors résidence;;8;460;0;0;0;parcelle_actuelle;2.450463;48.868072
PC09304825B0012;PC;09304825B0012;locaux;commencé;2025;2025-05-13;2025-11-17;;81 RUE MOLIERE;93100;BT 287;229;;;Changement de destination : logement → local non résidentiel, avec agrandissement;transformation avec extension de surface;habitation;;;;25;0;0;0;parcelle_actuelle;2.446929;48.856321
PC09304825B0015;PC;09304825B0015;logements;autorisé;2025;2025-05-13;;;8 RUE MARGUERITE YOURCENAR;93100;AI 339;312;;;Agrandissement de 137 m² · 1 logement créé;extension de surface sans transformation;habitation;un logement individuel;;1;137;68;0;0;parcelle_actuelle;2.446473;48.862488
PC09304824B0109;PC;09304824B0109;logements+locaux;autorisé;2024;2025-05-21;;;105 RUE PARMENTIER;93100;AT 139, AT 140, AT 136;768;SCCV PARMENTIER 105;937972883;Construction neuve · 12 logements créés;nouvelle construction;habitation;collectif hors résidence;;12;812;80;245;492;parcelle_actuelle;2.429022;48.858253
PD09304825B0010;PD;09304825B0010;demolir;autorisé;2025;2025-05-21;;;50 RUE RACINE;93100;Z 466;279;SCI SIMONA;477562466;Démolition;;;;;;;;;;parcelle_actuelle;2.437475;48.872514
PC09304824B0150;PC;09304824B0150;logements+locaux;autorisé;2024;2025-05-23;;;44-46 BOULEVARD HENRI BARBUSSE;93100;AG 77, AG 76, AG 155;1209;OFFICE PUBLIC DE L'HABITAT EST ENSEMBLE HABITAT;488777160;Construction neuve · 19 logements créés;nouvelle construction;habitation;collectif hors résidence;;19;1423;0;369;0;parcelle_actuelle;2.442975;48.866504
PC09304824B0107;PC;09304824B0107;logements+locaux;commencé;2024;2025-05-27;2026-04-01;;27BIS RUE DU PROGRES;93100;BD 46, BD 48, BD 49;5130;CAMPUS 3M;927865303;Changement de destination : équipement d'intérêt collectif → logement, avec agrandissement · 60 logements créés;transformation avec extension de surface;service public ou d'intérêt collectif;résidence;étudiants;60;883;0;3398;1068;parcelle_actuelle;2.420601;48.851484
DP09304825B0204;DP;09304825B0204;logements;autorisé;2025;2025-06-03;;;51 RUE DESIRE PREAUX;93100;AU 118;62;;;Changement de destination : atelier d'artisanat → logement · 1 logement créé;transformation sans extension ni diminution de surface;habitation;un logement individuel;;1;0;0;0;0;parcelle_actuelle;2.431619;48.860592
PC09304825B0001;PC;09304825B0001;locaux;commencé;2025;2025-06-20;2025-06-25;;135 RUE EMILE BEAUFILS;93100;B 220;208;LA BANDE A BEAUFILS;942396367;Réaménagement de locaux (entrepôt), avec réduction de surface;transformation avec diminution de surface;entrepôt;;;;0;0;0;43;parcelle_actuelle;2.459146;48.876369
PC09304825B0026;PC;09304825B0026;logements;autorisé;2025;2025-06-20;;;119 BOULEVARD HENRI BARBUSSE;93100;Y 135;524;;;Construction neuve · 1 logement créé;nouvelle construction;habitation;un logement individuel;;1;46;0;0;0;parcelle_actuelle;2.440153;48.869997
PD09304825B0015;PD;09304825B0015;demolir;autorisé;2025;2025-06-20;;;14 PLACE BERTHIE ALBRECHT;93100;AN 546;389;IMMOBILIERE 3F;552141533;Démolition;;;;;;;;;;parcelle_actuelle;2.431143;48.867450
DP09304825B0160;DP;09304825B0160;logements;terminé;2025;2025-06-23;2025-06-23;2025-07-02;217 RUE DE PARIS;93100;AY 88;231;;;Réaménagement de logements (division, réunion ou rénovation) · 1 logement après travaux;transformation sans extension ni diminution de surface;habitation;un logement individuel;;1;0;0;0;0;parcelle_actuelle;2.420179;48.854953
PC09304825B0014;PC;09304825B0014;logements;autorisé;2025;2025-06-23;;;78 RUE DE VITRY;93100;AI 106;516;VITREUIL;909236150;Changement de destination : atelier d'artisanat → logement, avec agrandissement · 25 logements créés;transformation avec extension de surface;habitation;plusieurs logements individuels;;25;197;0;0;0;parcelle_actuelle;2.449695;48.862603
DP09304825B0218;DP;09304825B0218;logements;autorisé;2025;2025-07-02;;;32 RUE LEBOUR;93100;BH 49;930;;;Changement de destination : atelier d'artisanat → logement, avec agrandissement · 1 logement créé;transformation avec extension de surface;habitation;un logement individuel;;1;23;0;0;0;parcelle_actuelle;2.425236;48.854416
PD09304825B0014;PD;09304825B0014;demolir;autorisé;2025;2025-07-02;;;1-3 AVENUE PAUL LANGEVIN;93100;AR 156;77;COMMUNE DE MONTREUIL;219300480;Démolition;;;;;;;;;;parcelle_actuelle;2.436773;48.857674
PD09304825B0018;PD;09304825B0018;demolir;autorisé;2025;2025-07-02;;;37 RUE LENAIN DE TILLEMONT;93100;CD 128;322;COMMUNE DE MONTREUIL;219300480;Démolition;;;;;;;;;;parcelle_actuelle;2.459026;48.861480
PC09304824B0126;PC;09304824B0126;locaux;autorisé;2024;2025-07-03;;;190 RUE DE PARIS;93100;AY 9, AY 11, AY 12;1397;GROUPE DELAFORGE;519731749;Changement de destination : logement → commerce, avec agrandissement;transformation avec extension de surface;commerce;;;;0;37;1050;163;parcelle_actuelle;2.422435;48.855912
PD09304825B0013;PD;09304825B0013;demolir;autorisé;2025;2025-07-03;;;39 RUE MICHELET;93100;BJ 96;;;;Démolition;;;;;;;;;;parcelle_actuelle;2.432008;48.852619
PD09304825B0017;PD;09304825B0017;demolir;autorisé;2025;2025-07-03;;;10 AVENUE DU COLONEL FABIEN 5 VILLA DES PINSONS;93100;N 16;120;;;Démolition;;;;;;;;;;parcelle_actuelle;2.448653;48.874121
PC09304825B0003;PC;09304825B0003;logements;autorisé;2025;2025-07-08;;;106-1 RUE PIERRE CURIE;93100;CR 102, CR 103;422;;;Construction neuve · 3 logements créés;nouvelle construction;habitation;plusieurs logements individuels;;3;276;75;0;0;parcelle_actuelle;2.474446;48.860377
PD09304825B0016;PD;09304825B0016;demolir;autorisé;2025;2025-07-08;;;91 RUE GASTON LAURIAU;93100;BX 13;179;;;Démolition;;;;;;;;;;parcelle_actuelle;2.448277;48.857234
DP09304825B0260;DP;09304825B0260;logements;autorisé;2025;2025-07-09;;;32 RUE DE ROMAINVILLE;93100;AH 27;220;;;Changement de destination : atelier d'artisanat → logement · 1 logement créé;transformation sans extension ni diminution de surface;habitation;un logement individuel;;1;0;0;0;0;parcelle_actuelle;2.445875;48.864922
PC09304824B0139;PC;09304824B0139;logements+locaux;autorisé;2024;2025-07-09;;;44 RUE CUVIER;93100;BG 117;2189;AIC ILE DE FRANCE;793752734;Construction neuve · 83 logements créés;nouvelle construction;habitation;collectif hors résidence;;83;5441;0;1597;1390;parcelle_actuelle;2.422019;48.851464
PA09304825B0001;PA;09304825B0001;amenager;autorisé;2025;2025-07-18;;;1 PLACE JACQUES DUCLOS CROIX DE CHAVAUX;93100;AR 229, AR 236, BN 15;19315;COMMUNE DE MONTREUIL;219300480;Aménagement d'un terrain;;;;;;;;;;parcelle_actuelle;2.435884;48.858960
DP09304825B0313;DP;09304825B0313;locaux;autorisé;2025;2025-07-25;;;89 BOULEVARD DE CHANZY;93100;AT 144;750;UNZA;930640198;Réaménagement de locaux (commerce);transformation sans extension ni diminution de surface;commerce;;;;0;0;0;0;parcelle_actuelle;2.429325;48.858244
PD09304825B0019;PD;09304825B0019;demolir;autorisé;2025;2025-07-25;;;11 RUE GALILEE;93100;AI 61;158;;;Démolition;;;;;;;;;;parcelle_actuelle;2.447160;48.861547
PD09304825B0020;PD;09304825B0020;demolir;autorisé;2025;2025-07-25;;;151 RUE DES RUFFINS;93100;CQ 57;492;;;Démolition;;;;;;;;;;parcelle_actuelle;2.480624;48.861872
PD09304825B0022;PD;09304825B0022;demolir;autorisé;2025;2025-07-25;;;168 AV DU PRESIDENT SALVADOR;93100;D 91;264;COMMUNE DE MONTREUIL;219300480;Démolition;;;;;;;;;;parcelle_actuelle;2.462668;48.876465
PD09304825B0021;PD;09304825B0021;demolir;autorisé;2025;2025-08-05;;;16 RUE DU CAPITAINE GUYNEMER;93100;Q 157;111;COMMUNE DE MONTREUIL;219300480;Démolition;;;;;;;;;;parcelle_actuelle;2.451427;48.870080
PD09304825B0023;PD;09304825B0023;demolir;autorisé;2025;2025-08-11;;;32 RUE DU MIDI;93100;AC 68;205;;;Démolition;;;;;;;;;;parcelle_actuelle;2.437917;48.869359
PD09304825B0025;PD;09304825B0025;demolir;autorisé;2025;2025-08-13;;;12 RUE MAINGUET;93100;AP 73;200;;;Démolition;;;;;;;;;;parcelle_actuelle;2.433061;48.862092
PC09304825B0018;PC;09304825B0018;logements;autorisé;2025;2025-08-26;;;65 RUE DU DOCTEUR CALMETTE;93100;AE 307, AE 308, AE 284;390;LE MONDE D'EDEN BY MAIDEN ETHIQUE VALENTON;922239710;Construction neuve · 3 logements créés;nouvelle construction;habitation;collectif hors résidence;;3;273;0;0;0;parcelle_actuelle;2.438517;48.867731
PC09304825B0048;PC;09304825B0048;logements;commencé;2025;2025-08-26;2026-06-19;;79 RUE PARMENTIER;93100;AT 99, AT 230;245;;;Construction neuve · 1 logement créé;nouvelle construction;habitation;un logement individuel;;1;117;33;0;0;parcelle_actuelle;2.430900;48.859042
PC09304825B0039;PC;09304825B0039;logements;autorisé;2025;2025-08-27;;;20 RUE DES ROCHES;93100;K 154;324;;;Construction neuve · 1 logement créé;nouvelle construction;habitation;un logement individuel;;1;174;50;0;0;parcelle_actuelle;2.459973;48.873251
DP09304825B0374;DP;09304825B0374;logements;terminé;2025;2025-09-02;;2018-06-22;217 RUE DE PARIS;93100;AY 88;231;;;Réaménagement de logements (division, réunion ou rénovation) · 1 logement après travaux;transformation sans extension ni diminution de surface;habitation;un logement individuel;;1;0;0;0;0;parcelle_actuelle;2.420179;48.854953
PC09304825B0063;PC;09304825B0063;locaux;commencé;2025;2025-09-02;2025-12-30;;48 RUE DE L'ERMITAGE;93100;R 282;2438;VDS;382035822;Réaménagement de locaux (bureaux);transformation sans extension ni diminution de surface;bureaux;;;;0;0;0;0;parcelle_actuelle;2.452655;48.869602
PD09304825B0027;PD;09304825B0027;demolir;autorisé;2025;2025-09-02;;;15 RUE DES CLOS FRANCAIS CLOS FRAN AIS;93100;AL 184, AL 208, AO 259;28581;OFFICE PUBLIC DE L'HABITAT EST ENSEMBLE HABITAT;488777160;Démolition;;;;;;;;;;parcelle_actuelle;2.433227;48.865111
DP09304825B0229;DP;09304825B0229;logements;autorisé;2025;2025-09-18;;;120-1 RUE ERNEST SAVART;93100;V 150;433;;;Changement de destination : atelier d'artisanat → logement · 3 logements créés;transformation sans extension ni diminution de surface;habitation;plusieurs logements individuels;;3;0;0;0;0;parcelle_ancienne;2.443193;48.868227
DP09304825B0261;DP;09304825B0261;locaux;autorisé;2025;2025-09-18;;;20 RUE VOLTAIRE;93100;AY 154;2777;SCI S2C;479611121;Construction neuve · 19 m² (commerce);nouvelle construction;commerce;;;;0;0;19;0;parcelle_actuelle;2.421078;48.854264
DP09304825B0315;DP;09304825B0315;locaux;terminé;2025;2025-09-18;;2026-05-19;3 AVENUE FAIDHERBE;93100;AF 263;178;HANASSI;903364495;Agrandissement de 3 m² (commerce);extension de surface sans transformation;commerce;;;;0;0;3;0;parcelle_actuelle;2.442976;48.865293
PC09304825B0045;PC;09304825B0045;logements+locaux;autorisé;2025;2025-09-18;;;51 RUE EDOUARD VAILLANT;93100;BK 80;366;KINGUE-MOUDIO-ASSOCIES;524258142;Construction neuve · 7 logements créés;nouvelle construction;habitation;collectif hors résidence;;7;317;0;182;288;parcelle_actuelle;2.432294;48.854418
PC09304825B0052;PC;09304825B0052;logements;autorisé;2025;2025-09-18;;;111 AV DU PRESIDENT SALVADOR A;93100;K 204;448;L'ETANG DE LA SERENITE;909706954;Construction neuve · 3 logements créés;nouvelle construction;habitation;plusieurs logements individuels;;3;195;44;0;0;parcelle_actuelle;2.460800;48.874501
PD09304825B0031;PD;09304825B0031;demolir;autorisé;2025;2025-09-18;;;23 RUE JULES FERRY;93100;AQ 118;253;;;Démolition;;;;;;;;;;parcelle_actuelle;2.433460;48.860919
DP09304825B0359;DP;09304825B0359;locaux;autorisé;2025;2025-09-23;;;261 RUE DE PARIS;93100;AZ 194;3651;;;Réaménagement de locaux (commerce);transformation sans extension ni diminution de surface;commerce;;;;0;0;0;0;parcelle_actuelle;2.417105;48.854221
PC09304825B0010;PC;09304825B0010;logements;autorisé;2025;2025-10-01;;;60 RUE DE LA REPUBLIQUE;93100;AZ 161, AZ 176, AZ 179;4056;UNION FRATERNEL METALLURGISTE ILE FRANCE;775680234;Construction neuve · 49 logements créés;nouvelle construction;habitation;résidence;autre;49;3160;0;0;0;parcelle_actuelle;2.415786;48.852979
PD09304825B0030;PD;09304825B0030;demolir;autorisé;2025;2025-10-10;;;39 RUE MICHELET;93100;BJ 96;153;;;Démolition;;;;;;;;;;parcelle_actuelle;2.432008;48.852619
PC09304824B0148;PC;09304824B0148;logements+locaux;autorisé;2024;2025-10-13;;;38 RUE MARCEAU;93100;BH 46, BH 45;710;GUEMARA;803442888;Changement de destination : bureaux → logement, avec agrandissement · 8 logements créés;transformation avec extension de surface;habitation;collectif hors résidence;;8;663;62;145;222;parcelle_actuelle;2.425745;48.854583
PC09304825B0079;PC;09304825B0079;logements;commencé;2025;2025-10-13;2026-05-07;;143BI RUE DE ROSNY LOT B;93100;T 117;541;MBH 2;988947966;Changement de destination : atelier d'artisanat → logement, avec agrandissement · 8 logements créés;transformation avec extension de surface;habitation;collectif hors résidence;;8;157;0;0;0;parcelle_actuelle;2.455122;48.866732
PD09304825B0026;PD;09304825B0026;demolir;autorisé;2025;2025-10-13;;;108 RUE DE VINCENNES;93100;BK 273;301;;;Démolition;;;;;;;;;;parcelle_actuelle;2.434624;48.852968
PC09304825B0053;PC;09304825B0053;logements;commencé;2025;2025-10-20;2025-11-25;;RUE DENIS COUTURIER;93100;AP 1;86;;;Changement de destination : atelier d'artisanat → logement, avec agrandissement · 1 logement créé;transformation avec extension de surface;habitation;un logement individuel;;1;42;0;0;0;parcelle_actuelle;2.431308;48.863422
PD09304825B0029;PD;09304825B0029;demolir;autorisé;2025;2025-10-21;;;2 ALLEE ROMAIN ROLLAND;93100;CO 191;27000;OFFICE PUBLIC DE L'HABITAT EST ENSEMBLE HABITAT;488777160;Démolition;;;;;;;;;;parcelle_actuelle;2.479105;48.865741
DP09304825B0346;DP;09304825B0346;locaux;autorisé;2025;2025-10-28;;;64 RUE JEAN LOLIVE;93100;AM 27, AM 28, AM 122;2991;ELECTRA;891624884;Construction neuve · 8 m² (équipement d'intérêt collectif);nouvelle construction;service public ou d'intérêt collectif;;;;0;0;8;0;parcelle_actuelle;2.431239;48.868422
DP09304825B0423;DP;09304825B0423;logements;autorisé;2025;2025-10-28;;;4 RUE DU PROGRES;93100;BG 35;520;;;Changement de destination : atelier d'artisanat → logement · 1 logement créé;transformation sans extension ni diminution de surface;habitation;un logement individuel;;1;0;0;0;0;parcelle_actuelle;2.422952;48.852246
PC09304825B0077;PC;09304825B0077;logements;autorisé;2025;2025-10-28;;;143BI RUE DE ROSNY LOT A;93100;T 117;363;NOA;918760240;Construction neuve · 1 logement créé;nouvelle construction;habitation;un logement individuel;;1;118;0;0;0;parcelle_actuelle;2.455122;48.866732
PC09304825B0086;PC;09304825B0086;locaux;autorisé;2025;2025-10-28;;;51 RUE DE LA REPUBLIQUE;93100;BC 47;91;SELARL QUENTIN AZOU;827944018;Changement de destination : bureaux → logement, avec agrandissement;transformation avec extension de surface;bureaux;;;;0;0;15;0;parcelle_actuelle;2.420273;48.852764
DP09304825B0441;DP;09304825B0441;locaux;autorisé;2025;2025-10-29;;;27 BOULEVARD ARISTIDE BRIAND;93100;P 14;178;;;Changement de destination : logement → local non résidentiel;transformation sans extension ni diminution de surface;habitation;;;;0;0;0;0;parcelle_actuelle;2.448726;48.869449
PD09304825B0034;PD;09304825B0034;demolir;autorisé;2025;2025-10-29;;;38 RUE MALOT;93100;BT 23, BT 25;348;D&E;897699807;Démolition;;;;;;;;;;parcelle_actuelle;2.444783;48.854653
PC09304825B0020;PC;09304825B0020;logements+locaux;autorisé;2025;2025-11-06;;;112 RUE ETIENNE MARCEL;93100;AT 156, AT 155;506;AGHROUD;518211636;Agrandissement de 680 m² · 10 logements créés;extension de surface sans transformation;habitation;collectif hors résidence;;10;638;244;42;0;parcelle_actuelle;2.430182;48.858272
PD09304825B0035;PD;09304825B0035;demolir;autorisé;2025;2025-11-06;;;1 RUE IRENEE LECOQ;93100;M 87;189;;;Démolition;;;;;;;;;;parcelle_actuelle;2.450284;48.872127
PC09304825B0068;PC;09304825B0068;logements;commencé;2025;2025-11-12;2025-11-18;;114 RUE DES RUFFINS;93100;CR 1;370;;;Construction neuve;nouvelle construction;habitation;;autre;0;51;0;0;0;adresse;2.472506;48.860966
PC09304825B0070;PC;09304825B0070;locaux;autorisé;2025;2025-11-12;;;55 RUE DE STALINGRAD;93100;BU 71;106;SCI DESAI - AUBERVILLIERS;504276346;Changement de destination : logement → local non résidentiel;transformation sans extension ni diminution de surface;habitation;;;;0;0;0;0;parcelle_actuelle;2.444041;48.857844
PD09304825B0033;PD;09304825B0033;demolir;autorisé;2025;2025-11-12;;;128 BOULEVARD HENRI BARBUSSE;93100;Y 181;181;;;Démolition;;;;;;;;;;parcelle_actuelle;2.440209;48.870699
DP09304825B0455;DP;09304825B0455;logements;autorisé;2025;2025-11-17;;;217 RUE DE PARIS;93100;AY 88;231;;;Réaménagement de logements (division, réunion ou rénovation) · 1 logement après travaux;transformation sans extension ni diminution de surface;habitation;un logement individuel;;1;0;0;0;0;parcelle_actuelle;2.420179;48.854953
PD09304825B0028;PD;09304825B0028;demolir;autorisé;2025;2025-11-17;;;73 ALLEE SUZANNE MARTORELL;93100;CP 180;36990;OFFICE PUBLIC DE L'HABITAT EST ENSEMBLE HABITAT;488777160;Démolition;;;;;;;;;;parcelle_actuelle;2.478590;48.863719
PD09304825B0036;PD;09304825B0036;demolir;autorisé;2025;2025-11-17;;;51 AVENUE DU PRESIDENT WILSON;93100;BO 362;211;;;Démolition;;;;;;;;;;parcelle_actuelle;2.440594;48.858642
PD09304825B0037;PD;09304825B0037;demolir;autorisé;2025;2025-11-17;;;21 RUE DU RUISSEAU;93100;X 63;;;;Démolition;;;;;;;;;;parcelle_actuelle;2.442874;48.870931
DP09304825B0409;DP;09304825B0409;logements;autorisé;2025;2025-11-24;;;50 RUE DESIRE PREAUX;93100;AQ 346;184;;;Agrandissement de 36 m² · 1 logement créé;extension de surface sans transformation;habitation;un logement individuel;autre;1;36;0;0;0;parcelle_actuelle;2.432111;48.860128
DP09304825B0467;DP;09304825B0467;logements;autorisé;2025;2025-11-25;;;1 RUE DANTON;93100;U 49;407;;;Changement de destination : atelier d'artisanat → logement · 1 logement créé;transformation sans extension ni diminution de surface;habitation;un logement individuel;;1;0;0;0;0;parcelle_actuelle;2.446921;48.866182
PC09304825B0093;PC;09304825B0093;locaux;autorisé;2025;2025-11-25;;;36 RUE LEBOUR;93100;BH 50;1330;;;Construction neuve · 58 m² (bureaux);nouvelle construction;bureaux;;;;0;0;58;0;parcelle_actuelle;2.424973;48.854417
PC09304825B0088;PC;09304825B0088;logements;autorisé;2025;2025-12-02;;;68 RUE DES RUFFINS;93100;CH 256;256;FINANCIERE CHELABI;828567008;Changement de destination : atelier d'artisanat → logement, avec réduction de surface · 1 logement créé;transformation avec diminution de surface;habitation;un logement individuel;;1;53;47;0;25;parcelle_actuelle;2.470037;48.861259
PC09304825B0097;PC;09304825B0097;locaux;autorisé;2025;2025-12-02;;;9 RUE DU CAPITAINE DREYFUS;93100;BO 36;898;PAULETTE;853173607;Changement de destination : logement → local non résidentiel, avec agrandissement;transformation avec extension de surface;habitation;;;;10;0;0;0;parcelle_actuelle;2.438110;48.858849
PD09304825B0038;PD;09304825B0038;demolir;autorisé;2025;2025-12-02;;;5 RUE DU PASSELEU;93100;BR 203;225;;;Démolition;;;;;;;;;;parcelle_actuelle;2.447035;48.851485
DP09304825B0430;DP;09304825B0430;locaux;autorisé;2025;2025-12-16;;;38 RUE MALOT;93100;BT 23, BT 24;254;D&E;897699807;Réaménagement de locaux (entrepôt);transformation sans extension ni diminution de surface;entrepôt;;;;0;0;0;0;parcelle_actuelle;2.444661;48.854808
DP09304825B0484;DP;09304825B0484;logements;terminé;2025;2025-12-16;;2026-06-07;95 RUE DE ROSNY;93100;BY 225;227;;;Changement de destination : atelier d'artisanat → logement · 1 logement créé;transformation sans extension ni diminution de surface;habitation;un logement individuel;;1;0;0;0;0;parcelle_actuelle;2.450262;48.863839
DP09304825B0505;DP;09304825B0505;logements;terminé;2025;2025-12-16;2025-12-16;2025-12-17;51 RUE DESGRANGES;93100;BR 63;182;;;Agrandissement de 30 m² · 1 logement créé;extension de surface sans transformation;habitation;un logement individuel;;1;30;0;0;0;parcelle_actuelle;2.443304;48.852052
PC09304825B0084;PC;09304825B0084;logements;commencé;2025;2025-12-17;2026-06-19;;84 RUE SAINT-DENIS;93100;J 105;520;;;Changement de destination : atelier d'artisanat → logement, avec agrandissement · 1 logement créé;transformation avec extension de surface;habitation;un logement individuel;;1;52;0;0;0;parcelle_actuelle;2.455867;48.872068
DP09304825B0472;DP;09304825B0472;logements;autorisé;2025;2025-12-24;;;24 BOULEVARD THEOPHILE SUEUR;93100;CK 146;586;SCI ONSAR;925347080;Réaménagement de logements (division, réunion ou rénovation), avec agrandissement · 2 logements après travaux;transformation avec extension de surface;habitation;plusieurs logements individuels;;2;29;0;0;0;parcelle_actuelle;2.470600;48.869986
PA09304825B0003;PA;09304825B0003;logements+locaux+amenager;autorisé;2025;2025-12-24;;;;;;;SCCV MONTREUIL 8 RUE MOLIERE;945359818;Aménagement d'un terrain;transformation avec diminution de surface;industrie;collectif hors résidence;;3;0;0;0;667;aucune;;
PC09304825B0046;PC;09304825B0046;locaux;autorisé;2025;2025-12-24;;;13BIS RUE DU COLONEL RAYNAL;93100;BL 1, BL 82, BL 128;591;SCI ERJI;450724703;Réaménagement de locaux (entrepôt), avec agrandissement;transformation avec extension de surface;entrepôt;;;;0;0;23;6;parcelle_actuelle;2.434173;48.856657
PC09304825B0103;PC;09304825B0103;logements;autorisé;2025;2025-12-24;;;31 RUE DE NORMANDIE;93100;C 247;217;;;Changement de destination : atelier d'artisanat → logement, avec réduction de surface · 1 logement créé;transformation avec diminution de surface;habitation;un logement individuel;;1;0;1;0;0;parcelle_actuelle;2.461334;48.876779
PD09304825B0039;PD;09304825B0039;demolir;autorisé;2025;2025-12-24;;;18 RUE ANATOLE FRANCE;93100;CD 412;7200;COMMUNE DE MONTREUIL;219300480;Démolition;;;;;;;;;;parcelle_actuelle;2.463182;48.861329
PD09304825B0041;PD;09304825B0041;demolir;autorisé;2025;2025-12-24;;;19 RUE PARMENTIER;93100;AR 205;;COMMUNE DE MONTREUIL;219300480;Démolition;;;;;;;;;;parcelle_actuelle;2.435114;48.859462
PD09304825B0042;PD;09304825B0042;demolir;autorisé;2025;2025-12-24;;;155 RUE LENAIN DE TILLEMONT;93100;CG 51;137;;;Démolition;;;;;;;;;;parcelle_actuelle;2.464649;48.857726
DP09304825B0554;DP;09304825B0554;logements;terminé;2025;2026-01-21;;2022-06-30;91 RUE DE LA FRATERNITE;93100;AV 151;;;;Changement de destination : atelier d'artisanat → logement · 1 logement créé;transformation sans extension ni diminution de surface;habitation;un logement individuel;;1;0;0;0;0;parcelle_actuelle;2.423706;48.857729
DP09304825B0551;DP;09304825B0551;locaux;autorisé;2025;2026-01-22;;;16BIS RUE FRANCOIS ARAGO;93100;AX 57;313;;;Réaménagement de locaux (bureaux);transformation sans extension ni diminution de surface;bureaux;;;;0;0;0;0;parcelle_actuelle;2.427128;48.856035
DP09304825B0500;DP;09304825B0500;logements;autorisé;2025;2026-01-29;;;88 RUE DESIRE PREAUX;93100;AP 49;137;;;Changement de destination : équipement d'intérêt collectif → logement · 1 logement créé;transformation sans extension ni diminution de surface;habitation;un logement individuel;;1;0;0;0;0;parcelle_actuelle;2.431609;48.861980
PC09304825B0078;PC;09304825B0078;logements;autorisé;2025;2026-01-29;;;17 RUE MOLIERE;93100;BO 341, BO 324, BO 308;25434;OFFICE PUBLIC DE L'HABITAT EST ENSEMBLE HABITAT;488777160;Changement de destination : bureaux → logement, avec agrandissement · 28 logements créés;transformation avec extension de surface;habitation;collectif hors résidence;;28;683;0;0;34;parcelle_actuelle;2.442087;48.859431
PC09304825B0074;PC;09304825B0074;logements+locaux;autorisé;2025;2026-02-03;;;119 BOULEVARD DE CHANZY;93100;AV 31;201;TAL CORPORATE;388786113;Construction neuve · 7 logements créés;nouvelle construction;habitation;résidence;autre;7;628;200;153;0;parcelle_actuelle;2.426865;48.858701
DP09304825B0446;DP;09304825B0446;logements+locaux;terminé;2025;2026-02-04;;2026-04-15;33 AVENUE FAIDHERBE;93100;AE 262;4365;;;Changement de destination : bureaux → logement · 1 logement créé;transformation sans extension ni diminution de surface;bureaux;un logement individuel;;1;0;0;0;0;parcelle_actuelle;2.439914;48.865704
DP09304826B0006;DP;09304826B0006;locaux;autorisé;2026;2026-02-09;;;56 BOULEVARD ROUGET DE LISLE;93100;BO 23;18;SCI LISLE;944448240;Changement de destination : logement → local non résidentiel;transformation sans extension ni diminution de surface;habitation;;;;0;0;0;0;parcelle_actuelle;2.437722;48.859190
PC09304825B0072;PC;09304825B0072;logements+locaux;autorisé;2025;2026-02-09;;;8 RUE MOLIÈRE;93100;BN 82, BN 139;556;SCCV MONTREUIL 8 RUE MOLIERE;945359818;Changement de destination : local industriel → logement, avec réduction de surface · 3 logements créés;transformation avec diminution de surface;industrie;collectif hors résidence;;3;0;0;0;596;parcelle_actuelle;2.439623;48.858643
PC09304825B0099;PC;09304825B0099;locaux;terminé;2025;2026-02-09;2026-03-06;2026-03-11;20 RUE VOLTAIRE;93100;AY 154, AY 164, AY 165;3506;SCI PARIS MONTREUIL;480575125;Réaménagement de locaux (local industriel), avec agrandissement;transformation avec extension de surface;industrie;;;;0;0;70;0;parcelle_actuelle;2.420981;48.854242
PC09304825B0123;PC;09304825B0123;locaux;autorisé;2025;2026-02-09;;;85 RUE DE ROSNY;93100;BY 34;;;;Changement de destination : commerce → logement;transformation sans extension ni diminution de surface;commerce;;;;0;0;0;0;parcelle_actuelle;2.449408;48.863561
DP09304825B0480;DP;09304825B0480;locaux;autorisé;2025;2026-02-24;;;49 RUE DU PETIT BOIS;93100;E 169;168;;;Travaux sur un bâtiment existant;;bureaux;;;;0;0;0;0;parcelle_actuelle;2.465160;48.877790
DP09304825B0516;DP;09304825B0516;logements;autorisé;2025;2026-02-24;;;5 BOULEVARD HENRI BARBUSSE;93100;AF 17;;;;Agrandissement de 115 m² · 1 logement créé;extension de surface sans transformation;habitation;un logement individuel;;1;115;0;0;0;parcelle_actuelle;2.444052;48.864140
PC09304825B0081;PC;09304825B0081;logements;autorisé;2025;2026-02-24;;;7 RUE DE L'ERMITAGE;93100;P 56;1195;SAS ERMITAGE;930212345;Agrandissement de 18 m² · 1 logement créé;extension de surface sans transformation;habitation;un logement individuel;;1;18;0;0;0;parcelle_actuelle;2.449086;48.867629
PD09304826B0001;PD;09304826B0001;demolir;autorisé;2026;2026-02-24;;;217 RUE DE PARIS;93100;AY 88;231;;;Démolition;;;;;;;;;;parcelle_actuelle;2.420179;48.854953
DP09304826B0035;DP;09304826B0035;locaux;autorisé;2026;2026-03-10;;;21 RUE DES GRANDS PECHERS;93100;CD 182, CD 183, CD 255;;COMMUNE DE MONTREUIL;219300480;Agrandissement de 15 m² (équipement d'intérêt collectif);extension de surface sans transformation;service public ou d'intérêt collectif;;;;0;0;15;0;parcelle_actuelle;2.462284;48.859759
PC09304825B0132;PC;09304825B0132;logements;autorisé;2025;2026-03-10;;;80 RUE ERNEST SAVART;93100;AD 115;437;;;Construction neuve;nouvelle construction;habitation;;;0;130;0;0;0;parcelle_actuelle;2.440672;48.868128
DP09304826B0043;DP;09304826B0043;logements;autorisé;2026;2026-03-13;;;52 RUE DE LA BEAUNE;93100;AP 327;107;;;Construction neuve · 1 logement créé;nouvelle construction;habitation;un logement individuel;;1;26;0;0;0;parcelle_actuelle;2.433992;48.861844
PD09304826B0003;PD;09304826B0003;demolir;autorisé;2026;2026-03-13;;;21 RUE CARNOT;93100;BP 68;204;;;Démolition;;;;;;;;;;parcelle_actuelle;2.441531;48.856763
PC09304825B0112;PC;09304825B0112;logements;autorisé;2025;2026-03-19;;;3 RUE DU RUISSEAU;93100;X 131;59;;;Construction neuve · 1 logement créé;nouvelle construction;habitation;un logement individuel;;1;97;30;0;0;parcelle_actuelle;2.444944;48.870017
PD09304826B0006;PD;09304826B0006;demolir;autorisé;2026;2026-04-15;;;22 RUE DES ROSIERS;93100;Z 332;359;SCI DE LA DHUIS;352887640;Démolition;;;;;;;;;;parcelle_actuelle;2.435752;48.873747
PC09304825B0133;PC;09304825B0133;logements;autorisé;2025;2026-04-16;;;72 RUE EMILE BEAUFILS;93100;J 47;135;ANTOUN GG;830784708;Agrandissement de 99 m²;extension de surface sans transformation;habitation;;;0;99;0;0;0;parcelle_actuelle;2.457569;48.873283
PC09304826B0013;PC;09304826B0013;logements;autorisé;2026;2026-04-17;;;1BIS RUE DES PAPILLONS;93100;AC 241;130;;;Construction neuve · 1 logement créé;nouvelle construction;habitation;un logement individuel;;1;65;62;0;0;parcelle_actuelle;2.436340;48.868403
PD09304826B0004;PD;09304826B0004;demolir;autorisé;2026;2026-04-17;;;94 RUE DE VINCENNES;93100;BK 257;241;;;Démolition;;;;;;;;;;parcelle_actuelle;2.434952;48.853595
PD09304826B0008;PD;09304826B0008;demolir;autorisé;2026;2026-04-17;;;9 RUE DE VINCENNES;93100;BN 100;748;;;Démolition;;;;;;;;;;parcelle_actuelle;2.438025;48.856846
PC09304825B0126;PC;09304825B0126;logements;autorisé;2025;2026-04-24;;;75 RUE DES RAMENAS;93100;N 233, N 235;191;ASSENS;899280309;Construction neuve · 1 logement créé;nouvelle construction;habitation;un logement individuel;;1;95;38;0;0;voie;2.449811;48.873502
PC09304826B0007;PC;09304826B0007;locaux;autorisé;2026;2026-04-24;;;82 RUE DES RIGONDES;93100;Z 18, Z 21;948;SCI RIGONDES;497677443;Construction neuve · 380 m² (entrepôt);nouvelle construction;entrepôt;;;;0;0;380;0;parcelle_actuelle;2.434724;48.873972
DP09304826B0136;DP;09304826B0136;locaux;autorisé;2026;2026-04-27;;;66 RUE DÉSIRÉ PRÉAUX;93100;AQ 21;41;;;Changement de destination : logement → local non résidentiel;transformation sans extension ni diminution de surface;habitation;;;;0;0;0;0;parcelle_actuelle;2.431738;48.860926
PD09304826B0007;PD;09304826B0007;demolir;autorisé;2026;2026-05-05;;;4 PLACE DE LA FRATERNITE;93100;AY 16;;;;Démolition;;;;;;;;;;parcelle_actuelle;2.422151;48.856701
PD09304826B0011;PD;09304826B0011;demolir;autorisé;2026;2026-05-05;;;11 RUE DES GROSEILLIERS;93100;Z 241;;MERCI MONTREUIL;941981953;Démolition;;;;;;;;;;parcelle_actuelle;2.437608;48.871355
PD09304826B0009;PD;09304826B0009;demolir;autorisé;2026;2026-05-11;;;168-1 RUE DE PARIS;93100;AX 13;983;SCI MONTREUIL ROBESPIERE;390291763;Démolition;;;;;;;;;;parcelle_actuelle;2.423510;48.856142
PD09304826B0014;PD;09304826B0014;demolir;autorisé;2026;2026-05-11;;;19 RUE BLANCHE;93100;AU 2;210;;;Démolition;;;;;;;;;;parcelle_actuelle;2.424145;48.862590
PD09304826B0005;PD;09304826B0005;demolir;autorisé;2026;2026-05-12;;;64 RUE DE VINCENNES;93100;BK 226;160;;;Démolition;;;;;;;;;;parcelle_actuelle;2.435417;48.854494
PD09304826B0010;PD;09304826B0010;demolir;autorisé;2026;2026-05-12;;;48 RUE CUVIER;93100;BG 55;644;COMMUNE DE MONTREUIL;219300480;Démolition;;;;;;;;;;parcelle_actuelle;2.421726;48.851220
PD09304826B0013;PD;09304826B0013;demolir;autorisé;2026;2026-05-13;;;6 RUE FERNAND COMBETTE;93100;Q 8;384;;;Démolition;;;;;;;;;;parcelle_actuelle;2.451379;48.871630
DP09304826B0121;DP;09304826B0121;logements;autorisé;2026;2026-05-20;;;6 RUE FERNAND COMBETTE LOT B NO 6BIS SUITE DIVISION;93100;Q 8;384;;;Agrandissement de 33 m² · 1 logement créé;extension de surface sans transformation;habitation;un logement individuel;;1;33;0;0;0;parcelle_actuelle;2.451379;48.871630
PC09304825B0119;PC;09304825B0119;locaux;autorisé;2025;2026-05-26;;;88 RUE DESIRE PREAUX;93100;AP 51, AP 49;453;;;Réaménagement de locaux (commerce), avec agrandissement;transformation avec extension de surface;commerce;;;;0;0;30;0;parcelle_actuelle;2.431703;48.862012
PD09304826B0012;PD;09304826B0012;demolir;autorisé;2026;2026-05-26;;;30 RUE RAYMOND LEFEBVRE;93100;CE 178;151;;;Démolition;;;;;;;;;;parcelle_actuelle;2.461032;48.857476
PC09304825B0130;PC;09304825B0130;locaux;autorisé;2025;2026-05-28;;;36 AVENUE PAUL SIGNAC;93100;T 58, T 59;1054;HEMLOCK;751732215;Changement de destination : logement → bureaux, avec agrandissement;transformation avec extension de surface;bureaux;;;;0;382;535;0;parcelle_actuelle;2.452168;48.868086
DP09304826B0143;DP;09304826B0143;logements;autorisé;2026;2026-05-29;;;85 RUE KLÉBER;93100;BK 345, BK 381;189;;;Agrandissement de 17 m² · 1 logement créé;extension de surface sans transformation;habitation;un logement individuel;;1;17;2;0;0;parcelle_actuelle;2.434493;48.853208
DP09304826B0156;DP;09304826B0156;locaux;autorisé;2026;2026-06-01;;;236 RUE DE PARIS;93100;AY 58;651;MAISON DE L'ARTISAN;100348580;Réaménagement de locaux (commerce);transformation sans extension ni diminution de surface;commerce;;;;0;0;0;0;parcelle_actuelle;2.419438;48.855519
DP09304826B0199;DP;09304826B0199;logements;autorisé;2026;2026-06-01;;;6 RUE DU PROGRÈS;93100;BG 124;271;;;Changement de destination : atelier d'artisanat → logement · 1 logement créé;transformation sans extension ni diminution de surface;habitation;un logement individuel;;1;0;0;0;0;parcelle_actuelle;2.422885;48.852131
PC09304826B0003;PC;09304826B0003;logements;autorisé;2026;2026-06-01;;;34 RUE DE LA TRANCHÉE;93100;CQ 214, CQ 215;593;;;Agrandissement de 28 m² · 1 logement créé;extension de surface sans transformation;habitation;un logement individuel;;1;28;20;0;0;parcelle_actuelle;2.477847;48.860479
PC09304825B0101;PC;09304825B0101;logements+locaux;autorisé;2025;2026-06-02;;;84 RUE EDOUARD VAILLANT;93100;BK 62;946;;;Construction neuve · 9 logements créés;nouvelle construction;habitation;résidence;autre;9;852;0;311;563;parcelle_actuelle;2.431158;48.853272
PC09304826B0012;PC;09304826B0012;logements+locaux;autorisé;2026;2026-06-10;;;26 RUE EDOUARD VAILLANT;93100;BL 180;462;REDD;792490278;Construction neuve · 7 logements créés;nouvelle construction;habitation;collectif hors résidence;;7;383;0;208;339;parcelle_actuelle;2.432513;48.856443
PD09304826B0016;PD;09304826B0016;demolir;autorisé;2026;2026-06-10;;;19 AVENUE FAIDHERBE;93100;AF 196;386;GENESTONE;399639251;Démolition;;;;;;;;;;parcelle_actuelle;2.441395;48.865698
DP09304826B0223;DP;09304826B0223;locaux;autorisé;2026;2026-06-12;;;42 RUE RASPAIL;93100;BH 173;307;;;Travaux sur un bâtiment existant;;bureaux;;;;0;0;0;0;parcelle_actuelle;2.425386;48.853206
PC09304825B0128;PC;09304825B0128;logements;autorisé;2025;2026-06-16;;;221 RUE DE PARIS;93100;AY 84;83;CDC HABITAT SOCIAL SOCIETE ANONYME D'HABITATIONS A LOYER MODERE;552046484;Agrandissement de 130 m² · 2 logements créés;extension de surface sans transformation;habitation;collectif hors résidence;;2;130;34;0;32;parcelle_actuelle;2.419981;48.855024
DP09304826B0135;DP;09304826B0135;locaux;autorisé;2026;2026-06-24;;;5BIS AVENUE WALWEIN;93100;AI 285;3754;SHASHA;895314177;Réaménagement de locaux (commerce);transformation sans extension ni diminution de surface;commerce;;;;0;0;0;0;parcelle_actuelle;2.444303;48.862656
PC09304825B0109;PC;09304825B0109;locaux;autorisé;2025;2026-06-24;;;14 ALLÉE ROLAND MARTIN;93100;CO 191;29066;COMMUNE DE MONTREUIL;219300480;Changement de destination : logement → local non résidentiel, avec réduction de surface;transformation avec diminution de surface;habitation;;;;0;11;0;11;parcelle_actuelle;2.479105;48.865741
PC09304825B0111;PC;09304825B0111;locaux;autorisé;2025;2026-06-24;;;18 RUE ANATOLE FRANCE;93100;CD 412;7200;COMMUNE DE MONTREUIL;219300480;Agrandissement de 351 m² (équipement d'intérêt collectif);extension de surface sans transformation;service public ou d'intérêt collectif;;;;0;0;351;103;parcelle_actuelle;2.463182;48.861329
PC09304826B0010;PC;09304826B0010;locaux;commencé;2026;2026-06-24;2026-07-06;;2 RUE RICHARD LENOIR;93100;AZ 25;648;SCI RICHARD LAROUGE;430383034;Réaménagement de locaux (bureaux);transformation sans extension ni diminution de surface;bureaux;;;;0;0;0;0;parcelle_actuelle;2.418680;48.854469
PC09304826B0037;PC;09304826B0037;logements;autorisé;2026;2026-06-24;;;20 RUE DES HAYEPS;93100;BI 251;208;;;Changement de destination : entrepôt → logement, avec réduction de surface · 1 logement créé;transformation avec diminution de surface;habitation;un logement individuel;;1;36;0;0;41;parcelle_actuelle;2.429454;48.853533
PD09304826B0018;PD;09304826B0018;demolir;autorisé;2026;2026-06-25;;;22 RUE RABELAIS;93100;AK 100;235;;;Démolition;;;;;;;;;;parcelle_actuelle;2.437694;48.862681
DP09304826B0227;DP;09304826B0227;logements;autorisé;2026;2026-07-20;;;70 BD PAUL VAILLANT COUTURIER;93100;U 2;201;DE MERE EN FILS MDB;990726432;Agrandissement de 65 m² · 1 logement créé;extension de surface sans transformation;habitation;collectif hors résidence;;1;65;0;0;0;parcelle_actuelle;2.446652;48.867826
DP09304826B0286;DP;09304826B0286;logements;autorisé;2026;2026-07-20;;;175 RUE LENAIN DE TILLEMONT;93100;CG 1;219;;;Agrandissement de 115 m² · 1 logement créé;extension de surface sans transformation;habitation;un logement individuel;;1;115;5;0;0;adresse;2.465602;48.857143
PC09304826B0049;PC;09304826B0049;logements;autorisé;2026;2026-07-20;;;154 ETIENNE MARCEL;93100;AV 115;305;;;Agrandissement de 53 m² · 1 logement créé;extension de surface sans transformation;habitation;un logement individuel;;1;53;0;0;0;parcelle_actuelle;2.425990;48.857721
PD09304826B0017;PD;09304826B0017;demolir;autorisé;2026;2026-07-20;;;27 RUE DE VINCENNES;93100;BM 215;437;;;Démolition;;;;;;;;;;parcelle_actuelle;2.437205;48.855595
PD09304826B0020;PD;09304826B0020;demolir;autorisé;2026;2026-07-20;;;18BIS RUE GABRIEL;93100;J 413;86;;;Démolition;;;;;;;;;;parcelle_actuelle;2.458378;48.872693
PD09304826B0021;PD;09304826B0021;demolir;autorisé;2026;2026-07-20;;;175 RUE LENAIN DE TILLEMONT;93100;CG 1;219;;;Démolition;;;;;;;;;;adresse;2.465602;48.857143
DP09304826B0283;DP;09304826B0283;logements;autorisé;2026;2026-07-21;;;66BIS RUE DU MOULIN A VENT;93100;AB 140;175;;;Réaménagement de logements (division, réunion ou rénovation), avec réduction de surface · 2 logements après travaux;transformation avec diminution de surface;habitation;collectif hors résidence;;2;0;4;0;0;parcelle_actuelle;2.435142;48.870869
PC09304826B0026;PC;09304826B0026;logements;autorisé;2026;2026-07-24;;;85 RUE DE LA DEMI-LUNE;93100;C 282;152;IMMO VENTURE INVEST;881842736;Agrandissement de 75 m² · 1 logement créé;extension de surface sans transformation;habitation;un logement individuel;;1;75;12;0;0;parcelle_actuelle;2.461005;48.875343
PC09304826B0039;PC;09304826B0039;locaux;autorisé;2026;2026-07-24;;;103 BOULEVARD HENRI BARBUSSE;93100;AD 264;424;FONSECA ECHAFAUDAGE;499520054;Agrandissement de 270 m² (entrepôt);extension de surface sans transformation;entrepôt;;;;0;0;270;165;parcelle_actuelle;2.440708;48.869126
PC09304826B0063;PC;09304826B0063;logements;autorisé;2026;2026-07-24;;;92 BOULEVARD DE CHANZY;93100;AT 92;290;PARSONS & WHITTEMORE IMMOBILIER;392202164;Changement de destination : atelier d'artisanat → logement · 1 logement créé;transformation sans extension ni diminution de surface;habitation;un logement individuel;;1;0;0;0;0;parcelle_actuelle;2.431285;48.858723
PD09304826B0023;PD;09304826B0023;demolir;autorisé;2026;2026-07-24;;;80 RUE DE LA SOLIDARITE;93100;BR 132, BR 320;150;;;Démolition;;;;;;;;;;parcelle_actuelle;2.446583;48.852647
PC09304825B0129;PC;09304825B0129;locaux;autorisé;2025;2026-07-27;;;209 RUE DE ROSNY;93100;I 89;615;HOPITAUX PARIS EST VAL-DE-MARNE;200027092;Construction neuve · 549 m² (équipement d'intérêt collectif);nouvelle construction;service public ou d'intérêt collectif;;;;0;70;549;244;parcelle_actuelle;2.461132;48.868897
DP09304826B0311;DP;09304826B0311;logements;autorisé;2026;2026-07-30;;;80 RUE DE LA SOLIDARITÉ;93100;BR 132, BR 320;150;;;Agrandissement de 16 m² · 1 logement créé;extension de surface sans transformation;habitation;un logement individuel;;1;16;0;0;0;parcelle_actuelle;2.446583;48.852647
PC09304825B0127;PC;09304825B0127;logements+locaux;autorisé;2025;2026-07-30;;;199-205 RUE DE PARIS;93100;;749;CDC HABITAT SOCIAL SOCIETE ANONYME D'HABITATIONS A LOYER MODERE;552046484;Agrandissement de 1586 m² · 21 logements créés;extension de surface sans transformation;habitation;collectif hors résidence;;21;1301;0;285;0;adresse;2.420834;48.855245
PD09304826B0022;PD;09304826B0022;demolir;autorisé;2026;2026-07-30;;;159 RUE DES RUFFINS;93100;CQ 265, CQ 289;1091;ETABLISSEMENT PUBLIC FONCIER IDF;495120008;Démolition;;;;;;;;;;parcelle_actuelle;2.481264;48.861694
DP09304826B0358;DP;09304826B0358;logements+locaux;autorisé;2026;2026-08-11;;;79 AVENUE PASTEUR;93100;AL 47;757;;;Changement de destination : bureaux → logement · 1 logement créé;transformation sans extension ni diminution de surface;bureaux;un logement individuel;;1;0;0;0;0;parcelle_actuelle;2.434852;48.866983
PD09304826B0026;PD;09304826B0026;demolir;autorisé;2026;2026-08-11;;;15BIS AVENUE FERDINAND BUISSON;93100;Z 314;531;CASA CLA;897492732;Démolition;;;;;;;;;;parcelle_actuelle;2.434662;48.873422
DP09304826B0353;DP;09304826B0353;logements+locaux;autorisé;2026;2026-08-27;;;4 RUE SAINT-JUST;93100;BY 78, BY 150;445;;;Changement de destination : commerce → logement · 1 logement créé;transformation sans extension ni diminution de surface;commerce;collectif hors résidence;;1;0;0;0;0;parcelle_actuelle;2.453460;48.864269
PC09304826B0047;PC;09304826B0047;logements+locaux;autorisé;2026;2026-08-27;;;176 BOULEVARD DE CHANZY;93100;AV 19;323;;;Changement de destination : entrepôt → logement · 3 logements créés;transformation sans extension ni diminution de surface;entrepôt;plusieurs logements individuels;;3;0;0;0;0;parcelle_actuelle;2.424958;48.859534
PD09304826B0027;PD;09304826B0027;demolir;autorisé;2026;2026-08-27;;;14 RUE LEONTINE PREAUX;93100;T 25;68;;;Démolition;;;;;;;;;;parcelle_actuelle;2.450458;48.867268
