REG_CODE;REG_LIBELLE;DEP_CODE;DEP_LIBELLE;COMM;TYPE_DAU;NUM_DAU;ETAT_DAU;DATE_REELLE_AUTORISATION;DATE_REELLE_DOC;DATE_REELLE_DAACT;AN_DEPOT;DR_DEPOT;DPC_AUT;DPC_DOC;DPC_DERN;APE_DEM;CJ_DEM;DENOM_DEM;SIREN_DEM;SIRET_DEM;CODPOST_DEM;LOCALITE_DEM;REC_ARCHI;ADR_NUM_TER;ADR_LIBVOIE_TER;ADR_LIEUDIT_TER;ADR_LOCALITE_TER;ADR_CODPOST_TER;SEC_CADASTRE1;NUM_CADASTRE1;SEC_CADASTRE2;NUM_CADASTRE2;SEC_CADASTRE3;NUM_CADASTRE3;SUPERFICIE_TERRAIN;ZONE_OP;NATURE_PROJET_DECLAREE;NATURE_PROJET_COMPLETEE;DESTINATION_PRINCIPALE;TYPE_TRANSFO_PRINCIPAL;TYPE_PRINCIP_LOCAUX_TRANSFORMES;I_EXTENSION;I_SURELEVATION;I_NIVSUPP;NB_NIV_MAX;NB_CHAMBRES;SURF_AGR_AVANT;SURF_AGR_CREEE;SURF_AGR_ISSUE_TRANSFO;SURF_AGR_DEMOLIE;SURF_AGR_TRANSFORMEE;SURF_HAB_AVANT;SURF_HAB_CREEE;SURF_HAB_ISSUE_TRANSFO;SURF_HAB_DEMOLIE;SURF_HAB_TRANSFORMEE;SURF_COM_AVANT;SURF_COM_CREEE;SURF_COM_ISSUE_TRANSFO;SURF_COM_DEMOLIE;SURF_COM_TRANSFORMEE;SURF_PUB_AVANT;SURF_PUB_CREEE;SURF_PUB_ISSUE_TRANSFO;SURF_PUB_DEMOLIE;SURF_PUB_TRANSFORMEE;SURF_LOC_AVANT;SURF_LOC_CREEE;SURF_LOC_ISSUE_TRANSFO;SURF_LOC_DEMOLIE;SURF_LOC_TRANSFORMEE;TYPE_SERVICE_PUBLIC;SURF_HEB_AVANT;SURF_HEB_CREEE;SURF_HEB_ISSUE_TRANSFO;SURF_HEB_DEMOLIE;SURF_HEB_TRANSFORMEE;SURF_BUR_AVANT;SURF_BUR_CREEE;SURF_BUR_ISSUE_TRANSFO;SURF_BUR_DEMOLIE;SURF_BUR_TRANSFORMEE;SURF_IND_AVANT;SURF_IND_CREEE;SURF_IND_ISSUE_TRANSFO;SURF_IND_DEMOLIE;SURF_IND_TRANSFORMEE;SURF_ENT_AVANT;SURF_ENT_CREEE;SURF_ENT_ISSUE_TRANSFO;SURF_ENT_DEMOLIE;SURF_ENT_TRANSFORMEE
11;Île-de-France;93;Seine-Saint-Denis;93048;PC;09304812B0149;4;2013-02-06;;;2012;2015-07-01;2013-02;;2013-02;68.10Z;5710;EIFFAGE IMMOBILIER ILE DE FRANCE;489244483;48924448300025;78141;VELIZI-VILLACOUBLAY CEDEX;false;8;BOULEVARD CHANZY;;MONTREUIL;;AR;236;AR;229;;;15784;4;2;3;3;1;3;true;false;false;0;0;0;0;0;0;0;21951;216;4016;0;0;24531;0;0;0;0;3793;523;3239;0;0;36442;523;3239;366;7255;5;0;0;0;0;0;8118;0;0;366;7255;0;0;0;0;0;0;0;0;0;0
11;Île-de-France;93;Seine-Saint-Denis;93048;PC;09304812B0174;6;2013-02-07;2016-02-01;2018-12-21;2012;2016-02-01;2013-02;2016-04;2018-12;68.20B;5710;GDP VENDOME PROMOTION;429982929;42998292900037;75001;PARIS;false;42;BOULEVARD CHANZY;;MONTREUIL;93100;AR;230;AR;85;;;1503;4;1;1;1;;;false;false;false;0;0;0;0;0;0;0;0;3925;0;0;0;0;455;0;0;0;0;0;0;0;0;0;755;0;0;0;7;0;0;0;0;0;0;300;0;0;0;0;0;0;0;0;0;0;0;0;0
11;Île-de-France;93;Seine-Saint-Denis;93048;PC;09304812B0180;5;2013-04-09;2014-01-20;;2012;2012-01-01;2013-04;2014-01;2014-01;68.20A;4140;OFFICE PUBLIC DE L'HABITAT MONTREUILLOIS;488777160;48877716000018;93100;MONTREUIL;false;15;RUE JULES VERNE;;MONTREUIL;93100;J;296;J;387;J;386;2604;4;2;3;1;3;1;false;false;false;0;0;0;0;0;0;0;6522;0;0;0;108;780;0;0;0;20;0;0;0;0;0;780;79;128;0;20;7;0;0;0;0;0;0;79;128;0;0;0;0;0;0;0;0;0;0;0;0
11;Île-de-France;93;Seine-Saint-Denis;93048;PC;09304812B0188;6;2013-02-07;2013-08-26;2015-04-09;2012;2015-04-09;2013-02;2013-08;2015-06;;;;;;93100;MONTREUIL;false;44;RUE HOCHE;;MONTREUIL;93100;AL;197;AL;198;AL;152;381;4;1;1;1;;;false;false;false;0;0;0;0;0;0;0;0;964;0;0;0;0;68;0;0;0;0;56;0;0;0;0;124;0;0;0;4;0;0;0;0;0;0;0;0;0;0;0;0;0;0;0;0;0;0;0;0
11;Île-de-France;93;Seine-Saint-Denis;93048;PC;09304812B0190;6;2013-02-26;2015-01-15;2019-07-30;2012;2019-07-30;2013-02;2015-02;2021-01;;;;;;75011;PARIS;false;35;RUE SAINT VICTOR;;MONTREUIL;93100;R;149;;;;;341;4;2;3;3;1;3;true;true;false;0;0;0;0;0;0;0;0;188;293;0;0;0;29;48;0;0;0;0;0;0;0;450;29;48;0;341;7;0;0;0;0;0;261;0;0;0;261;0;0;0;0;0;189;0;0;0;80
11;Île-de-France;93;Seine-Saint-Denis;93048;PC;09304812B0191;6;2013-02-06;2017-01-12;2019-05-15;2012;2015-08-05;2013-02;2017-01;2019-06;68.20A;5599;ERILIA;058811670;05881167000015;13291;MARSEILLE;false;68;AVENUE FAIDHERBE;;MONTREUIL;93100;AC;237;AC;235;AC;92;1109;4;1;1;1;;;false;false;false;0;0;0;0;0;0;0;0;2034;0;0;0;0;0;0;0;0;0;0;0;0;0;835;523;0;0;0;7;0;0;0;0;0;835;523;0;0;0;0;0;0;0;0;0;0;0;0;0
11;Île-de-France;93;Seine-Saint-Denis;93048;PC;09304812B0193;5;2013-03-08;2013-12-09;;2012;2012-01-01;2015-03;2015-03;2015-03;84.11Z;7210;COMMUNE DE MONTREUIL;219300480;21930048000015;93100;MONTREUIL;false;120;RUE LENAIN DE TILLEMONT;;MONTREUIL;;CE;272;;;;;15797;4;2;5;9;;;true;false;false;0;0;0;0;0;0;0;18168;0;0;0;0;0;0;0;0;0;0;437;0;0;0;0;437;0;0;0;4;0;0;0;0;0;0;0;0;0;0;0;0;0;0;0;0;0;0;0;0
11;Île-de-France;93;Seine-Saint-Denis;93048;PC;09304812B0200;6;2013-07-09;2015-11-09;2018-07-12;2012;2015-11-09;2013-07;2015-11;2019-09;41.10D;6541;SCI MONTREUIL EGLISE CONVENTION;750350001;75035000100012;75801;PARIS;false;10;RUE DE LA CONVENTION;;MONTREUIL;93100;AF;311;AF;284;AF;277;6421;4;1;1;1;;;false;false;false;0;0;0;0;0;0;0;0;8264;0;0;0;0;927;0;0;0;0;312;0;0;0;0;1446;0;0;0;4;0;0;0;0;0;0;207;0;0;0;0;0;0;0;0;0;0;0;0;0
11;Île-de-France;93;Seine-Saint-Denis;93048;PC;09304812B0215;6;2013-03-11;2014-03-05;2015-12-19;2012;2015-12-19;2015-03;2015-03;2016-04;;;;;;93100;MONTREUIL;false;171;RUE DE PARIS;;MONTREUIL;;BH;98;;;;;286;4;2;5;1;;;false;false;false;0;0;0;0;0;0;0;455;49;0;19;0;176;0;0;0;0;0;0;0;0;0;176;21;0;0;0;7;0;0;0;0;0;0;21;0;0;0;0;0;0;0;0;0;0;0;0;0
11;Île-de-France;93;Seine-Saint-Denis;93048;PC;09304812B0218;6;2013-04-05;2013-04-25;2014-06-08;2012;2012-01-01;2013-04;2014-08;2014-08;84.30A;8110;UGCAMIF UNION GEST CAISS ASSUR MAL;423868835;42386883500178;75014;PARIS;false;17;RUE ERNEST SAVART;;MONTREUIL;93100;AC;214;AC;218;AC;32;1641;4;1;1;9;;;false;false;false;0;0;0;0;0;0;0;0;0;0;0;0;0;0;0;0;0;0;1572;0;0;0;0;1572;0;0;0;3;0;0;0;0;0;0;0;0;0;0;0;0;0;0;0;0;0;0;0;0
11;Île-de-France;93;Seine-Saint-Denis;93048;PC;09304812B0223;6;2013-08-12;2015-03-09;2017-01-11;2012;2017-01-11;2013-08;2015-03;2017-05;;;;;;06140;VENCE;false;75;RUE PARMENTIER;;MONTREUIL;;AT;97;;;;;461;4;1;1;1;;;false;false;false;0;0;0;0;0;0;0;207;1289;0;0;0;0;73;0;0;0;0;0;0;0;0;0;73;0;0;0;7;0;0;0;0;0;0;0;0;0;0;0;0;0;0;0;0;0;0;0;0
11;Île-de-France;93;Seine-Saint-Denis;93048;PC;09304812B0235;6;2013-02-01;2014-02-18;2014-12-22;2012;2014-12-22;2013-02;2014-12;2015-06;;;;;;92290;CHATENAY MALABRY;false;79;RUE DE LA FRATERNITE;;MONTREUIL;;AV;73;;;;;241;4;2;5;4;;;false;false;false;0;0;0;0;0;0;0;0;0;0;0;0;348;38;0;0;0;0;0;0;0;0;348;38;0;0;0;7;0;0;0;0;0;0;0;0;0;0;0;0;0;0;0;0;0;0;0;0
11;Île-de-France;93;Seine-Saint-Denis;93048;PC;09304812B0240;2;2013-02-15;;;2012;2012-01-01;2013-02;;2013-02;;;;;;93100;MONTREUIL;false;91;RUE DES CAILLOTS;;MONTREUIL;93100;V;173;;;;;824;4;2;5;4;;;false;false;false;0;0;0;0;0;0;0;202;0;0;0;0;0;54;0;0;0;0;0;0;0;0;0;54;0;0;0;7;0;0;0;0;0;0;0;0;0;0;0;0;0;0;0;0;0;0;0;0
11;Île-de-France;93;Seine-Saint-Denis;93048;PC;09304812B0243;5;2013-06-03;2013-11-13;;2012;2012-01-01;2013-05;2015-03;2015-03;;;;;;93100;MONTREUIL;false;7;RUE DE ROSNY;;MONTREUIL;93100;AJ;256;;;;;303;4;2;3;1;3;1;false;false;false;0;0;0;0;0;0;0;241;47;0;0;145;0;47;145;0;0;0;0;0;0;0;0;47;145;0;0;7;0;0;0;0;0;0;0;0;0;0;0;0;0;0;0;0;0;0;0;0
11;Île-de-France;93;Seine-Saint-Denis;93048;PC;09304812B0250;5;2013-04-05;2013-12-04;;2012;2012-01-01;2013-04;2013-11;2013-11;68.20B;6540;SCI  DU 2 RUE RABELAIS;753214139;;75020;PARIS;false;75;RUE VICTOR HUGO;;MONTREUIL;;AK;189;AK;225;;;369;4;2;5;3;;;false;false;false;0;0;0;0;0;0;0;0;0;0;0;0;0;0;0;0;0;0;0;0;0;0;968;269;0;0;0;7;0;0;0;0;0;968;269;0;0;0;0;0;0;0;0;0;0;0;0;0
11;Île-de-France;93;Seine-Saint-Denis;93048;PC;09304812B0252;6;2013-06-27;2014-06-11;2015-12-18;2012;2015-12-18;2013-06;2014-06;2015-12;41.10D;6541;REI L'ANTHRACITE;532630860;53263086000015;93100;MONTREUIL;false;54 BI;RUE ROBESPIERRE;;MONTREUIL;93100;BG;87;;;;;675;4;1;1;1;;;false;false;false;0;0;0;0;0;0;0;235;588;0;0;0;0;412;0;0;0;0;0;0;0;0;0;412;0;0;0;7;0;0;0;0;0;0;0;0;0;0;0;0;0;0;0;0;0;0;0;0
11;Île-de-France;93;Seine-Saint-Denis;93048;PC;09304812B0257;6;2014-11-05;2014-11-06;2015-10-30;2012;2015-10-30;2014-11;2015-03;2016-03;;;;;;93100;MONTREUIL;false;33;RUE DE L EGLISE;;MONTREUIL;;AF;312;;;;;239;4;2;2;4;4;4;true;false;false;0;0;0;0;0;0;0;96;0;0;0;0;103;0;0;0;99;0;0;99;0;0;142;0;99;0;99;3;0;0;0;0;0;0;0;0;0;0;0;0;0;0;0;39;0;0;0;0
11;Île-de-France;93;Seine-Saint-Denis;93048;PC;09304813B0010;6;2013-06-27;2014-07-02;2016-07-04;2013;2016-07-04;2013-06;2014-07;2017-04;68.20A;5599;OSICA SOCIETE ANONYME D HABITATIONS A LOYER MODERE;552046484;55204648400259;75013;PARIS;false;34/36;RUE GIRARD;;MONTREUIL;93100;AR;242;AR;243;;;666;4;1;1;1;;;false;false;false;0;0;0;0;0;0;0;125;937;0;125;0;255;112;0;255;0;0;0;0;0;0;255;112;0;255;0;7;0;0;0;0;0;0;0;0;0;0;0;0;0;0;0;0;0;0;0;0
11;Île-de-France;93;Seine-Saint-Denis;93048;PC;09304813B0032;6;2013-11-25;2013-11-29;2013-11-30;2013;2013-11-30;2015-03;2015-03;2017-04;;;;;;93100;MONTREUIL;false;69 71;RUE VICTOR HUGO;;MONTREUIL;;AK;222;AK;223;AK;224;2759;4;2;4;4;4;4;true;false;false;0;0;0;0;0;0;0;350;0;0;0;0;3350;0;0;8;1536;0;0;1536;0;0;3350;0;1536;8;1536;6;0;0;0;0;0;0;0;0;0;0;0;0;0;0;0;0;0;0;0;0
11;Île-de-France;93;Seine-Saint-Denis;93048;PC;09304813B0045;6;2013-08-09;2014-04-22;2014-10-24;2013;2014-10-24;2013-08;2014-04;2016-09;84.11Z;7210;COMMUNE DE MONTREUIL;219300480;21930048000015;93100;MONTREUIL;false;74;RUE EDOUARD BRANLY;;MONTREUIL;;I;34;I;33;I;32;10323;4;2;5;9;;;false;false;false;0;0;0;0;0;0;0;0;0;0;0;0;0;0;0;0;0;158;70;0;0;0;158;70;0;0;0;6;0;0;0;0;0;0;0;0;0;0;0;0;0;0;0;0;0;0;0;0
11;Île-de-France;93;Seine-Saint-Denis;93048;PC;09304813B0046;5;2013-08-12;2014-04-03;;2013;2013-01-01;2013-08;2014-04;2014-04;84.11Z;7210;COMMUNE DE MONTREUIL;219300480;21930048000015;93100;MONTREUIL;false;46;RUE FRANKLIN;;MONTREUIL;93100;AI;271;AI;266;AI;267;20661;4;2;5;9;;;false;false;false;0;0;0;0;0;0;0;154;0;0;0;0;0;0;0;0;0;9119;425;0;0;0;9119;425;0;0;0;5;0;0;0;0;0;0;0;0;0;0;0;0;0;0;0;0;0;0;0;0
11;Île-de-France;93;Seine-Saint-Denis;93048;PC;09304813B0053;5;2013-07-11;2013-07-26;;2013;2013-01-01;2013-07;2013-07;2013-07;87.90B;9220;ASSOCIATION AURORE;775684970;77568497000384;75004;PARIS;false;18;RUE DE SAINT ANTOINE;;MONTREUIL;93100;BZ;465;;;;;6967;4;2;2;3;4;3;false;false;false;0;0;0;0;0;0;0;0;0;0;0;0;0;0;0;0;0;0;0;182;0;0;5900;0;182;0;182;5;0;0;0;0;0;5900;0;0;0;182;0;0;0;0;0;0;0;0;0;0
11;Île-de-France;93;Seine-Saint-Denis;93048;PC;09304813B0068;6;2013-08-26;2014-05-14;2016-09-01;2013;2016-09-01;2013-08;2015-03;2016-11;41.10D;6541;SCCV MONTREUIL MARCEAU;798041059;79804105900014;75017;PARIS;false;99 BI;RUE MARCEAU;;MONTREUIL;93100;BF;98;BF;97;BF;96;663;4;1;1;1;;;false;false;false;0;0;0;0;0;0;0;510;1788;0;0;0;785;322;0;0;0;0;0;0;0;0;785;322;0;0;0;7;0;0;0;0;0;0;0;0;0;0;0;0;0;0;0;0;0;0;0;0
11;Île-de-France;93;Seine-Saint-Denis;93048;PC;09304813B0074;5;2013-09-16;2015-02-16;;2013;2013-01-01;2013-09;2015-02;2015-02;68.20B;6540;SCI JARRY;415386705;41538670500016;75010;PARIS;false;12;RUE FRANCOIS DEBERGUE;;MONTREUIL;93100;BN;56;;;;;368;4;2;3;3;1;8;false;false;false;0;0;0;0;0;0;0;0;118;169;0;0;0;0;0;0;0;0;0;0;0;0;387;284;0;0;169;7;0;0;0;0;0;167;284;0;0;0;0;0;0;0;0;220;0;0;0;169
11;Île-de-France;93;Seine-Saint-Denis;93048;PC;09304813B0083;6;2013-11-19;2014-03-05;2015-10-01;2013;2015-10-01;2013-12;2014-03;2015-10;;;;;;75009;PARIS;false;124;RUE DE PARIS;;MONTREUIL;;AX;121;;;;;833;4;2;3;8;4;8;false;false;false;0;0;0;0;0;0;0;5219;0;0;0;0;123;0;0;0;123;0;65;656;0;0;852;65;758;0;758;6;0;0;0;0;0;0;0;102;0;0;0;0;0;0;0;729;0;0;0;635
11;Île-de-France;93;Seine-Saint-Denis;93048;PC;09304813B0086;2;2013-07-30;;;2013;2013-01-01;2013-07;;2013-07;;;;;;92130;ISSY LES MOULINEAUX;false;19;BOULE ROUGET DE LISLE;;MONTREUIL;93100;AK;18;AK;17;;;307;4;2;2;4;4;4;false;false;false;0;0;0;0;0;0;0;0;0;0;0;0;275;0;275;0;275;0;0;0;0;0;275;0;275;0;275;7;0;0;0;0;0;0;0;0;0;0;0;0;0;0;0;0;0;0;0;0
11;Île-de-France;93;Seine-Saint-Denis;93048;PC;09304813B0090;6;2013-09-02;2014-12-16;2026-01-29;2013;2026-01-29;2013-09;2014-12;2026-04;84.11Z;7210;COMMUNE DE MONTREUIL;219300480;21930048000015;93100;MONTREUIL;false;4;RUE DELPECHE;;MONTREUIL;93100;AO;203;;;;;4336;4;2;5;9;;;false;false;false;0;0;0;0;0;0;0;0;0;0;0;0;0;0;0;0;0;713;44;0;0;0;713;44;0;0;0;4;0;0;0;0;0;0;0;0;0;0;0;0;0;0;0;0;0;0;0;0
11;Île-de-France;93;Seine-Saint-Denis;93048;PC;09304813B0092;5;2013-10-10;2016-09-19;;2013;2016-09-19;2013-10;2016-09;2016-09;;;;;;93100;MONTREUIL;false;101;RUE GASTON LAURIAU;;MONTREUIL;93100;BT;283;BT;286;;;367;4;2;5;1;;;false;true;false;0;0;0;0;0;0;0;140;152;0;0;0;0;0;0;0;0;0;0;0;0;0;0;88;0;0;0;7;0;0;0;0;0;0;88;0;0;0;0;0;0;0;0;0;0;0;0;0
11;Île-de-France;93;Seine-Saint-Denis;93048;PC;09304813B0093;6;2014-01-30;2014-09-12;2017-01-09;2013;2017-01-09;2014-01;2014-09;2017-01;41.10D;5202;SNC 146 BOULEVARD DE CHANZY;488051574;48805157400017;65000;TARBES;false;146;BOULEVARD CHANZY--- RUE DE;;MONTREUIL;93100;AV;30;;;;;7898;4;1;1;1;;;false;false;false;0;0;0;0;0;0;0;0;10674;0;0;0;0;1229;0;0;0;0;0;0;0;0;0;1229;0;0;0;7;0;0;0;0;0;0;0;0;0;0;0;0;0;0;0;0;0;0;0;0
11;Île-de-France;93;Seine-Saint-Denis;93048;PC;09304813B0097;4;2014-03-16;;;2013;2013-01-01;2015-03;;2015-03;41.10D;6541;VILLA ALEXIS PESNON;794889055;79488905500016;75015;PARIS;false;100 1;RUE ALEXIS PESNON;;MONTREUIL;;AK;74;AK;75;AK;185;1597;4;1;1;1;;;false;false;false;0;0;0;0;0;0;0;0;3276;0;0;0;0;42;0;0;0;0;0;0;0;0;1370;42;0;1370;0;7;0;0;0;0;0;0;0;0;0;0;0;0;0;0;0;1370;0;0;1370;0
11;Île-de-France;93;Seine-Saint-Denis;93048;PC;09304813B0100;4;2014-03-21;;;2013;2013-01-01;2014-03;;2014-03;64.20Z;5710;IRE;489741645;48974164500019;75008;PARIS;false;66;RUE LENAIN DE TILLEMONT;;MONTREUIL;93100;CE;282;;;;;19574;4;1;1;1;;;false;false;false;0;0;0;0;0;0;0;0;4912;0;0;0;0;130;0;0;0;0;180;0;0;0;0;310;0;0;0;4;0;0;0;0;0;0;0;0;0;0;0;0;0;0;0;0;0;0;0;0
11;Île-de-France;93;Seine-Saint-Denis;93048;PC;09304813B0105;4;2014-01-06;;;2013;2018-07-16;2013-12;;2013-12;64.30Z;5499;JUCA DEVELOPPEMENT;501635361;50163536100014;93130;NOISY LE SEC;false;26;AVENUE FAIDHERBE;;MONTREUIL;93100;AE;101;;;;;188;4;1;1;1;;;false;false;false;0;0;0;0;0;0;0;0;294;0;0;0;0;0;0;0;0;0;0;0;0;0;0;152;0;0;0;7;0;0;0;0;0;0;152;0;0;0;0;0;0;0;0;0;0;0;0;0
11;Île-de-France;93;Seine-Saint-Denis;93048;PC;09304813B0106;5;2013-12-03;2014-01-15;;2013;2013-01-01;2013-11;2014-01;2014-01;;;;;;75019;PARIS;false;17;RUE DE LA REVOLUTION;;MONTREUIL;;AS;23;;;;;1837;4;2;2;3;4;3;true;false;false;0;0;0;0;0;0;0;2550;0;0;0;0;0;0;0;0;0;0;0;438;0;0;778;0;438;0;438;6;0;0;0;0;0;778;0;0;0;438;0;0;0;0;0;0;0;0;0;0
11;Île-de-France;93;Seine-Saint-Denis;93048;PC;09304813B0108;2;2014-03-28;;;2013;2013-01-01;2014-03;;2014-03;68.32A;5710;CABINET LOUIS PORCHERET;562035840;56203584000015;93100;MONTREUIL;false;34;RUE RASPAIL;;MONTREUIL;93100;BH;249;;;;;623;4;1;1;1;;;false;false;false;0;0;0;0;0;0;0;0;1297;0;0;0;0;70;0;0;0;0;0;0;0;0;476;176;0;0;0;7;0;0;0;0;0;49;106;0;0;0;0;0;0;0;0;427;0;0;0;0
11;Île-de-France;93;Seine-Saint-Denis;93048;PC;09304813B0120;6;2014-03-06;2016-06-09;2019-07-04;2013;2016-06-09;2014-02;2016-06;2019-08;68.20A;4140;OFFICE PUBLIC DE L'HABITAT MONTREUILLOIS;488777160;48877716000018;93100;MONTREUIL;false;11;RUE DES SOUCIS / 41 RUE EU;;MONTREUIL;93100;AI;309;AI;310;AI;312;1895;4;1;1;1;;;false;false;false;0;0;0;0;0;0;0;930;3706;0;0;0;0;87;0;0;0;0;0;0;0;0;0;87;0;0;0;7;0;0;0;0;0;0;0;0;0;0;0;0;0;0;0;0;0;0;0;0
11;Île-de-France;93;Seine-Saint-Denis;93048;PC;09304813B0142;6;2014-05-26;2015-07-01;2017-04-12;2013;2015-07-01;2014-07;2015-07;2017-10;41.10D;5499;CHR 23;805377736;80537773600014;93100;MONTREUIL;false;23;BD ROUGET DE LISLE;;MONTREUIL;93100;BO;61;;;;;332;4;1;1;1;;;false;false;false;0;0;0;0;0;0;0;0;1131;0;0;0;0;134;0;0;0;0;0;0;0;0;191;134;0;0;0;7;0;0;0;0;0;60;0;0;0;0;0;0;0;0;0;131;0;0;0;0
11;Île-de-France;93;Seine-Saint-Denis;93048;PC;09304813B0157;5;2014-01-31;2014-02-01;;2013;2014-02-01;2014-01;2015-10;2015-10;;;;;;93100;MONTREUIL;false;48;RUE EDOUARD BRANLY;;MONTREUIL;93100;I;73;I;71;I;72;968;4;2;5;8;;;false;false;false;0;0;0;0;0;0;0;118;0;0;0;0;0;0;0;0;0;0;0;0;0;0;0;9;0;0;0;7;0;0;0;0;0;0;0;0;0;0;0;0;0;0;0;0;9;0;0;0
11;Île-de-France;93;Seine-Saint-Denis;93048;PC;09304813B0160;6;2014-03-27;2014-06-12;2015-07-31;2013;2015-07-31;2014-03;2014-06;2015-10;;;;;;93100;MONTREUIL;false;66;RUE PARMENTIER;;MONTREUIL;93100;AT;70;;;;;1570;4;2;3;8;1;8;false;false;false;0;0;0;0;0;0;0;1235;18;814;0;0;0;0;0;0;0;0;0;0;0;0;951;0;51;0;865;7;0;0;0;0;0;59;0;51;0;0;0;0;0;0;0;892;0;0;0;865
11;Île-de-France;93;Seine-Saint-Denis;93048;PC;09304813B0170;5;2014-07-22;2016-01-25;;2013;2015-11-05;2014-08;2016-01;2016-01;41.10D;6541;R EVOLUTION A MONTREUIL;813702420;81370242000015;75015;PARIS;false;12/14;RUE MARCEAU;;MONTREUIL;93100;BH;75;BH;76;;;1013;4;1;1;1;;;false;false;false;0;0;0;0;0;0;0;0;2595;0;0;0;0;510;0;0;0;0;0;0;0;0;0;510;0;0;0;7;0;0;0;0;0;0;0;0;0;0;0;0;0;0;0;0;0;0;0;0
11;Île-de-France;93;Seine-Saint-Denis;93048;PC;09304813B0174;6;2014-06-06;2014-11-18;2016-11-16;2013;2016-11-16;2014-06;2014-11;2016-11;41.10A;5202;SNC KAUFMAN & BROAD PROMOTION 4;444266555;44426655500028;92207;NEUILLY SUR SEINE CEDEX;false;55;RUE ARMAND CARREL;;MONTREUIL;;BD;53;;;;;3235;4;1;1;1;;;false;false;false;0;0;0;0;0;0;0;0;7981;0;0;0;1996;495;0;0;0;0;0;0;0;0;1996;495;0;0;0;7;0;0;0;0;0;0;0;0;0;0;0;0;0;0;0;0;0;0;0;0
11;Île-de-France;93;Seine-Saint-Denis;93048;PC;09304813B0175;4;2014-07-22;2016-01-29;;2013;2013-01-01;2014-07;2016-01;2016-01;41.10D;6541;SCI MONTREUIL LES RESERVOIRS - BOULEVARD DE LA BOISSIERE;480556042;48055604200012;59100;ROUBAIX;false;278;BOULEVARD DE LA BOISSIERE;;MONTREUIL;93100;F;36;F;28;F;26;24182;4;1;1;1;;;false;false;false;0;0;0;0;0;0;0;0;13590;0;0;0;0;772;0;0;0;0;1197;0;0;0;0;1969;0;0;0;4;0;0;0;0;0;0;0;0;0;0;0;0;0;0;0;0;0;0;0;0
11;Île-de-France;93;Seine-Saint-Denis;93048;PC;09304813B0181;6;2014-03-14;2014-11-04;2017-01-20;2013;2017-01-20;2014-03;2014-11;2017-10;41.10D;6541;SCCV MONTREUIL GUTENBERG;802183954;80218395400014;75017;PARIS;false;10;RUE GUTENBERG;;MONTREUIL;93100;AV;118;;;;;835;4;1;1;1;;;false;false;false;0;0;0;0;0;0;0;309;2293;0;0;0;546;72;0;0;0;0;0;0;0;0;546;72;0;0;0;7;0;0;0;0;0;0;0;0;0;0;0;0;0;0;0;0;0;0;0;0
11;Île-de-France;93;Seine-Saint-Denis;93048;PC;09304814B0021;5;2014-08-27;2016-07-02;;2014;2016-07-02;2014-08;2016-08;2016-08;68.20B;6540;SCI CENTRE ROBESPIERRE;414553107;41455310700015;93100;MONTREUIL;false;24;RUE ROBESPIERE;;MONTREUIL;93100;AY;128;AY;229;;;1045;4;2;5;4;;;false;false;false;0;0;0;0;0;0;0;151;19;0;0;0;300;172;0;0;0;0;0;0;0;0;300;172;0;0;0;7;0;0;0;0;0;0;0;0;0;0;0;0;0;0;0;0;0;0;0;0
11;Île-de-France;93;Seine-Saint-Denis;93048;PC;09304814B0022;6;2014-06-14;2015-01-28;2017-01-17;2014;2017-01-17;2014-06;2015-01;2018-03;68.20B;6540;SCI GALLETTI;753864313;75386431300014;93100;MONTREUIL;false;30;RUE HONORE DE BALZAC;;MONTREUIL;93100;K;268;K;258;K;47;636;4;1;1;1;;;false;false;false;0;0;0;0;0;0;0;0;367;0;0;0;0;308;0;0;0;0;0;0;0;0;0;308;0;0;0;7;0;0;0;0;0;0;0;0;0;0;0;0;0;0;0;0;0;0;0;0
11;Île-de-France;93;Seine-Saint-Denis;93048;PC;09304814B0040;4;2014-09-11;;;2014;2014-01-01;2014-09;;2014-09;;;;;;83780;FLAYOSC;false;104;RUE EDOUARD VAILLANT;;MONTREUIL;93100;BJ;28;BJ;26;;;1555;4;2;3;3;2;1;true;false;false;0;0;0;0;0;0;0;170;22;4;0;4;850;0;0;0;0;0;0;0;0;0;1150;50;0;5;0;7;0;0;0;0;0;250;50;0;5;0;0;0;0;0;0;50;0;0;0;0
11;Île-de-France;93;Seine-Saint-Denis;93048;PC;09304814B0043;5;2014-10-29;2017-10-16;;2014;2017-10-16;2014-11;2017-10;2017-10;68.20A;9220;FRANCE EURO HABITAT;383349107;38334910700045;92110;CLICHY;false;20;RUE ROBESPIERRE;;MONTREUIL;93100;AY;254;;;;;300;4;1;1;1;;;false;false;false;0;0;0;0;0;0;0;100;711;0;0;0;300;105;0;0;0;0;0;0;0;0;300;105;0;0;0;7;0;0;0;0;0;0;0;0;0;0;0;0;0;0;0;0;0;0;0;0
11;Île-de-France;93;Seine-Saint-Denis;93048;PC;09304814B0051;6;2014-05-23;2016-02-09;2023-05-20;2014;2016-02-09;2015-03;2016-02;2023-05;;;;;;93100;MONTREUIL;false;5;RUE DOMBASLE;;MONTREUIL;;AH;135;AH;1;;;1259;4;2;3;1;3;1;false;false;false;0;0;0;0;0;0;0;169;35;0;0;40;0;0;0;0;0;0;0;0;0;0;0;0;40;0;0;7;0;0;0;0;0;0;0;40;0;0;0;0;0;0;0;0;0;0;0;0
11;Île-de-France;93;Seine-Saint-Denis;93048;PC;09304814B0052;6;2014-06-16;2014-07-28;2024-10-08;2014;2024-10-08;2014-06;2014-07;2025-01;;;;;;93100;MONTREUIL;false;40;RUE MAINGUET;;MONTREUIL;93100;AP;51;;;;;316;4;2;3;4;1;4;true;false;false;0;0;0;0;0;0;0;0;0;170;0;0;306;100;0;0;170;0;0;0;0;0;306;100;0;0;170;7;0;0;0;0;0;0;0;0;0;0;0;0;0;0;0;0;0;0;0;0
11;Île-de-France;93;Seine-Saint-Denis;93048;PC;09304814B0054;6;2014-05-12;2014-07-04;2014-07-26;2014;2014-07-26;2015-03;2015-03;2016-11;;;;;;75020;PARIS;false;140;RUE DU MOULIN A VENT;;MONTREUIL;;Y;64;;;;;260;4;2;5;3;;;false;false;false;0;0;0;0;0;0;0;459;0;0;0;0;129;0;0;0;0;0;0;0;0;0;129;49;0;0;0;7;0;0;0;0;0;0;49;0;0;0;0;0;0;0;0;0;0;0;0;0
11;Île-de-France;93;Seine-Saint-Denis;93048;PC;09304814B0069;5;2014-10-16;2015-03-04;;2014;2014-01-01;2014-10;2015-03;2015-03;84.11Z;7220;DEPARTEMENT DE LA SEINE SAINT DENIS;229300082;22930008201453;93006;BOBIGNY CEDEX;false;41;RUE VOLTAIRE;;MONTREUIL;93100;AY;231;AY;230;;;7536;4;2;5;9;;;false;false;false;0;0;0;0;0;0;0;0;0;0;0;0;0;0;0;0;0;7610;101;0;0;0;7610;101;0;0;0;4;0;0;0;0;0;0;0;0;0;0;0;0;0;0;0;0;0;0;0;0
11;Île-de-France;93;Seine-Saint-Denis;93048;PC;09304814B0103;4;2014-12-11;;;2014;2018-07-13;2014-12;;2014-12;41.10D;6541;VILLA ALEXIS PESNON;794889055;79488905500016;75015;PARIS;false;100 B;RUE ALEXIS PESNON;;MONTREUIL;93100;AK;185;AK;75;AK;74;235;4;1;1;1;;;false;false;false;0;0;0;0;0;0;0;0;3276;0;0;0;0;42;0;0;0;0;0;0;0;0;1370;42;0;0;0;7;0;0;0;0;0;0;0;0;0;0;0;0;0;0;0;1370;0;0;0;0
11;Île-de-France;93;Seine-Saint-Denis;93048;PC;09304814B0108;6;2014-08-11;2014-12-11;2015-06-29;2014;2015-06-29;2014-08;2014-12;2016-04;;;;;;75004;PARIS;false;20;RUE VOLTAIRE;;MONTREUIL;93100;AY;154;AY;165;AY;166;3506;4;2;3;3;1;3;true;false;false;0;0;0;0;0;0;0;593;18;108;0;0;0;0;0;0;0;0;0;0;0;0;8342;22;0;0;108;7;0;0;0;0;0;8342;22;0;0;108;0;0;0;0;0;0;0;0;0;0
11;Île-de-France;93;Seine-Saint-Denis;93048;PC;09304814B0132;2;2015-02-26;;;2014;2014-01-01;2015-02;;2015-02;;;;;;93100;MONTREUIL;false;48;RUE PARMENTIER;;MONTREUIL;93100;AT;8;;;;;100;4;2;5;4;;;true;false;false;0;0;0;0;0;0;0;0;0;0;0;0;0;50;0;0;0;0;0;0;0;0;0;50;0;0;0;7;0;0;0;0;0;0;0;0;0;0;0;0;0;0;0;0;0;0;0;0
11;Île-de-France;93;Seine-Saint-Denis;93048;PC;09304814B0140;6;2014-09-01;2016-07-19;2018-09-18;2014;2016-07-19;2015-02;2016-07;2019-07;;;;;;65000;TARBES;false;42;RUE ARMAND CARREL;;MONTREUIL;93100;BC;24;;;;;1741;4;1;1;3;;;false;false;false;0;0;0;0;0;0;0;2138;0;0;2138;0;0;0;0;0;0;0;0;0;0;0;0;5875;0;0;0;7;0;0;0;0;0;0;5875;0;0;0;0;0;0;0;0;0;0;0;0;0
11;Île-de-France;93;Seine-Saint-Denis;93048;PC;09304814B0152;6;2014-09-22;2015-04-16;2015-08-29;2014;2015-08-29;2014-09;2015-04;2015-10;68.32A;5710;CABINET LOUIS PORCHERET;562035840;56203584000015;93100;MONTREUIL;false;103 B;RUE GASTON LAURIAU;;MONTREUIL;93100;BT;233;;;;;194;4;2;3;4;4;4;false;false;false;0;0;0;0;0;0;0;103;0;0;0;0;87;27;87;0;87;0;0;0;0;0;87;27;87;0;87;7;0;0;0;0;0;0;0;0;0;0;0;0;0;0;0;0;0;0;0;0
11;Île-de-France;93;Seine-Saint-Denis;93048;PC;09304814B0158;5;2015-03-13;2017-06-12;;2014;2017-06-12;2015-03;2017-06;2017-06;68.20B;6540;SCI CLEMENTINE;477796221;47779622100018;93100;MONTREUIL;false;11;AVENUE DU COLONEL FABIEN;;MONTREUIL;93100;N;115;;;;;578;4;2;3;1;1;3;true;false;false;0;0;0;0;0;0;0;205;548;14;70;0;0;0;0;0;0;0;0;0;0;0;124;43;0;24;14;7;0;0;0;0;0;124;43;0;24;14;0;0;0;0;0;0;0;0;0;0
11;Île-de-France;93;Seine-Saint-Denis;93048;PC;09304814B0163;2;2015-02-19;;;2014;2014-01-01;2015-02;;2015-02;;;;;;93170;BAGNOLET;false;253;BOULE ARISTIDE BRIAND;;MONTREUIL;93100;B;57;B;56;;;409;4;2;5;4;;;true;false;false;0;0;0;0;0;0;0;0;32;0;0;0;144;99;0;0;0;0;0;0;0;0;144;99;0;0;0;7;0;0;0;0;0;0;0;0;0;0;0;0;0;0;0;0;0;0;0;0
11;Île-de-France;93;Seine-Saint-Denis;93048;PC;09304814B0164;6;2015-02-25;2015-05-28;2019-12-11;2014;2015-05-28;2015-02;2015-05;2019-12;;;;;;93170;BAGNOLET;false;253;BOULE ARISTIDE BRIAND;;MONTREUIL;93100;B;57;;;;;322;4;2;5;4;;;false;false;false;0;0;0;0;0;0;0;0;32;0;0;0;144;82;0;0;0;0;0;0;0;0;144;82;0;0;0;7;0;0;0;0;0;0;0;0;0;0;0;0;0;0;0;0;0;0;0;0
11;Île-de-France;93;Seine-Saint-Denis;93048;PC;09304814B0173;5;2014-11-19;2015-02-23;;2014;2014-01-01;2014-11;2015-02;2015-02;;;;;;93100;MONTREUIL;false;54;RUE VOLTAIRE;;MONTREUIL;93100;AY;182;;;;;366;4;2;5;3;;;false;false;false;0;0;0;0;0;0;0;154;40;0;0;0;0;0;0;0;0;0;0;0;0;0;216;59;0;0;0;7;0;0;0;0;0;216;59;0;0;0;0;0;0;0;0;0;0;0;0;0
11;Île-de-France;93;Seine-Saint-Denis;93048;PC;09304814B0181;4;2015-04-02;;;2014;2014-01-01;2015-04;;2015-04;68.20B;6540;SCI  FS;519142269;51914226900017;94300;VINCENNES;false;128;RUE DE VINCENNES;;MONTREUIL;;BJ;130;;;;;387;4;2;4;1;3;1;false;false;false;0;0;0;0;0;0;0;256;0;0;31;225;62;0;31;0;0;0;0;0;0;0;62;0;225;0;0;7;0;0;0;0;0;0;0;194;0;0;0;0;0;0;0;0;0;0;0;0
11;Île-de-France;93;Seine-Saint-Denis;93048;PC;09304814B0184;6;2015-05-28;2016-01-08;2017-05-09;2014;2014-01-01;2015-05;2016-01;2019-04;41.10D;6541;LE BOURG;788818706;78881870600012;93100;MONTREUIL;false;31;RUE LEBOUR;;MONTREUIL;93100;BH;161;BH;162;;;1393;4;1;1;1;;;false;false;false;0;0;0;0;0;0;0;157;1966;0;157;0;0;95;0;0;0;0;0;0;0;0;121;95;0;121;0;7;0;0;0;0;0;121;0;0;121;0;0;0;0;0;0;0;0;0;0;0
11;Île-de-France;93;Seine-Saint-Denis;93048;PC;09304814B0186;2;2015-04-10;;;2014;2014-01-01;2015-04;;2015-04;68.20B;5499;OPALINE D'ATOUT;524144441;52414444100028;75016;PARIS;false;82;RUE DU CAPITAINE DREYFUS;;MONTREUIL;;BO;324;;;;;4230;4;2;3;3;4;3;false;false;false;0;0;0;0;0;0;0;43262;0;0;0;0;202;47;102;0;0;2374;0;0;0;0;2976;47;102;0;102;7;0;0;0;0;0;400;0;0;0;102;0;0;0;0;0;0;0;0;0;0
11;Île-de-France;93;Seine-Saint-Denis;93048;PC;09304814B0198;2;2015-02-19;;;2014;2014-01-01;2015-02;;2015-02;84.13Z;4110;ETABLISSEMENT PUBLIC FONCIER IDF;495120008;49512000800000;75014;PARIS;false;272;RUE DE PARIS;;MONTREUIL;93100;AZ;68;AZ;71;AZ;67;1921;4;2;2;4;4;4;false;false;false;0;0;0;0;0;0;0;6359;0;0;0;0;34613;0;0;0;1632;0;0;0;0;0;40077;0;1632;0;1632;7;9650;0;0;0;0;5464;0;1632;0;0;0;0;0;0;0;0;0;0;0;0
11;Île-de-France;93;Seine-Saint-Denis;93048;PC;09304814B0201;2;2015-04-24;;;2014;2014-01-01;2015-04;;2015-04;68.20B;6599;SCI 105 RUE DU MOULIN A VENT;509872404;50987240400017;93100;MONTREUIL;false;105;RUE DU MOULIN A VENT;;MONTREUIL;93100;Z;237;;;;;97;4;2;3;1;3;1;false;false;false;0;0;0;0;0;0;0;67;21;0;16;27;0;0;0;0;0;0;0;0;0;0;0;12;27;0;0;7;0;0;0;0;0;0;0;0;0;0;0;0;0;0;0;0;12;27;0;0
11;Île-de-France;93;Seine-Saint-Denis;93048;PC;09304814B0215;6;2015-02-02;2015-04-14;2016-02-02;2014;2016-02-02;2015-02;2015-04;2016-02;;;;;;93100;MONTREUIL;false;10;RUE JULES FERRY;;MONTREUIL;93100;AQ;237;AQ;235;;;268;4;2;3;4;3;1;false;false;false;0;0;0;0;0;0;0;128;0;0;0;34;0;45;34;0;0;0;0;0;0;0;0;45;34;0;0;7;0;0;0;0;0;0;0;0;0;0;0;0;0;0;0;0;0;0;0;0
11;Île-de-France;93;Seine-Saint-Denis;93048;PC;09304814B0218;5;2015-05-28;2017-05-11;;2014;2014-01-01;2015-05;2017-05;2017-05;68.20B;6540;SCI VARNAUD;351617451;35161745100015;93100;MONTREUIL;false;166;RUE ETIENNE MARCEL;;MONTREUIL;93100;AV;104;;;;;515;4;2;5;8;;;true;false;false;0;0;0;0;0;0;0;0;0;0;0;0;0;0;0;0;0;0;0;0;0;0;200;200;0;0;0;7;0;0;0;0;0;0;0;0;0;0;0;0;0;0;0;200;200;0;0;0
11;Île-de-France;93;Seine-Saint-Denis;93048;PC;09304815B0009;5;2015-05-28;2016-01-13;;2015;2015-01-01;2015-05;2016-01;2016-01;68.20A;6540;SCI B.P;401758412;40175841200027;93100;MONTREUIL;false;21;RUE ALEXIS LEPERE;;MONTREUIL;93100;AF;100;;;;;1067;4;2;3;4;4;4;false;false;false;0;7;0;0;0;0;0;188;0;0;0;0;1078;28;93;20;1057;0;106;1135;0;0;1264;134;1228;35;1228;5;0;28;93;0;0;186;0;0;15;171;0;0;0;0;0;0;0;0;0;0
11;Île-de-France;93;Seine-Saint-Denis;93048;PC;09304815B0011;6;2015-06-15;2015-06-15;2015-07-15;2015;2015-01-01;2015-06;2015-08;2015-08;87.90A;9230;ASS VERS LA VIE ET L'EDUCATION DES JEUNES;300513033;30051303300740;75010;PARIS;false;107;AVENUE PDT SALVADOR ALLEND;;MONTREUIL;;K;87;;;;;513;4;2;2;1;3;1;true;false;false;0;0;0;0;0;0;0;250;0;0;0;250;0;0;0;0;0;0;0;250;0;0;0;0;250;0;0;4;0;0;0;0;0;0;0;0;0;0;0;0;0;0;0;0;0;0;0;0
11;Île-de-France;93;Seine-Saint-Denis;93048;PC;09304815B0016;5;2015-06-16;2015-06-17;;2015;2015-01-01;2015-06;2015-08;2015-08;68.20B;6540;SCI BAUDIN;343578134;34357813400011;93100;MONTREUIL;false;13;RUE BAUDIN;;MONTREUIL;93100;U;33;;;;;249;4;2;5;3;;;false;false;false;0;0;0;0;0;0;0;0;0;0;0;0;0;0;0;0;0;0;0;0;0;0;235;39;0;0;0;7;0;0;0;0;0;235;39;0;0;0;0;0;0;0;0;0;0;0;0;0
11;Île-de-France;93;Seine-Saint-Denis;93048;PC;09304815B0031;6;2015-07-15;2018-04-25;2020-09-10;2015;2015-01-01;2015-07;2018-05;2021-01;41.10D;6541;SCI MONTREUIL 16 GRAVIERS;820650901;82065090100011;92210;SAINT-CLOUD;false;138/1;BD HENRI BARBUSSE;;MONTREUIL;93100;Y;186;;;;;405;4;1;1;1;;;false;false;false;0;0;0;0;0;0;0;0;1050;0;0;0;0;263;0;0;0;0;0;0;0;0;0;263;0;0;0;7;0;0;0;0;0;0;0;0;0;0;0;0;0;0;0;0;0;0;0;0
11;Île-de-France;93;Seine-Saint-Denis;93048;PC;09304815B0073;5;2015-11-03;2016-06-06;;2015;2015-01-01;2015-11;2016-06;2016-06;;;;;;93100;MONTREUIL;false;91;RUE DES SORINS;;MONTREUIL;93100;AV;79;;;;;178;4;2;5;4;;;true;false;false;0;0;0;0;0;0;0;104;0;0;34;0;0;150;0;0;0;0;0;0;0;0;0;150;0;0;0;7;0;0;0;0;0;0;0;0;0;0;0;0;0;0;0;0;0;0;0;0
11;Île-de-France;93;Seine-Saint-Denis;93048;PC;09304815B0084;6;2015-09-11;2015-12-03;2017-04-15;2015;2015-01-01;2015-09;2015-12;2017-08;68.20B;6540;SCI  FS;519142269;51914226900017;94300;VINCENNES;false;128;RUE DE VINCENNES;;MONTREUIL;93100;BJ;130;;;;;387;4;2;3;1;2;1;true;true;false;0;0;0;0;0;0;0;225;0;213;12;213;62;0;0;0;0;0;0;0;0;0;62;82;0;0;0;7;0;0;0;0;0;0;82;0;0;0;0;0;0;0;0;0;0;0;0;0
11;Île-de-France;93;Seine-Saint-Denis;93048;PC;09304815B0089;6;2015-07-30;2015-10-19;2023-07-01;2015;2015-01-01;2015-07;2016-03;2023-08;68.20B;6540;TRANSREVES;814425674;;93100;MONTREUIL;false;61;RUE BABEUF;;MONTREUIL;93100;CN;358;;;;;150;4;1;1;1;;;false;false;false;0;0;0;0;0;0;0;0;97;0;0;0;0;0;0;0;0;0;0;0;0;0;0;30;0;0;0;7;0;0;0;0;0;0;30;0;0;0;0;0;0;0;0;0;0;0;0;0
11;Île-de-France;93;Seine-Saint-Denis;93048;PC;09304815B0094;6;2015-10-16;2016-10-05;2018-05-04;2015;2015-01-01;2015-10;2016-10;2018-05;;;;;;75008;PARIS-8E-ARRONDISSEMENT;false;146/1;BOULEVARD DE CHANZY;;MONTREUIL;93100;AV;176;;;;;0;4;1;1;1;;;false;false;false;8;0;0;0;0;0;0;0;5646;0;0;0;0;1414;0;0;0;0;0;0;0;0;0;1414;0;0;0;7;0;0;0;0;0;0;0;0;0;0;0;0;0;0;0;0;0;0;0;0
11;Île-de-France;93;Seine-Saint-Denis;93048;PC;09304815B0097;2;2015-08-14;;;2015;2015-01-01;2015-08;;2015-08;68.20B;6540;SCI 39-39B RUE DE LA POINTE A MONTREUIL;950572669;95057266900022;93100;MONTREUIL;false;39/39;RUE DE LA POINTE;;MONTREUIL;93100;X;371;;;;;668;4;2;5;4;;;false;false;false;0;0;0;0;0;0;0;243;0;0;0;0;47;165;0;0;0;0;0;0;0;0;118;330;0;0;0;7;0;0;0;0;0;24;0;0;0;0;0;0;0;0;0;47;165;0;0;0
11;Île-de-France;93;Seine-Saint-Denis;93048;PC;09304815B0098;6;2015-11-10;2017-12-22;2022-05-23;2015;2015-01-01;2015-11;2017-12;2022-05;68.10Z;5710;EIFFAGE IMMOBILIER ILE DE FRANCE;489244483;48924448300025;78140;VELIZY-VILLACOUBLAY;false;67;AVENUE PASTEUR;;MONTREUIL;93100;AL;127;AL;129;AL;157;3804;4;1;1;1;;;false;false;false;7;0;0;0;0;0;0;0;7523;0;0;0;0;614;0;0;0;0;0;0;0;0;0;614;0;0;0;7;0;0;0;0;0;0;0;0;0;0;0;0;0;0;0;0;0;0;0;0
11;Île-de-France;93;Seine-Saint-Denis;93048;PC;09304815B0100;6;2015-11-30;2016-09-29;2020-01-27;2015;2015-01-01;2015-11;2016-09;2020-01;41.10D;6541;MONTREUIL PANORAMA;801068057;80106805700018;75008;PARIS-8E-ARRONDISSEMENT;false;240/2;RUE DE ROMAINVILLE;;MONTREUIL;93100;N;151;;;;;1749;4;1;1;1;;;false;false;false;0;0;0;0;0;0;0;100;3491;0;100;0;0;450;0;0;0;0;0;0;0;0;250;450;0;250;0;7;0;0;0;0;0;0;0;0;0;0;0;0;0;0;0;250;0;0;250;0
11;Île-de-France;93;Seine-Saint-Denis;93048;PC;09304815B0118;6;2016-01-13;2016-01-29;2019-04-17;2015;2015-01-01;2016-01;2016-02;2020-05;41.10D;6541;SCI MONTREUIL LES RESERVOIRS - BOULEVARD DE LA BOISSIERE;480556042;48055604200012;59562;LA MADELEINE CEDEX;false;;278 280 292 294 300 BD DE;;MONTREUIL;93100;F;5;F;26;F;36;6358;4;1;1;1;;;false;false;false;8;0;0;0;0;0;0;0;13590;0;0;0;0;772;0;0;0;0;1197;0;0;0;0;1969;0;0;0;4;0;0;0;0;0;0;0;0;0;0;0;0;0;0;0;0;0;0;0;0
11;Île-de-France;93;Seine-Saint-Denis;93048;PC;09304815B0119;6;2015-11-12;2015-11-25;2017-05-06;2015;2015-01-01;2015-11;2015-11;2019-12;68.20B;6540;SCI NOVENGO IMMOBILIER;809635998;;93100;MONTREUIL;false;79;RUE DE LA REPUBLIQUE;;MONTREUIL;93100;BC;2;BC;5;BC;6;8691;4;2;5;3;;;false;false;false;0;0;0;0;0;0;0;3499;0;0;0;0;7365;0;0;0;0;0;0;0;0;0;30428;95;0;0;0;7;0;0;0;0;0;23063;90;0;0;0;0;0;0;0;0;0;5;0;0;0
11;Île-de-France;93;Seine-Saint-Denis;93048;PC;09304815B0123;2;2015-12-07;;;2015;2015-01-01;2016-03;;2016-03;49.31Z;4120;REGIE AUTONOME DES TRANSPORTS PARISIENS;775663438;77566343800015;94120;FONTENAY-SOUS-BOIS;false;;RUE LUCIEN PIRON;;MONTREUIL;93100;D;111;D;109;;;507;4;1;1;9;;;false;false;false;0;0;0;0;0;0;0;0;0;0;0;0;0;0;0;0;0;0;1373;0;0;0;0;1373;0;0;0;1;0;0;0;0;0;0;0;0;0;0;0;0;0;0;0;0;0;0;0;0
11;Île-de-France;93;Seine-Saint-Denis;93048;PC;09304815B0125;6;2015-12-01;2016-03-28;2018-01-22;2015;2015-01-01;2015-12;2016-03;2018-01;68.20B;6540;SCI SYLVANIA;798031688;79803168800012;75008;PARIS;false;;RUE DE YELIMANE - RUE LENA;;MONTREUIL;93100;CE;282;;;;;4644;4;1;1;1;;;false;false;false;0;0;0;0;0;0;0;0;6133;0;0;0;0;70;0;0;0;0;203;0;0;0;0;273;0;0;0;4;0;0;0;0;0;0;0;0;0;0;0;0;0;0;0;0;0;0;0;0
11;Île-de-France;93;Seine-Saint-Denis;93048;PC;09304815B0127;6;2016-01-14;2017-04-05;2019-07-31;2015;2015-01-01;2016-01;2017-04;2020-01;41.10D;6541;SCCV MARCEAU LEBOUR;822653119;82265311900013;94160;SAINT-MANDE;false;25;RUE LEBOUR;;MONTREUIL;93100;BH;163;;;;;740;4;1;1;1;;;false;false;false;6;0;0;0;0;0;0;0;1465;0;0;0;0;257;0;0;0;0;0;0;0;0;658;257;0;658;0;7;0;0;0;0;0;340;0;0;340;0;0;0;0;0;0;318;0;0;318;0
11;Île-de-France;93;Seine-Saint-Denis;93048;PC;09304815B0131;6;2016-01-18;2016-07-04;2019-02-22;2015;2015-01-01;2016-01;2016-11;2019-04;41.10D;6541;VILLA ALEXIS PESNON;794889055;79488905500016;75015;PARIS;false;100-1;RUE ALEXIS PESNON;;MONTREUIL;93100;AK;74;AK;75;AK;185;1597;4;1;1;1;;;false;false;false;6;0;0;0;0;0;0;0;3235;0;0;0;0;42;0;0;0;0;0;0;0;0;1370;42;0;1370;0;7;0;0;0;0;0;0;0;0;0;0;0;0;0;0;0;1370;0;0;1370;0
11;Île-de-France;93;Seine-Saint-Denis;93048;PC;09304815B0137;6;2016-02-19;2016-12-05;2018-03-27;2015;2015-01-01;2016-09;2016-12;2018-04;88.99B;9300;FONDATION CASIP-COJASOR;429212111;42921211100018;75020;PARIS;false;60 /;RUE BEAUMARCHAIS;;MONTREUIL;93100;AS;195;AS;196;;;814;4;1;4;8;4;8;true;true;false;2;0;0;0;0;0;0;108;22;0;0;0;0;0;0;0;0;0;24;1140;0;0;1284;24;1140;144;1140;6;0;0;0;0;0;176;0;0;0;176;0;0;0;0;0;1108;0;0;144;964
11;Île-de-France;93;Seine-Saint-Denis;93048;PC;09304815B0140;2;2015-12-22;;;2015;2015-01-01;2015-12;;2015-12;85.31Z;7331;LYCEE ENSEIGNEMENT GENERAL&TECHNOLOGIQUE JEAN JAURES;199301219;19930121900010;93100;MONTREUIL;false;1;RUE DOMBASLE;;MONTREUIL;93100;AH;172;;;;;47119;4;2;5;9;;;false;false;false;0;0;0;0;0;0;0;1924;0;0;0;0;0;0;0;0;0;21957;55;0;0;0;21957;55;0;0;0;2;0;0;0;0;0;0;0;0;0;0;0;0;0;0;0;0;0;0;0;0
11;Île-de-France;93;Seine-Saint-Denis;93048;PC;09304815B0158;2;2016-03-15;;;2015;2015-01-01;2016-04;;2016-04;68.32A;5710;ICADE PROPERTY MANAGEMENT;484882642;48488264200032;93538;AUBERVILLIERS CEDEX;false;80/98;RUE DE LAGNY;;MONTREUIL;93100;BE;336;;;;;11104;4;2;2;3;4;3;false;false;false;0;0;0;0;0;0;0;0;0;0;0;0;0;0;0;0;0;0;0;0;0;0;27567;0;291;0;291;7;0;0;0;0;0;27567;0;0;0;291;0;0;0;0;0;0;0;291;0;0
11;Île-de-France;93;Seine-Saint-Denis;93048;PC;09304815B0165;6;2016-06-13;2016-07-13;2016-08-30;2015;2015-01-01;2016-09;2016-10;2016-10;;;;;;93100;MONTREUIL;false;163;BD THEOPHILE SUEUR;;MONTREUIL;93100;CI;218;CI;220;;;326;4;1;3;1;3;1;true;false;false;0;0;0;0;0;0;0;222;0;0;0;53;0;39;53;0;0;0;0;0;0;0;0;39;53;0;0;7;0;0;0;0;0;0;0;0;0;0;0;0;0;0;0;0;0;0;0;0
11;Île-de-France;93;Seine-Saint-Denis;93048;PC;09304815B0173;5;2016-06-17;2016-09-12;;2015;2015-01-01;2016-09;2016-09;2016-09;46.71Z;5599;TOTAL MARKETING SERVICES;542034921;54203492116871;92000;NANTERRE;false;86;RUE DE PARIS;;MONTREUIL;93100;AS;215;;;;;1948;4;1;1;4;;;false;false;false;0;0;0;0;0;0;0;0;0;0;0;0;115;65;0;0;0;0;0;0;0;0;115;65;0;0;0;7;0;0;0;0;0;0;0;0;0;0;0;0;0;0;0;0;0;0;0;0
11;Île-de-France;93;Seine-Saint-Denis;93048;PC;09304815B0184;6;2016-08-12;2016-12-13;2021-03-30;2015;2015-01-01;2016-11;2016-12;2021-03;;;;;;59562;LA MADELEINE CEDEX;false;274;BD DE LA BOISSIERE;;MONTREUIL;93100;F;57;;;;;6786;4;1;1;1;;;false;false;false;7;0;0;0;0;0;0;0;15243;0;0;0;0;2068;0;0;0;0;0;0;0;0;0;2068;0;0;0;7;0;0;0;0;0;0;0;0;0;0;0;0;0;0;0;0;0;0;0;0
11;Île-de-France;93;Seine-Saint-Denis;93048;PC;09304815B0185;6;2016-05-27;2017-07-10;2021-08-11;2015;2015-01-01;2016-05;2017-06;2022-01;68.20A;5546;ANTIN RESIDENCES SA HABITAT LOYER MODERE;315518803;31551880300046;75009;PARIS;false;56;AVENUE DU PRESIDENT WILSON;;MONTREUIL;93100;BO;94;BO;98;BO;97;951;4;1;1;1;;;false;false;false;5;0;0;0;0;0;0;0;2243;0;0;0;0;75;0;0;0;0;0;0;0;0;1600;75;0;1600;0;7;0;0;0;0;0;1600;0;0;1600;0;0;0;0;0;0;0;0;0;0;0
11;Île-de-France;93;Seine-Saint-Denis;93048;PC;09304815B0186;5;2016-06-20;2016-09-10;;2015;2015-01-01;2016-06;2016-09;2016-09;56.10A;5499;SARL LES FRANGINS;750165219;75016521900015;93100;MONTREUIL;false;50;RUE DE PARIS;;MONTREUIL;93100;AR;107;;;;;724;4;2;3;4;4;4;false;false;false;0;0;0;0;0;0;0;224;0;0;0;0;292;383;292;0;292;0;0;0;0;0;292;383;292;0;292;7;0;0;0;0;0;0;0;0;0;0;0;0;0;0;0;0;0;0;0;0
11;Île-de-France;93;Seine-Saint-Denis;93048;PC;09304816B0007;2;2016-05-17;;;2016;2016-01-01;2016-05;;2016-05;41.10D;6541;VILLA ALEXIS LEPERE;801332461;80133246100012;75015;PARIS;false;50;RUE ALEXIS LEPERE;;MONTREUIL;93100;AE;112;;;;;595;4;1;1;1;;;false;false;false;7;0;0;0;0;0;0;376;1624;0;376;0;0;210;0;0;0;0;0;0;0;0;0;210;0;0;0;7;0;0;0;0;0;0;0;0;0;0;0;0;0;0;0;0;0;0;0;0
11;Île-de-France;93;Seine-Saint-Denis;93048;PC;09304816B0020;2;2016-03-29;;;2016;2016-01-01;2016-03;;2016-03;68.20B;6540;SCI ARCUEIL MONTREUIL;792665937;79266593700019;94110;ARCUEIL;false;69;RUE DE LA FRATERNITE;;MONTREUIL;93100;AV;69;AV;70;AV;126;1447;4;2;5;4;;;false;false;false;0;0;0;0;0;0;0;0;0;0;0;0;2083;20;0;0;0;0;0;0;0;0;2083;20;0;0;0;7;0;0;0;0;0;0;0;0;0;0;0;0;0;0;0;0;0;0;0;0
11;Île-de-France;93;Seine-Saint-Denis;93048;PC;09304816B0044;6;2016-07-22;2017-06-16;2018-08-18;2016;2016-01-01;2016-11;2017-06;2018-08;;;;;;93110;ROSNY-SOUS-BOIS;false;10 BI;RUE NUNGESSER (LOT B);;MONTREUIL;93100;CL;195;;;;;139;4;1;1;1;;;false;false;false;0;0;0;0;0;0;0;61;105;0;61;0;0;0;0;0;0;0;0;0;0;0;0;51;0;0;0;7;0;0;0;0;0;0;51;0;0;0;0;0;0;0;0;0;0;0;0;0
11;Île-de-France;93;Seine-Saint-Denis;93048;PC;09304816B0050;5;2016-06-16;2016-12-23;;2016;2016-01-01;2016-06;2017-01;2017-01;;;;;;94100;SAINT MAUR DES FOSSES;false;53/55;RUE DES RAMENAS;;MONTREUIL;93100;N;53;N;54;;;776;4;2;2;4;4;4;false;false;false;0;0;0;0;0;0;0;0;0;0;0;0;422;0;79;0;79;0;0;0;0;0;422;0;79;0;79;7;0;0;0;0;0;0;0;0;0;0;0;0;0;0;0;0;0;0;0;0
11;Île-de-France;93;Seine-Saint-Denis;93048;PC;09304816B0056;6;2016-08-05;2017-01-02;2018-03-30;2016;2016-01-01;2016-09;2017-01;2018-05;87.10C;9220;AFASER - FOYERS ET SAJ;785558941;78555894100023;94500;CHAMPIGNY-SUR-MARNE;false;24-28;RUE DES PAPILLONS;;MONTREUIL;93100;Y;251;;;;;1974;4;2;5;9;;;true;false;false;0;13;0;0;0;0;0;308;0;0;308;0;0;0;0;0;0;1212;727;0;0;0;1212;727;0;0;0;3;0;0;0;0;0;0;0;0;0;0;0;0;0;0;0;0;0;0;0;0
11;Île-de-France;93;Seine-Saint-Denis;93048;PC;09304816B0059;6;2016-09-28;2017-11-07;2019-07-12;2016;2016-01-01;2016-09;2017-10;2019-07;41.10A;5599;BOUYGUES IMMOBILIER;562091546;56209154600977;94300;VINCENNES;false;27;RUE BRULEFER;;MONTREUIL;93100;I;121;I;118;;;1364;4;1;1;1;;;false;false;false;5;0;0;0;0;0;0;0;2484;0;0;0;0;461;0;0;0;0;0;0;0;0;0;461;0;0;0;7;0;0;0;0;0;0;0;0;0;0;0;0;0;0;0;0;0;0;0;0
11;Île-de-France;93;Seine-Saint-Denis;93048;PC;09304816B0063;6;2016-09-06;2016-09-12;2017-05-05;2016;2016-01-01;2016-09;2016-11;2024-10;68.20A;6540;COURT-CIRCUIT;482986049;48298604900013;93100;MONTREUIL;false;1;RUE DES CHAPONS / 90 RUE C;;MONTREUIL;93100;BR;123;;;;;345;4;2;3;4;1;4;false;false;false;0;0;0;0;0;0;0;47;0;106;0;0;251;15;0;0;106;0;0;0;0;0;251;15;0;0;106;7;0;0;0;0;0;0;0;0;0;0;0;0;0;0;0;0;0;0;0;0
11;Île-de-France;93;Seine-Saint-Denis;93048;PC;09304816B0068;6;2016-10-25;2016-10-27;2018-03-30;2016;2016-01-01;2016-11;2016-11;2019-03;68.20B;6540;SCI JULIANNE;444807440;44480744000011;93100;MONTREUIL;false;98;AVENUE PASTEUR;;MONTREUIL;93100;AE;138;;;;;101;4;2;5;1;;;false;true;true;3;0;0;0;0;0;0;117;70;0;0;0;0;28;0;0;0;0;0;0;0;0;0;28;0;0;0;7;0;0;0;0;0;0;0;0;0;0;0;0;0;0;0;0;0;0;0;0
11;Île-de-France;93;Seine-Saint-Denis;93048;PC;09304816B0069;6;2016-09-20;2017-04-12;2019-04-30;2016;2016-01-01;2016-09;2017-04;2019-07;68.20A;5599;IN'LI;602052359;60205235900042;92088;LA DEFENSE;false;12-14;RUE EDOUARD VAILLANT;;MONTREUIL;93100;BL;13;BL;14;;;735;4;1;1;1;;;false;false;false;7;0;0;0;0;0;0;0;1512;0;0;0;0;98;0;0;0;0;0;0;0;0;0;98;0;0;0;7;0;0;0;0;0;0;0;0;0;0;0;0;0;0;0;0;0;0;0;0
11;Île-de-France;93;Seine-Saint-Denis;93048;PC;09304816B0079;6;2016-08-29;2016-12-23;2020-04-20;2016;2016-01-01;2016-09;2016-12;2020-08;41.10D;6541;SCCV MONTREUIL PESNON-RESISTANCE;814029567;81402956700025;92130;ISSY-LES-MOULINEAUX;false;86-96;RUE ALEXIS PESNON;;MONTREUIL;93100;AK;79;AK;256;AK;258;2614;4;1;1;1;;;false;false;false;6;0;0;0;0;0;0;0;6493;0;0;0;0;305;0;0;0;0;0;0;0;0;0;305;0;0;0;7;0;0;0;0;0;0;0;0;0;0;0;0;0;0;0;0;0;0;0;0
11;Île-de-France;93;Seine-Saint-Denis;93048;PC;09304816B0088;6;2016-10-31;2018-03-13;2020-12-15;2016;2016-01-01;2016-11;2018-03;2021-01;68.20A;4140;OFFICE PUBLIC DE L'HABITAT MONTREUILLOIS;488777160;48877716000018;93100;MONTREUIL;false;300;BOULEVARD DE LA BOISSIERE;;MONTREUIL;93100;F;82;F;83;;;3091;4;1;1;1;;;false;false;false;0;0;0;0;0;0;0;0;5250;0;0;0;0;664;0;0;0;0;0;0;0;0;0;664;0;0;0;7;0;0;0;0;0;0;0;0;0;0;0;0;0;0;0;0;0;0;0;0
11;Île-de-France;93;Seine-Saint-Denis;93048;PC;09304816B0107;4;2016-11-30;2025-11-10;;2016;2016-01-01;2016-11;2025-11;2025-11;68.10Z;5710;NESSUS;494645625;49464562500034;75008;PARIS;false;7-9;RUE DU SERGENT BOBILLOT;;MONTREUIL;93100;BL;102;;;;;4361;4;1;3;8;4;8;true;true;false;5;0;0;0;0;0;0;74;2593;1783;74;0;0;0;193;0;0;0;0;2325;0;0;6552;0;2518;1203;4301;2;0;0;0;0;0;1690;0;0;419;1271;0;0;0;0;0;4862;0;0;784;3030
11;Île-de-France;93;Seine-Saint-Denis;93048;PC;09304816B0117;6;2016-09-26;2017-05-31;2019-02-21;2016;2016-01-01;2016-11;2017-05;2019-07;41.10A;5599;COMPAGNIE FONCIERE ET FINANCIERE ET D INVESTISSEMENT IMMOBILIER;353575053;35357505300056;75016;PARIS-16E-ARRONDISSEMENT;false;63;AVENUE FAIDHERBE;;MONTREUIL;93100;AE;261;AE;224;;;2341;4;1;1;1;;;false;false;false;5;0;0;0;0;0;0;439;3716;0;439;0;419;0;0;419;0;0;0;0;0;0;419;95;0;419;0;7;0;0;0;0;0;0;95;0;0;0;0;0;0;0;0;0;0;0;0;0
11;Île-de-France;93;Seine-Saint-Denis;93048;PC;09304816B0122;6;2016-11-30;2018-02-19;2020-11-16;2016;2016-01-01;2016-11;2018-03;2020-12;68.20A;5599;IMMOBILIERE 3F;552141533;55214153300018;75638;PARIS;false;61;RUE DE VINCENNES;;MONTREUIL;93100;BM;61;;;;;1219;4;1;1;1;;;false;false;false;7;0;0;0;0;0;0;0;1975;0;0;0;0;0;0;0;0;0;550;0;0;0;0;550;0;0;0;3;0;0;0;0;0;0;0;0;0;0;0;0;0;0;0;0;0;0;0;0
11;Île-de-France;93;Seine-Saint-Denis;93048;PC;09304816B0128;6;2016-11-25;2017-02-23;2017-08-31;2016;2016-01-01;2016-12;2017-02;2017-11;;;;;;93100;MONTREUIL;false;202 B;RUE EDOUARD BRANLY;;MONTREUIL;93100;E;123;E;121;;;415;4;2;5;4;;;true;false;false;0;0;0;0;0;0;0;97;47;0;22;0;0;67;0;0;0;0;0;0;0;0;0;67;0;0;0;7;0;0;0;0;0;0;0;0;0;0;0;0;0;0;0;0;0;0;0;0
11;Île-de-France;93;Seine-Saint-Denis;93048;PC;09304816B0129;6;2016-12-16;2017-06-19;2019-04-11;2016;2016-01-01;2016-12;2017-06;2019-09;68.20B;6540;SOCIETE CIVILE IMMOBILIERE PICVIN;811286749;81128674900015;92100;BOULOGNE-BILLANCOURT;false;;AVE DU PRESIDENT WILSON;;MONTREUIL;93100;BO;109;BO;333;AJ;254;467;4;1;1;1;;;false;false;false;6;0;0;0;0;0;0;0;1808;0;0;0;0;266;0;0;0;9;0;0;0;0;9;266;0;0;0;7;0;0;0;0;0;0;0;0;0;0;0;0;0;0;0;0;0;0;0;0
11;Île-de-France;93;Seine-Saint-Denis;93048;PC;09304816B0131;6;2016-11-30;2017-03-26;2017-11-17;2016;2016-01-01;2016-11;2017-06;2022-05;68.20A;4140;OFFICE PUBLIC DE L'HABITAT MONTREUILLOIS;488777160;48877716000018;93100;MONTREUIL;false;;PLACE MARGUERITE ET EMILE;;MONTREUIL;93100;CO;20;CO;26;CO;27;58032;4;1;1;3;;;false;false;false;0;0;0;0;0;0;0;1922;0;0;0;0;170;0;0;0;0;0;0;0;0;0;344;57;0;0;0;7;0;0;0;0;0;174;57;0;0;0;0;0;0;0;0;0;0;0;0;0
11;Île-de-France;93;Seine-Saint-Denis;93048;PC;09304816B0133;6;2017-03-06;2017-07-07;2021-11-23;2016;2016-01-01;2017-03;2017-08;2021-11;41.10A;5710;WIGOS HORIZON CIEL;829885219;82988521900016;31400;TOULOUSE;false;31/33;RUE PIERRE DE MONTREUIL;;MONTREUIL;93100;BY;89;;;;;420;4;1;1;1;;;false;false;false;0;0;0;0;0;0;0;100;785;0;0;0;0;79;0;0;0;0;0;0;0;0;0;79;0;0;0;7;0;0;0;0;0;0;0;0;0;0;0;0;0;0;0;0;0;0;0;0
11;Île-de-France;93;Seine-Saint-Denis;93048;PC;09304816B0136;6;2016-11-25;2017-02-13;2019-07-30;2016;2016-01-01;2016-11;2017-02;2019-09;88.91B;9220;ASSOCIATION CENTRE JEAN MACE MONTREUIL;785565961;78556596100022;93100;MONTREUIL;false;12;RUE EMILE BEAUFILS;;MONTREUIL;93100;R;91;;;;;3654;4;2;5;9;;;true;false;false;0;0;0;0;0;0;0;0;0;0;0;0;0;0;0;0;0;2120;223;0;0;0;2120;223;0;0;0;3;0;0;0;0;0;0;0;0;0;0;0;0;0;0;0;0;0;0;0;0
11;Île-de-France;93;Seine-Saint-Denis;93048;PC;09304816B0143;6;2016-11-25;2017-09-15;2019-01-15;2016;2016-01-01;2016-11;2017-12;2019-01;88.99B;9220;EMMAUS ALTERNATIVES;382387546;38238754600023;93100;MONTREUIL;false;260/2;RUE DE ROSNY;;MONTREUIL;93100;CJ;356;CJ;423;CJ;422;8208;4;2;3;8;4;8;false;false;false;0;0;0;0;0;0;0;0;0;0;0;0;0;0;290;0;0;0;0;0;0;0;5407;243;290;0;290;7;0;0;0;0;0;178;243;0;0;0;0;0;0;0;0;5229;0;0;0;290
11;Île-de-France;93;Seine-Saint-Denis;93048;PC;09304816B0144;5;2017-02-13;2017-02-27;;2016;2016-01-01;2017-02;2017-02;2017-02;70.22Z;5710;SOCIETE DE MONTAGE IMMOBILIER FAYAT SUD EST;524531647;52453164700013;06200;NICE;false;138;BOULEVARD CHANZY;;MONTREUIL;93100;AT;49;AT;51;AT;52;11674;4;1;1;9;;;false;false;false;3;0;0;0;0;0;0;0;410;0;0;0;0;0;0;0;0;0;8225;0;0;0;0;8225;0;0;0;2;0;0;0;0;0;0;0;0;0;0;0;0;0;0;0;0;0;0;0;0
11;Île-de-France;93;Seine-Saint-Denis;93048;PC;09304816B0148;2;2016-11-25;;;2016;2016-01-01;2016-11;;2016-11;68.20B;6599;ALTIBRI;817652191;81765219100013;93100;MONTREUIL;false;51;RUE DE VINCENNES;;MONTREUIL;93100;BM;203;;;;;770;4;2;4;6;1;6;false;true;false;1;0;0;0;0;0;0;229;0;201;0;0;0;0;0;0;0;0;0;0;0;0;1190;18;0;100;201;7;0;0;0;0;0;0;0;0;0;0;1190;18;0;100;201;0;0;0;0;0
11;Île-de-France;93;Seine-Saint-Denis;93048;PC;09304816B0149;4;2017-01-20;;;2016;2016-01-01;2017-01;;2017-01;64.20Z;5710;GROUPE PRESTIGE;331291765;33129176500070;77500;CHELLES;false;6;AVENUE FERDINAND BUISSON;;MONTREUIL;93100;Z;144;;;;;369;4;1;1;3;;;false;false;false;0;0;0;0;0;0;0;0;155;0;0;0;0;0;0;0;0;0;0;0;0;0;0;180;0;0;0;7;0;0;0;0;0;0;180;0;0;0;0;0;0;0;0;0;0;0;0;0
11;Île-de-France;93;Seine-Saint-Denis;93048;PC;09304816B0150;5;2016-12-15;2017-06-05;;2016;2016-01-01;2016-12;2017-08;2017-08;68.20B;6540;SCI RESIDINVEST;813711405;81371140500015;78800;HOUILLES;false;117;RUE DE PARIS;;MONTREUIL;93100;AX;55;;;;;180;4;2;2;4;4;4;false;false;false;2;3;0;0;0;0;0;0;0;0;0;0;392;0;79;0;79;0;0;0;0;0;392;0;79;0;79;7;313;0;79;0;0;0;0;0;0;0;0;0;0;0;0;0;0;0;0;0
11;Île-de-France;93;Seine-Saint-Denis;93048;PC;09304816B0179;6;2017-02-09;2018-11-13;2021-03-24;2016;2016-01-01;2017-02;2018-11;2021-06;68.20A;4140;OFFICE PUBLIC DE L'HABITAT MONTREUILLOIS;488777160;48877716000018;93100;MONTREUIL;false;45;RUE ARMAND CARREL;;MONTREUIL;93100;BD;39;BD;40;BD;81;4701;4;1;5;1;;;true;false;false;6;0;0;0;0;0;0;6969;1188;0;418;0;446;130;0;0;0;0;0;0;0;0;446;130;0;0;0;7;0;0;0;0;0;0;0;0;0;0;0;0;0;0;0;0;0;0;0;0
11;Île-de-France;93;Seine-Saint-Denis;93048;PC;09304816B0201;6;2017-06-16;2018-01-20;2019-06-30;2016;2016-01-01;2017-06;2018-02;2019-07;68.20B;6540;BEAUTY SPACE;531637932;53163793200017;93110;ROSNY-SOUS-BOIS;false;177;BD DE LA BOISSIERE;;MONTREUIL;93100;C;123;;;;;164;4;2;3;1;3;1;false;true;false;1;0;0;0;0;0;0;132;43;0;0;15;0;0;15;0;0;0;0;0;0;0;0;0;15;0;0;7;0;0;0;0;0;0;0;0;0;0;0;0;0;0;0;0;0;0;0;0
11;Île-de-France;93;Seine-Saint-Denis;93048;PC;09304816B0208;2;2017-04-20;;;2016;2016-01-01;2017-04;;2017-04;68.20B;6540;SCI QUATORZE IMMOBILIER;811474857;81147485700018;75012;PARIS;false;8;AVENUE FAIDHERBE;;MONTREUIL;93100;AG;57;;;;;279;4;2;3;4;4;4;false;true;true;3;0;0;0;0;0;0;0;172;127;0;0;267;0;0;0;267;0;0;0;0;0;267;0;140;0;267;7;0;0;0;0;0;0;0;140;0;0;0;0;0;0;0;0;0;0;0;0
11;Île-de-France;93;Seine-Saint-Denis;93048;PC;09304816B0211;6;2017-06-28;2020-02-07;2022-03-07;2016;2016-01-01;2017-08;2020-05;2022-07;68.20A;4140;OFFICE PUBLIC DE L'HABITAT MONTREUILLOIS;488777160;48877716000018;93100;MONTREUIL;false;242-2;BD THEOPHILE SUEUR / 8 RUE;;MONTREUIL;93100;CD;416;CD;451;CD;472;5586;4;1;1;1;;;false;false;false;5;0;0;0;0;0;0;0;2858;0;0;0;0;54;0;0;0;0;0;0;0;0;0;54;0;0;0;7;0;0;0;0;0;0;0;0;0;0;0;0;0;0;0;0;0;0;0;0
11;Île-de-France;93;Seine-Saint-Denis;93048;PC;09304816B0212;6;2017-08-07;2020-09-07;2023-12-30;2016;2016-01-01;2017-08;2020-09;2024-12;41.10A;5710;SOGEPROM HABITAT;444562029;44456202900041;92400;COURBEVOIE;false;66;RUE KLEBER;;MONTREUIL;93100;BK;199;BK;198;BK;200;3443;4;1;1;1;;;false;false;false;0;0;0;0;0;0;0;0;7505;0;0;0;0;370;0;0;0;0;303;0;0;0;0;673;0;0;0;4;0;0;0;0;0;0;0;0;0;0;0;0;0;0;0;0;0;0;0;0
11;Île-de-France;93;Seine-Saint-Denis;93048;PC;09304816B0213;5;2017-06-27;2017-10-02;;2016;2016-01-01;2017-07;2018-01;2018-01;49.31Z;4120;REGIE AUTONOME DES TRANSPORTS PARISIENS;775663438;77566343801906;94120;FONTENAY-SOUS-BOIS;false;;ANGLE BOULEVARD DE LA BOISSIERE;RUE DES SAULES CLOUET;MONTREUIL;93100;A;238;A;239;;;0;4;1;1;9;;;false;false;false;0;0;0;0;0;0;0;0;0;0;0;0;0;58;0;0;0;0;1653;0;0;0;0;1711;0;0;0;1;0;0;0;0;0;0;0;0;0;0;0;0;0;0;0;0;0;0;0;0
11;Île-de-France;93;Seine-Saint-Denis;93048;PC;09304816B0215;6;2017-05-15;2019-06-27;2023-07-20;2016;2016-01-01;2017-05;2019-06;2025-07;85.31Z;9220;ASS ETS SCOLAIRE HENRI MATISSE;785566274;78556627400011;93100;MONTREUIL;false;121;RUE DES RUFFINS;;MONTREUIL;93100;CQ;336;CQ;293;CQ;337;8046;4;2;5;9;;;true;false;false;0;0;0;0;0;0;0;0;0;0;0;0;0;0;0;0;0;542;563;0;60;0;542;563;0;60;0;2;0;0;0;0;0;0;0;0;0;0;0;0;0;0;0;0;0;0;0;0
11;Île-de-France;93;Seine-Saint-Denis;93048;PC;09304816B0216;6;2017-05-15;2018-07-02;2019-10-30;2016;2016-01-01;2017-05;2018-07;2020-02;85.31Z;9220;ASS ETS SCOLAIRE HENRI MATISSE;785566274;78556627400011;93100;MONTREUIL;false;88 BI;RUE JULES GUESDE;;MONTREUIL;93100;CQ;336;CQ;337;;;0;4;2;5;9;;;false;false;false;0;0;0;0;0;0;0;0;0;0;0;0;0;0;0;0;0;4169;682;0;286;0;4169;682;0;286;0;2;0;0;0;0;0;0;0;0;0;0;0;0;0;0;0;0;0;0;0;0
11;Île-de-France;93;Seine-Saint-Denis;93048;PC;09304816B0221;6;2017-05-18;2018-04-03;2020-01-05;2016;2016-01-01;2017-05;2018-05;2020-01;;;;;;75011;PARIS;false;151;RUE DE ROSNY;;MONTREUIL;93100;S;14;;;;;414;4;2;3;4;1;4;true;true;false;2;0;0;0;0;0;0;166;20;20;0;0;192;23;0;0;20;0;0;0;0;0;192;23;0;0;20;7;0;0;0;0;0;0;0;0;0;0;0;0;0;0;0;0;0;0;0;0
11;Île-de-France;93;Seine-Saint-Denis;93048;PC;09304816B0224;6;2017-06-29;2018-05-14;2020-11-04;2016;2016-01-01;2017-06;2018-05;2021-10;41.10D;6541;SCI MONTREUIL JULES GUESDE;789700861;78970086100022;59110;LA MADELEINE;false;40;RUE JULES GUESDE;;MONTREUIL;93100;CM;306;;;;;0;4;1;1;1;;;false;false;false;0;0;0;0;0;0;0;0;2584;0;0;0;0;0;0;0;0;0;0;0;0;0;1520;156;0;1520;0;7;0;0;0;0;0;1520;156;0;1520;0;0;0;0;0;0;0;0;0;0;0
11;Île-de-France;93;Seine-Saint-Denis;93048;PC;09304817B0007;6;2017-03-22;2017-05-15;2022-06-22;2017;2017-01-01;2017-03;2017-06;2022-07;;;;;;9100;MONTREUIL;false;7;RUE DU MIDI;;MONTREUIL;93100;Y;17;;;;;319;4;1;1;1;;;false;false;false;0;0;0;0;0;0;0;70;345;0;70;0;102;42;0;102;0;0;0;0;0;0;102;42;0;102;0;7;0;0;0;0;0;0;0;0;0;0;0;0;0;0;0;0;0;0;0;0
11;Île-de-France;93;Seine-Saint-Denis;93048;PC;09304817B0015;5;2017-05-30;2017-06-06;;2017;2017-01-01;2017-05;2017-06;2017-06;;;;;;67000;STRASBOURG;false;85;RUE DE LA SOLIDARITE;;MONTREUIL;93100;BR;117;;;;;4467;4;2;2;4;4;4;true;false;false;0;0;0;0;0;0;0;7453;0;0;0;0;179;0;0;0;179;0;0;179;0;0;179;0;179;0;179;4;0;0;0;0;0;0;0;0;0;0;0;0;0;0;0;0;0;0;0;0
11;Île-de-France;93;Seine-Saint-Denis;93048;PC;09304817B0018;6;2017-05-30;2017-06-08;2017-11-30;2017;2017-01-01;2017-05;2017-06;2018-06;68.20B;6540;SCI REPAIR HOUSE;822563623;82256362300013;75019;PARIS-19E-ARRONDISSEMENT;false;233;RUE ETIENNE MARCEL;;MONTREUIL;93100;AZ;68;AZ;67;AZ;69;13231;4;2;4;4;4;4;true;false;false;0;0;0;0;0;0;0;6359;0;0;0;0;34613;0;0;45;1723;0;0;0;0;0;40077;0;1723;45;1723;7;9650;0;0;0;0;5464;0;845;0;0;0;0;0;0;0;0;0;878;0;0
11;Île-de-France;93;Seine-Saint-Denis;93048;PC;09304817B0023;6;2017-05-23;2017-06-01;2021-06-11;2017;2017-01-01;2017-05;2017-06;2022-04;84.11Z;7210;COMMUNE DE MONTREUIL;219300480;21930048000015;93100;MONTREUIL;false;25-27;RUE MARCEAU;;MONTREUIL;93100;BH;15;BH;18;BH;19;4710;4;1;1;9;;;false;false;false;0;0;0;0;0;0;0;0;0;0;0;0;0;0;0;0;0;0;5672;0;0;0;0;5672;0;0;0;2;0;0;0;0;0;0;0;0;0;0;0;0;0;0;0;0;0;0;0;0
11;Île-de-France;93;Seine-Saint-Denis;93048;PC;09304817B0031;6;2017-11-24;2018-10-15;2023-03-31;2017;2017-01-01;2017-11;2018-10;2024-02;94.99Z;9220;FEDERATION CULTURELLE DES ASSOCIATIONS MUSULMANES DE MONTREUIL;500291075;50029107500017;93100;MONTREUIL;false;66;RUE DE LA REVOLUTION;;MONTREUIL;93100;BI;325;;;;;0;4;2;5;1;;;true;false;false;4;0;0;0;0;0;0;725;360;0;0;0;279;0;0;279;0;0;0;0;0;0;279;108;0;279;0;7;0;0;0;0;0;0;108;0;0;0;0;0;0;0;0;0;0;0;0;0
11;Île-de-France;93;Seine-Saint-Denis;93048;PC;09304817B0032;6;2017-10-03;2019-05-06;2021-09-28;2017;2017-01-01;2017-10;2019-05;2022-03;68.20A;4140;OFFICE PUBLIC DE L'HABITAT MONTREUILLOIS;488777160;48877716000018;93100;MONTREUIL;false;39 QU;BOULEVARD PAUL VAILLANT CO;;MONTREUIL;93100;AG;255;AG;256;;;797;4;1;1;1;;;false;false;false;0;0;0;0;0;0;0;0;1898;0;0;0;0;70;0;0;0;0;0;0;0;0;0;70;0;0;0;7;0;0;0;0;0;0;0;0;0;0;0;0;0;0;0;0;0;0;0;0
11;Île-de-France;93;Seine-Saint-Denis;93048;PC;09304817B0046;6;2017-10-13;2017-11-13;2018-01-12;2017;2017-01-01;2017-10;2018-01;2018-01;;;;;;93100;MONTREUIL;false;141;RUE DE PARIS;;MONTREUIL;93100;BH;240;;;;;1023;4;2;3;9;1;9;false;false;false;3;0;0;0;0;0;0;0;14;881;0;0;0;0;36;0;0;953;0;0;0;953;953;0;72;0;953;7;0;0;0;0;0;0;0;36;0;0;0;0;0;0;0;0;0;0;0;0
11;Île-de-France;93;Seine-Saint-Denis;93048;PC;09304817B0055;5;2017-07-19;2019-06-24;;2017;2017-01-01;2017-08;2019-06;2019-06;;;;;;94200;IVRY SUR SEINE;false;39;RUE ANATOLE FRANCE;;MONTREUIL;93100;CD;242;;;;;132;4;1;1;1;;;false;false;false;0;0;0;0;0;0;0;0;170;0;0;0;0;0;0;0;0;0;0;0;0;0;0;53;0;0;0;7;0;0;0;0;0;0;53;0;0;0;0;0;0;0;0;0;0;0;0;0
11;Île-de-France;93;Seine-Saint-Denis;93048;PC;09304817B0058;6;2017-06-07;2017-06-08;2020-01-13;2017;2017-01-01;2017-06;2017-06;2020-02;;;;;;93100;MONTREUIL;false;25;RUE DES RICOCHETS;;MONTREUIL;93100;Y;344;Y;346;;;684;4;2;5;1;;;true;false;false;0;0;0;0;0;0;0;97;60;0;18;0;0;45;0;0;0;0;0;0;0;0;0;45;0;0;0;7;0;0;0;0;0;0;0;0;0;0;0;0;0;0;0;0;0;0;0;0
11;Île-de-France;93;Seine-Saint-Denis;93048;PC;09304817B0071;4;2017-08-09;;;2017;2017-01-01;2017-08;;2017-08;68.20B;6540;CELERON;825008816;;13480;CABRIES;false;18;RUE DESIRE PREAUX;;MONTREUIL;93100;AR;115;;;;;203;4;2;3;4;3;1;false;false;false;0;0;0;0;0;0;0;73;0;0;0;73;0;214;58;0;0;0;0;0;0;0;298;214;131;129;58;7;0;0;0;0;0;111;0;73;0;0;0;0;0;0;0;187;0;0;129;58
11;Île-de-France;93;Seine-Saint-Denis;93048;PC;09304817B0073;5;2017-10-03;2020-03-12;;2017;2017-01-01;2017-10;2020-07;2020-07;68.20A;9220;FREHA;383349107;38334910700045;92110;CLICHY;false;146;RUE DE PARIS;;MONTREUIL;93100;AX;30;;;;;594;4;1;1;1;;;false;false;false;6;0;0;0;0;0;0;1000;1124;0;1000;0;0;110;0;0;0;0;0;0;0;0;0;110;0;0;0;7;0;0;0;0;0;0;0;0;0;0;0;0;0;0;0;0;0;0;0;0
11;Île-de-France;93;Seine-Saint-Denis;93048;PC;09304817B0080;2;2017-10-31;;;2017;2017-01-01;2017-10;;2017-10;41.10D;6541;SCI LES HAUTS DE BONNEUIL;793292293;;75006;PARIS;false;10;AV DU PRESIDENT WILSON;;MONTREUIL;93100;AK;2;;;;;326;4;1;3;1;2;1;true;false;false;0;0;0;0;0;0;0;148;479;148;0;148;0;84;0;0;0;0;0;0;0;0;0;84;0;0;0;7;0;0;0;0;0;0;0;0;0;0;0;0;0;0;0;0;0;0;0;0
11;Île-de-France;93;Seine-Saint-Denis;93048;PC;09304817B0084;2;2017-10-03;;;2017;2017-01-01;2017-10;;2017-10;;;;;;93100;MONTREUIL;false;132;RUE DE ROMAINVILLE;;MONTREUIL;93100;O;103;;;;;85;4;2;3;1;3;1;false;true;false;0;0;0;0;0;0;0;56;28;0;2;25;0;0;25;0;0;0;0;0;0;0;0;0;25;0;0;7;0;0;0;0;0;0;0;0;0;0;0;0;0;0;0;0;0;0;0;0
11;Île-de-France;93;Seine-Saint-Denis;93048;PC;09304817B0103;6;2017-12-06;2020-06-02;2022-10-26;2017;2017-01-01;2017-12;2020-06;2023-01;68.10Z;5710;DEMATHIEU ET BARD IMMOBILIER;353708746;35370874600014;94550;CHEVILLY-LARUE;false;34;RUE GASTON LAURIAU;;MONTREUIL;93100;BU;35;BU;228;;;5153;4;2;3;1;4;4;false;false;false;0;0;0;0;0;0;0;87;8181;0;0;0;5267;331;0;5050;216;0;0;0;0;0;5267;438;216;5050;216;7;0;0;0;0;0;0;107;216;0;0;0;0;0;0;0;0;0;0;0;0
11;Île-de-France;93;Seine-Saint-Denis;93048;PC;09304817B0106;6;2017-10-16;2018-02-01;2019-06-28;2017;2018-02-01;2017-10;2018-03;2020-08;68.20B;6540;SCI MONTREUIL REPUBLIQUE;823740774;82374077400018;75008;PARIS-8E-ARRONDISSEMENT;false;38;RUE DE LA REPUBLIQUE;;MONTREUIL;93100;BC;76;;;;;1533;4;2;5;3;;;false;false;false;0;0;0;0;0;0;0;0;0;0;0;0;0;0;0;0;0;0;0;0;0;0;4164;385;0;66;0;7;0;0;0;0;0;4164;385;0;66;0;0;0;0;0;0;0;0;0;0;0
11;Île-de-France;93;Seine-Saint-Denis;93048;PC;09304817B0110;6;2017-12-08;2018-01-11;2018-11-23;2017;2018-01-11;2017-12;2018-02;2019-01;84.11Z;7210;COMMUNE DE MONTREUIL;219300480;21930048000015;93100;MONTREUIL;false;31;RUE DE L'ACACIA / 5 RUE HE;;MONTREUIL;93100;F;73;;;;;5681;4;1;1;9;;;false;false;false;2;0;0;0;0;0;0;0;0;0;0;0;0;0;0;0;0;0;2958;0;0;0;0;2958;0;0;0;2;0;0;0;0;0;0;0;0;0;0;0;0;0;0;0;0;0;0;0;0
11;Île-de-France;93;Seine-Saint-Denis;93048;PC;09304817B0121;6;2017-12-18;2018-12-20;2021-09-14;2017;2017-01-01;2017-12;2018-12;2021-10;68.10Z;5202;CORESI;380373035;38037303500043;75008;PARIS;false;39-41;BD HENRI BARBUSSE / 42 RUE;;MONTREUIL;93100;AG;252;AG;43;AG;47;2041;4;1;1;1;;;false;false;false;6;0;0;0;0;0;0;127;3359;0;127;0;2575;0;0;2575;0;0;97;0;0;0;2575;97;0;2575;0;4;0;0;0;0;0;0;0;0;0;0;0;0;0;0;0;0;0;0;0;0
11;Île-de-France;93;Seine-Saint-Denis;93048;PC;09304817B0139;5;2018-03-23;2021-03-23;;2017;2017-01-01;2018-03;2021-03;2021-03;;;;;;93100;MONTREUIL;false;78/80;RUE MARCEAU;;MONTREUIL;93100;BG;102;BG;103;;;785;4;1;1;2;;;false;false;false;0;92;0;0;0;0;0;583;0;0;583;0;399;2824;0;399;0;0;0;0;0;0;399;2824;0;399;0;7;277;2824;0;277;0;0;0;0;0;0;0;0;0;0;0;0;0;0;0;0
11;Île-de-France;93;Seine-Saint-Denis;93048;PC;09304817B0140;5;2017-12-18;2018-12-20;;2017;2017-01-01;2017-12;2019-02;2019-02;68.20A;5546;ANTIN RESIDENCES SA HABITAT LOYER MODERE;315518803;31551880300046;75009;PARIS;false;5 ET;RUE MERIEL;;MONTREUIL;93100;AK;264;AK;149;;;1038;4;1;1;1;;;false;false;false;6;0;0;0;0;0;0;139;2551;0;139;0;0;67;0;0;0;0;0;0;0;0;370;67;0;370;0;7;0;0;0;0;0;0;0;0;0;0;0;0;0;0;0;370;0;0;370;0
11;Île-de-France;93;Seine-Saint-Denis;93048;PC;09304817B0141;5;2017-12-08;2019-01-15;;2017;2017-01-01;2017-12;2019-01;2019-01;68.20B;6540;DESGRANGES;435139563;43513956300025;93100;MONTREUIL;false;2-4;RUE DESGRANGES;;MONTREUIL;93100;BQ;199;;;;;361;4;1;1;3;;;false;false;false;4;0;0;0;0;0;0;0;140;0;0;0;0;0;0;0;0;0;0;0;0;0;0;670;0;0;0;7;0;0;0;0;0;0;670;0;0;0;0;0;0;0;0;0;0;0;0;0
11;Île-de-France;93;Seine-Saint-Denis;93048;PC;09304817B0143;6;2017-10-31;2019-05-29;2023-05-29;2017;2023-05-29;2017-11;2019-05;2023-05;;;;;;93100;MONTREUIL;false;49;RUE DES MESSIERS;;MONTREUIL;93100;AT;46;;;;;221;4;1;1;1;;;false;false;false;0;0;0;0;0;0;0;0;127;0;0;0;0;60;0;0;0;0;0;0;0;0;0;60;0;0;0;7;0;0;0;0;0;0;0;0;0;0;0;0;0;0;0;0;0;0;0;0
11;Île-de-France;93;Seine-Saint-Denis;93048;PC;09304817B0144;6;2017-09-18;2019-01-09;2019-06-30;2017;2019-06-30;2017-09;2019-03;2019-12;68.20B;6540;SCI DAIS;421162793;;93100;MONTREUIL;false;66;RUE CONDORCET;;MONTREUIL;93100;BP;65;;;;;345;4;2;5;1;;;true;true;false;0;0;0;0;0;0;0;169;88;0;51;0;0;26;0;0;0;0;0;0;0;0;0;26;0;0;0;7;0;0;0;0;0;0;0;0;0;0;0;0;0;0;0;0;0;0;0;0
11;Île-de-France;93;Seine-Saint-Denis;93048;PC;09304817B0145;6;2018-03-27;2018-09-13;2020-05-14;2017;2017-01-01;2018-03;2018-09;2020-08;68.20B;6540;SCI DU 17 RUE DU VERT BOIS;830667341;83066734100010;77181;COURTRY;false;15;RUE DU VERT BOIS;;MONTREUIL;93100;Z;293;;;;;231;4;1;1;4;;;false;false;false;0;0;0;0;0;0;0;71;0;0;71;0;0;371;0;0;0;0;0;0;0;0;0;371;0;0;0;7;0;0;0;0;0;0;0;0;0;0;0;0;0;0;0;0;0;0;0;0
11;Île-de-France;93;Seine-Saint-Denis;93048;PC;09304817B0147;4;2018-01-17;;;2017;2017-01-01;2018-02;;2018-02;41.10D;6541;SCCV MONTREUIL 89 CHANZY;814451035;81445103500012;75008;PARIS;false;89;BOULEVARD CHANZY;;MONTREUIL;93100;AT;144;;;;;0;4;1;1;1;;;false;false;false;7;0;0;0;0;0;0;0;1521;0;0;0;0;0;0;0;0;0;0;0;0;0;280;70;0;280;0;7;0;0;0;0;0;280;70;0;280;0;0;0;0;0;0;0;0;0;0;0
11;Île-de-France;93;Seine-Saint-Denis;93048;PC;09304817B0162;5;2017-12-08;2019-06-11;;2017;2017-01-01;2017-12;2019-06;2019-06;68.20B;6540;SCI MILLE ET UNE PARTS;751873647;75187364700018;93100;MONTREUIL;false;51;RUE DE VINCENNES;;MONTREUIL;93100;BM;205;;;;;216;4;1;1;1;;;false;false;false;0;0;0;0;0;0;0;0;120;0;0;0;133;118;0;133;0;0;0;0;0;0;133;118;0;133;0;7;0;0;0;0;0;0;0;0;0;0;0;0;0;0;0;0;0;0;0;0
11;Île-de-France;93;Seine-Saint-Denis;93048;PC;09304817B0163;2;2018-05-03;;;2017;2017-01-01;2018-05;;2018-05;68.20B;6540;SCI BOMA;434505632;;93100;MONTREUIL;false;8;AVENUE PAUL LANGEVIN;;MONTREUIL;93100;AR;142;;;;;166;4;2;2;8;4;8;false;false;false;0;0;0;0;0;0;0;235;0;0;0;0;35;0;23;0;0;0;0;0;0;0;58;0;23;0;23;7;0;0;0;0;0;0;0;0;0;0;0;0;0;0;0;23;0;0;0;23
11;Île-de-France;93;Seine-Saint-Denis;93048;PC;09304817B0192;5;2018-04-20;2019-01-03;;2017;2017-01-01;2018-04;2019-01;2019-01;85.31Z;9220;ASS EDUCATION POPULAIRE ST DENIS FIDELIS;785566266;78556626600017;93100;MONTREUIL;false;23;RUE SAINT DENIS;;MONTREUIL;93100;S;60;S;59;;;2536;4;1;1;9;;;false;false;false;0;0;0;0;0;0;0;0;0;0;0;0;0;0;0;0;0;2588;357;0;0;0;2588;357;0;0;0;2;0;0;0;0;0;0;0;0;0;0;0;0;0;0;0;0;0;0;0;0
11;Île-de-France;93;Seine-Saint-Denis;93048;PC;09304817B0193;4;2018-03-23;;;2017;2017-01-01;2018-03;;2018-03;;;;;;92593;LEVALLOIS PERRET;false;17;RUE SAINT JUST;;MONTREUIL;93100;BZ;188;BZ;507;;;1983;4;2;5;3;;;false;false;false;0;0;0;0;0;0;0;0;0;0;0;0;0;0;0;0;0;0;0;0;0;0;1794;257;0;0;0;7;0;0;0;0;0;1234;257;0;0;0;0;0;0;0;0;560;0;0;0;0
11;Île-de-France;93;Seine-Saint-Denis;93048;PC;09304817B0194;5;2018-03-06;2018-07-11;;2017;2018-07-11;2018-03;2018-08;2018-08;88.10C;9220;APEI - LES PAPILLONS BLANCS DE VINCENNES;775741549;77574154900114;94300;VINCENNES;false;84;RUE KLEBER;;MONTREUIL;93100;BK;183;BK;184;BK;297;0;4;2;5;9;;;true;false;false;0;0;0;0;0;0;0;0;0;0;0;0;0;0;0;0;0;1180;90;0;0;0;1180;90;0;0;0;4;0;0;0;0;0;0;0;0;0;0;0;0;0;0;0;0;0;0;0;0
11;Île-de-France;93;Seine-Saint-Denis;93048;PC;09304817B0195;6;2018-03-12;2018-09-01;2019-12-01;2017;2019-12-01;2018-03;2019-05;2020-05;;;;;;93340;LE RAINCY;false;39;RUE BABEUF;;MONTREUIL;93100;CN;102;CN;103;;;0;4;1;1;1;;;false;false;false;3;0;0;0;0;0;0;0;194;0;0;0;0;0;0;0;0;0;0;0;0;0;0;34;0;0;0;7;0;0;0;0;0;0;34;0;0;0;0;0;0;0;0;0;0;0;0;0
11;Île-de-France;93;Seine-Saint-Denis;93048;PC;09304817B0197;5;2018-03-06;2021-11-17;;2017;2017-01-01;2018-03;2021-11;2021-11;84.11Z;7220;DEPARTEMENT DE LA SEINE SAINT DENIS;229300082;22930008200018;93006;BOBIGNY;false;29/31;BD ARISTIDE BRIAND;;MONTREUIL;93100;P;115;;;;;10354;4;1;1;9;;;false;false;false;0;0;0;0;0;0;0;0;0;0;0;0;0;0;0;0;0;2822;196;0;0;0;2822;196;0;0;0;5;0;0;0;0;0;0;0;0;0;0;0;0;0;0;0;0;0;0;0;0
11;Île-de-France;93;Seine-Saint-Denis;93048;PC;09304817B0204;2;2018-02-14;;;2017;2017-01-01;2018-02;;2018-02;;;;;;89510;ETIGNY;false;8;RUE DESIRE CHARTON;;MONTREUIL;93100;T;386;;;;;386;4;2;2;4;4;4;false;false;false;0;0;0;0;0;0;0;0;0;0;0;0;1486;0;210;0;210;0;0;0;0;0;1486;0;210;0;210;7;0;0;0;0;0;0;0;0;0;0;0;0;0;0;0;0;0;0;0;0
11;Île-de-France;93;Seine-Saint-Denis;93048;PC;09304817B0206;5;2018-03-27;2019-01-04;;2017;2017-01-01;2018-03;2019-01;2019-01;86.10Z;7364;ETS PUBLIC DE SANTE DE VILLE-EVRARD;269300935;26930093500013;93330;NEUILLY-SUR-MARNE;false;198 /;BD DE LA BOISSIERE;;MONTREUIL;93100;D;296;D;297;;;0;4;1;1;9;;;false;false;false;0;13;0;0;0;0;0;0;0;0;0;0;0;0;0;0;0;0;4773;0;0;0;0;4773;0;0;0;3;0;0;0;0;0;0;0;0;0;0;0;0;0;0;0;0;0;0;0;0
11;Île-de-France;93;Seine-Saint-Denis;93048;PC;09304817B0222;6;2018-05-28;2019-10-01;2023-09-14;2017;2017-01-01;2018-05;2020-01;2023-12;41.10D;6541;SCCV MONTREUIL RUE DE PARIS;829931534;82993153400012;92150;SURESNES;false;232-2;RUE DE PARIS;;MONTREUIL;93100;AY;52;;;;;1136;4;1;1;1;;;false;false;false;0;0;0;0;0;0;0;0;2627;0;0;0;165;158;0;165;0;0;0;0;0;0;858;158;0;858;0;7;0;0;0;0;0;84;0;0;84;0;0;0;0;0;0;609;0;0;609;0
11;Île-de-France;93;Seine-Saint-Denis;93048;PC;09304817B0225;5;2018-05-18;2021-04-30;;2017;2017-01-01;2018-05;2021-05;2021-05;68.20B;6540;SCI VAPRO;431672674;;93100;MONTREUIL;false;46;RUE COLMET LEPINAY;;MONTREUIL;93100;BQ;131;BQ;130;;;963;4;2;5;3;;;true;false;false;3;0;0;0;0;0;0;161;0;0;161;0;0;0;0;0;0;0;0;0;0;0;1156;1323;0;331;0;7;0;0;0;0;0;1156;1323;0;331;0;0;0;0;0;0;0;0;0;0;0
11;Île-de-France;93;Seine-Saint-Denis;93048;PC;09304818B0006;6;2018-05-11;2018-08-27;2019-02-05;2018;2018-08-27;2018-05;2018-09;2019-05;;;;;;93100;MONTREUIL;false;3 B;RUE DES CAILLOTS;;MONTREUIL;93100;AE;291;;;;;235;4;2;3;1;3;1;false;false;false;0;0;0;0;0;0;0;144;18;0;0;30;0;0;0;0;0;0;0;0;0;0;0;0;30;0;0;7;0;0;0;0;0;0;0;30;0;0;0;0;0;0;0;0;0;0;0;0
11;Île-de-France;93;Seine-Saint-Denis;93048;PC;09304818B0020;6;2018-10-31;2019-01-07;2019-03-06;2018;2018-01-01;2018-10;2019-02;2019-11;47.11F;5710;CARREFOUR HYPERMARCHES;451321335;45132133501021;91000;EVRY;false;272;RUE DE PARIS;;MONTREUIL;93100;AZ;67;AZ;69;AZ;68;1065;4;2;5;4;;;false;false;false;0;0;0;0;0;0;0;0;0;0;0;0;22600;53;0;8;0;0;0;0;0;0;22600;53;0;8;0;7;0;0;0;0;0;0;0;0;0;0;0;0;0;0;0;0;0;0;0;0
11;Île-de-France;93;Seine-Saint-Denis;93048;PC;09304818B0023;2;2018-05-11;;;2018;2018-01-01;2018-05;;2018-05;;;;;;93100;MONTREUIL;false;19;RUE FRANCISCO FERRER;;MONTREUIL;93100;BT;129;;;;;61;4;2;3;1;3;1;false;true;false;0;0;0;0;0;0;0;80;34;0;1;12;0;0;0;0;0;0;0;0;0;0;0;0;12;0;0;7;0;0;0;0;0;0;0;12;0;0;0;0;0;0;0;0;0;0;0;0
11;Île-de-France;93;Seine-Saint-Denis;93048;PC;09304818B0030;2;2018-05-18;;;2018;2018-01-01;2018-10;;2018-10;68.20B;6540;SCI DE LA DHUIS;352887640;35288764000022;75008;PARIS-8E-ARRONDISSEMENT;false;86;RUE DES RIGONDES;;MONTREUIL;93100;Z;456;Z;457;;;268;4;2;5;8;;;false;false;false;0;0;0;0;0;0;0;0;0;0;0;0;0;0;0;0;0;0;0;0;0;0;0;234;0;0;0;7;0;0;0;0;0;0;0;0;0;0;0;0;0;0;0;0;234;0;0;0
11;Île-de-France;93;Seine-Saint-Denis;93048;PC;09304818B0034;5;2018-10-15;2019-01-15;;2018;2018-01-01;2018-11;2019-01;2019-01;;;;;;;;false;77;RUE PARMENTIER;;MONTREUIL;93100;AT;98;;;;;328;4;1;1;1;;;false;false;false;3;0;0;0;0;0;0;0;289;0;0;0;0;0;0;0;0;0;0;0;0;0;0;21;0;0;0;7;0;0;0;0;0;0;21;0;0;0;0;0;0;0;0;0;0;0;0;0
11;Île-de-France;93;Seine-Saint-Denis;93048;PC;09304818B0039;6;2018-10-11;2020-12-07;2024-03-26;2018;2018-01-01;2018-10;2020-12;2024-11;41.10D;6541;SCI MONTREUIL LES RESERVOIRS - BOULEVARD DE LA BOISSIERE;480556042;48055604200012;59562;LA MADELEINE CEDEX;false;299-3;RUE DE ROSNY;;MONTREUIL;93100;CK;5;CK;6;CK;7;14844;4;1;1;1;;;false;false;false;7;0;0;0;0;0;0;0;20412;0;0;0;0;1693;0;0;0;0;0;0;0;0;0;1693;0;0;0;7;0;0;0;0;0;0;0;0;0;0;0;0;0;0;0;0;0;0;0;0
11;Île-de-France;93;Seine-Saint-Denis;93048;PC;09304818B0042;5;2018-09-13;2019-01-10;;2018;2018-01-01;2019-05;2019-05;2019-05;47.76Z;5499;SOC LUC DESCHAMPS;347716276;34771627600014;75017;PARIS;false;44;RUE ARMAND CARREL;;MONTREUIL;93100;BC;23;;;;;0;4;2;5;3;;;false;false;false;0;0;0;0;0;0;0;0;0;0;0;0;0;0;0;0;0;0;0;0;0;0;1488;3280;0;0;0;7;0;0;0;0;0;1488;3280;0;0;0;0;0;0;0;0;0;0;0;0;0
11;Île-de-France;93;Seine-Saint-Denis;93048;PC;09304818B0053;2;2018-10-04;;;2018;2018-01-01;2018-10;;2018-10;84.11Z;7210;COMMUNE DE MONTREUIL;219300480;21930048000015;93100;MONTREUIL;false;12 BI;RUE LEON LOISEAU / 2 RUE D;;MONTREUIL;93100;Y;239;;;;;446;4;1;1;3;;;false;false;false;0;0;0;0;0;0;0;0;0;0;0;0;0;0;0;0;0;0;0;0;0;0;0;114;0;0;0;7;0;0;0;0;0;0;114;0;0;0;0;0;0;0;0;0;0;0;0;0
11;Île-de-France;93;Seine-Saint-Denis;93048;PC;09304818B0057;2;2018-11-14;;;2018;2018-01-01;2018-11;;2018-11;68.20B;6599;SCI CENTAUREL;824269625;82426962500011;75017;PARIS-17E-ARRONDISSEMENT;false;184 B;RUE DE PARIS;;MONTREUIL;93100;AX;9;;;;;641;4;2;5;4;;;false;false;false;0;0;0;0;0;0;0;0;0;0;0;0;422;31;0;0;0;0;0;0;0;0;422;31;0;0;0;7;0;0;0;0;0;0;0;0;0;0;0;0;0;0;0;0;0;0;0;0
11;Île-de-France;93;Seine-Saint-Denis;93048;PC;09304818B0081;6;2018-10-31;2019-03-04;2019-10-16;2018;2019-03-04;2018-10;2019-04;2022-04;;;;;;93100;MONTREUIL;false;69;RUE ETIENNE MARCEL;;MONTREUIL;93100;AS;113;AS;116;AS;117;3895;4;2;2;4;4;4;false;false;false;0;0;0;0;0;0;0;6641;0;0;0;0;97;0;0;0;97;0;0;97;0;0;97;0;97;0;97;4;0;0;0;0;0;0;0;0;0;0;0;0;0;0;0;0;0;0;0;0
11;Île-de-France;93;Seine-Saint-Denis;93048;PC;09304818B0084;6;2018-12-21;2019-01-05;2019-09-30;2018;2019-09-30;2018-12;2019-08;2020-03;88.91A;9220;MAMANS POULES;429185077;42918507700022;93100;MONTREUIL;false;50;RUE LENAIN DE TILLEMONT;;MONTREUIL;93100;CE;282;;;;;19574;4;2;5;9;;;false;false;false;0;0;0;0;0;0;0;0;0;0;0;0;0;0;0;0;0;0;198;0;0;0;0;198;0;0;0;4;0;0;0;0;0;0;0;0;0;0;0;0;0;0;0;0;0;0;0;0
11;Île-de-France;93;Seine-Saint-Denis;93048;PC;09304818B0090;6;2018-12-04;2020-06-12;2024-03-15;2018;2020-06-12;2018-12;2020-07;2024-11;84.11Z;7220;DEPARTEMENT DE LA SEINE SAINT DENIS;229300082;22930008201453;93000;BOBIGNY;false;87 RU;LENAIN     TILLEMONT;;MONTREUIL;93100;CD;182;CD;183;;;18213;4;2;5;9;;;true;false;false;0;0;0;0;0;0;0;0;0;0;0;0;0;0;0;0;0;2226;133;0;67;0;2226;133;0;67;0;2;0;0;0;0;0;0;0;0;0;0;0;0;0;0;0;0;0;0;0;0
11;Île-de-France;93;Seine-Saint-Denis;93048;PC;09304818B0091;6;2018-08-16;2021-01-25;2022-04-25;2018;2018-01-01;2018-08;2021-01;2022-04;68.20B;6540;SCI LE RELAIS;419689278;;84400;APT;false;50;RUE DU DOCTEUR CALMETTE;;MONTREUIL;93100;AD;262;;;;;500;4;2;5;6;;;false;false;false;0;0;0;0;0;0;0;0;0;0;0;0;0;0;0;0;0;0;0;0;0;0;330;225;0;0;0;7;0;0;0;0;0;0;0;0;0;0;330;225;0;0;0;0;0;0;0;0
11;Île-de-France;93;Seine-Saint-Denis;93048;PC;09304818B0122;6;2019-10-03;2022-03-31;2024-04-29;2018;2018-01-01;2019-10;2022-03;2024-06;41.10D;6541;SCCV MONTREUIL CUVIER;909365330;90936533000010;75008;PARIS;false;66;RUE DE LAGNY / 27 RUE CUVI;;MONTREUIL;93100;BE;12;;;;;4041;4;1;1;3;;;false;false;false;0;0;0;0;0;0;0;0;0;0;0;0;0;1039;0;0;0;0;0;0;0;0;4114;10035;0;4114;0;7;0;0;0;0;0;2069;8996;0;2069;0;0;0;0;0;0;2045;0;0;2045;0
11;Île-de-France;93;Seine-Saint-Denis;93048;PC;09304818B0125;2;2019-01-11;;;2018;2018-01-01;2019-01;;2019-01;;;;;;94000;CRETEIL;false;60;RUE DU SERGENT BOBILLOT;;MONTREUIL;93100;BK;163;;;;;142;4;1;1;1;;;false;false;false;3;0;0;0;0;0;0;0;209;0;0;0;140;0;0;140;0;0;0;0;0;0;140;37;0;140;0;7;0;0;0;0;0;0;37;0;0;0;0;0;0;0;0;0;0;0;0;0
11;Île-de-France;93;Seine-Saint-Denis;93048;PC;09304818B0127;6;2019-04-12;2020-12-10;2024-04-30;2018;2018-01-01;2019-04;2020-12;2024-05;41.10D;6541;CAPIMO;340944008;34094400800036;75008;PARIS;false;08-10;RUE D'ALEMBERT / RUE ETIEN;;MONTREUIL;93100;AZ;65;AZ;66;AZ;200;5724;4;1;1;1;;;false;false;false;8;0;0;0;0;0;0;0;8751;0;0;0;1837;910;0;1837;0;0;232;0;0;0;1837;1142;0;1837;0;6;0;0;0;0;0;0;0;0;0;0;0;0;0;0;0;0;0;0;0;0
11;Île-de-France;93;Seine-Saint-Denis;93048;PC;09304818B0131;6;2019-01-23;2019-10-31;2022-12-07;2018;2019-10-31;2019-01;2019-11;2024-10;68.10Z;5710;DEMATHIEU ET BARD IMMOBILIER;353708746;35370874600014;94550;CHEVILLY-LARUE;false;27-29;RUE DOUY DELCUPE;;MONTREUIL;93100;BK;95;BK;96;BK;99;1944;4;1;1;1;;;false;false;false;5;0;0;0;0;0;0;0;2483;0;0;0;0;0;0;0;0;0;0;0;0;0;1980;623;0;1980;0;7;0;0;0;0;0;0;623;0;0;0;0;0;0;0;0;1980;0;0;1980;0
11;Île-de-France;93;Seine-Saint-Denis;93048;PC;09304818B0136;6;2019-03-27;2020-12-21;2024-09-26;2018;2018-01-01;2019-03;2020-12;2024-10;41.10D;6541;VILLA LES GUILANDS;830080891;83008089100013;75015;PARIS;false;16;RUE EDOUARD VAILLANT;;MONTREUIL;93100;BL;15;;;;;802;4;1;1;1;;;false;false;false;0;0;0;0;0;0;0;40;1871;0;40;0;0;92;0;0;0;0;0;0;0;0;0;330;0;0;0;7;0;0;0;0;0;0;238;0;0;0;0;0;0;0;0;0;0;0;0;0
11;Île-de-France;93;Seine-Saint-Denis;93048;PC;09304818B0139;6;2019-06-19;2020-12-11;2024-08-08;2018;2018-01-01;2019-06;2020-12;2024-12;41.10D;6541;L'OREE DU BOIS;531399699;53139969900010;80100;ABBEVILLE;false;45/49;RUE DU PETIT BOIS;;MONTREUIL;93100;E;169;E;224;E;174;856;4;1;1;1;;;false;false;false;0;0;0;0;0;0;0;385;2191;0;385;0;0;323;0;0;0;0;0;0;0;0;0;323;0;0;0;7;0;0;0;0;0;0;0;0;0;0;0;0;0;0;0;0;0;0;0;0
11;Île-de-France;93;Seine-Saint-Denis;93048;PC;09304818B0144;6;2019-05-07;2020-06-01;2021-09-01;2018;2021-09-01;2019-05;2020-11;2022-02;41.10D;5710;SAS ACACIA AMENAGEMENT;528352560;52835256000023;75801;PARIS;false;;RUE  DE L'ACACIA;;MONTREUIL;93100;F;37;F;49;F;60;27530;4;1;1;9;;;false;false;false;0;0;0;0;0;0;0;0;0;0;0;0;0;0;0;0;0;0;170;0;0;0;0;170;0;0;0;6;0;0;0;0;0;0;0;0;0;0;0;0;0;0;0;0;0;0;0;0
11;Île-de-France;93;Seine-Saint-Denis;93048;PC;09304818B0145;2;2019-02-11;;;2018;2018-01-01;2019-02;;2019-02;;;;;;95230;SOISY-SOUS-MONTMORENCY;false;25;RUE DES ROCHES;;MONTREUIL;93100;G;189;H;211;;;1056;4;1;1;9;;;false;false;false;3;0;0;0;0;0;0;0;0;0;0;0;0;0;0;0;0;0;759;0;0;0;0;759;0;0;0;6;0;0;0;0;0;0;0;0;0;0;0;0;0;0;0;0;0;0;0;0
11;Île-de-France;93;Seine-Saint-Denis;93048;PC;09304818B0164;5;2019-05-17;2022-07-18;;2018;2018-01-01;2019-05;2022-07;2022-07;68.32A;5499;HAVIM PARTICIPATION;428299465;42829946500016;75015;PARIS-15E-ARRONDISSEMENT;false;19;RUE GARIBALDI ET 28  RUE F;;MONTREUIL;93100;BH;2;BH;1;;;1521;4;1;3;1;4;8;true;false;true;5;0;0;0;0;0;0;0;2018;0;0;0;600;438;82;600;0;0;0;0;0;0;2327;1139;82;1516;82;7;0;0;0;0;0;494;701;0;0;0;0;0;0;0;0;1233;0;0;916;82
11;Île-de-France;93;Seine-Saint-Denis;93048;PC;09304818B0169;6;2019-04-26;2020-10-02;2023-09-26;2018;2020-10-02;2019-05;2020-12;2024-04;;;;;;94000;CRETEIL;false;10 TE;RUE PARMENTIER;;MONTREUIL;93100;AQ;184;;;;;0;4;1;1;1;;;false;false;false;0;0;0;0;0;0;0;0;515;0;0;0;0;0;0;0;0;0;260;0;0;0;0;260;0;0;0;6;0;0;0;0;0;0;0;0;0;0;0;0;0;0;0;0;0;0;0;0
11;Île-de-France;93;Seine-Saint-Denis;93048;PC;09304818B0172;5;2019-05-17;2019-10-01;;2018;2019-10-01;2019-05;2019-11;2019-11;68.20B;6599;SCI SF9;842655409;84265540900014;93100;MONTREUIL;false;9;SENTIER DE LA FERME;;MONTREUIL;93100;T;58;T;59;;;1058;4;1;1;3;;;false;false;false;3;0;0;0;0;0;0;500;0;0;500;0;0;253;0;0;0;0;0;0;0;0;0;758;0;0;0;7;0;0;0;0;0;0;505;0;0;0;0;0;0;0;0;0;0;0;0;0
11;Île-de-France;93;Seine-Saint-Denis;93048;PC;09304818B0176;4;2019-04-29;;;2018;2018-01-01;2019-05;;2019-05;;;;;;93100;MONTREUIL SOUS BOIS;false;36 /;RUE LEBOUR;;MONTREUIL;93100;BH;50;;;;;1330;4;2;5;3;;;false;false;false;0;0;0;0;0;0;0;0;0;0;0;0;0;0;0;0;0;0;0;0;0;0;240;133;0;0;0;7;0;0;0;0;0;240;133;0;0;0;0;0;0;0;0;0;0;0;0;0
11;Île-de-France;93;Seine-Saint-Denis;93048;PC;09304818B0180;4;2019-07-10;2024-03-15;;2018;2018-01-01;2019-07;2024-03;2024-03;41.10D;6541;MONTREUIL - 25 PARMENTIER;843093204;84309320400017;75008;PARIS-8E-ARRONDISSEMENT;false;25;RUE PARMENTIER;;MONTREUIL;93100;AR;238;;;;;1866;4;1;3;1;3;1;true;true;true;5;0;0;0;0;0;0;120;2088;0;0;120;0;0;0;0;0;0;0;0;0;0;914;1300;120;914;0;7;0;0;0;0;0;0;1300;120;0;0;0;0;0;0;0;914;0;0;914;0
11;Île-de-France;93;Seine-Saint-Denis;93048;PC;09304818B0184;6;2018-06-01;2019-11-18;2024-10-15;2018;2018-01-01;2019-01;2019-11;2025-07;;;;;;75013;PARIS;false;120;AVENUE DU COLONEL FABIEN;;MONTREUIL;93100;B;89;;;;;449;4;1;1;9;;;false;false;false;0;0;0;0;0;0;0;0;0;0;0;0;0;0;0;0;0;0;927;0;0;0;0;927;0;0;0;3;0;0;0;0;0;0;0;0;0;0;0;0;0;0;0;0;0;0;0;0
11;Île-de-France;93;Seine-Saint-Denis;93048;PC;09304818B0185;5;2019-07-10;2022-07-01;;2018;2018-01-01;2019-07;2022-07;2022-07;88.91A;5710;CRECHE ENFANTS DU MONDE MONTESSORI;843574740;84357474000018;93100;MONTREUIL;false;26;RUE DES SORINS;;MONTREUIL;93100;AT;202;;;;;223;4;2;3;3;4;3;false;true;false;3;0;0;0;0;0;0;0;0;162;0;0;0;0;0;0;0;0;40;431;0;0;614;40;431;21;593;4;0;0;0;0;0;614;0;0;21;593;0;0;0;0;0;0;0;0;0;0
11;Île-de-France;93;Seine-Saint-Denis;93048;PC;09304818B0201;6;2019-05-17;2019-08-19;2022-04-20;2018;2018-01-01;2019-06;2019-08;2022-07;84.11Z;7210;COMMUNE DE COLOMBES;219200250;21920025000013;92700;COLOMBES;false;47;RUE DE VINCENNES;;MONTREUIL;93100;BM;48;;;;;1042;4;1;1;1;;;false;false;false;5;0;0;0;0;0;0;0;960;0;0;0;0;248;0;0;0;0;0;0;0;0;229;248;0;229;0;7;0;0;0;0;0;0;0;0;0;0;0;0;0;0;0;229;0;0;229;0
11;Île-de-France;93;Seine-Saint-Denis;93048;PC;09304818B0203;4;2019-02-07;;;2018;2018-01-01;2019-02;;2019-02;;;;;;93100;MONTREUIL;false;9/13;RUE DES BATTERIES;;MONTREUIL;93100;CR;181;CR;333;;;0;4;1;5;3;;;true;false;false;0;0;0;0;0;0;0;142;22;0;45;0;0;0;0;0;0;0;0;0;0;0;0;99;0;0;0;7;0;0;0;0;0;0;99;0;0;0;0;0;0;0;0;0;0;0;0;0
11;Île-de-France;93;Seine-Saint-Denis;93048;PC;09304818B0205;2;2019-06-18;;;2018;2018-01-01;2019-06;;2019-06;68.20B;6599;SCI MIKADO;431400969;43140096900033;75008;PARIS;false;98;RUE EDOUARD VAILLANT;;MONTREUIL;93100;BJ;17;;;;;1735;4;1;3;1;1;4;true;false;false;4;0;0;0;0;0;0;0;1207;172;0;0;641;55;0;276;172;0;0;0;0;0;980;55;0;615;172;7;0;0;0;0;0;0;0;0;0;0;0;0;0;0;0;339;0;0;339;0
11;Île-de-France;93;Seine-Saint-Denis;93048;PC;09304819B0003;2;2019-06-27;;;2019;2019-01-01;2019-07;;2019-07;;;;;;93110;ROSNY-SOUS-BOIS;false;57;RUE STALINGRAD / 40 RUE CO;;MONTREUIL;93100;BU;234;;;;;218;4;2;2;4;4;4;false;false;false;0;0;0;0;0;0;0;926;0;0;0;0;185;0;0;0;185;0;0;185;0;0;185;0;185;0;185;4;0;0;0;0;0;0;0;0;0;0;0;0;0;0;0;0;0;0;0;0
11;Île-de-France;93;Seine-Saint-Denis;93048;PC;09304819B0023;6;2019-07-01;2019-11-25;2021-04-01;2019;2019-11-25;2019-07;2019-12;2022-05;41.10C;5710;2C INVESTISSEMENTS;838529873;83852987300013;93360;NEUILLY-PLAISANCE;false;88 T;RUE SIMON DEREURE;;MONTREUIL;93100;CO;122;;;;;339;4;2;3;1;1;8;false;false;false;3;0;0;0;0;0;0;226;103;69;0;0;0;0;0;0;0;0;0;0;0;0;69;15;0;0;69;7;0;0;0;0;0;0;0;0;0;0;0;0;0;0;0;69;15;0;0;69
11;Île-de-France;93;Seine-Saint-Denis;93048;PC;09304819B0028;4;2019-05-22;;;2019;2019-01-01;2019-05;;2019-05;;;;;;92200;NEUILLY SUR SEINE;false;21;RUE DE VILLIERS;;MONTREUIL;93100;AL;150;;;;;221;4;1;1;1;;;false;false;false;2;0;0;0;0;0;0;0;195;0;0;0;0;0;0;0;0;0;0;0;0;0;108;83;0;108;0;7;0;0;0;0;0;0;83;0;0;0;0;0;0;0;0;108;0;0;108;0
11;Île-de-France;93;Seine-Saint-Denis;93048;PC;09304819B0031;5;2019-07-18;2024-06-04;;2019;2019-01-01;2019-07;2024-07;2024-07;;;;;;93100;MONTREUIL;false;147;RUE DE ROSNY;;MONTREUIL;93100;S;12;;;;;288;4;2;5;6;;;false;false;false;0;0;0;0;0;0;0;0;0;0;0;0;0;0;0;0;0;0;0;0;0;0;310;138;0;0;0;7;0;0;0;0;0;0;0;0;0;0;310;138;0;0;0;0;0;0;0;0
11;Île-de-France;93;Seine-Saint-Denis;93048;PC;09304819B0036;2;2019-12-03;;;2019;2019-01-01;2019-12;;2019-12;;;;;;93100;MONTREUIL;false;2;RUE DE LA  MONTAGNE PIERRE;;MONTREUIL;93100;E;214;;;;;3905;4;1;1;9;;;false;false;false;0;0;0;0;0;0;0;0;0;0;0;0;0;0;0;0;0;0;63;0;0;0;0;63;0;0;0;6;0;0;0;0;0;0;0;0;0;0;0;0;0;0;0;0;0;0;0;0
11;Île-de-France;93;Seine-Saint-Denis;93048;PC;09304819B0055;6;2019-10-21;2020-02-21;2020-10-20;2019;2019-01-01;2019-10;2022-05;2022-05;86.10Z;7364;CENTRE HOSPITALIER INTERCOM GREGOIRE;269302618;26930261800013;93100;MONTREUIL;false;56;BD DE LA BOISSIERE;;MONTREUIL;93100;A;237;A;226;;;36031;4;2;5;9;;;true;false;false;0;0;0;0;0;0;0;0;0;0;0;0;0;0;0;0;0;49079;38;0;0;0;49079;38;0;0;0;3;0;0;0;0;0;0;0;0;0;0;0;0;0;0;0;0;0;0;0;0
11;Île-de-France;93;Seine-Saint-Denis;93048;PC;09304819B0056;6;2019-09-23;2021-05-31;2023-01-18;2019;2019-01-01;2019-09;2021-06;2023-05;68.20B;6540;SCI ABEMI;404375768;40437576800052;75008;PARIS;false;63 TE;RUE BEAUMARCHAIS;;MONTREUIL;93100;BK;368;;;;;1169;4;1;1;9;;;false;false;false;5;50;0;0;0;0;0;0;0;0;0;0;0;0;0;0;0;0;2489;0;0;0;0;2489;0;0;0;4;0;0;0;0;0;0;0;0;0;0;0;0;0;0;0;0;0;0;0;0
11;Île-de-France;93;Seine-Saint-Denis;93048;PC;09304819B0059;6;2019-10-31;2020-09-07;2023-06-28;2019;2019-01-01;2019-11;2020-09;2023-07;41.10D;6541;SCCV MONTREUIL 111;850773292;85077329200014;75016;PARIS;false;107-1;RUE DE ROSNY;;MONTREUIL;93100;BY;17;BY;18;BY;19;3376;4;1;1;1;;;false;false;false;6;0;0;0;0;0;0;311;5511;0;311;0;0;0;0;0;0;0;288;0;0;0;979;288;0;979;0;4;0;0;0;0;0;0;0;0;0;0;979;0;0;979;0;0;0;0;0;0
11;Île-de-France;93;Seine-Saint-Denis;93048;PC;09304819B0064;5;2019-08-13;2019-11-25;;2019;2019-11-25;2019-08;2019-12;2019-12;94.99Z;9220;LES ENCHANTIERES;811829357;81182935700011;93100;MONTREUIL;false;39;RUE DES RAVINS;;MONTREUIL;93100;AU;12;;;;;1215;4;1;1;9;;;false;false;false;0;0;0;0;0;0;0;0;0;0;0;0;0;0;0;0;0;0;101;0;0;0;0;101;0;0;0;4;0;0;0;0;0;0;0;0;0;0;0;0;0;0;0;0;0;0;0;0
11;Île-de-France;93;Seine-Saint-Denis;93048;PC;09304819B0065;6;2019-09-23;2020-01-06;2020-12-14;2019;2019-01-01;2019-09;2020-01;2021-02;68.20B;6540;SCI GUEGAN TCHERTOFF;841171697;84117169700011;93100;MONTREUIL;false;19;RUE CARNOT;;MONTREUIL;93100;BP;239;;;;;477;4;2;3;8;4;8;true;false;false;0;0;0;0;0;0;0;154;51;6;0;0;0;0;212;0;0;0;0;0;0;0;218;0;212;0;218;7;0;0;0;0;0;0;0;0;0;0;0;0;0;0;0;218;0;0;0;218
11;Île-de-France;93;Seine-Saint-Denis;93048;PC;09304819B0070;6;2020-02-17;2020-12-16;2024-09-30;2019;2019-01-01;2020-02;2020-12;2024-10;41.10D;6541;SCCV MONTREUIL 7/9 FAIDHERBE;887982197;88798219700014;92120;MONTROUGE;false;7-9;AVENUE FAIDHERBE;;MONTREUIL;93100;AF;52;AF;53;;;1216;4;1;1;1;;;false;false;false;0;0;0;0;0;0;0;0;1694;0;0;0;1135;427;0;1135;0;0;0;0;0;0;1135;427;0;1135;0;7;0;0;0;0;0;0;0;0;0;0;0;0;0;0;0;0;0;0;0;0
11;Île-de-France;93;Seine-Saint-Denis;93048;PC;09304819B0079;6;2019-09-25;2020-04-30;2022-05-02;2019;2019-01-01;2019-09;2020-05;2026-07;41.10D;6541;SCCV MONTREUIL - FAIDHERBE;811474857;81147485700026;75013;PARIS;false;6-8;AVENUE FAIDHERBE / 33 BIS;;MONTREUIL;93100;AG;57;AG;58;AG;59;520;4;1;1;1;;;false;false;false;6;0;0;0;0;0;0;250;1346;0;250;0;237;297;0;237;0;0;0;0;0;0;237;297;0;237;0;7;0;0;0;0;0;0;0;0;0;0;0;0;0;0;0;0;0;0;0;0
11;Île-de-France;93;Seine-Saint-Denis;93048;PC;09304819B0081;5;2019-11-13;2020-06-29;;2019;2020-06-29;2019-11;2020-07;2020-07;41.10A;6560;CAP 5;849867494;84986749400015;93100;MONTREUIL;false;5;RUE DE LA CONVENTION;;MONTREUIL;93100;AF;141;;;;;366;4;1;1;1;;;false;false;false;3;0;0;0;0;0;0;0;543;0;0;0;0;0;0;0;0;0;0;0;0;0;230;96;0;230;0;7;0;0;0;0;0;0;96;0;0;0;0;0;0;0;0;230;0;0;230;0
11;Île-de-France;93;Seine-Saint-Denis;93048;PC;09304819B0086;6;2019-10-29;2021-11-15;2024-03-08;2019;2019-01-01;2019-10;2022-04;2024-03;94.99Z;9220;FEDERATION CULTURELLE DES ASSOCIATIONS MUSULMANES DE MONTREUIL;500291075;50029107500017;93100;MONTREUIL;false;5;VILLA DE LA TOURELLE;;MONTREUIL;93100;BK;148;;;;;288;4;2;3;3;1;3;false;true;false;3;0;0;0;0;0;0;126;155;30;0;0;0;0;0;0;0;0;0;0;0;0;302;166;0;0;30;7;0;0;0;0;0;302;166;0;0;30;0;0;0;0;0;0;0;0;0;0
11;Île-de-France;93;Seine-Saint-Denis;93048;PC;09304819B0087;5;2020-03-05;2022-09-30;;2019;2019-01-01;2020-03;2024-08;2024-08;68.20B;6540;ROUSSELLE PATRIMOINE;834131336;83413133600010;93100;MONTREUIL;false;16;RUE LEBOUR;;MONTREUIL;93100;BH;266;;;;;228;4;2;3;1;4;8;false;false;false;5;0;0;0;0;0;0;0;601;0;0;0;0;0;0;0;0;0;0;136;0;0;136;0;136;0;136;2;0;0;0;0;0;0;0;0;0;0;0;0;0;0;0;136;0;0;0;136
11;Île-de-France;93;Seine-Saint-Denis;93048;PC;09304819B0091;4;2019-12-04;;;2019;2019-01-01;2019-12;;2019-12;;;;;;93100;MONTREUIL;false;81;RUE DE PARIS;;MONTREUIL;93100;AS;50;;;;;0;4;2;3;1;3;1;true;true;true;0;0;0;0;0;0;0;369;78;0;0;21;0;0;0;0;0;0;0;0;0;0;0;0;21;0;0;7;0;0;0;0;0;0;0;21;0;0;0;0;0;0;0;0;0;0;0;0
11;Île-de-France;93;Seine-Saint-Denis;93048;PC;09304819B0098;5;2019-12-09;2020-09-01;;2019;2019-01-01;2019-12;2020-09;2020-09;86.10Z;7364;CENTRE HOSPITALIER INTERCOM GREGOIRE;269302618;26930261800013;93100;MONTREUIL;false;56;BOULEVARD DE LA BOISSIERE;;MONTREUIL;93100;A;237;A;80;A;160;35447;4;1;1;9;;;true;false;false;0;0;0;0;0;0;0;0;0;0;0;0;0;0;0;0;0;49118;596;0;0;0;49118;596;0;0;0;3;0;0;0;0;0;0;0;0;0;0;0;0;0;0;0;0;0;0;0;0
11;Île-de-France;93;Seine-Saint-Denis;93048;PC;09304819B0101;6;2019-11-13;2020-02-03;2020-08-29;2019;2019-01-01;2019-11;2021-05;2021-05;84.11Z;7210;COMMUNE DE MONTREUIL;219300480;21930048000015;93100;MONTREUIL;false;21;RUE DES ROCHES;;MONTREUIL;93100;H;222;H;52;H;53;21372;4;1;1;9;;;false;false;false;0;0;0;0;0;0;0;0;0;0;0;0;0;0;0;0;0;0;268;0;0;0;0;268;0;0;0;6;0;0;0;0;0;0;0;0;0;0;0;0;0;0;0;0;0;0;0;0
11;Île-de-France;93;Seine-Saint-Denis;93048;PC;09304819B0102;6;2019-10-15;2020-02-03;2023-10-06;2019;2019-01-01;2019-10;2020-02;2024-07;68.10Z;5710;KVA MONTREUIL;844115386;84411538600014;75008;PARIS-8E-ARRONDISSEMENT;false;14-20;BOULEVARD DE CHANZY;;MONTREUIL;93100;AR;236;AR;229;;;15738;4;2;5;3;;;false;false;false;0;0;0;0;0;0;0;0;0;0;0;0;0;0;0;0;0;0;0;0;0;0;8249;524;0;0;0;7;0;0;0;0;0;8249;524;0;0;0;0;0;0;0;0;0;0;0;0;0
11;Île-de-France;93;Seine-Saint-Denis;93048;PC;09304819B0103;2;2019-10-23;;;2019;2019-01-01;2019-10;;2019-10;;;;;;93100;MONTREUIL;false;26;IMPASSE DES CHANTEREINES;;MONTREUIL;93100;X;360;X;388;X;196;832;4;2;3;6;2;1;true;false;false;2;0;0;0;0;0;0;269;0;12;0;12;0;0;0;0;0;0;0;0;0;0;0;45;0;0;0;7;0;0;0;0;0;0;0;0;0;0;0;45;0;0;0;0;0;0;0;0
11;Île-de-France;93;Seine-Saint-Denis;93048;PC;09304819B0108;2;2020-03-13;;;2019;2019-01-01;2021-04;;2021-04;;;;;;93100;MONTREUIL;false;39 BI;RUE FRANCOIS ARAGO;;MONTREUIL;93100;BI;217;BI;218;;;1109;4;2;3;9;4;9;false;false;false;2;0;0;0;0;0;0;137;0;0;0;0;0;0;0;0;0;433;276;93;195;93;433;276;93;195;93;4;0;0;0;0;0;0;0;0;0;0;0;0;0;0;0;0;0;0;0;0
11;Île-de-France;93;Seine-Saint-Denis;93048;PC;09304819B0114;2;2020-03-13;;;2019;2019-01-01;2020-03;;2020-03;41.10D;6541;MONTREUIL RAPATEL;877622613;87762261300017;22192;PLERIN;false;61;RUE RAPATEL - 14 BD JEANNE;;MONTREUIL;93100;BT;255;;;;;1406;4;1;1;1;;;false;false;false;3;0;0;0;0;0;0;0;3228;0;0;0;0;0;0;0;0;0;120;0;0;0;597;120;0;597;0;4;0;0;0;0;0;597;0;0;597;0;0;0;0;0;0;0;0;0;0;0
11;Île-de-France;93;Seine-Saint-Denis;93048;PC;09304819B0115;5;2019-12-20;2021-09-01;;2019;2019-01-01;2019-12;2021-09;2021-09;94.99Z;9220;FEDERATION CULTURELLE DES ASSOCIATIONS MUSULMANES DE MONTREUIL;500291075;50029107500017;93100;MONTREUIL;false;74;AVENUE PAUL SIGNAC;;MONTREUIL;93100;T;202;;;;;458;4;2;3;4;4;4;false;true;false;3;0;0;0;0;0;0;133;132;62;66;0;226;0;0;0;226;0;0;0;0;0;317;0;226;29;288;7;0;0;0;0;0;91;0;0;29;62;0;0;0;0;0;0;0;226;0;0
11;Île-de-France;93;Seine-Saint-Denis;93048;PC;09304819B0116;5;2019-11-05;2021-02-16;;2019;2019-01-01;2020-07;2021-02;2021-02;68.20B;6540;SCI LE BOURGET 26;818017956;81801795600017;94220;CHARENTON-LE-PONT;false;39-43;RUE SAINT DENIS;;MONTREUIL;93100;S;56;S;55;S;139;2038;4;2;5;8;;;false;false;false;0;0;0;0;0;0;0;0;0;0;0;0;0;0;0;0;0;0;0;0;0;0;1054;288;0;0;0;7;0;0;0;0;0;180;0;0;0;0;0;0;0;0;0;874;288;0;0;0
11;Île-de-France;93;Seine-Saint-Denis;93048;PC;09304819B0118;5;2019-12-19;2022-01-10;;2019;2022-01-10;2019-12;2022-02;2022-02;68.32A;5710;BLOSSOM SPORT MONTREUIL;889425880;88942588000016;94000;CRETEIL;false;146;RUE DE LA  NOUVELLE FRANCE;;MONTREUIL;93100;CD;182;CD;183;CD;223;105270;4;1;5;9;;;true;false;false;0;0;0;0;0;0;0;0;0;0;0;0;0;0;0;0;0;4181;1927;0;1186;0;4181;1927;0;1186;0;6;0;0;0;0;0;0;0;0;0;0;0;0;0;0;0;0;0;0;0;0
11;Île-de-France;93;Seine-Saint-Denis;93048;PC;09304819B0121;6;2019-12-04;2020-01-27;2021-06-30;2019;2019-01-01;2019-12;2020-02;2021-08;68.20B;6540;SCI 17 RUE GAMBETTA MONTREUIL;853088433;85308843300018;93100;MONTREUIL;false;17;RUE GAMBETTA;;MONTREUIL;93100;BK;239;;;;;244;4;2;3;3;3;1;false;false;false;0;0;0;0;0;0;0;205;0;0;12;193;0;0;0;0;0;0;0;0;0;0;196;285;193;37;0;7;0;0;0;0;0;0;285;193;0;0;0;0;0;0;0;196;0;0;37;0
11;Île-de-France;93;Seine-Saint-Denis;93048;PC;09304819B0127;2;2020-02-05;;;2019;2019-01-01;2020-02;;2020-02;;;;;;94300;VINCENNES;false;31;RUE GAMBETTA;;MONTREUIL;93100;BJ;5;BJ;170;;;681;4;2;3;3;4;4;true;false;false;0;0;0;0;0;0;0;127;47;131;15;112;389;0;0;258;131;0;0;0;0;0;630;445;180;288;199;7;0;0;0;0;0;241;445;180;30;68;0;0;0;0;0;0;0;0;0;0
11;Île-de-France;93;Seine-Saint-Denis;93048;PC;09304819B0129;4;2020-07-13;;;2019;2019-01-01;2020-07;;2020-07;93.12Z;5710;DG FINANCE;830911608;83091160800016;13510;EGUILLES;false;;PLACE GUERNICA / RUE FRANK;ESPACE COMMERCIAL GRAND ANGLE;MONTREUIL;93100;AJ;209;AJ;210;AJ;213;21214;4;2;5;4;;;false;false;false;0;0;0;0;0;0;0;0;0;0;0;0;327;99;0;0;0;0;0;0;0;0;327;99;0;0;0;7;0;0;0;0;0;0;0;0;0;0;0;0;0;0;0;0;0;0;0;0
11;Île-de-France;93;Seine-Saint-Denis;93048;PC;09304819B0133;5;2020-07-10;2024-07-08;;2019;2019-01-01;2020-07;2024-07;2024-07;68.20B;6540;SCI CASINO;442054623;44205462300016;93100;MONTREUIL;false;1 TER;RUE MARCEL SEMBAT;;MONTREUIL;93100;AR;222;;;;;130;4;1;1;1;;;false;false;false;0;0;0;0;0;0;0;0;237;0;0;0;0;175;0;0;0;0;0;0;0;0;130;175;0;130;0;7;0;0;0;0;0;0;0;0;0;0;0;0;0;0;0;130;0;0;130;0
11;Île-de-France;93;Seine-Saint-Denis;93048;PC;09304819B0142;6;2020-02-20;2021-05-06;2022-10-26;2019;2021-05-06;2020-02;2021-05;2023-01;68.20A;4140;OFFICE PUBLIC DE L'HABITAT MONTREUILLOIS;488777160;48877716000018;93100;MONTREUIL;false;17-19;RUE EDOUARD VAILLANT;;MONTREUIL;93100;BL;75;BL;76;;;653;4;1;1;1;;;false;false;false;417;0;0;0;0;0;0;0;1448;0;0;0;0;325;0;0;0;0;0;0;0;0;0;325;0;0;0;7;0;0;0;0;0;0;0;0;0;0;0;0;0;0;0;0;0;0;0;0
11;Île-de-France;93;Seine-Saint-Denis;93048;PC;09304819B0147;6;2019-12-22;2020-04-24;2020-12-01;2019;2019-01-01;2019-12;2020-05;2021-01;66.30Z;5710;NEW COMMERCIAL INDUSTRIES FRA SAS;851058347;85105834700010;75008;PARIS-8E-ARRONDISSEMENT;false;5;RUE DU CENTENAIRE;;MONTREUIL;93100;AV;122;;;;;496;4;2;3;3;4;3;false;false;false;0;0;0;0;0;0;0;0;0;0;0;0;0;214;763;0;0;0;0;0;0;0;774;214;763;11;763;7;0;0;0;0;0;774;0;0;11;763;0;0;0;0;0;0;0;0;0;0
11;Île-de-France;93;Seine-Saint-Denis;93048;PC;09304819B0153;6;2020-01-22;2020-04-29;2021-05-06;2019;2019-01-01;2020-01;2020-05;2021-07;81.21Z;5558;AUX NETTOYEURS ENCAUSTIQUEURS REUNIS;552119703;;75019;PARIS;false;59;RUE DE LA FERME;;MONTREUIL;93100;R;279;;;;;0;4;2;3;3;4;3;false;true;false;2;0;0;0;0;0;0;0;0;0;0;0;0;0;0;0;0;0;0;0;0;0;656;341;141;317;141;7;0;0;0;0;0;384;341;63;246;78;0;0;0;0;0;272;0;78;71;63
11;Île-de-France;93;Seine-Saint-Denis;93048;PC;09304819B0158;5;2020-02-17;2021-04-14;;2019;2019-01-01;2020-02;2021-04;2021-04;68.20B;5499;F.HAVIM;509529301;50952930100012;75015;PARIS;false;67;RUE DE PARIS;;MONTREUIL;93100;BL;8;BL;9;;;1226;4;2;5;1;;;false;true;true;0;0;0;0;0;0;0;1490;476;0;262;0;588;52;0;212;0;0;0;0;0;0;588;52;0;212;0;7;0;0;0;0;0;0;0;0;0;0;0;0;0;0;0;0;0;0;0;0
11;Île-de-France;93;Seine-Saint-Denis;93048;PC;09304819B0176;6;2020-08-20;2020-12-20;2021-10-12;2019;2019-01-01;2021-04;2022-05;2022-05;68.20B;6540;SCI MURS DE FRANCE;493135651;49313565100039;75010;PARIS;false;254;RUE DE PARIS;;MONTREUIL;93100;AZ;53;;;;;879;4;2;5;4;;;false;false;false;0;0;0;0;0;0;0;0;0;0;0;0;88;78;0;0;0;0;0;0;0;0;88;78;0;0;0;7;0;0;0;0;0;0;0;0;0;0;0;0;0;0;0;0;0;0;0;0
11;Île-de-France;93;Seine-Saint-Denis;93048;PC;09304819B0186;6;2020-06-29;2021-04-01;2021-12-02;2019;2021-04-01;2020-06;2021-09;2022-05;68.20B;6540;SCI NOVENGO IMMOBILIER;809635998;80963599800010;75020;PARIS;false;38;AV LEON GAUMONT;;MONTREUIL;93100;BC;2;;;;;107;4;2;5;3;;;false;false;false;0;0;0;0;0;0;0;3499;0;0;0;0;7365;0;0;0;0;0;0;0;0;0;30523;181;0;8;0;7;0;0;0;0;0;23153;121;0;8;0;0;0;0;0;0;5;60;0;0;0
11;Île-de-France;93;Seine-Saint-Denis;93048;PC;09304819B0194;6;2020-11-10;2021-12-16;2025-02-10;2019;2019-01-01;2021-01;2022-01;2025-02;41.10A;5202;COGEDIM PARIS METROPOLE;319293916;31929391600049;75008;PARIS;false;198;RUE DE PARIS;;MONTREUIL;93100;AY;14;;;;;6065;4;1;3;1;4;4;true;false;false;6;0;0;0;0;0;0;1060;8095;188;872;188;2680;242;0;2407;273;0;1086;273;0;0;2680;1328;273;2407;273;5;0;0;0;0;0;0;0;0;0;0;0;0;0;0;0;0;0;0;0;0
11;Île-de-France;93;Seine-Saint-Denis;93048;PC;09304819B0199;6;2020-06-26;2021-02-15;2021-04-19;2019;2021-04-19;2020-06;2021-02;2021-10;68.20B;5710;GRAND COSMOS GASTON LAURIAU;878318815;87831881500015;94300;VINCENNES;false;55-63;RUE GASTON LAURIAU;;MONTREUIL;93100;BV;170;;;;;3888;4;2;3;3;4;3;false;false;false;0;0;0;0;0;0;0;0;0;0;0;0;0;0;197;0;0;0;119;3309;0;0;3506;119;3506;0;3506;3;0;0;0;0;0;3506;0;0;0;3506;0;0;0;0;0;0;0;0;0;0
11;Île-de-France;93;Seine-Saint-Denis;93048;PC;09304819B0201;5;2020-07-24;2021-11-01;;2019;2021-11-01;2020-07;2022-04;2022-04;68.32A;5499;FRATERNITE;482415205;48241520500012;75004;PARIS;false;8;BIS PLACE DE LA FRATERNITE;;MONTREUIL;93100;AY;1;;;;;230;4;1;1;1;;;false;false;false;6;0;0;0;0;0;0;0;618;0;0;0;0;90;0;0;0;0;0;0;0;0;367;90;0;367;0;7;0;0;0;0;0;0;0;0;0;0;0;0;0;0;0;367;0;0;367;0
11;Île-de-France;93;Seine-Saint-Denis;93048;PC;09304819B0204;6;2020-07-08;2021-10-01;2024-04-06;2019;2019-01-01;2020-07;2021-10;2024-04;;;;;;93110;ROSNY SOUS BOIS;false;223;BD THEOPHILE SUEUR;;MONTREUIL;93100;CG;259;;;;;122;4;2;3;1;4;8;false;true;false;1;0;0;0;0;0;0;0;69;0;0;0;0;0;62;0;0;0;0;0;0;0;109;0;62;47;62;7;0;0;0;0;0;0;0;0;0;0;0;0;0;0;0;109;0;0;47;62
11;Île-de-France;93;Seine-Saint-Denis;93048;PC;09304820B0004;5;2020-07-21;2020-10-02;;2020;2020-01-01;2020-07;2021-03;2021-03;47.73Z;5485;PHARMACIE MONTREUIL 93-24/24;844146951;84414695100018;93100;MONTREUIL;false;26;RUE DE PARIS;;MONTREUIL;93100;AR;89;;;;;336;4;2;5;4;;;false;false;false;0;0;0;0;0;0;0;0;0;0;0;0;335;56;0;0;0;0;0;0;0;0;335;56;0;0;0;7;0;0;0;0;0;0;0;0;0;0;0;0;0;0;0;0;0;0;0;0
11;Île-de-France;93;Seine-Saint-Denis;93048;PC;09304820B0017;5;2021-01-07;2025-06-13;;2020;2020-01-01;2021-01;2025-07;2025-07;68.20A;4140;OFFICE PUBLIC DE L'HABITAT MONTREUILLOIS;488777160;48877716000018;93100;MONTREUIL;false;PLACE;BERTHIE ALBRECHT;;MONTREUIL;93100;AN;296;AN;293;AN;290;0;4;1;1;4;;;false;false;false;0;0;0;0;0;0;0;0;0;0;0;0;0;379;0;0;0;0;86;0;0;0;0;465;0;0;0;5;0;0;0;0;0;0;0;0;0;0;0;0;0;0;0;0;0;0;0;0
11;Île-de-France;93;Seine-Saint-Denis;93048;PC;09304820B0030;4;2020-11-26;;;2020;2020-01-01;2020-11;;2020-11;;;;;;93190;LIVRY-GARGAN;false;182;BD DE LA BOISSIERE;;MONTREUIL;93100;D;95;D;94;;;801;4;1;1;1;;;false;false;false;4;0;0;0;0;0;0;440;466;0;0;0;16;162;0;0;0;0;0;0;0;0;16;162;0;0;0;7;0;0;0;0;0;0;0;0;0;0;0;0;0;0;0;0;0;0;0;0
11;Île-de-France;93;Seine-Saint-Denis;93048;PC;09304820B0031;6;2020-11-17;2022-07-05;2024-10-17;2020;2020-01-01;2020-11;2022-07;2024-11;68.20B;6540;SOCIETE CIVILE IMMOBILIERE DOUCET HOCHE;520605049;52060504900029;92100;BOULOGNE-BILLANCOURT;false;236-2;RUE DE PARIS;;MONTREUIL;93100;AY;58;AY;59;AY;60;0;4;1;1;1;;;false;false;false;6;0;0;0;0;0;0;765;2297;0;765;0;205;130;0;205;0;0;0;0;0;0;205;130;0;205;0;7;0;0;0;0;0;0;0;0;0;0;0;0;0;0;0;0;0;0;0;0
11;Île-de-France;93;Seine-Saint-Denis;93048;PC;09304820B0038;6;2021-02-05;2022-05-30;2025-03-31;2020;2020-01-01;2021-02;2022-05;2025-07;68.20A;4140;OFFICE PUBLIC DE L'HABITAT MONTREUILLOIS;488777160;48877716000018;93100;MONTREUIL;false;40-42;RUE DES RUFFINS;;MONTREUIL;93100;CH;284;CH;48;CH;47;0;4;1;1;1;;;false;false;false;0;0;0;0;0;0;0;90;3673;0;90;0;0;105;0;0;0;0;0;0;0;0;0;105;0;0;0;7;0;0;0;0;0;0;0;0;0;0;0;0;0;0;0;0;0;0;0;0
11;Île-de-France;93;Seine-Saint-Denis;93048;PC;09304820B0041;6;2020-10-02;2020-11-02;2021-06-01;2020;2021-06-01;2020-10;2021-05;2021-05;68.20B;6540;SCI DE LA DHUIS;352887640;35288764000022;75008;PARIS;false;100;RUE DES RIGONDES;;MONTREUIL;93100;Z;7;;;;;285;4;1;1;8;;;false;false;false;0;0;0;0;0;0;0;0;0;0;0;0;0;0;0;0;0;0;0;0;0;0;0;200;0;0;0;7;0;0;0;0;0;0;0;0;0;0;0;0;0;0;0;0;200;0;0;0
11;Île-de-France;93;Seine-Saint-Denis;93048;PC;09304820B0055;5;2020-10-09;2020-10-15;;2020;2020-01-01;2020-10;2020-11;2020-11;;;;;;93100;MONTREUIL;false;17;RUE D'ESTIENNE D'ORVES;;MONTREUIL;93100;O;179;O;182;;;744;4;1;1;8;;;false;false;false;0;0;0;0;0;0;0;0;0;0;0;0;0;0;0;0;0;0;0;0;0;0;0;40;0;0;0;7;0;0;0;0;0;0;0;0;0;0;0;0;0;0;0;0;40;0;0;0
11;Île-de-France;93;Seine-Saint-Denis;93048;PC;09304820B0058;2;2020-08-14;;;2020;2020-01-01;2020-08;;2020-08;47.76Z;5710;MURS A FLEURS;879772739;87977273900014;75020;PARIS;false;30;RUE DE LA NOUVELLE FRANCE;;MONTREUIL;93100;BZ;362;BZ;561;BZ;517;11701;4;1;1;7;;;false;false;false;0;0;0;70;0;0;0;0;0;0;0;0;0;0;0;0;0;0;0;0;0;0;0;70;0;0;0;7;0;0;0;0;0;0;0;0;0;0;0;0;0;0;0;0;0;0;0;0
11;Île-de-France;93;Seine-Saint-Denis;93048;PC;09304820B0065;5;2020-11-30;2022-08-10;;2020;2020-01-01;2020-11;2022-08;2022-08;68.20B;6540;SCI NORMONTREUIL;854045192;85404519200010;75011;PARIS;false;15-17;RUE DE NORMANDIE;;MONTREUIL;93100;C;191;C;75;;;0;4;1;1;1;;;false;false;false;5;0;0;0;0;0;0;347;1150;0;347;0;0;0;0;0;0;0;0;0;0;0;0;286;0;0;0;7;0;0;0;0;0;0;286;0;0;0;0;0;0;0;0;0;0;0;0;0
11;Île-de-France;93;Seine-Saint-Denis;93048;PC;09304820B0071;4;2020-11-10;;;2020;2020-01-01;2020-11;;2020-11;68.20B;6540;MAAN;849195193;84919519300016;92120;MONTROUGE;false;6;RUE DES ORMES;;MONTREUIL;93100;BT;213;;;;;442;4;2;3;4;3;1;false;true;false;3;0;0;0;0;0;0;221;204;0;0;61;229;364;61;46;0;0;0;0;0;0;229;530;61;46;0;7;0;0;0;0;0;0;166;0;0;0;0;0;0;0;0;0;0;0;0;0
11;Île-de-France;93;Seine-Saint-Denis;93048;PC;09304820B0079;6;2021-01-26;2021-10-22;2026-02-24;2020;2020-01-01;2021-01;2021-11;2026-04;68.20A;5599;IMMOBILIERE 3F;552141533;55214153300018;75638;PARIS;false;10 ET;PLACE DE LA FRATERNITE;;MONTREUIL;93100;AX;2;AX;3;AX;104;0;4;1;1;1;;;false;false;false;5;0;0;0;0;0;0;175;2171;0;0;0;141;253;0;0;0;0;0;0;0;0;141;253;0;0;0;7;0;0;0;0;0;0;0;0;0;0;0;0;0;0;0;0;0;0;0;0
11;Île-de-France;93;Seine-Saint-Denis;93048;PC;09304820B0099;2;2021-02-05;;;2020;2020-01-01;2021-02;;2021-02;49.31Z;4120;REGIE AUTONOME DES TRANSPORTS PARISIENS;775663438;77566343801914;94120;FONTENAY-SOUS-BOIS;false;170;RUE DE ROSNY;;MONTREUIL;93100;BZ;559;BZ;557;BZ;555;11991;4;1;1;9;;;false;false;false;0;0;0;0;0;0;0;0;0;0;0;0;0;0;0;0;0;0;5257;0;0;0;0;5257;0;0;0;1;0;0;0;0;0;0;0;0;0;0;0;0;0;0;0;0;0;0;0;0
11;Île-de-France;93;Seine-Saint-Denis;93048;PC;09304820B0103;5;2021-02-17;2021-03-29;;2020;2021-03-29;2021-04;2021-10;2021-10;;;;;;93100;MONTREUIL;false;168;AVENUE DU PRESIDENT WILSON;;MONTREUIL;93100;BM;172;;;;;828;4;2;2;1;3;1;false;false;false;0;0;0;0;0;0;0;338;0;0;0;64;0;0;64;0;0;0;0;0;0;0;0;0;64;0;0;7;0;0;0;0;0;0;0;0;0;0;0;0;0;0;0;0;0;0;0;0
11;Île-de-France;93;Seine-Saint-Denis;93048;PC;09304820B0106;6;2021-02-16;2022-01-11;2023-11-15;2020;2022-01-11;2021-02;2022-06;2025-07;68.20B;6540;SCI SAIGNE;400797320;40079732000027;93100;MONTREUIL;false;7;RUE SAIGNE;;MONTREUIL;93100;BQ;244;;;;;389;4;2;5;3;;;true;false;false;0;0;0;0;0;0;0;0;0;0;0;0;0;0;0;0;0;0;0;0;0;0;330;60;0;0;0;7;0;0;0;0;0;330;60;0;0;0;0;0;0;0;0;0;0;0;0;0
11;Île-de-France;93;Seine-Saint-Denis;93048;PC;09304820B0107;6;2021-01-08;2022-03-02;2023-11-14;2020;2020-01-01;2021-01;2022-03;2024-01;;;;;;93110;ROSNY-SOUS-BOIS;false;4;RUE SAINT JUST;;MONTREUIL;93100;BY;78;BY;150;;;445;4;1;1;1;;;false;false;false;5;0;0;0;0;0;0;120;756;0;120;0;0;42;0;0;0;0;0;0;0;0;0;42;0;0;0;7;0;0;0;0;0;0;0;0;0;0;0;0;0;0;0;0;0;0;0;0
11;Île-de-France;93;Seine-Saint-Denis;93048;PC;09304820B0111;4;2021-03-09;;;2020;2020-01-01;2021-03;;2021-03;;;;;;93100;MONTREUIL;false;81;BIS RUE DE PARIS;;MONTREUIL;93100;AS;501;;;;;0;4;2;2;1;3;1;false;false;false;0;0;0;0;0;0;0;119;0;0;0;21;250;0;21;0;0;0;0;0;0;0;250;0;21;0;0;7;0;0;0;0;0;0;0;0;0;0;0;0;0;0;0;0;0;0;0;0
11;Île-de-France;93;Seine-Saint-Denis;93048;PC;09304820B0117;6;2020-12-10;2020-12-22;2021-04-08;2020;2020-01-01;2021-01;2021-03;2022-05;84.23Z;7112;CONSEIL D'ETAT;110000270;11000027000014;75001;PARIS;false;15;RUE ROL TANGUY;;MONTREUIL;93100;BE;338;BE;339;BE;340;0;4;1;1;3;;;false;false;false;0;0;0;0;0;0;0;0;0;0;0;0;0;0;0;0;0;0;0;0;0;0;0;850;0;0;0;7;0;0;0;0;0;0;850;0;0;0;0;0;0;0;0;0;0;0;0;0
11;Île-de-France;93;Seine-Saint-Denis;93048;PC;09304820B0119;4;2021-04-13;2024-04-09;;2020;2020-01-01;2021-04;2024-06;2024-06;68.20B;6540;SCI COMES;411953771;41195377100028;75008;PARIS;false;133;AVENUE DU PRESIDENT WILSON;;MONTREUIL;93100;BQ;51;BQ;215;;;1014;4;2;2;4;4;4;false;false;false;0;0;0;0;0;0;0;188;0;0;0;0;201;0;187;0;187;0;0;0;0;0;201;0;187;0;187;7;0;0;187;0;0;0;0;0;0;0;0;0;0;0;0;0;0;0;0;0
11;Île-de-France;93;Seine-Saint-Denis;93048;PC;09304820B0122;6;2020-11-30;2021-03-01;2021-09-03;2020;2020-01-01;2020-11;2021-03;2022-02;68.31Z;5660;COPROCOOP ILE DE FRANCE;491329348;49132934800016;75011;PARIS;false;45 TE;RUE DE LA REVOLUTION;;MONTREUIL;93100;BI;14;;;;;585;4;2;3;3;4;3;true;false;false;0;0;0;0;0;0;0;0;0;0;0;0;0;0;0;0;0;0;0;0;0;0;625;25;9;0;9;7;0;0;0;0;0;625;25;9;0;9;0;0;0;0;0;0;0;0;0;0
11;Île-de-France;93;Seine-Saint-Denis;93048;PC;09304820B0124;5;2021-05-24;2023-04-24;;2020;2020-01-01;2021-05;2023-05;2023-05;41.10D;6541;VILLA LES MERISIERS;889600391;88960039100011;69006;LYON;false;30;RUE DES CAILLOTS;;MONTREUIL;93100;AG;197;;;;;0;4;1;1;1;;;false;false;false;3;0;0;0;0;0;0;0;1008;0;0;0;0;146;0;0;0;0;0;0;0;0;0;146;0;0;0;7;0;146;0;0;0;0;0;0;0;0;0;0;0;0;0;0;0;0;0;0
11;Île-de-France;93;Seine-Saint-Denis;93048;PC;09304820B0128;5;2021-02-17;2023-08-28;;2020;2020-01-01;2021-02;2023-09;2023-09;;;;;;93100;MONTREUIL;false;4;PASSAGE DES RUFFINS;;MONTREUIL;93100;CR;222;;;;;358;4;2;5;3;;;false;true;false;0;0;0;0;0;0;0;122;24;0;0;0;0;0;0;0;0;0;0;0;0;0;0;24;0;0;0;7;0;0;0;0;0;0;24;0;0;0;0;0;0;0;0;0;0;0;0;0
11;Île-de-France;93;Seine-Saint-Denis;93048;PC;09304820B0134;2;2021-05-26;;;2020;2020-01-01;2021-05;;2021-05;68.20A;5599;IMMOBILIERE 3F;552141533;55214153300752;93117;ROSNY SOUS BOIS;false;86;RUE ALEXIS PESNON;;MONTREUIL;93100;AK;87;;;;;1206;4;2;2;1;3;1;false;false;false;0;0;0;0;0;0;0;6749;0;0;0;16;0;0;0;0;0;0;0;0;0;0;0;0;16;0;0;7;0;0;0;0;0;0;0;16;0;0;0;0;0;0;0;0;0;0;0;0
11;Île-de-France;93;Seine-Saint-Denis;93048;PC;09304820B0145;4;2021-03-09;2021-05-14;;2020;2020-01-01;2021-05;2021-06;2021-06;;;;;;93100;MONTREUIL;false;143 B;RUE DE ROSNY ANGLE AVENUE;;MONTREUIL;93100;T;117;;;;;903;4;2;3;1;2;1;true;false;false;3;0;0;0;0;0;0;356;27;69;0;69;0;0;0;0;0;0;0;0;0;0;52;0;52;0;52;7;0;0;0;0;0;52;0;52;0;52;0;0;0;0;0;0;0;0;0;0
11;Île-de-France;93;Seine-Saint-Denis;93048;PC;09304821B0004;4;2021-08-30;;;2021;2021-01-01;2021-09;;2021-09;68.20B;6540;SCI VERS LA VIE;834244600;83424460000013;78180;MONTIGNY LE BRETONNEUX;false;58;RUE NUNGESSER;;MONTREUIL;93100;CK;23;CK;24;CK;201;894;4;1;1;1;;;false;false;false;2;10;0;0;0;0;0;292;595;0;292;0;0;0;0;0;0;0;332;0;0;0;0;832;0;0;0;5;0;0;0;0;0;0;500;0;0;0;0;0;0;0;0;0;0;0;0;0
11;Île-de-France;93;Seine-Saint-Denis;93048;PC;09304821B0041;6;2021-06-21;2022-07-01;2024-01-20;2021;2021-01-01;2021-06;2022-07;2024-02;;;;;;93100;MONTREUIL;false;7;RUE DENIS COUTURIER;;MONTREUIL;93100;AP;306;;;;;422;4;2;3;1;1;4;true;true;false;0;0;0;0;0;0;0;214;173;16;114;0;36;127;0;0;16;0;0;0;0;0;36;127;0;0;16;7;0;0;0;0;0;0;0;0;0;0;0;0;0;0;0;0;0;0;0;0
11;Île-de-France;93;Seine-Saint-Denis;93048;PC;09304821B0048;2;2021-12-31;;;2021;2021-01-01;2022-01;;2022-01;84.11Z;7230;REGION ILE DE FRANCE;237500079;23750007900015;93400;SAINT-OUEN;false;1;RUE DOMBASLE;;MONTREUIL;93100;AH;172;;;;;0;4;2;5;9;;;false;false;false;0;0;0;0;0;0;0;0;0;0;0;0;0;0;0;0;0;45422;421;0;0;0;45422;421;0;0;0;5;0;0;0;0;0;0;0;0;0;0;0;0;0;0;0;0;0;0;0;0
11;Île-de-France;93;Seine-Saint-Denis;93048;PC;09304821B0054;2;2021-11-10;;;2021;2021-01-01;2021-11;;2021-11;41.10D;6541;SCCV OPALE MONTREUIL;885134916;88513491600018;75009;PARIS;false;3;RUE DE ROSNY;;MONTREUIL;93100;AJ;310;;;;;0;4;2;5;3;;;false;false;false;0;0;0;0;0;0;0;0;0;0;0;0;0;0;0;0;0;0;0;0;0;0;10447;1296;0;1075;0;7;0;0;0;0;0;10447;1296;0;1075;0;0;0;0;0;0;0;0;0;0;0
11;Île-de-France;93;Seine-Saint-Denis;93048;PC;09304821B0061;6;2021-09-17;2022-03-25;2024-06-27;2021;2021-01-01;2021-09;2022-04;2024-07;41.10A;5202;COGEDIM PARIS METROPOLE;319293916;31929391600056;75002;PARIS;false;48;RUE DOUY DELCUPE;;MONTREUIL;93100;BL;48;BL;44;;;0;4;1;1;1;;;false;false;false;6;0;0;195;0;0;0;0;1789;0;0;0;0;0;0;0;0;0;0;0;0;0;991;449;0;991;0;7;0;0;0;0;0;0;254;0;0;0;991;0;0;991;0;0;0;0;0;0
11;Île-de-France;93;Seine-Saint-Denis;93048;PC;09304821B0076;5;2021-10-26;2023-04-12;;2021;2021-01-01;2021-10;2023-05;2023-05;41.10D;6541;SCCV CHERE CATHERINE;919005074;91900507400019;93100;MONTREUIL;false;17;RUE CATHERINE PUIG;;MONTREUIL;93100;AY;26;;;;;0;4;1;1;1;;;false;false;false;5;0;0;0;0;0;0;0;1031;0;0;0;0;0;0;0;0;0;90;0;0;0;0;184;0;0;0;5;0;0;0;0;0;0;94;0;0;0;0;0;0;0;0;0;0;0;0;0
11;Île-de-France;93;Seine-Saint-Denis;93048;PC;09304821B0078;5;2021-12-15;2023-04-01;;2021;2021-01-01;2022-01;2023-05;2023-05;41.10D;6541;SCI MONTREUIL LES RESERVOIRS - BOULEVARD DE LA BOISSIERE;480556042;48055604200012;;LA MADELEINE CEDEX;false;;246-268 BOULEVARD DE LA BO;;MONTREUIL;93100;E;78;E;79;E;80;0;4;1;1;1;;;false;false;false;7;0;0;0;0;0;0;0;15118;0;0;0;0;1797;0;0;0;0;0;0;0;0;0;1797;0;0;0;7;0;0;0;0;0;0;0;0;0;0;0;0;0;0;0;0;0;0;0;0
11;Île-de-France;93;Seine-Saint-Denis;93048;PC;09304821B0090;6;2021-11-29;2022-07-01;2025-07-18;2021;2021-01-01;2021-11;2022-07;2025-10;41.10D;6541;SCCV MONTREUIL 89 CHANZY;814451035;81445103500012;75008;PARIS;false;89;BOULEVARD CHANZY;;MONTREUIL;93100;AT;144;;;;;0;4;1;1;1;;;false;false;false;3;0;0;0;0;0;0;0;965;0;0;0;0;63;0;0;0;0;0;0;0;0;280;63;0;280;0;7;0;0;0;0;0;280;0;0;280;0;0;0;0;0;0;0;0;0;0;0
11;Île-de-France;93;Seine-Saint-Denis;93048;PC;09304821B0102;6;2022-01-10;2023-09-18;2023-09-18;2021;2021-01-01;2022-01;2023-09;2023-09;41.10D;6541;SCI MONTREUIL LES RESERVOIRS - BOULEVARD DE LA BOISSIERE;480556042;48055604200012;59562;LA  MADELEINE CEDEX;false;;RUE FRANTZ FANON / RUE SIM;;MONTREUIL;93100;E;66;E;361;E;67;5709;4;1;1;1;;;false;false;false;7;0;0;0;0;0;0;0;5594;0;0;0;0;0;0;0;0;0;180;0;0;0;0;180;0;0;0;5;0;0;0;0;0;0;0;0;0;0;0;0;0;0;0;0;0;0;0;0
11;Île-de-France;93;Seine-Saint-Denis;93048;PC;09304821B0103;2;2021-12-07;;;2021;2021-01-01;2022-01;;2022-01;68.20B;6540;SCI F5I;814789061;81478906100011;93100;MONTREUIL;false;5;RUE DU MARAIS;;MONTREUIL;93100;AB;105;;;;;2117;4;2;2;3;4;3;false;false;false;0;0;0;0;0;0;0;0;0;0;0;0;0;0;0;0;0;0;0;290;0;0;2199;0;290;0;290;5;0;0;0;0;0;2199;0;0;0;290;0;0;0;0;0;0;0;0;0;0
11;Île-de-France;93;Seine-Saint-Denis;93048;PC;09304821B0107;2;2021-12-21;;;2021;2021-01-01;2022-01;;2022-01;68.20B;6540;SCI DES BOULEVARDS;478222243;;93130;NOISY LE SEC;false;118;BD DE LA BOISSIERE;;MONTREUIL;93100;B;305;;;;;0;4;2;2;1;3;1;false;false;false;0;0;0;0;0;0;0;97;0;0;0;49;0;0;49;0;0;0;0;0;0;0;0;0;49;0;0;7;0;0;0;0;0;0;0;0;0;0;0;0;0;0;0;0;0;0;0;0
11;Île-de-France;93;Seine-Saint-Denis;93048;PC;09304821B0112;2;2021-10-26;;;2021;2021-01-01;2021-10;;2021-10;11.04Z;5710;ONIRIQUE;813739406;81373940600011;78390;BOIS   D'ARCY;false;69;RUE  FRANCOIS ARAGO;;MONTREUIL;93100;BI;148;;;;;421;4;2;4;8;4;8;false;false;false;0;0;0;0;0;0;0;0;0;0;0;0;0;0;400;0;0;0;0;0;0;0;552;0;400;11;400;7;0;0;0;0;0;141;0;0;0;0;0;0;0;0;0;411;0;0;11;400
11;Île-de-France;93;Seine-Saint-Denis;93048;PC;09304821B0119;6;2021-09-23;2022-09-15;2024-03-05;2021;2021-01-01;2021-09;2022-09;2024-03;;;;;;93100;MONTREUIL;false;33;RUE DENIS COUTURIER;;MONTREUIL;93100;AP;8;;;;;259;4;2;5;4;;;false;false;false;0;0;0;0;0;0;0;61;0;0;0;0;0;34;0;0;0;0;0;0;0;0;0;34;0;0;0;7;0;0;0;0;0;0;0;0;0;0;0;0;0;0;0;0;0;0;0;0
11;Île-de-France;93;Seine-Saint-Denis;93048;PC;09304821B0124;6;2021-12-02;2022-02-02;2022-07-01;2021;2021-01-01;2022-01;2022-07;2022-07;93.11Z;5710;ARKOSE&CO;793196536;79319653600072;75020;PARIS;false;33;RUE DU PROGRES;;MONTREUIL;93100;BD;73;;;;;0;4;2;3;4;4;4;true;false;false;0;0;0;0;0;0;0;0;0;0;0;0;50;67;0;0;50;865;0;50;0;0;915;67;50;0;50;5;0;0;0;0;0;0;0;0;0;0;0;0;0;0;0;0;0;0;0;0
11;Île-de-France;93;Seine-Saint-Denis;93048;PC;09304821B0125;2;2021-10-26;;;2021;2021-01-01;2021-10;;2021-10;84.11Z;7345;EST ENSEMBLE;200057875;20005787500011;93230;ROMAINVILLE;false;99;RUE STALINGRAD;;MONTREUIL;93100;BT;108;;;;;4079;4;2;2;6;4;6;false;false;false;0;0;0;0;0;0;0;0;0;0;0;0;0;0;0;0;0;0;0;252;0;0;252;0;252;0;252;2;0;0;0;0;0;0;0;0;0;0;252;0;0;0;252;0;0;0;0;0
11;Île-de-France;93;Seine-Saint-Denis;93048;PC;09304821B0132;6;2021-12-02;2021-12-16;2023-12-12;2021;2021-01-01;2022-01;2022-01;2024-01;64.20Z;5710;AGLM IMMO;817487077;81748707700015;59370;MONS-EN-BAROEUL;false;53/55;RUE  DU PREFET CLAUDE ERIG;;MONTREUIL;93100;BC;65;BC;125;BC;115;9109;4;2;6;3;;;false;false;false;6;0;0;0;0;0;0;0;0;0;0;0;0;0;0;0;0;0;0;0;0;0;20337;340;0;462;0;7;0;0;0;0;0;20337;340;0;462;0;0;0;0;0;0;0;0;0;0;0
11;Île-de-France;93;Seine-Saint-Denis;93048;PC;09304821B0133;2;2022-01-18;;;2021;2021-01-01;2022-01;;2022-01;68.10Z;5499;LA PARISIENNE;888932845;88893284500017;94000;CRETEIL;false;192-1;RUE DE PARIS;;MONTREUIL;93100;AY;12;;;;;687;4;2;3;1;3;1;false;true;false;4;0;0;0;0;0;0;354;373;0;0;38;71;10;10;0;0;0;0;0;0;0;71;38;38;0;0;7;0;0;0;0;0;0;28;28;0;0;0;0;0;0;0;0;0;0;0;0
11;Île-de-France;93;Seine-Saint-Denis;93048;PC;09304821B0139;4;2021-12-09;;;2021;2021-01-01;2022-03;;2022-03;68.20B;6540;S3Y;444703805;44470380500010;75008;PARIS;false;1T;RUE  DU  MARAIS;;MONTREUIL;93100;AB;91;;;;;2402;4;2;3;3;4;3;false;false;false;0;0;0;0;0;0;0;0;0;0;0;0;0;30;720;0;0;0;0;0;0;0;1220;30;720;0;720;7;0;0;0;0;0;1220;0;0;0;720;0;0;0;0;0;0;0;0;0;0
11;Île-de-France;93;Seine-Saint-Denis;93048;PC;09304821B0154;6;2021-10-26;2022-02-01;2025-05-30;2021;2021-01-01;2021-10;2022-02;2025-07;68.20B;6540;SCI JEAN;891254799;89125479900010;75016;PARIS;false;34;RUE DES GRAVIERS;;MONTREUIL;93100;Y;380;Y;383;Y;386;0;4;1;1;1;;;true;false;false;3;0;0;0;0;0;0;146;249;0;146;0;0;0;0;0;0;0;0;0;0;0;0;196;0;0;0;7;0;0;0;0;0;0;196;0;0;0;0;0;0;0;0;0;0;0;0;0
11;Île-de-France;93;Seine-Saint-Denis;93048;PC;09304821B0155;5;2021-11-26;2023-12-11;;2021;2021-01-01;2022-01;2023-12;2023-12;;;;;;93100;MONTREUIL;false;95 TE;AVENUE PASTEUR;;MONTREUIL;93100;AB;12;;;;;0;4;1;1;4;;;false;false;false;0;0;0;0;0;0;0;0;0;0;0;0;0;75;0;0;0;0;0;0;0;0;129;134;0;129;0;7;0;0;0;0;0;0;0;0;0;0;0;0;0;0;0;129;59;0;129;0
11;Île-de-France;93;Seine-Saint-Denis;93048;PC;09304821B0160;6;2022-03-22;2022-05-23;2023-09-22;2021;2021-01-01;2022-03;2022-07;2023-10;68.20B;5710;ARBAGE;883096620;88309662000017;78120;RAMBOUILLET;false;35;RUE DIDEROT;;MONTREUIL;93100;BI;192;;;;;0;4;2;5;3;;;false;true;false;0;0;0;0;0;0;0;173;58;0;0;0;0;0;0;0;0;0;0;0;0;0;452;242;0;42;0;7;0;0;0;0;0;452;242;0;42;0;0;0;0;0;0;0;0;0;0;0
11;Île-de-France;93;Seine-Saint-Denis;93048;PC;09304821B0174;5;2022-02-14;2022-11-23;;2021;2021-01-01;2022-02;2022-12;2022-12;70.10Z;5499;MICRO-CRECHE LES BILINGUES;839684644;83968464400017;93100;MONTREUIL;false;270;BOULEVARD DE LA BOISSIERE;;MONTREUIL;93100;F;75;;;;;0;4;2;2;4;4;4;false;false;false;0;0;0;0;0;0;0;0;0;0;0;0;160;0;0;0;160;0;0;160;0;0;160;0;160;0;160;4;0;0;0;0;0;0;0;0;0;0;0;0;0;0;0;0;0;0;0;0
11;Île-de-France;93;Seine-Saint-Denis;93048;PC;09304821B0179;6;2022-01-10;2022-05-01;2024-02-28;2021;2021-01-01;2022-01;2024-01;2024-05;;;;;;75018;PARIS;false;90;RUE DU MIDI;;MONTREUIL;93100;AD;130;AD;130;AD;131;935;4;1;1;4;;;false;false;false;0;0;0;0;0;0;0;0;0;0;0;0;150;40;0;0;0;0;0;0;0;0;150;40;0;0;0;7;0;0;0;0;0;0;0;0;0;0;0;0;0;0;0;0;0;0;0;0
11;Île-de-France;93;Seine-Saint-Denis;93048;PC;09304821B0182;5;2022-06-10;2024-10-30;;2021;2021-01-01;2022-09;2024-11;2024-11;41.10D;6541;M83R;894688571;89468857100013;93100;MONTREUIL;false;83;RUE ROBESPIERRE;;MONTREUIL;93100;BE;71;;;;;0;4;1;1;1;;;false;false;false;6;0;0;0;0;0;0;190;659;0;190;0;0;40;0;0;0;0;0;0;0;0;0;40;0;0;0;7;0;0;0;0;0;0;0;0;0;0;0;0;0;0;0;0;0;0;0;0
11;Île-de-France;93;Seine-Saint-Denis;93048;PC;09304821B0197;5;2022-03-24;2022-07-05;;2021;2021-01-01;2022-03;2022-07;2022-07;68.20B;6540;SCI D'ATTRIBUTION 39 RUE DES DEUX COMMUNES;908172828;90817282800018;75015;PARIS;false;39;RUE DES DEUX COMMUNES / 1;;MONTREUIL;93100;BF;78;BF;79;;;489;4;1;3;1;1;4;false;true;true;5;0;0;0;0;0;0;0;557;250;0;0;550;0;0;300;250;0;0;0;0;0;550;33;0;300;250;7;0;0;0;0;0;0;33;0;0;0;0;0;0;0;0;0;0;0;0;0
11;Île-de-France;93;Seine-Saint-Denis;93048;PC;09304821B0206;4;2022-05-06;;;2021;2021-01-01;2022-05;;2022-05;41.10A;6599;VITREUIL;909236150;90923615000019;92100;BOULOGNE-BILLANCOURT;false;78;RUE DE VITRY;;MONTREUIL;93100;AI;106;AI;106;;;258;4;2;3;4;1;4;false;true;true;3;0;0;0;0;0;0;0;130;242;0;0;385;58;86;61;242;0;0;0;0;0;476;58;86;66;328;7;0;0;0;0;0;91;0;0;5;86;0;0;0;0;0;0;0;0;0;0
11;Île-de-France;93;Seine-Saint-Denis;93048;PC;09304821B0211;4;2022-05-09;;;2021;2021-01-01;2022-05;;2022-05;66.30Z;5710;MCC;445222417;44522241700047;94700;MAISONS-ALFORT;false;81;RUE DE ROSNY;;MONTREUIL;93100;BY;36;BY;36;;;254;4;1;1;1;;;false;false;false;0;0;0;0;0;0;0;93;466;0;93;0;99;116;0;99;0;0;0;0;0;0;151;116;0;151;0;7;0;0;0;0;0;0;0;0;0;0;0;0;0;0;0;52;0;0;52;0
11;Île-de-France;93;Seine-Saint-Denis;93048;PC;09304821B0217;5;2022-07-01;2023-10-13;;2021;2021-01-01;2022-07;2025-05;2025-05;46.49Z;5499;TAL CORPORATE;388786113;38878611300059;75005;PARIS;false;119;BOULEVARD DE CHANZY;;MONTREUIL;93100;AV;31;AV;31;;;201;4;1;1;3;;;false;false;false;0;0;0;0;0;0;0;130;0;0;130;0;38;149;0;38;0;0;0;0;0;0;38;632;0;38;0;7;0;0;0;0;0;0;483;0;0;0;0;0;0;0;0;0;0;0;0;0
11;Île-de-France;93;Seine-Saint-Denis;93048;PC;09304821B0222;5;2022-07-19;2023-07-03;;2021;2021-01-01;2022-07;2023-07;2023-07;70.10Z;6541;LP PROMOTION PERSICA;895306439;89530643900012;31000;TOULOUSE;false;32;RUE DE VILLIERS;;MONTREUIL;93100;AL;123;AL;37;AL;37;1421;4;1;1;1;;;false;false;false;6;0;0;0;0;0;0;0;1914;0;0;0;501;115;0;0;0;0;0;0;0;0;501;115;0;0;0;7;0;0;0;0;0;0;0;0;0;0;0;0;0;0;0;0;0;0;0;0
11;Île-de-France;93;Seine-Saint-Denis;93048;PC;09304822B0004;2;2022-03-08;;;2022;2022-01-01;2022-03;;2022-03;94.99Z;9220;ON SEME TOUS;853422376;85342237600014;93100;MONTREUIL;false;102;RUE HOCHE;NA_102 - ILOT MACE;MONTREUIL;93100;AO;128;;;;;0;4;1;1;9;;;false;false;false;1;0;0;0;0;0;0;0;0;0;0;0;0;0;0;0;0;0;28;0;0;0;0;28;0;0;0;8;0;0;0;0;0;0;0;0;0;0;0;0;0;0;0;0;0;0;0;0
11;Île-de-France;93;Seine-Saint-Denis;93048;PC;09304822B0016;5;2022-07-01;2022-10-24;;2022;2022-01-01;2022-07;2022-10;2022-10;68.31Z;6540;SCI JAFAIR;893203596;89320359600018;94160;SAINT-MANDE;false;4;RUE VICTOR HUGO;;MONTREUIL;93100;BO;87;;;;;344;4;2;3;3;4;4;false;true;true;0;0;0;0;0;0;0;0;0;0;0;0;300;0;0;3;14;0;0;0;0;0;300;195;14;3;14;7;0;0;0;0;0;0;195;14;0;0;0;0;0;0;0;0;0;0;0;0
11;Île-de-France;93;Seine-Saint-Denis;93048;PC;09304822B0028;6;2022-07-11;2022-10-17;2023-08-01;2022;2022-01-01;2022-07;2023-05;2023-09;68.20B;6540;MAEL IMMO 2;892073503;89207350300021;94300;VINCENNES;false;29 BI;RUE GAMBETTA;;MONTREUIL;93100;BJ;211;BJ;211;;;110;4;2;5;1;;;false;true;false;4;0;0;0;0;0;0;145;97;0;2;0;0;0;0;0;0;0;0;0;0;0;0;46;0;0;0;7;0;0;0;0;0;0;46;0;0;0;0;0;0;0;0;0;0;0;0;0
11;Île-de-France;93;Seine-Saint-Denis;93048;PC;09304822B0043;2;2022-11-25;;;2022;2022-01-01;2022-11;;2022-11;;;;;;93100;MONTREUIL;false;75;RUE DE LA NOUVELLE FRANCE;;MONTREUIL;93100;CJ;82;;;;;153;4;1;1;1;;;false;false;false;2;0;0;0;0;0;0;0;66;0;0;0;0;0;0;0;0;0;0;0;0;0;0;22;0;0;0;7;0;0;0;0;0;0;22;0;0;0;0;0;0;0;0;0;0;0;0;0
11;Île-de-France;93;Seine-Saint-Denis;93048;PC;09304822B0044;2;2022-11-02;;;2022;2022-01-01;2022-11;;2022-11;;;;;;93100;MONTREUIL;false;75;RUE DE LA  NOUVELLE FRANCE;;MONTREUIL;93100;CJ;82;;;;;152;4;1;1;1;;;false;false;false;2;0;0;0;0;0;0;0;67;0;0;0;0;0;0;0;0;0;0;0;0;0;0;23;0;0;0;7;0;0;0;0;0;0;23;0;0;0;0;0;0;0;0;0;0;0;0;0
11;Île-de-France;93;Seine-Saint-Denis;93048;PC;09304822B0045;2;2022-10-20;;;2022;2022-01-01;2022-10;;2022-10;68.20A;5499;LA NOUVELLE FRANCE;984266759;;91540;MENNECY;false;75;RUE DE LA NOUVELLE FRANCE;;MONTREUIL;93100;CJ;82;;;;;152;4;1;1;3;;;false;false;false;2;0;0;0;0;0;0;0;46;0;0;0;0;0;0;0;0;0;0;0;0;0;0;49;0;0;0;7;0;0;0;0;0;0;49;0;0;0;0;0;0;0;0;0;0;0;0;0
11;Île-de-France;93;Seine-Saint-Denis;93048;PC;09304822B0047;6;2022-10-18;2024-06-17;2026-01-31;2022;2022-01-01;2022-10;2024-06;2026-02;41.10D;6541;AINSI 12 CARNOT;910831635;91083163500016;75016;PARIS;false;12;RUE CARNOT;;MONTREUIL;93100;BP;12;;;;;446;4;2;5;1;;;true;false;false;4;0;0;0;0;0;0;350;395;0;0;0;0;55;0;0;0;0;0;0;0;0;0;55;0;0;0;7;0;0;0;0;0;0;0;0;0;0;0;0;0;0;0;0;0;0;0;0
11;Île-de-France;93;Seine-Saint-Denis;93048;PC;09304822B0069;5;2022-09-15;2023-05-22;;2022;2022-01-01;2022-09;2023-05;2023-05;84.11Z;7345;EST ENSEMBLE;200057875;20005787500011;93230;ROMAINVILLE;false;13;AVENUE DE LA RESISTANCE;;MONTREUIL;93100;AR;236;;;;;13446;4;2;6;9;;;false;false;false;7;0;0;0;0;0;0;0;0;0;0;0;0;0;0;0;0;2001;86;0;113;0;2001;86;0;113;0;2;0;0;0;0;0;0;0;0;0;0;0;0;0;0;0;0;0;0;0;0
11;Île-de-France;93;Seine-Saint-Denis;93048;PC;09304822B0077;5;2022-11-02;2022-12-01;;2022;2022-01-01;2022-11;2024-11;2024-11;94.99Z;9220;LE FAIT TOUT;823398409;82339840900016;93100;MONTREUIL;false;166;RUE EDOUARD BRANLY;;MONTREUIL;93100;CE;2;;;;;185;4;1;1;9;;;true;false;false;0;0;0;0;0;0;0;0;0;0;0;0;0;0;0;0;0;17;156;0;0;0;17;156;0;0;0;5;0;0;0;0;0;0;0;0;0;0;0;0;0;0;0;0;0;0;0;0
11;Île-de-France;93;Seine-Saint-Denis;93048;PC;09304822B0079;5;2022-11-07;2024-12-11;;2022;2022-01-01;2022-12;2024-12;2024-12;41.10A;5547;BATIGERE MAISON FAMILIALE;357802032;35780203200049;57000;METZ;false;249;RUE DE ROSNY;;MONTREUIL;93100;I;10;;;;;3617;4;1;1;1;;;false;false;false;5;0;0;0;0;0;0;0;1852;0;0;0;0;36;0;0;0;0;0;0;0;0;0;36;0;0;0;7;0;0;0;0;0;0;0;0;0;0;0;0;0;0;0;0;0;0;0;0
11;Île-de-France;93;Seine-Saint-Denis;93048;PC;09304822B0082;6;2022-11-25;2024-04-17;2025-12-16;2022;2022-01-01;2022-11;2024-04;2026-01;41.10D;6541;MONTREUIL 93 DELAVACQUERIE;922095294;92209529400018;75017;PARIS;false;32 RU;CHARLES  DELAVACQUERIE;;MONTREUIL;93100;CO;24;CO;24;CO;25;825;4;1;1;1;;;false;false;false;3;0;0;0;0;0;0;276;1413;0;276;0;0;50;0;0;0;0;0;0;0;0;0;50;0;0;0;7;0;0;0;0;0;0;0;0;0;0;0;0;0;0;0;0;0;0;0;0
11;Île-de-France;93;Seine-Saint-Denis;93048;PC;09304822B0083;5;2023-01-09;2025-01-06;;2022;2022-01-01;2023-01;2025-01;2025-01;68.20B;6540;SCI DES FRERES WEI;408737567;40873756700029;93100;MONTREUIL;false;30BIS;AVENUE PASTEUR;;MONTREUIL;93100;AF;255;AF;256;AF;255;242;4;1;1;1;;;false;false;false;6;0;0;0;0;0;0;0;579;0;0;0;240;103;0;240;0;0;0;0;0;0;240;103;0;240;0;7;0;0;0;0;0;0;0;0;0;0;0;0;0;0;0;0;0;0;0;0
11;Île-de-France;93;Seine-Saint-Denis;93048;PC;09304822B0093;5;2022-12-02;2024-09-19;;2022;2022-01-01;2022-12;2024-09;2024-09;41.20A;5710;MONTREUIL VOLTAIRE;892904111;89290411100028;75009;PARIS;false;65-65;RUE VOLTAIRE / 7 RUE DE RE;;MONTREUIL;93100;BG;84;BG;84;BG;85;2078;4;1;3;3;1;3;false;false;false;4;0;0;0;0;0;0;120;706;783;120;0;0;426;0;0;0;0;0;0;0;0;1356;522;0;270;783;7;0;0;0;0;0;1356;96;0;270;783;0;0;0;0;0;0;0;0;0;0
11;Île-de-France;93;Seine-Saint-Denis;93048;PC;09304822B0094;5;2022-12-13;2024-11-15;;2022;2022-01-01;2022-12;2024-11;2024-11;41.10D;6541;SCCV MONTREUIL FAIDHERBE;823800180;82380018000023;75008;PARIS;false;10;AVENUE FAIDHERBE;;MONTREUIL;93100;AG;50;;;;;0;4;1;1;1;;;false;false;false;0;0;0;0;0;0;0;54;503;0;54;0;0;38;0;0;0;0;0;0;0;0;0;38;0;0;0;7;0;38;0;0;0;0;0;0;0;0;0;0;0;0;0;0;0;0;0;0
11;Île-de-France;93;Seine-Saint-Denis;93048;PC;09304822B0100;2;2023-01-13;;;2022;2022-01-01;2023-01;;2023-01;70.10Z;5710;LA MARBRERIE;812182491;81218249100017;93100;MONTREUIL;false;1;AVENUE DE LA RESISTANCE;;MONTREUIL;93100;AR;236;;;;;13629;4;2;4;4;4;4;false;false;false;2;0;0;0;0;0;0;0;0;0;0;0;1035;0;0;118;916;0;24;916;0;0;1035;24;916;118;916;6;0;0;0;0;0;0;0;0;0;0;0;0;0;0;0;0;0;0;0;0
11;Île-de-France;93;Seine-Saint-Denis;93048;PC;09304822B0104;6;2022-09-26;2022-09-26;2024-09-30;2022;2024-09-30;2022-09;2023-05;2025-03;;;;;;93100;MONTREUIL;false;40;RUE DU SERGENT GODEFROY;;MONTREUIL;93100;AS;5;;;;;157;4;2;3;3;4;3;false;true;false;0;0;0;0;0;0;0;208;29;0;0;0;0;0;0;0;0;0;0;0;0;0;28;32;28;0;28;7;0;0;0;0;0;28;32;28;0;28;0;0;0;0;0;0;0;0;0;0
11;Île-de-France;93;Seine-Saint-Denis;93048;PC;09304822B0105;2;2022-11-02;;;2022;2022-01-01;2022-11;;2022-11;10.71D;5499;HARYMEL;893571489;89357148900010;75014;PARIS;false;71;RUE ROBESPIERRE;;MONTREUIL;93100;BG;101;;;;;3649;4;2;4;3;4;3;false;false;false;0;0;0;0;0;0;0;0;0;0;0;0;0;21;261;0;0;0;0;0;0;0;305;21;261;43;261;7;0;0;0;0;0;305;0;0;43;261;0;0;0;0;0;0;0;0;0;0
11;Île-de-France;93;Seine-Saint-Denis;93048;PC;09304822B0107;2;2022-10-25;;;2022;2022-01-01;2022-10;;2022-10;41.10D;6541;SCCV OPALE MONTREUIL;885134916;88513491600018;75009;PARIS;false;3;RUE DE ROSNY;;MONTREUIL;93100;AJ;310;;;;;3740;4;2;5;3;;;false;false;false;0;0;0;0;0;0;0;0;0;0;0;0;0;0;0;0;0;0;0;0;0;0;10454;7900;0;2064;0;7;0;0;0;0;0;10454;7900;0;2064;0;0;0;0;0;0;0;0;0;0;0
11;Île-de-France;93;Seine-Saint-Denis;93048;PC;09304822B0110;6;2022-10-25;2023-03-07;2025-01-20;2022;2022-01-01;2022-10;2023-03;2025-01;;;;;;93100;MONTREUIL;false;11 BI;RUE ANATOLE FRANCE;;MONTREUIL;93100;CD;443;;;;;334;4;1;1;8;;;false;false;false;0;0;0;0;0;0;0;0;0;0;0;0;0;0;0;0;0;0;0;0;0;0;0;100;0;0;0;7;0;0;0;0;0;0;0;0;0;0;0;0;0;0;0;0;100;0;0;0
11;Île-de-France;93;Seine-Saint-Denis;93048;PC;09304822B0112;2;2022-12-23;;;2022;2022-01-01;2022-12;;2022-12;41.10D;6541;SCCV BOBILLOT;950987727;95098772700019;77242;CESSON CEDEX;false;6;RUE DU SERGENT BOBILLOT;;MONTREUIL;93100;BL;122;;;;;182;4;1;1;1;;;false;false;false;4;0;0;0;0;0;0;0;313;0;0;0;0;65;0;0;0;0;0;0;0;0;0;65;0;0;0;7;0;0;0;0;0;0;0;0;0;0;0;0;0;0;0;0;0;0;0;0
11;Île-de-France;93;Seine-Saint-Denis;93048;PC;09304822B0119;2;2022-12-16;;;2022;2022-01-01;2022-12;;2022-12;41.20B;5710;MONTREUIL BEAUMARCHAIS SAS;890803141;89080314100013;75008;PARIS;false;40-48;RUE BEAUMARCHAIS;;MONTREUIL;93100;AS;194;AS;194;AS;197;3753;4;1;5;1;;;true;true;true;5;0;0;0;0;0;0;0;2122;0;0;0;0;0;0;0;0;0;0;0;0;0;1002;75;0;547;0;7;0;0;0;0;0;1002;75;0;547;0;0;0;0;0;0;0;0;0;0;0
11;Île-de-France;93;Seine-Saint-Denis;93048;PC;09304822B0120;6;2022-12-23;2024-02-05;2025-04-30;2022;2025-04-30;2022-12;2024-02;2025-10;68.20A;4140;OFFICE PUBLIC DE L'HABITAT MONTREUILLOIS;488777160;48877716000018;93100;MONTREUIL;false;63;RUE GASTON LAURIAU;;MONTREUIL;93100;BV;189;BV;170;BV;158;28203;4;1;1;9;;;false;false;false;0;0;0;0;0;0;0;0;0;0;0;0;0;0;0;0;0;0;1534;0;0;0;0;1534;0;0;0;5;0;0;0;0;0;0;0;0;0;0;0;0;0;0;0;0;0;0;0;0
11;Île-de-France;93;Seine-Saint-Denis;93048;PC;09304822B0121;5;2023-01-05;2024-01-31;;2022;2022-01-01;2023-01;2024-02;2024-02;68.20B;5202;31 ROUGET DE L'ISLE;918326562;91832656200017;75017;PARIS;false;31;BD ROUGET DE LISLE;;MONTREUIL;93100;BO;58;BO;58;;;399;4;1;5;1;;;true;false;false;6;0;0;0;0;0;0;83;599;0;0;0;341;213;0;305;0;0;0;0;0;0;341;213;0;305;0;7;0;0;0;0;0;0;0;0;0;0;0;0;0;0;0;0;0;0;0;0
11;Île-de-France;93;Seine-Saint-Denis;93048;PC;09304822B0122;2;2022-12-19;;;2022;2022-01-01;2022-12;;2022-12;68.20B;6540;VACHON;822582631;82258263100013;93110;ROSNY SOUS BOIS;false;39-41;RUE DE LA    REPUBLIQUE;;MONTREUIL;93100;BG;203;;;;;226;4;1;1;1;;;false;false;false;4;0;0;0;0;0;0;0;298;0;0;0;0;198;0;0;0;0;0;0;0;0;0;198;0;0;0;7;0;0;0;0;0;0;0;0;0;0;0;0;0;0;0;0;0;0;0;0
11;Île-de-France;93;Seine-Saint-Denis;93048;PC;09304822B0124;5;2023-04-04;2024-07-01;;2022;2022-01-01;2023-05;2024-07;2024-07;68.20B;6540;ILOT 119 BIS;918849910;91884991000016;75011;PARIS;false;119BI;RUE DE PARIS;;MONTREUIL;93100;AX;53;AX;53;;;434;4;2;3;4;3;1;false;true;true;0;0;0;0;0;0;0;51;0;0;0;51;128;162;0;128;0;0;0;0;0;0;128;275;51;128;0;7;0;0;0;0;0;0;113;51;0;0;0;0;0;0;0;0;0;0;0;0
11;Île-de-France;93;Seine-Saint-Denis;93048;PC;09304822B0126;4;2023-03-30;;;2022;2022-01-01;2023-07;;2023-07;68.10Z;5710;HEIR INVEST;438490070;43849007000051;75116;PARIS;false;3-5;RUE BEAUMARCHAIS;;MONTREUIL;93100;BL;152;;;;;865;4;2;3;1;1;3;false;true;false;4;0;0;0;0;0;0;0;410;95;0;0;810;0;0;0;0;0;0;0;0;0;1023;42;0;0;95;7;0;0;0;0;0;213;42;0;0;95;0;0;0;0;0;0;0;0;0;0
11;Île-de-France;93;Seine-Saint-Denis;93048;PC;09304822B0127;5;2023-01-30;2024-07-01;;2022;2022-01-01;2023-01;2024-07;2024-07;68.20B;5710;SAS RAMA;942649500;;;;false;12;BD PAUL VAILLANT COUTURIER;;MONTREUIL;93100;AF;136;;;;;466;4;1;1;1;;;false;false;false;5;0;0;0;0;0;0;0;910;0;0;0;0;396;0;0;0;0;0;0;0;0;0;396;0;0;0;7;0;0;0;0;0;0;0;0;0;0;0;0;0;0;0;0;0;0;0;0
11;Île-de-France;93;Seine-Saint-Denis;93048;PC;09304822B0166;5;2023-04-04;2024-11-07;;2022;2022-01-01;2023-05;2024-11;2024-11;41.10D;6541;MONTREUIL EDOUARD BRANLY;914845607;91484560700011;75020;PARIS;false;187;RUE EDOUARD BRANLY;;MONTREUIL;93100;D;262;D;261;D;262;5294;4;1;3;1;3;1;false;false;false;0;0;0;0;0;0;0;246;2318;0;24;82;0;0;82;0;0;0;722;0;0;0;500;722;82;500;0;5;0;0;0;0;0;0;0;0;0;0;0;0;0;0;0;500;0;0;500;0
11;Île-de-France;93;Seine-Saint-Denis;93048;PC;09304822B0169;2;2023-01-27;;;2022;2022-01-01;2023-01;;2023-01;84.11Z;7210;COMMUNE DE MONTREUIL;219300480;21930048000015;93100;MONTREUIL;false;33;RUE NUNGESSER;;MONTREUIL;93100;CJ;332;CJ;334;CJ;162;12625;4;1;1;9;;;false;false;false;1;0;0;0;0;0;0;0;0;0;0;0;0;0;0;0;0;0;40;0;0;0;0;40;0;0;0;4;0;0;0;0;0;0;0;0;0;0;0;0;0;0;0;0;0;0;0;0
11;Île-de-France;93;Seine-Saint-Denis;93048;PC;09304822B0172;2;2023-05-24;;;2022;2022-01-01;2023-05;;2023-05;;;;;;92100;BOULOGNE-BILLANCOURT;false;34;RUE JULES GUESDE;;MONTREUIL;93100;CM;246;CM;248;;;2964;4;1;1;1;;;false;false;false;4;0;0;0;0;0;0;1206;4190;0;1206;0;0;470;0;0;0;0;0;0;0;0;0;470;0;0;0;7;0;0;0;0;0;0;0;0;0;0;0;0;0;0;0;0;0;0;0;0
11;Île-de-France;93;Seine-Saint-Denis;93048;PC;09304822B0180;2;2023-06-15;;;2022;2022-01-01;2023-08;;2023-08;84.11Z;7113;SECRETARIAT D'ETAT AUPRES DU MINISTRE DE L'ECONOMIE ET DES FINANCES;110002011;11000201100044;75872;PARIS;false;86;RUE DE LA FEDERATION;;MONTREUIL;93100;BM;59;;;;;1430;4;2;4;9;4;9;false;false;false;0;0;0;0;0;0;0;0;0;0;0;0;0;0;0;0;0;2495;21;138;126;138;2495;21;138;126;138;5;0;0;0;0;0;0;0;0;0;0;0;0;0;0;0;0;0;0;0;0
11;Île-de-France;93;Seine-Saint-Denis;93048;PC;09304822B0186;6;2023-03-21;2023-05-02;2023-11-22;2022;2022-01-01;2023-03;2024-06;2024-06;47.76Z;5710;MURS A FLEURS;879772739;87977273900014;75020;PARIS;false;25;RUE DES JARDINS DUFOUR;;MONTREUIL;93100;BZ;517;BZ;561;;;10485;4;1;1;7;;;false;false;false;0;0;0;98;0;0;0;0;0;0;0;0;0;0;0;0;0;0;0;0;0;0;0;98;0;0;0;7;0;0;0;0;0;0;0;0;0;0;0;0;0;0;0;0;0;0;0;0
11;Île-de-France;93;Seine-Saint-Denis;93048;PC;09304822B0200;2;2023-05-05;;;2022;2022-01-01;2023-05;;2023-05;70.10Z;5710;DIDEROT;904025392;90402539200013;93210;LA PLAINE SAINT DENIS;false;43;RUE DIDEROT;;MONTREUIL;93100;BF;38;;;;;241;4;2;5;2;;;false;true;false;4;0;0;0;0;0;0;178;122;0;0;0;243;130;0;0;0;0;0;0;0;0;243;130;0;0;0;7;167;130;0;0;0;0;0;0;0;0;0;0;0;0;0;0;0;0;0;0
11;Île-de-France;93;Seine-Saint-Denis;93048;PC;09304822B0204;6;2023-05-05;2023-12-15;2026-07-06;2022;2022-01-01;2023-05;2023-12;2026-06;41.10D;5202;MARIGNAN IMMOBILIER D'ENTREPRISE;882384175;88238417500023;92800;PUTEAUX;false;94BIS;RUE MARCEAU;;MONTREUIL;93100;BE;359;BE;47;;;3989;4;1;1;3;;;false;false;false;0;0;0;0;0;0;0;0;0;0;0;0;0;223;0;0;0;0;0;0;0;0;4959;8594;0;4959;0;7;0;0;0;0;0;2159;8371;0;2159;0;0;0;0;0;0;2800;0;0;2800;0
11;Île-de-France;93;Seine-Saint-Denis;93048;PC;09304822B0205;2;2023-07-17;;;2022;2022-01-01;2023-07;;2023-07;41.10D;6541;SCI MONTREUIL LES RESERVOIRS - BOULEVARD DE LA BOISSIERE;480556042;48055604200012;92600;ASNIERES;false;332;BOULEVARD DE LA BOISSIERE;;MONTREUIL;93100;P;1;P;1;;;13122;4;1;1;1;;;false;false;false;8;0;0;0;0;0;0;0;18730;0;0;0;0;332;0;0;0;0;0;0;0;0;0;332;0;0;0;7;0;0;0;0;0;0;0;0;0;0;0;0;0;0;0;0;0;0;0;0
11;Île-de-France;93;Seine-Saint-Denis;93048;PC;09304822B0211;5;2023-04-25;2026-02-01;;2022;2022-01-01;2023-05;2026-02;2026-02;68.20B;6540;SCI KLEBER;820914018;82091401800016;93100;MONTREUIL;false;12;RUE KLEBER;;MONTREUIL;93100;BL;101;;;;;384;4;1;5;2;;;true;true;true;0;46;0;0;0;0;0;0;0;0;0;0;901;710;0;180;0;0;0;0;0;0;901;710;0;180;0;7;901;710;0;180;0;0;0;0;0;0;0;0;0;0;0;0;0;0;0;0
11;Île-de-France;93;Seine-Saint-Denis;93048;PC;09304822B0212;2;2023-08-08;;;2022;2022-01-01;2023-08;;2023-08;68.20B;5710;SAS ORION;901009639;90100963900021;69007;LYON;false;3;RUE KLEBER;;MONTREUIL;93100;BN;108;BN;7;;;2657;4;2;4;3;4;3;false;false;false;0;0;0;0;0;0;0;0;0;0;0;0;0;0;11287;0;0;0;0;70;0;0;12867;0;11357;62;11357;6;0;0;10398;0;0;12867;0;0;62;11357;0;0;0;0;0;0;0;0;0;0
11;Île-de-France;93;Seine-Saint-Denis;93048;PC;09304822B0216;2;2023-04-12;;;2022;2022-01-01;2023-07;;2023-07;71.11Z;5499;STUDIO HYBRIDE ARCHITECTES;504453028;50445302800038;93100;MONTREUIL;false;;BOULEVARD ARISTIDE BRIAND;;MONTREUIL;93100;P;115;;;;;10354;4;1;1;9;;;false;false;false;0;0;0;0;0;0;0;0;0;0;0;0;0;0;0;0;0;3298;2775;0;0;0;3298;2775;0;0;0;2;0;0;0;0;0;0;0;0;0;0;0;0;0;0;0;0;0;0;0;0
11;Île-de-France;93;Seine-Saint-Denis;93048;PC;09304822B0217;2;2023-08-06;;;2022;2022-01-01;2023-08;;2023-08;56.10A;5499;SARL LES FRANGINS;750165219;75016521900015;93100;MONTREUIL;false;6;PLACE DU MARCHE;;MONTREUIL;93100;AR;99;;;;;328;4;2;5;4;;;false;true;false;0;0;0;0;0;0;0;0;0;0;0;0;279;73;0;0;0;0;0;0;0;0;279;73;0;0;0;7;0;0;0;0;0;0;0;0;0;0;0;0;0;0;0;0;0;0;0;0
11;Île-de-France;93;Seine-Saint-Denis;93048;PC;09304823B0004;2;2023-07-27;;;2023;2023-01-01;2023-07;;2023-07;68.20B;6540;THE LOVECATS;910022987;;75020;PARIS;false;12;RUE GASTON LAURIAU;;MONTREUIL;93100;BU;7;;;;;259;4;2;5;4;;;false;true;false;0;0;0;0;0;0;0;0;0;0;0;0;220;26;0;0;0;0;0;0;0;0;220;26;0;0;0;7;0;0;0;0;0;0;0;0;0;0;0;0;0;0;0;0;0;0;0;0
11;Île-de-France;93;Seine-Saint-Denis;93048;PC;09304823B0010;2;2023-06-05;;;2023;2023-01-01;2023-06;;2023-06;68.20B;6540;TURENNE STORAGE;892154907;89215490700018;75003;PARIS;false;52;RUE DE LA FERME;;MONTREUIL;93100;R;227;R;229;R;250;3789;4;1;1;8;;;false;false;false;0;0;0;0;0;0;0;0;0;0;0;0;0;0;0;0;0;0;0;0;0;0;3165;4755;0;3165;0;7;0;0;0;0;0;0;0;0;0;0;0;0;0;0;0;3165;4755;0;3165;0
11;Île-de-France;93;Seine-Saint-Denis;93048;PC;09304823B0026;5;2023-08-07;2024-06-10;;2023;2023-01-01;2023-08;2024-06;2024-06;88.99B;9300;FONDATION OEUVRE DE LA CROIX SAINT SIMON;784809683;78480968300484;75019;75019 PARIS;false;81;RUE MICHELET;;MONTREUIL;93100;BI;132;;;;;766;4;1;1;9;;;false;false;false;0;0;0;0;0;0;0;0;0;0;0;0;0;0;0;0;0;1513;2613;0;1513;0;1513;2613;0;1513;0;2;0;0;0;0;0;0;0;0;0;0;0;0;0;0;0;0;0;0;0;0
11;Île-de-France;93;Seine-Saint-Denis;93048;PC;09304823B0028;5;2023-08-08;2025-11-24;;2023;2023-01-01;2023-08;2025-12;2025-12;;;;;;93100;MONTREUIL;false;81;RUE DE PARIS;;MONTREUIL;93100;AS;50;;;;;346;4;2;2;1;3;1;false;false;false;0;0;0;0;0;0;0;119;0;0;0;25;250;0;25;0;0;0;0;0;0;0;250;0;25;0;0;7;0;0;0;0;0;0;0;0;0;0;0;0;0;0;0;0;0;0;0;0
11;Île-de-France;93;Seine-Saint-Denis;93048;PC;09304823B0033;2;2023-10-04;;;2023;2023-01-01;2023-10;;2023-10;68.32A;5499;HAVIM PARTICIPATION;428299465;42829946500016;75015;PARIS;false;30;RUE SAINT-JUST;;MONTREUIL;93100;BY;96;;;;;577;4;1;1;1;;;false;false;false;3;0;0;0;0;0;0;74;673;0;74;0;0;121;0;0;0;0;0;0;0;0;145;121;0;145;0;7;0;0;0;0;0;0;0;0;0;0;145;0;0;145;0;0;0;0;0;0
11;Île-de-France;93;Seine-Saint-Denis;93048;PC;09304823B0036;2;2023-11-17;;;2023;2023-01-01;2023-11;;2023-11;84.11Z;7210;COMMUNE DE MONTREUIL;219300480;21930048000015;93100;MONTREUIL;false;9;RUE DE NANTEUIL;;MONTREUIL;93100;H;117;;;;;12311;4;1;5;9;;;true;false;false;2;0;0;0;0;0;0;0;0;0;0;0;0;0;0;0;0;5689;343;0;64;0;5689;343;0;64;0;2;0;0;0;0;0;0;0;0;0;0;0;0;0;0;0;0;0;0;0;0
11;Île-de-France;93;Seine-Saint-Denis;93048;PC;09304823B0049;2;2023-08-23;;;2023;2023-01-01;2023-09;;2023-09;68.20B;6540;LA PINARELLE;849985973;84998597300015;93100;MONTREUIL;false;59;RUE DE LA FERME;;MONTREUIL;93100;R;279;;;;;5678;4;2;3;3;4;8;false;true;true;0;0;0;0;0;0;0;0;0;0;0;0;0;0;0;0;0;0;0;0;0;0;481;472;60;19;60;7;0;0;0;0;0;0;472;0;0;0;0;0;0;0;0;481;0;60;19;60
11;Île-de-France;93;Seine-Saint-Denis;93048;PC;09304823B0057;2;2023-11-17;;;2023;2023-01-01;2023-11;;2023-11;;;;;;75011;PARIS;false;8;RUE MOLIERE;;MONTREUIL;93100;BN;139;;;;;1347;4;1;1;1;;;false;false;false;5;0;0;0;0;0;0;0;1352;0;0;0;0;0;0;0;0;0;0;0;0;0;1073;341;0;1073;0;7;0;0;0;0;0;174;341;0;174;0;0;0;0;0;0;899;0;0;899;0
11;Île-de-France;93;Seine-Saint-Denis;93048;PC;09304823B0070;5;2023-08-09;2024-07-01;;2023;2024-07-01;2023-08;2024-10;2024-10;68.20B;6540;SCI PAUL SIGNAC;804812402;80481240200019;77580;COULOMMES;false;66;AV PAUL SIGNAC;;MONTREUIL;93100;T;112;;;;;878;4;2;3;1;1;3;true;true;true;2;0;0;0;0;0;0;0;208;112;0;0;0;0;0;0;0;0;0;0;0;0;420;14;0;0;112;7;0;0;0;0;0;420;14;0;0;112;0;0;0;0;0;0;0;0;0;0
11;Île-de-France;93;Seine-Saint-Denis;93048;PC;09304823B0072;2;2023-10-27;;;2023;2023-01-01;2023-10;;2023-10;;;;;;93190;LIVRY-GARGAN;false;176;AV DU PRESIDENT SALVADOR A;;MONTREUIL;93100;D;94;D;94;D;95;801;4;1;1;1;;;false;true;true;4;0;0;0;0;0;0;440;440;0;0;0;16;0;0;0;0;0;0;0;0;0;16;131;0;0;0;7;0;0;0;0;0;0;131;0;0;0;0;0;0;0;0;0;0;0;0;0
11;Île-de-France;93;Seine-Saint-Denis;93048;PC;09304823B0092;2;2024-02-05;;;2023;2023-01-01;2024-02;;2024-02;68.20A;4140;OFFICE PUBLIC DE L'HABITAT EST ENSEMBLE HABITAT;488777160;48877716000018;93100;MONTREUIL;false;79;RUE EMILE BEAUFILS / 20 RU;;MONTREUIL;93100;K;180;K;193;;;1535;4;1;1;1;;;false;false;false;0;0;0;0;0;0;0;0;1406;0;0;0;0;32;0;0;0;0;0;0;0;0;0;32;0;0;0;7;0;0;0;0;0;0;0;0;0;0;0;0;0;0;0;0;0;0;0;0
11;Île-de-France;93;Seine-Saint-Denis;93048;PC;09304823B0096;2;2024-03-01;;;2023;2023-01-01;2024-03;;2024-03;56.21Z;5710;YENNA;890434038;89043403800018;93100;MONTREUIL;false;65;RUE MARCEAU;;MONTREUIL;93100;BI;289;;;;;764;4;2;2;8;4;8;false;false;false;0;0;0;0;0;0;0;0;0;0;0;0;0;0;80;0;0;0;0;0;0;0;80;0;80;0;80;7;0;0;0;0;0;0;0;0;0;0;0;0;0;0;0;80;0;0;0;80
11;Île-de-France;93;Seine-Saint-Denis;93048;PC;09304823B0101;5;2023-10-07;2024-04-01;;2023;2023-01-01;2023-10;2024-04;2024-04;84.11Z;7389;AGENCE PUBLIQUE POUR L'IMMOBILIER DE LA JUSTICE;180092256;18009225600023;94270;LE KREMLIN-BICETRE;false;13;PLACE DU GENERAL DE GAULLE;;MONTREUIL;93100;AM;213;;;;;23397;4;1;1;9;;;false;false;false;0;0;0;0;0;0;0;0;0;0;0;0;0;0;0;0;0;5290;18107;0;0;0;5290;18107;0;0;0;5;0;0;0;0;0;0;0;0;0;0;0;0;0;0;0;0;0;0;0;0
11;Île-de-France;93;Seine-Saint-Denis;93048;PC;09304823B0105;2;2024-04-19;;;2023;2023-01-01;2024-05;;2024-05;41.10D;6541;SCCV CHANZY-PARMENTIER;941116592;94111659200010;75008;PARIS;false;97;BOULEVARD DE CHANZY;;MONTREUIL;93100;AT;128;;;;;473;4;1;1;1;;;false;false;false;5;0;0;0;0;0;0;0;940;0;0;0;260;312;0;260;0;0;0;0;0;0;260;312;0;260;0;7;0;0;0;0;0;0;0;0;0;0;0;0;0;0;0;0;0;0;0;0
11;Île-de-France;93;Seine-Saint-Denis;93048;PC;09304823B0120;6;2024-06-26;;2026-08-01;2023;2023-01-01;2026-07;;2026-08;68.20B;6540;VULCAIN;953138930;95313893000011;93100;MONTREUIL;false;58;RUE ERNEST  SAVART;;MONTREUIL;93100;AD;82;AD;230;AD;251;1762;4;2;3;4;4;4;false;true;true;2;0;0;0;0;0;0;0;0;0;0;0;610;264;610;0;610;0;0;0;0;0;1755;418;696;0;696;7;0;0;0;0;0;86;154;86;0;86;1059;0;0;0;0;0;0;0;0;0
11;Île-de-France;93;Seine-Saint-Denis;93048;PC;09304823B0122;6;2024-03-08;2024-07-01;2025-08-05;2023;2024-07-01;2024-03;2024-10;2025-08;;;;;;75011;PARIS;false;43;RUE DU SERGENT BOBILLOT;;MONTREUIL;93100;BK;205;BK;205;;;512;4;2;3;1;3;1;false;true;false;4;0;0;0;0;0;0;289;0;0;4;285;0;64;251;0;0;0;0;0;0;0;0;68;285;0;0;7;0;0;0;0;0;0;4;34;0;0;0;0;0;0;0;0;0;0;0;0
11;Île-de-France;93;Seine-Saint-Denis;93048;PC;09304823B0128;2;2023-11-02;;;2023;2023-01-01;2023-11;;2023-11;68.20B;6540;SCI OLIMONT;953280559;95328055900014;93100;MONTREUIL;false;261;RUE DE PARIS;;MONTREUIL;93100;AZ;194;;;;;3651;4;2;5;8;;;false;false;false;0;0;0;0;0;0;0;0;0;0;0;0;0;0;0;0;0;0;0;0;0;0;0;104;0;0;0;7;0;0;0;0;0;0;0;0;0;0;0;0;0;0;0;0;104;0;0;0
11;Île-de-France;93;Seine-Saint-Denis;93048;PC;09304823B0130;2;2023-12-26;;;2023;2023-01-01;2023-12;;2023-12;68.20B;6540;SCI 3 ETOILES;953246832;95324683200018;93100;MONTREUIL;false;11;RUE DOMBASLE;;MONTREUIL;93100;AH;68;;;;;1210;4;1;1;4;;;false;true;false;0;0;0;0;0;0;0;0;0;0;0;0;92;42;0;0;0;0;0;0;0;0;92;42;0;0;0;7;0;0;0;0;0;0;0;0;0;0;0;0;0;0;0;0;0;0;0;0
11;Île-de-France;93;Seine-Saint-Denis;93048;PC;09304823B0135;6;2024-04-09;2024-04-15;2025-02-28;2023;2023-01-01;2024-04;2024-04;2025-02;62.01Z;5710;EVA;834704447;83470444700020;93100;MONTREUIL;false;137;BOULEVARD DE CHANZY;;MONTREUIL;93100;AV;42;AV;42;AV;62;15856;4;2;4;8;4;8;false;false;false;0;0;0;0;0;0;0;0;0;0;0;0;0;0;2734;0;0;0;0;0;0;0;3223;0;3222;1;3222;7;0;0;0;0;0;0;0;488;0;0;0;0;0;0;0;3223;0;0;1;3222
11;Île-de-France;93;Seine-Saint-Denis;93048;PC;09304823B0137;6;2024-03-06;2024-04-03;2024-08-01;2023;2023-01-01;2024-03;2024-04;2024-08;;;;;;93100;MONTREUIL;false;29;AVENUE WALWEIN;;MONTREUIL;93100;AI;227;;;;;1365;4;2;2;3;4;3;false;false;false;0;0;0;0;0;0;0;0;0;0;0;0;0;0;0;0;0;0;0;182;0;0;182;0;182;0;182;3;0;0;0;0;0;182;0;0;0;182;0;0;0;0;0;0;0;0;0;0
11;Île-de-France;93;Seine-Saint-Denis;93048;PC;09304823B0140;2;2024-01-22;;;2023;2023-01-01;2024-01;;2024-01;;;;;;93100;MONTREUIL;false;46;AVENUE DU PRESIDENT WILSON;;MONTREUIL;93100;BO;105;;;;;93;4;2;5;1;;;false;true;false;0;0;0;0;0;0;0;83;7;0;0;0;29;1;0;0;0;0;0;0;0;0;29;1;0;0;0;7;0;0;0;0;0;0;0;0;0;0;0;0;0;0;0;0;0;0;0;0
11;Île-de-France;93;Seine-Saint-Denis;93048;PC;09304823B0145;6;2024-03-15;2024-08-15;2025-08-04;2023;2023-01-01;2024-03;2025-08;2025-08;77.32Z;5499;FONSECA ECHAFAUDAGE;499520054;49952005400036;93100;MONTREUIL;false;103;BOULEVARD HENRI BARBUSSE;;MONTREUIL;93100;AD;264;;;;;424;4;2;5;8;;;false;true;true;2;0;0;0;0;0;0;0;0;0;0;0;0;0;0;0;0;0;0;0;0;0;309;230;0;123;0;7;0;0;0;0;0;20;0;0;0;0;0;0;0;0;0;289;230;0;123;0
11;Île-de-France;93;Seine-Saint-Denis;93048;PC;09304823B0146;5;2024-08-19;2025-05-14;;2023;2023-01-01;2024-09;2025-05;2025-05;68.20B;6599;SCCV MONTREUIL RUE DE ROSNY;977464130;97746413000011;92130;ISSY-LES-MOULINEAUX;false;27;RUE DE ROSNY;;MONTREUIL;93100;AJ;56;AJ;56;AJ;57;836;4;1;1;1;;;false;false;false;6;0;0;0;0;0;0;164;1260;0;164;0;280;299;0;280;0;0;0;0;0;0;280;299;0;280;0;7;0;0;0;0;0;0;0;0;0;0;0;0;0;0;0;0;0;0;0;0
11;Île-de-France;93;Seine-Saint-Denis;93048;PC;09304823B0151;2;2024-08-08;;;2023;2023-01-01;2024-08;;2024-08;68.20B;6540;HMR;898090220;89809022000010;77360;VAIRES-SUR-MARNE;false;81;RUE DE ROSNY;;MONTREUIL;93100;01;36;BY;36;;;254;4;2;3;1;1;4;true;false;false;3;0;0;0;0;0;0;98;137;28;0;0;103;43;0;0;28;0;0;0;0;0;156;43;0;53;28;7;0;0;0;0;0;0;0;0;0;0;0;0;0;0;0;53;0;0;53;0
11;Île-de-France;93;Seine-Saint-Denis;93048;PC;09304823B0161;5;2024-07-09;2026-06-17;;2023;2023-01-01;2024-07;2026-06;2026-06;68.20A;4140;OFFICE PUBLIC DE L'HABITAT EST ENSEMBLE HABITAT;488777160;48877716000018;93100;MONTREUIL;false;34;RUE DES MESSIERS;;MONTREUIL;93100;AU;123;AU;78;AU;123;4692;4;1;1;1;;;false;false;false;3;0;0;0;0;0;0;0;2336;0;0;0;0;133;0;0;0;0;0;0;0;0;0;133;0;0;0;7;0;0;0;0;0;0;0;0;0;0;0;0;0;0;0;0;0;0;0;0
11;Île-de-France;93;Seine-Saint-Denis;93048;PC;09304823B0162;5;2024-05-22;2024-12-04;;2023;2023-01-01;2024-05;2024-12;2024-12;68.20A;5546;ANTIN RESIDENCES SA HABITAT LOYER MODERE;315518803;31551880300046;;;false;1-7;RUE GASTON MONMOUSSEAU;;MONTREUIL;93100;BY;188;BY;188;BY;66;5847;4;1;1;1;;;false;false;false;6;0;0;0;0;0;0;70;3369;0;70;0;0;249;0;0;0;0;168;0;0;0;3416;417;0;3416;0;4;0;0;0;0;0;0;0;0;0;0;1200;0;0;1200;0;2216;0;0;2216;0
11;Île-de-France;93;Seine-Saint-Denis;93048;PC;09304824B0005;5;2024-04-22;2024-11-04;;2024;2024-01-01;2024-04;2024-11;2024-11;;;;;;75015;PARIS;false;55;AVENUE ERNEST RENAN;;MONTREUIL;93100;CF;126;;;;;1026;4;1;1;1;;;false;false;false;3;0;0;0;0;0;0;100;700;0;100;0;0;0;0;0;0;0;0;0;0;0;0;54;0;0;0;7;0;0;0;0;0;0;54;0;0;0;0;0;0;0;0;0;0;0;0;0
11;Île-de-France;93;Seine-Saint-Denis;93048;PC;09304824B0014;5;2024-10-01;2024-12-23;;2024;2024-01-01;2024-10;2025-07;2025-07;84.11Z;7210;COMMUNE DE MONTREUIL;219300480;21930048000015;93105;MONTREUIL;false;21;AVENUE DU PRESIDENT SALVAD;;MONTREUIL;93100;R;284;;;;;6830;4;1;1;9;;;false;false;false;2;0;0;0;0;0;0;0;0;0;0;0;0;0;0;0;0;1705;5330;0;1705;0;1705;5330;0;1705;0;2;0;0;0;0;0;0;0;0;0;0;0;0;0;0;0;0;0;0;0;0
11;Île-de-France;93;Seine-Saint-Denis;93048;PC;09304824B0025;6;2024-04-19;2024-05-19;2024-07-14;2024;2024-01-01;2024-04;2024-07;2024-07;68.20B;6540;VALZON;428756860;42875686000030;93100;MONTREUIL;false;75;RUE DANTON;;MONTREUIL;93100;0T;143;;;;;487;4;2;3;4;4;4;false;false;false;0;0;0;0;0;0;0;0;0;0;0;0;303;22;0;2;79;0;0;0;0;0;303;48;79;2;79;7;0;0;0;0;0;0;26;79;0;0;0;0;0;0;0;0;0;0;0;0
11;Île-de-France;93;Seine-Saint-Denis;93048;PC;09304824B0031;2;2024-08-08;;;2024;2024-01-01;2024-08;;2024-08;68.20B;6540;LE MONTREAU;481586691;48158669100018;93100;MONTREUIL;false;106;BOULEVARD THEOPHILE SUEUR;;MONTREUIL;93100;CL;144;;;;;362;4;2;3;1;4;4;false;false;false;0;0;0;0;0;0;0;95;105;11;0;0;146;0;19;15;30;0;0;0;0;0;146;0;19;15;30;7;0;0;0;0;0;0;0;0;0;0;0;0;0;0;0;0;0;0;0;0
11;Île-de-France;93;Seine-Saint-Denis;93048;PC;09304824B0033;2;2024-10-17;;;2024;2024-01-01;2024-10;;2024-10;41.10D;6541;CHANZY INVEST;904646338;90464633800015;;;false;118;BOULEVARD DE CHANZY;;MONTREUIL;93100;AT;113;;;;;238;4;1;1;1;;;false;false;false;3;0;0;0;0;0;0;0;450;0;0;0;235;160;0;235;0;0;0;0;0;0;235;160;0;235;0;7;0;0;0;0;0;0;0;0;0;0;0;0;0;0;0;0;0;0;0;0
11;Île-de-France;93;Seine-Saint-Denis;93048;PC;09304824B0034;5;2024-10-07;2025-05-19;;2024;2024-01-01;2024-10;2025-05;2025-05;68.10Z;5499;V.H. CAPITAL;883088502;88308850200017;75116;PARIS;false;82BIS;RUE KLEBER;;MONTREUIL;93100;BK;302;BK;385;;;1002;4;1;3;9;3;1;false;false;false;4;16;0;0;0;0;0;600;0;0;586;13;0;0;0;0;0;0;1817;13;0;0;0;1817;13;0;0;4;0;0;0;0;0;0;0;0;0;0;0;0;0;0;0;0;0;0;0;0
11;Île-de-France;93;Seine-Saint-Denis;93048;PC;09304824B0041;5;2024-07-26;2024-08-01;;2024;2024-01-01;2024-07;2024-08;2024-08;;;;;;93100;MONTREUIL;false;5;RUE CARNOT;;MONTREUIL;93100;BP;94;;;;;370;4;2;3;3;2;1;true;false;false;0;0;0;0;0;0;0;135;16;15;0;15;0;0;0;0;0;0;0;0;0;0;0;60;0;0;0;7;0;0;0;0;0;0;60;0;0;0;0;0;0;0;0;0;0;0;0;0
11;Île-de-France;93;Seine-Saint-Denis;93048;PC;09304824B0042;2;2024-11-27;;;2024;2024-01-01;2024-11;;2024-11;68.20A;6540;SCI P.X.;530773373;53077337300028;93110;ROSNY   SOUS  BOIS;false;33;VICTOR   HUGO;;MONTREUIL;93100;AK;147;;;;;0;4;2;2;1;3;1;false;false;false;0;0;0;0;0;0;0;50;0;0;0;50;0;0;50;0;0;0;0;0;0;0;0;0;50;0;0;7;0;0;0;0;0;0;0;0;0;0;0;0;0;0;0;0;0;0;0;0
11;Île-de-France;93;Seine-Saint-Denis;93048;PC;09304824B0072;2;2024-10-28;;;2024;2024-01-01;2024-10;;2024-10;;;;;;93100;MONTREUIL;false;43;RUE DE VINCENNES;;MONTREUIL;93100;BM;46;;;;;700;4;2;2;4;4;4;false;false;false;1;0;0;0;0;0;0;0;0;0;0;0;38;0;38;0;38;0;0;0;0;0;38;0;38;0;38;7;0;0;0;0;0;0;0;0;0;0;0;0;0;0;0;0;0;0;0;0
11;Île-de-France;93;Seine-Saint-Denis;93048;PC;09304824B0084;2;2024-12-10;;;2024;2024-01-01;2024-12;;2024-12;68.20B;6540;SCI LE BOURGET 26;818017956;81801795600017;93100;MONTREUIL;false;39;RUE SAINT-DENIS;;MONTREUIL;93100;S;55;S;56;S;139;2038;4;2;5;1;;;true;true;true;5;0;0;0;0;0;0;0;1484;0;0;0;0;0;0;0;0;0;0;0;0;0;1404;432;0;1404;0;7;0;0;0;0;0;462;0;0;462;0;0;0;0;0;0;942;432;0;942;0
11;Île-de-France;93;Seine-Saint-Denis;93048;PC;09304824B0085;2;2024-12-04;;;2024;2024-01-01;2024-12;;2024-12;68.20B;6540;SCI ELSON;894051440;89405144000010;93320;LES PAVILLONS-SOUS-BOIS;false;6BIS;CLAUDE BERNARD;;MONTREUIL;93100;P;31;;;;;18;4;1;1;3;;;false;false;false;1;0;0;0;0;0;0;0;0;0;0;0;0;0;0;0;0;0;0;0;0;0;0;17;0;0;0;7;0;0;0;0;0;0;17;0;0;0;0;0;0;0;0;0;0;0;0;0
11;Île-de-France;93;Seine-Saint-Denis;93048;PC;09304824B0088;2;2024-12-04;;;2024;2024-01-01;2024-12;;2024-12;;;;;;;;false;31;RUE DU MOULIN A VENT;;MONTREUIL;93100;AB;65;AB;65;AB;246;1964;4;2;5;6;;;true;true;true;0;0;0;0;0;0;0;0;0;0;0;0;0;0;0;0;0;0;0;0;0;0;579;97;0;25;0;7;0;0;0;0;0;0;0;0;0;0;579;97;0;25;0;0;0;0;0;0
11;Île-de-France;93;Seine-Saint-Denis;93048;PC;09304824B0107;5;2025-05-27;2026-04-01;;2024;2024-01-01;2025-05;2026-04;2026-04;68.32A;6542;CAMPUS 3M;927865303;92786530300014;75002;PARIS;false;27BIS;RUE DU PROGRES;;MONTREUIL;93100;BD;46;BD;48;BD;49;5130;4;2;3;9;4;9;false;true;false;6;40;0;0;0;0;0;0;883;713;0;0;0;1686;713;0;0;7493;1712;0;1068;1426;7493;3398;713;1068;1426;2;0;1686;713;0;0;0;0;0;0;0;0;0;0;0;0;0;0;0;0;0
11;Île-de-France;93;Seine-Saint-Denis;93048;PC;09304824B0109;2;2025-05-21;;;2024;2024-01-01;2025-05;;2025-05;41.10D;6541;SCCV PARMENTIER 105;937972883;93797288300014;93400;SAINT-OUEN-SUR-SEINE;false;105;RUE PARMENTIER;;MONTREUIL;93100;AT;139;AT;140;AT;136;568;4;1;1;1;;;false;false;false;4;0;0;0;0;0;0;80;812;0;80;0;0;245;0;0;0;0;0;0;0;0;492;245;0;492;0;7;0;0;0;0;0;120;0;0;120;0;0;0;0;0;0;372;0;0;372;0
11;Île-de-France;93;Seine-Saint-Denis;93048;PC;09304824B0110;2;2025-02-04;;;2024;2024-01-01;2025-02;;2025-02;68.20B;6540;PRIMOPIERRE;507646446;50764644600041;75008;PARIS;false;4-18;AVENUE LEON GAUMONT ET RUE;;MONTREUIL;;BD;1;BD;2;BD;3;5363;4;1;1;3;;;false;false;false;0;0;0;0;0;0;0;0;0;0;0;0;0;0;0;0;0;0;0;0;0;0;43438;30;0;0;0;7;0;0;0;0;0;43438;30;0;0;0;0;0;0;0;0;0;0;0;0;0
11;Île-de-France;93;Seine-Saint-Denis;93048;PC;09304824B0116;5;2025-03-10;2025-09-01;;2024;2024-01-01;2025-03;2025-09;2025-09;68.10Z;5710;PREMIUM;532812955;53281295500013;94300;VINCENNES;false;43;RUE DE STALINGRAD;;MONTREUIL;93100;BU;63;;;;;1254;4;2;3;4;1;4;false;false;false;3;0;0;0;0;0;0;0;0;402;0;0;4254;606;0;234;402;0;0;0;0;0;4254;606;0;234;402;7;0;0;0;0;0;0;0;0;0;0;0;0;0;0;0;0;0;0;0;0
11;Île-de-France;93;Seine-Saint-Denis;93048;PC;09304824B0122;5;2025-03-18;2025-06-20;;2024;2024-01-01;2025-03;2025-07;2025-07;71.11Z;5499;PROJET BASE;433506920;43350692000084;75011;PARIS;false;74;RUE DE PARIS;;MONTREUIL;93100;AS;123;AS;123;;;1156;4;2;3;6;4;6;false;false;false;0;0;0;0;0;0;0;0;0;0;0;0;0;0;0;0;0;0;0;0;0;0;587;246;333;202;333;7;0;0;0;0;0;52;246;333;0;0;535;0;0;202;333;0;0;0;0;0
11;Île-de-France;93;Seine-Saint-Denis;93048;PC;09304824B0126;2;2025-07-03;;;2024;2024-01-01;2025-07;;2025-07;64.20Z;5499;GROUPE DELAFORGE;519731749;51973174900031;75017;PARIS;false;190;RUE DE PARIS;;MONTREUIL;93100;AY;9;AY;11;AY;12;1397;4;2;3;4;3;1;true;true;false;5;50;0;0;0;0;0;351;0;0;37;314;976;1050;408;163;94;0;0;0;0;0;976;1050;408;163;94;7;904;668;314;155;94;0;0;0;0;0;0;0;0;0;0;0;0;0;0;0
11;Île-de-France;93;Seine-Saint-Denis;93048;PC;09304824B0131;2;2025-02-18;;;2024;2024-01-01;2025-02;;2025-02;68.20B;6540;SIBYLLE;848323184;84832318400012;93100;MONTREUIL;false;1BIS;RUE DES MARGOTTES;;MONTREUIL;93100;Y;66;;;;;333;4;2;5;4;;;false;true;false;0;0;0;0;0;0;0;0;0;0;0;0;63;47;0;10;0;0;0;0;0;0;63;47;0;10;0;7;0;0;0;0;0;0;0;0;0;0;0;0;0;0;0;0;0;0;0;0
11;Île-de-France;93;Seine-Saint-Denis;93048;PC;09304824B0139;2;2025-07-09;;;2024;2024-01-01;2025-07;;2025-07;70.22Z;5499;AIC ILE DE FRANCE;793752734;79375273400020;92100;BOULOGNE-BILLANCOURT;false;44;RUE CUVIER;;MONTREUIL;93100;BG;117;;;;;2189;4;1;1;1;;;false;false;false;7;0;0;0;0;0;0;0;5441;0;0;0;0;566;0;0;0;0;758;0;0;0;1390;1597;0;1390;0;4;0;0;0;0;0;0;273;0;0;0;0;0;0;0;0;1390;0;0;1390;0
11;Île-de-France;93;Seine-Saint-Denis;93048;PC;09304824B0148;2;2025-10-13;;;2024;2024-01-01;2025-10;;2025-10;68.10Z;5499;GUEMARA;803442888;80344288800019;93100;MONTREUIL;false;38;RUE MARCEAU;;MONTREUIL;93100;BH;46;BH;45;BH;46;710;4;2;3;1;1;3;false;true;true;3;0;0;0;0;0;0;402;663;59;62;0;0;0;0;0;0;0;0;0;0;0;724;145;0;222;59;7;0;0;0;0;0;724;145;0;222;59;0;0;0;0;0;0;0;0;0;0
11;Île-de-France;93;Seine-Saint-Denis;93048;PC;09304824B0150;2;2025-05-23;;;2024;2024-01-01;2025-05;;2025-05;68.20A;4140;OFFICE PUBLIC DE L'HABITAT EST ENSEMBLE HABITAT;488777160;48877716000018;93100;MONTREUIL;false;44-46;BOULEVARD HENRI BARBUSSE;;MONTREUIL;93100;AG;77;AG;76;AG;155;1209;4;1;1;1;;;false;false;false;5;0;0;0;0;0;0;0;1423;0;0;0;0;369;0;0;0;0;0;0;0;0;0;369;0;0;0;7;0;0;0;0;0;0;0;0;0;0;0;0;0;0;0;0;0;0;0;0
11;Île-de-France;93;Seine-Saint-Denis;93048;PC;09304825B0001;5;2025-06-20;2025-06-25;;2025;2025-01-01;2025-06;2025-06;2025-06;68.20B;6540;LA BANDE A BEAUFILS;942396367;94239636700016;93100;MONTREUIL;false;135;RUE EMILE BEAUFILS;;MONTREUIL;93100;B;220;;;;;208;4;2;4;8;4;8;false;false;false;0;0;0;0;0;0;0;0;0;0;0;0;0;0;0;0;0;0;0;0;0;0;202;0;158;43;158;7;0;0;0;0;0;0;0;158;0;0;0;0;0;0;0;202;0;0;43;158
11;Île-de-France;93;Seine-Saint-Denis;93048;PC;09304825B0004;6;2025-02-06;;2025-02-06;2025;2025-01-01;2025-02;;2026-03;84.11Z;7210;COMMUNE DE MONTREUIL;219300480;21930048000015;93100;MONTREUIL;false;1;RUE DANIELLE CASANOVA;;MONTREUIL;93100;L;262;;;;;5786;4;1;1;9;;;false;false;false;2;0;0;0;0;0;0;0;0;0;0;0;0;0;0;0;0;1598;105;0;0;0;1598;105;0;0;0;5;0;0;0;0;0;0;0;0;0;0;0;0;0;0;0;0;0;0;0;0
11;Île-de-France;93;Seine-Saint-Denis;93048;PC;09304825B0012;5;2025-05-13;2025-11-17;;2025;2025-01-01;2025-05;2025-11;2025-11;;;;;;93100;MONTREUIL;false;81;RUE MOLIERE;;MONTREUIL;93100;BT;287;;;;;229;4;2;3;1;3;1;false;true;true;0;0;0;0;0;0;0;172;25;0;0;15;0;0;0;0;0;0;0;0;0;0;0;0;15;0;0;7;0;0;0;0;0;0;0;15;0;0;0;0;0;0;0;0;0;0;0;0
11;Île-de-France;93;Seine-Saint-Denis;93048;PC;09304825B0020;2;2025-11-06;;;2025;2025-01-01;2025-11;;2025-11;68.20B;6540;AGHROUD;518211636;51821163600015;93100;MONTREUIL;false;112;RUE ETIENNE MARCEL;;MONTREUIL;93100;AT;156;AT;155;;;506;4;2;5;1;;;true;false;false;4;0;0;0;0;0;0;492;638;0;244;0;58;42;0;0;0;0;0;0;0;0;58;42;0;0;0;7;0;0;0;0;0;0;0;0;0;0;0;0;0;0;0;0;0;0;0;0
11;Île-de-France;93;Seine-Saint-Denis;93048;PC;09304825B0045;2;2025-09-18;;;2025;2025-01-01;2025-09;;2025-09;68.20B;6540;KINGUE-MOUDIO-ASSOCIES;524258142;52425814200016;93100;MONTREUIL;false;51;RUE EDOUARD VAILLANT;;MONTREUIL;93100;BK;80;;;;;366;4;1;1;1;;;false;false;false;4;0;0;0;0;0;0;0;317;0;0;0;288;0;0;288;0;0;182;0;0;0;288;182;0;288;0;6;0;0;0;0;0;0;0;0;0;0;0;0;0;0;0;0;0;0;0;0
11;Île-de-France;93;Seine-Saint-Denis;93048;PC;09304825B0046;2;2025-12-24;;;2025;2025-01-01;2025-12;;2025-12;68.20B;6540;SCI ERJI;450724703;45072470300035;93100;MONTREUIL;false;13BIS;RUE DU COLONEL RAYNAL;;MONTREUIL;93100;BL;1;BL;82;BL;128;591;4;2;3;8;4;8;false;false;false;2;0;0;0;0;0;0;31;0;0;0;0;69;23;97;0;0;0;0;0;0;0;309;23;97;6;97;7;0;0;0;0;0;0;0;0;0;0;0;0;0;0;0;240;0;0;6;97
11;Île-de-France;93;Seine-Saint-Denis;93048;PC;09304825B0063;5;2025-09-02;2025-12-30;;2025;2025-01-01;2025-09;2026-01;2026-01;90.03A;5710;VDS;382035822;38203582200040;75004;PARIS;false;48;RUE DE L'ERMITAGE;;MONTREUIL;93100;R;282;;;;;2438;4;2;2;3;4;3;false;false;false;0;0;0;0;0;0;0;0;0;0;0;0;0;0;0;0;0;0;0;0;0;0;2009;0;213;0;213;7;0;0;0;0;0;425;0;0;0;213;1584;0;213;0;0;0;0;0;0;0
11;Île-de-France;93;Seine-Saint-Denis;93048;PC;09304825B0070;2;2025-11-12;;;2025;2025-01-01;2025-11;;2025-11;70.10Z;6540;SCI DESAI - AUBERVILLIERS;504276346;50427634600013;93300;AUBERVILLIERS;false;55;RUE DE STALINGRAD;;MONTREUIL;93100;BU;71;;;;;106;4;2;2;1;3;1;false;false;false;4;0;0;0;0;0;0;102;0;0;0;60;0;0;60;0;0;0;0;0;0;0;0;0;60;0;0;7;0;0;0;0;0;0;0;0;0;0;0;0;0;0;0;0;0;0;0;0
11;Île-de-France;93;Seine-Saint-Denis;93048;PC;09304825B0072;2;2026-02-09;;;2025;2025-01-01;2026-02;;2026-02;41.10D;6541;SCCV MONTREUIL 8 RUE MOLIERE;945359818;94535981800016;;;false;8;RUE MOLIAÃÂRE;;MONTREUIL;93100;BN;82;BN;139;;;556;4;2;4;6;1;6;false;false;false;1;0;0;0;0;0;0;0;0;396;0;0;0;0;40;0;0;0;0;0;0;0;1032;0;40;596;436;7;0;0;0;0;0;0;0;0;0;0;1032;0;0;596;436;0;0;0;0;0
11;Île-de-France;93;Seine-Saint-Denis;93048;PC;09304825B0074;2;2026-02-03;;;2025;2025-01-01;2026-02;;2026-02;68.10Z;5499;TAL CORPORATE;388786113;38878611300067;75004;PARIS;false;119;BOULEVARD DE CHANZY;;MONTREUIL;93100;AV;31;;;;;201;4;1;1;1;;;false;false;false;7;0;0;0;0;0;0;200;628;0;200;0;0;153;0;0;0;0;0;0;0;0;0;153;0;0;0;7;0;0;0;0;0;0;0;0;0;0;0;0;0;0;0;0;0;0;0;0
11;Île-de-France;93;Seine-Saint-Denis;93048;PC;09304825B0086;2;2025-10-28;;;2025;2025-01-01;2025-10;;2025-10;69.10Z;5485;SELARL QUENTIN AZOU;827944018;82794401800023;93100;MONTREUIL;false;51;RUE DE LA REPUBLIQUE;;MONTREUIL;93100;BC;47;;;;;91;4;2;3;3;1;3;true;false;false;0;0;0;0;0;0;0;75;0;16;0;0;0;0;0;0;0;0;0;0;0;0;120;15;0;0;16;7;0;0;0;0;0;120;15;0;0;16;0;0;0;0;0;0;0;0;0;0
11;Île-de-France;93;Seine-Saint-Denis;93048;PC;09304825B0093;2;2025-11-25;;;2025;2025-01-01;2025-11;;2025-11;;;;;;93100;MONTREUIL;false;36;RUE LEBOUR;;MONTREUIL;93100;BH;50;;;;;1330;4;1;1;3;;;false;false;false;0;0;0;0;0;0;0;1010;0;0;0;0;0;0;0;0;0;0;0;0;0;0;710;58;0;0;0;7;0;0;0;0;0;710;58;0;0;0;0;0;0;0;0;0;0;0;0;0
11;Île-de-France;93;Seine-Saint-Denis;93048;PC;09304825B0097;2;2025-12-02;;;2025;2025-01-01;2025-12;;2025-12;70.10Z;5710;PAULETTE;853173607;85317360700013;75012;PARIS;false;9;RUE DU CAPITAINE DREYFUS;;MONTREUIL;93100;BO;36;;;;;898;4;2;3;1;3;1;false;true;false;1;0;0;0;0;0;0;109;10;0;0;70;0;0;0;0;0;0;0;0;0;0;0;0;70;0;0;7;0;0;0;0;0;0;0;70;0;0;0;0;0;0;0;0;0;0;0;0
11;Île-de-France;93;Seine-Saint-Denis;93048;PC;09304825B0099;6;2026-02-09;2026-03-06;2026-03-11;2025;2025-01-01;2026-02;2026-03;2026-03;68.20A;6540;SCI PARIS MONTREUIL;480575125;48057512500020;;;true;20;RUE VOLTAIRE;;MONTREUIL;93100;AY;154;AY;164;AY;165;3506;4;2;3;6;4;6;false;false;true;0;0;0;0;0;0;0;987;0;0;0;0;30;0;0;0;0;0;0;0;0;0;8053;70;98;0;98;7;0;0;0;0;0;7925;70;98;0;0;98;0;0;0;98;0;0;0;0;0
11;Île-de-France;93;Seine-Saint-Denis;93048;PC;09304825B0101;2;2026-06-02;;;2025;2025-01-01;2026-06;;2026-06;;;;;;93100;MONTREUIL;false;84;RUE EDOUARD VAILLANT;;MONTREUIL;93100;BK;62;;;;;946;4;1;1;1;;;false;false;false;4;0;0;0;0;0;0;0;852;0;0;0;563;311;0;563;0;0;0;0;0;0;563;311;0;563;0;7;0;0;0;0;0;0;0;0;0;0;0;0;0;0;0;0;0;0;0;0
11;Île-de-France;93;Seine-Saint-Denis;93048;PC;09304825B0109;2;2026-06-24;;;2025;2025-01-01;2026-06;;2026-06;84.11Z;7210;COMMUNE DE MONTREUIL;219300480;21930048000015;;;false;14;ALLAÃÂE ROLAND MARTIN;;MONTREUIL;93100;CO;191;;;;;29066;4;2;4;1;3;1;false;false;false;0;0;0;0;0;0;0;1802;0;0;11;179;0;0;0;0;0;177;0;179;11;0;177;0;179;11;0;7;0;0;0;0;0;0;0;0;0;0;0;0;0;0;0;0;0;0;0;0
11;Île-de-France;93;Seine-Saint-Denis;93048;PC;09304825B0111;2;2026-06-24;;;2025;2025-01-01;2026-06;;2026-06;84.11Z;7210;COMMUNE DE MONTREUIL;219300480;21930048000015;;;false;18;RUE ANATOLE FRANCE;;MONTREUIL;93100;CD;412;;;;;7200;4;2;5;9;;;false;false;false;0;0;0;0;0;0;0;0;0;0;0;0;0;0;0;0;0;2540;351;0;103;0;2540;351;0;103;0;7;0;0;0;0;0;0;0;0;0;0;0;0;0;0;0;0;0;0;0;0
11;Île-de-France;93;Seine-Saint-Denis;93048;PC;09304825B0119;2;2026-05-26;;;2025;2025-01-01;2026-05;;2026-05;;;;;;93100;MONTREUIL;false;88;RUE DESIRE PREAUX;;MONTREUIL;93100;AP;51;AP;49;;;453;4;2;3;4;4;4;false;false;false;1;0;0;0;0;0;0;0;0;0;0;0;165;30;165;0;165;0;0;0;0;0;330;30;165;0;165;7;0;0;0;0;0;0;0;0;0;0;0;0;0;0;0;165;0;0;0;0
11;Île-de-France;93;Seine-Saint-Denis;93048;PC;09304825B0123;2;2026-02-09;;;2025;2025-01-01;2026-02;;2026-02;;;;;;93100;MONTREUIL;false;85;RUE DE ROSNY;;MONTREUIL;93100;BY;34;;;;;0;4;2;2;4;1;4;false;false;false;0;0;0;0;0;0;0;36;0;102;0;0;103;0;0;0;103;0;0;0;0;0;103;0;0;0;103;7;0;0;0;0;0;0;0;0;0;0;0;0;0;0;0;0;0;0;0;0
11;Île-de-France;93;Seine-Saint-Denis;93048;PC;09304825B0127;2;2026-07-30;;;2025;2025-01-01;2026-07;;2026-07;68.20A;5699;CDC HABITAT SOCIAL SOCIETE ANONYME D'HABITATIONS A LOYER MODERE;552046484;55204648400325;75013;PARIS;false;;;;;;;;;;;;0;4;2;5;1;;;false;false;false;6;0;0;0;0;0;0;0;1301;0;0;0;0;285;0;0;0;0;0;0;0;0;0;285;0;0;0;7;0;0;0;0;0;0;0;0;0;0;0;0;0;0;0;0;0;0;0;0
11;Île-de-France;93;Seine-Saint-Denis;93048;PC;09304825B0129;2;2026-07-27;;;2025;2025-01-01;2026-07;;2026-07;86.10Z;7364;HOPITAUX PARIS EST VAL-DE-MARNE;200027092;20002709200010;;;false;209;RUE DE ROSNY;;MONTREUIL;93100;I;89;;;;;615;4;1;1;9;;;false;false;false;2;8;0;0;0;0;0;70;0;0;70;0;73;0;0;73;0;0;549;0;0;0;244;549;0;244;0;3;0;0;0;0;0;0;0;0;0;0;0;0;0;0;0;171;0;0;171;0
11;Île-de-France;93;Seine-Saint-Denis;93048;PC;09304825B0130;2;2026-05-28;;;2025;2025-01-01;2026-05;;2026-05;71.11Z;5499;HEMLOCK;751732215;75173221500023;93100;MONTREUIL;false;36;AVENUE PAUL SIGNAC;;MONTREUIL;93100;T;58;T;59;;;1054;4;2;3;3;3;1;true;false;false;0;0;0;0;0;0;0;500;0;0;382;118;0;0;0;0;0;0;0;0;0;0;0;535;118;0;0;7;0;0;0;0;0;0;535;118;0;0;0;0;0;0;0;0;0;0;0;0
11;Île-de-France;93;Seine-Saint-Denis;93048;PC;09304826B0007;2;2026-04-24;;;2026;2026-01-01;2026-04;;2026-04;68.20B;6540;SCI RIGONDES;497677443;49767744300028;75008;PARIS;false;82;RUE DES RIGONDES;;MONTREUIL;93100;Z;18;Z;21;;;948;4;1;1;8;;;false;false;false;0;0;0;0;0;0;0;0;0;0;0;0;0;0;0;0;0;0;0;0;0;0;0;380;0;0;0;7;0;0;0;0;0;0;0;0;0;0;0;0;0;0;0;0;380;0;0;0
11;Île-de-France;93;Seine-Saint-Denis;93048;PC;09304826B0010;5;2026-06-24;2026-07-06;;2026;;2026-06;2026-07;2026-07;68.20B;6540;SCI RICHARD LAROUGE;430383034;43038303400021;;;false;2;RUE RICHARD LENOIR;;MONTREUIL;93100;AZ;25;;;;;648;4;2;2;3;4;3;false;false;false;0;0;0;0;0;0;0;0;0;0;0;0;0;0;0;0;0;0;0;184;0;0;1104;0;184;0;184;7;0;0;0;0;0;1104;0;0;0;184;0;0;0;0;0;0;0;0;0;0
11;Île-de-France;93;Seine-Saint-Denis;93048;PC;09304826B0012;2;2026-06-10;;;2026;2026-06-10;2026-06;;2026-06;70.22Z;5710;REDD;792490278;79249027800068;;;false;26;RUE EDOUARD VAILLANT;;MONTREUIL;93100;BL;180;;;;;462;4;1;1;1;;;false;false;false;6;0;0;0;0;0;0;0;383;0;0;0;339;208;0;339;0;0;0;0;0;0;339;208;0;339;0;7;0;0;0;0;0;0;0;0;0;0;0;0;0;0;0;0;0;0;0;0
11;Île-de-France;93;Seine-Saint-Denis;93048;PC;09304826B0039;2;2026-07-24;;;2026;;2026-07;;2026-07;77.32Z;5499;FONSECA ECHAFAUDAGE;499520054;49952005400036;;;false;103;BOULEVARD HENRI BARBUSSE;;MONTREUIL;93100;AD;264;;;;;424;4;2;5;8;;;false;true;true;0;0;0;0;0;0;0;0;0;0;0;0;0;0;0;0;0;0;0;0;0;0;416;270;0;165;0;7;0;0;0;0;0;20;0;0;0;0;0;0;0;0;0;396;270;0;165;0
11;Île-de-France;93;Seine-Saint-Denis;93048;PC;09304826B0047;2;2026-08-27;;;2026;2026-04-30;2026-08;;2026-08;;;;;;77000;MELUN;false;176;BOULEVARD DE CHANZY;;MONTREUIL;93100;AV;19;;;;;323;4;2;2;8;1;8;false;false;false;1;0;0;0;0;0;0;21;0;92;0;0;0;0;0;0;0;0;0;0;0;0;92;0;0;0;92;7;0;0;0;0;0;0;0;0;0;0;0;0;0;0;0;92;0;0;0;92
11;Île-de-France;93;Seine-Saint-Denis;93048;PA;09304825B0003;2;2025-12-24;;;2025;2025-01-01;2026-07;;2026-07;41.10D;6541;SCCV MONTREUIL 8 RUE MOLIERE;945359818;94535981800016;75011;PARIS;false;;;;;;;;;;;;0;4;1;4;6;1;6;false;false;false;3;0;0;0;0;0;0;0;0;325;0;0;0;0;40;0;0;0;0;0;0;0;1032;0;40;667;365;7;0;0;0;0;0;0;0;0;0;0;1032;0;0;667;365;0;0;0;0;0
11;Île-de-France;93;Seine-Saint-Denis;93048;DP;09304813B0251;2;2013-08-26;;;2013;2013-01-01;2013-08;;2013-08;;;;;;93100;MONTREUIL;false;33;BOULE P VAILLANT COUTURIER;;MONTREUIL;93100;AF;47;;;;;225;4;2;2;1;3;1;false;false;false;0;0;0;0;0;0;0;39;0;0;0;39;389;0;39;0;0;0;0;0;0;0;389;0;39;0;0;7;389;0;39;0;0;0;0;0;0;0;0;0;0;0;0;0;0;0;0;0
11;Île-de-France;93;Seine-Saint-Denis;93048;DP;09304814B0085;6;2014-06-04;2017-09-04;2024-03-22;2014;2024-03-22;2015-03;2024-03;2024-03;68.20B;6540;VERT MORVAN;421122854;42112285400019;93100;MONTREUIL;false;47;RUE EDOUARD VAILLANT;;MONTREUIL;;BK;83;;;;;383;4;2;5;9;;;false;false;false;0;0;0;0;0;0;0;113;0;0;0;0;0;0;0;0;0;241;37;0;6;0;241;37;0;6;0;4;0;0;0;0;0;0;0;0;0;0;0;0;0;0;0;0;0;0;0;0
11;Île-de-France;93;Seine-Saint-Denis;93048;DP;09304814B0178;2;2014-06-07;;;2014;2014-01-01;2015-01;;2015-01;68.20A;4140;OFFICE PUBLIC DE L'HABITAT MONTREUILLOIS;488777160;48877716000018;93100;MONTREUIL;false;2;RUE ALEXIS LEPERE;;MONTREUIL;93100;AF;287;AF;229;AF;290;5641;4;2;2;1;3;1;false;false;false;0;0;0;0;0;0;0;6613;0;0;0;61;1403;0;61;0;0;0;0;0;0;0;1403;0;61;0;0;7;0;0;0;0;0;0;0;0;0;0;0;0;0;0;0;0;0;0;0;0
11;Île-de-France;93;Seine-Saint-Denis;93048;DP;09304814B0190;2;2014-06-18;;;2014;2014-01-01;2015-03;;2015-03;;;;;;93100;MONTREUIL;false;56;RUE POULIN;;MONTREUIL;;X;396;X;394;;;246;4;2;5;4;;;false;false;false;0;0;0;0;0;0;0;136;0;0;0;0;0;19;0;0;0;0;0;0;0;0;0;19;0;0;0;7;0;0;0;0;0;0;0;0;0;0;0;0;0;0;0;0;0;0;0;0
11;Île-de-France;93;Seine-Saint-Denis;93048;DP;09304814B0262;6;2014-09-11;2015-05-11;2016-08-31;2014;2016-08-31;2015-03;2022-05;2022-05;;;;;;93190;LIVRY GARGAN;false;182;BOULEVARD DE LA BOISSIERE;;MONTREUIL;;D;95;;;;;180;4;2;5;4;;;false;false;false;0;0;0;0;0;0;0;446;0;0;0;0;0;16;0;0;0;0;0;0;0;0;0;16;0;0;0;7;0;0;0;0;0;0;0;0;0;0;0;0;0;0;0;0;0;0;0;0
11;Île-de-France;93;Seine-Saint-Denis;93048;DP;09304814B0314;2;2014-10-09;;;2014;2014-01-01;2015-03;;2015-03;85.53Z;5460;AFDM PRO;803686435;;93100;MONTREUIL;false;8;RUE JEAN JACQUES ROUSSEAU;;MONTREUIL;;BF;170;;;;;1458;4;2;2;4;4;4;true;false;false;0;0;0;0;0;0;0;0;0;0;0;0;1090;0;100;0;100;70;0;0;0;0;1160;0;100;0;100;7;0;0;0;0;0;0;0;0;0;0;0;0;0;0;0;0;0;0;0;0
11;Île-de-France;93;Seine-Saint-Denis;93048;DP;09304814B0335;6;2014-10-17;2015-04-17;2016-06-16;2014;2016-06-16;2015-03;2022-05;2022-05;;;;;;93100;MONTREUIL;false;19;RUE PIERRE JEAN DE BERANGE;;MONTREUIL;;CL;48;;;;;162;4;2;5;4;;;false;false;false;0;0;0;0;0;0;0;144;0;0;0;0;0;24;0;0;0;0;0;0;0;0;0;24;0;0;0;7;0;0;0;0;0;0;0;0;0;0;0;0;0;0;0;0;0;0;0;0
11;Île-de-France;93;Seine-Saint-Denis;93048;DP;09304815B0150;6;2015-06-15;2015-12-15;2016-11-28;2015;2015-01-01;2015-06;2022-05;2022-05;65.12Z;5599;MAAF ASSURANCES SA;542073580;54207358000046;79036;NIORT CEDEX;false;8;BD CHANZY;;MONTREUIL;93100;AR;229;;;;;2155;4;2;5;3;;;false;false;false;0;0;0;0;0;0;0;0;0;0;0;0;0;0;0;0;0;0;0;0;0;0;163;2;0;0;0;7;0;0;0;0;0;163;2;0;0;0;0;0;0;0;0;0;0;0;0;0
11;Île-de-France;93;Seine-Saint-Denis;93048;DP;09304815B0209;2;2015-07-24;;;2015;2015-01-01;2015-07;;2015-07;84.11Z;7348;COMMUNAUTE D AGGLOMERATION EST ENSEMBLE;200023430;20002343000032;93230;ROMAINVILLE;false;14;BOULEVARD ROUGET DE L'ISLE;BIBLIOTHEQUE R. DESNOS;MONTREUIL;93100;AK;219;;;;;14374;4;2;2;1;3;1;false;false;false;0;0;0;0;0;0;0;172;0;0;0;172;0;0;0;0;0;2741;0;0;0;0;3029;0;172;0;0;7;0;0;0;0;0;288;0;172;0;0;0;0;0;0;0;0;0;0;0;0
11;Île-de-France;93;Seine-Saint-Denis;93048;DP;09304815B0218;6;2015-07-15;2015-09-15;2016-03-04;2015;2015-01-01;2015-07;2022-05;2022-05;56.10C;5499;LE NIL;801673658;80167365800010;93100;MONTREUIL;false;127;BOULEVARD CHANZY;;MONTREUIL;93100;AV;34;;;;;569;4;2;5;4;;;false;false;true;2;0;0;0;0;0;0;188;0;0;0;0;574;26;0;0;0;0;0;0;0;0;574;26;0;0;0;7;0;0;0;0;0;0;0;0;0;0;0;0;0;0;0;0;0;0;0;0
11;Île-de-France;93;Seine-Saint-Denis;93048;DP;09304815B0250;2;2015-09-21;;;2015;2015-01-01;2015-09;;2015-09;94.99Z;9220;CNFR ET ASSOCIATIONS DE DEVELOPPEMENT ET D ANIMATION DU MILIEU RURAL C.N.F.R;775685431;77568543100048;75015;PARIS;false;17/19;RUE NAVOISEAU;;MONTREUIL;93100;BK;53;BK;286;;;1495;4;2;2;4;4;4;true;false;false;0;0;0;0;0;0;0;3134;0;0;0;0;863;0;0;0;573;0;0;0;0;0;863;0;573;0;573;7;0;0;0;0;0;0;0;573;0;0;0;0;0;0;0;0;0;0;0;0
11;Île-de-France;93;Seine-Saint-Denis;93048;DP;09304815B0255;6;2015-07-30;2015-08-30;2015-10-01;2015;2015-01-01;2015-07;2022-05;2022-05;;;;;;93100;MONTREUIL;false;20;RUE VOLTAIRE;;MONTREUIL;93100;AY;154;AY;164;AY;165;3506;4;2;5;4;;;false;false;false;0;0;0;0;0;0;0;787;3;0;0;0;0;30;0;0;0;0;0;0;0;0;8187;30;0;0;0;7;0;0;0;0;0;8187;0;0;0;0;0;0;0;0;0;0;0;0;0;0
11;Île-de-France;93;Seine-Saint-Denis;93048;DP;09304815B0260;2;2015-09-21;;;2015;2015-01-01;2015-09;;2015-09;;;;;;75020;PARIS;false;156;BD DE LA BOISSIERE;;MONTREUIL;93100;C;74;;;;;420;4;1;1;4;;;false;false;false;0;0;0;0;0;0;0;0;0;0;0;0;0;30;0;0;0;0;0;0;0;0;135;30;0;0;0;7;0;0;0;0;0;0;0;0;0;0;0;0;0;0;0;135;0;0;0;0
11;Île-de-France;93;Seine-Saint-Denis;93048;DP;09304815B0283;2;2015-08-24;;;2015;2015-01-01;2015-08;;2015-08;41.10D;5202;SNC DE BEAUVOIR;485207302;48520730200012;65000;TARBES;false;23-35;RUE DES DEUX COMMUNES;;MONTREUIL;93100;BF;80;BF;204;BF;206;4412;4;2;2;4;4;4;false;true;false;0;0;0;0;0;0;0;9428;0;0;0;0;254;0;254;0;254;0;0;0;0;0;254;0;254;0;254;7;0;0;0;0;0;0;0;0;0;0;0;0;0;0;0;0;0;0;0;0
11;Île-de-France;93;Seine-Saint-Denis;93048;DP;09304815B0299;6;2015-10-21;2015-12-21;2016-05-23;2015;2015-01-01;2015-10;2022-05;2022-05;70.10Z;5485;SELARL PHARMACIE LECONTE;799164413;79916441300012;93100;MONTREUIL;false;15;RUE DES LUMIERES;;MONTREUIL;93100;AJ;214;;;;;0;4;2;5;4;;;false;false;false;0;0;0;0;0;0;0;0;0;0;0;0;107;19;0;0;0;0;0;0;0;0;107;19;0;0;0;7;0;0;0;0;0;0;0;0;0;0;0;0;0;0;0;0;0;0;0;0
11;Île-de-France;93;Seine-Saint-Denis;93048;DP;09304815B0322;6;2015-10-16;2015-12-16;2016-05-09;2015;2015-01-01;2015-10;2022-05;2022-05;68.20B;6540;SCI MES-ANGES;809463581;80946358100011;75009;PARIS-;false;28 BI;RUE GASTON LAURIAU;;MONTREUIL;93100;BU;32;;;;;464;4;2;3;1;3;1;true;false;false;0;0;0;0;0;0;0;144;0;0;0;128;0;0;0;0;0;0;9;128;0;0;0;9;128;0;0;6;0;0;0;0;0;0;0;0;0;0;0;0;0;0;0;0;0;0;0;0
11;Île-de-France;93;Seine-Saint-Denis;93048;DP;09304815B0329;2;2015-10-21;;;2015;2015-01-01;2015-10;;2015-10;68.20B;6540;SCI DUMIL;319160388;31916038800025;93100;MONTREUIL;false;25-27;RUE DE LA REPUBLIQUE;;MONTREUIL;93100;BG;10;BG;15;;;1127;4;2;2;3;4;3;true;false;false;0;0;0;0;0;0;0;376;0;0;0;0;0;0;30;0;0;0;0;0;0;0;1404;0;30;0;30;7;0;0;0;0;0;220;0;0;0;30;0;0;0;0;0;1184;0;0;0;0
11;Île-de-France;93;Seine-Saint-Denis;93048;DP;09304815B0376;6;2015-12-22;2016-01-22;2016-04-14;2015;2015-01-01;2015-12;2022-05;2022-05;;;;;;59800;LILLE;false;9;RUE CLOTILDE GAILLARD;;MONTREUIL;93100;BO;162;;;;;349;4;2;6;3;;;true;false;false;0;0;0;0;0;0;0;157;0;0;0;0;0;0;0;0;0;0;0;0;0;0;180;9;0;30;0;7;0;0;0;0;0;180;9;0;30;0;0;0;0;0;0;0;0;0;0;0
11;Île-de-France;93;Seine-Saint-Denis;93048;DP;09304815B0392;2;2015-12-22;;;2015;2015-01-01;2015-12;;2015-12;;;;;;94700;MAISONS-ALFORT;false;3;AVENUE GABRIEL PERI;;MONTREUIL;93100;BN;49;;;;;0;4;2;2;4;4;4;false;false;false;0;0;0;0;0;0;0;0;0;0;0;0;69;0;69;0;69;0;0;0;0;0;69;0;69;0;69;7;0;0;0;0;0;0;0;0;0;0;0;0;0;0;0;0;0;0;0;0
11;Île-de-France;93;Seine-Saint-Denis;93048;DP;09304816B0014;6;2016-03-10;2016-05-10;2016-08-26;2016;2016-01-01;2016-04;2022-05;2022-05;70.10Z;5499;NURSERINE;814769121;81476912100017;93100;MONTREUIL;false;48 -;RUE MICHELET;;MONTREUIL;93100;BK;53;BK;286;;;455;4;2;2;4;4;4;false;false;false;0;0;0;0;0;0;0;3134;0;0;0;0;290;0;0;0;170;0;0;170;0;0;863;0;170;0;170;4;0;0;0;0;0;573;0;0;0;0;0;0;0;0;0;0;0;0;0;0
11;Île-de-France;93;Seine-Saint-Denis;93048;DP;09304816B0020;2;2016-03-15;;;2016;2016-01-01;2016-03;;2016-03;41.10D;5202;SNC DE BEAUVOIR;485207302;48520730200012;65000;TARBES;false;23-25;RUE DES 2 COMMUNES;;MONTREUIL;93100;BF;80;BF;204;;;4403;4;2;2;4;4;4;false;false;false;0;0;0;0;0;0;0;9428;0;0;0;0;254;0;0;0;254;0;0;0;0;0;254;0;254;0;254;7;0;0;0;0;0;0;0;254;0;0;0;0;0;0;0;0;0;0;0;0
11;Île-de-France;93;Seine-Saint-Denis;93048;DP;09304816B0023;2;2016-03-10;;;2016;2016-01-01;2016-04;;2016-04;88.99B;9230;LES RESTAURANTS DU COEUR;339863417;;93420;VILLEPINTE;false;70;RUE DOUY DELCUPE;;MONTREUIL;93100;AS;238;;;;;9478;4;2;2;4;4;4;false;false;false;0;0;0;0;0;0;0;11979;0;0;0;0;450;0;0;0;258;0;0;258;0;0;907;0;258;0;258;6;0;0;0;0;0;457;0;0;0;0;0;0;0;0;0;0;0;0;0;0
11;Île-de-France;93;Seine-Saint-Denis;93048;DP;09304816B0032;2;2016-05-13;;;2016;2016-01-01;2016-05;;2016-05;47.11B;5499;SELLARU;519845051;51984505100019;93100;MONTREUIL;false;35;RUE DU CLOS FRANCAIS;;MONTREUIL;93100;AO;265;;;;;1199;4;2;5;4;;;false;false;false;0;0;0;0;0;0;0;0;0;0;0;0;215;2;0;0;0;0;0;0;0;0;215;2;0;0;0;7;0;0;0;0;0;0;0;0;0;0;0;0;0;0;0;0;0;0;0;0
11;Île-de-France;93;Seine-Saint-Denis;93048;DP;09304816B0048;2;2016-02-26;;;2016;2016-01-01;2016-04;;2016-04;61.10Z;5599;ORANGE;380129866;38012986613512;94815;VILLEJUIF CEDEX;false;154;BD THEOPHILE SUEUR / 32 RU;;MONTREUIL;93100;CI;105;;;;;4020;4;2;5;9;;;false;false;false;0;0;0;0;0;0;0;4020;0;0;0;0;0;0;0;0;0;0;70;0;0;0;0;70;0;0;0;5;0;0;0;0;0;0;0;0;0;0;0;0;0;0;0;0;0;0;0;0
11;Île-de-France;93;Seine-Saint-Denis;93048;DP;09304816B0139;2;2016-07-04;;;2016;2016-01-01;2016-11;;2016-11;;;;;;93100;MONTREUIL;false;9;VILLA DE L UNION;;MONTREUIL;;CF;96;;;;;150;4;1;1;7;;;false;false;false;0;0;0;155;0;0;0;155;0;0;0;0;0;0;0;0;0;0;0;0;0;0;0;155;0;0;0;7;0;0;0;0;0;0;0;0;0;0;0;0;0;0;0;0;0;0;0;0
11;Île-de-France;93;Seine-Saint-Denis;93048;DP;09304816B0147;2;2016-06-17;;;2016;2016-01-01;2016-11;;2016-11;64.19Z;5560;BRED BANQUE POPULAIRE;552091795;55209179500492;75012;PARIS-12E-ARRONDISSEMENT;false;62;BD ROUGET DE L'ISLE;;MONTREUIL;93100;BO;29;BO;30;;;1192;4;2;5;4;;;true;false;false;0;0;0;0;0;0;0;1515;0;0;0;0;308;2;0;0;0;0;0;0;0;0;308;2;0;0;0;7;0;0;0;0;0;0;0;0;0;0;0;0;0;0;0;0;0;0;0;0
11;Île-de-France;93;Seine-Saint-Denis;93048;DP;09304816B0209;2;2016-07-22;;;2016;2016-01-01;2016-11;;2016-11;70.10Z;5710;RAYANE;811341114;81134111400015;93100;MONTREUIL;false;1;BOULEVARD ROUGET DE LISLE;;MONTREUIL;93100;AK;1;;;;;163;4;1;1;4;;;false;false;false;0;0;0;0;0;0;0;0;0;0;0;0;0;14;0;0;0;0;0;0;0;0;0;14;0;0;0;7;0;0;0;0;0;0;0;0;0;0;0;0;0;0;0;0;0;0;0;0
11;Île-de-France;93;Seine-Saint-Denis;93048;DP;09304816B0225;6;2016-07-11;2016-07-11;2016-07-15;2016;2016-01-01;2016-11;2022-05;2022-05;68.20B;6540;SCI LE VERDIER IMMO;791019615;79101961500016;93100;MONTREUIL;false;292;BD THEOPHILE SUEUR;;MONTREUIL;93100;CG;96;CG;97;;;372;4;2;2;1;3;1;true;false;false;0;0;0;0;0;0;0;170;0;0;0;170;0;0;0;0;0;0;0;0;0;0;0;0;170;0;0;7;0;0;0;0;0;0;0;170;0;0;0;0;0;0;0;0;0;0;0;0
11;Île-de-France;93;Seine-Saint-Denis;93048;DP;09304816B0250;2;2016-08-29;;;2016;2016-01-01;2016-11;;2016-11;68.20A;6540;SCI VITAL;403436439;40343643900018;93100;MONTREUIL;false;221;BD THEOPHILE SUEUR;;MONTREUIL;93100;CG;4;;;;;201;4;2;5;8;;;true;true;false;0;0;0;0;0;0;0;80;0;0;0;0;80;0;0;0;0;0;0;0;0;0;101;19;0;0;0;7;0;0;0;0;0;0;0;0;0;0;0;0;0;0;0;21;19;0;0;0
11;Île-de-France;93;Seine-Saint-Denis;93048;DP;09304816B0313;2;2016-12-05;;;2016;2016-01-01;2016-12;;2016-12;;;;;;93100;MONTREUIL;false;26;RUE ROBESPIERRE;;MONTREUIL;93100;AY;210;;;;;210;4;2;2;4;4;4;true;false;false;2;0;0;0;0;0;0;152;0;0;0;0;656;0;310;0;310;0;0;0;0;0;656;0;310;0;310;7;0;0;0;0;0;0;0;0;0;0;0;0;0;0;0;0;0;0;0;0
11;Île-de-France;93;Seine-Saint-Denis;93048;DP;09304816B0369;2;2017-03-09;;;2016;2016-01-01;2017-03;;2017-03;94.99Z;9220;CNFR ET ASSOCIATIONS DE DEVELOPPEMENT ET D ANIMATION DU MILIEU RURAL C.N.F.R;775685431;;93100;MONTREUIL;false;17;RUE NAVOISEAU;;MONTREUIL;93100;BK;53;;;;;1207;4;2;2;4;4;4;true;false;false;0;0;0;0;0;0;0;3134;0;0;0;0;863;0;0;0;475;0;0;0;0;0;863;0;475;0;475;7;0;0;0;0;0;0;0;475;0;0;0;0;0;0;0;0;0;0;0;0
11;Île-de-France;93;Seine-Saint-Denis;93048;DP;09304816B0374;6;2017-01-26;2017-02-26;2017-04-02;2016;2016-01-01;2017-02;2022-05;2022-05;68.20B;5499;FRATERNITE;799578406;79957840600024;92240;MALAKOFF;false;77;RUE DE LA FRATERNITE;;MONTREUIL;93100;AV;169;AV;169;;;106;4;2;2;4;4;4;true;false;false;0;0;0;0;0;0;0;128;0;0;0;0;140;0;0;0;140;0;0;0;0;0;289;0;140;0;140;7;0;0;0;0;0;0;0;140;0;0;149;0;0;0;0;0;0;0;0;0
11;Île-de-France;93;Seine-Saint-Denis;93048;DP;09304817B0083;6;2017-06-19;2017-07-19;2017-10-01;2017;2017-01-01;2017-06;2022-05;2022-05;;;;;;75020;PARIS;false;45;RUE MALOT;;MONTREUIL;93100;BT;75;BT;217;BT;216;486;4;2;5;4;;;false;false;false;0;0;0;0;0;0;0;0;0;0;0;0;0;38;0;0;0;0;0;0;0;0;0;38;0;0;0;7;0;0;0;0;0;0;0;0;0;0;0;0;0;0;0;0;0;0;0;0
11;Île-de-France;93;Seine-Saint-Denis;93048;DP;09304817B0098;2;2017-05-31;;;2017;2017-01-01;2017-05;;2017-05;70.22Z;5499;B AND B PERFORMANCE;519061311;51906131100022;;FONTENAY SOUS BOIS;false;216;RUE DE ROSNY;;MONTREUIL;93100;BZ;484;;;;;2410;4;2;2;3;4;3;true;false;false;0;0;0;0;0;0;0;0;0;0;0;0;0;0;0;0;0;0;0;0;0;0;286;0;286;0;286;7;0;0;0;0;0;286;0;286;0;286;0;0;0;0;0;0;0;0;0;0
11;Île-de-France;93;Seine-Saint-Denis;93048;DP;09304817B0121;6;2017-05-17;2017-05-17;2017-05-30;2017;2017-01-01;2017-05;2022-05;2022-05;94.99Z;9220;LE FAIT TOUT;823398409;82339840900016;93100;MONTREUIL;false;164;RUE EDOUARD BRANLY;;MONTREUIL;93100;E;2;E;214;;;3905;4;2;5;9;;;false;false;false;0;0;0;0;0;0;0;0;0;0;0;0;0;0;0;0;0;0;30;0;0;0;0;30;0;0;0;6;0;0;0;0;0;0;0;0;0;0;0;0;0;0;0;0;0;0;0;0
11;Île-de-France;93;Seine-Saint-Denis;93048;DP;09304817B0132;2;2017-05-05;;;2017;2017-01-01;2017-05;;2017-05;70.10Z;5710;MINILIONS;820372837;82037283700014;75004;PARIS-4E-ARRONDISSEMENT;false;19 B;RUE EMILE ZOLA;;MONTREUIL;93100;AY;168;;;;;683;4;2;2;3;4;3;true;false;false;0;0;0;0;0;0;0;684;0;0;0;0;0;0;0;0;0;389;0;140;0;0;529;0;140;0;140;4;0;0;0;0;0;140;0;0;0;140;0;0;0;0;0;0;0;0;0;0
11;Île-de-France;93;Seine-Saint-Denis;93048;DP;09304817B0137;2;2017-04-27;;;2017;2017-01-01;2017-04;;2017-04;84.11Z;7220;DEPARTEMENT DE LA SEINE SAINT DENIS;229300082;22930008201453;93006;BOBIGNY CEDEX;false;34 B;RUE JULES GUESDE;;MONTREUIL;93100;CM;304;;;;;1390;4;2;2;1;3;1;true;false;false;0;0;0;0;0;0;0;111;0;0;0;111;0;0;0;0;0;773;0;111;0;0;773;0;111;0;0;4;0;0;0;0;0;0;0;0;0;0;0;0;0;0;0;0;0;0;0;0
11;Île-de-France;93;Seine-Saint-Denis;93048;DP;09304817B0168;2;2017-06-19;;;2017;2017-01-01;2017-06;;2017-06;;;;;;93100;MONTREUIL;false;37;AV WALWEIN;;MONTREUIL;93100;AI;34;;;;;94;4;2;5;9;;;false;false;false;0;0;0;0;0;0;0;80;0;0;0;0;0;0;0;0;0;39;18;0;0;0;39;18;0;0;0;3;0;0;0;0;0;0;0;0;0;0;0;0;0;0;0;0;0;0;0;0
11;Île-de-France;93;Seine-Saint-Denis;93048;DP;09304817B0240;4;2017-08-16;;;2017;2017-01-01;2017-08;;2017-08;68.20B;6540;SCI UNZA;830136404;83013640400019;93350;LE BOURGET;false;148;BD CHANZY;;MONTREUIL;93100;AV;175;;;;;5049;4;2;2;4;4;4;false;false;false;0;0;0;0;0;0;0;10674;0;0;0;0;1105;0;0;0;134;124;0;0;0;0;1229;0;134;0;134;7;0;0;0;0;0;0;0;134;0;0;0;0;0;0;0;0;0;0;0;0
11;Île-de-France;93;Seine-Saint-Denis;93048;DP;09304817B0361;2;2018-01-23;;;2017;2017-01-01;2018-01;;2018-01;88.99B;9220;ORPHELIN NATION CH FER FRANCE;775676224;77567622400162;93515;MONTREUIL;false;23;RUE CLOTILDE GAILLARD;;MONTREUIL;93100;BU;213;;;;;772;4;2;5;2;;;true;false;false;0;0;0;0;0;0;0;0;0;0;0;0;1571;15;0;0;0;0;0;0;0;0;1571;15;0;0;0;7;1571;15;0;0;0;0;0;0;0;0;0;0;0;0;0;0;0;0;0;0
11;Île-de-France;93;Seine-Saint-Denis;93048;DP;09304817B0390;2;2018-01-09;;;2017;2017-01-01;2018-01;;2018-01;;;;;;S1209;GENEVE;false;63;RUE BARBES;;MONTREUIL;93100;BH;181;;;;;0;4;2;2;4;4;4;false;false;false;0;0;0;0;0;0;0;0;0;0;0;0;74;0;23;0;23;0;0;0;0;0;74;0;23;0;23;7;0;0;0;0;0;0;0;0;0;0;0;0;0;0;0;0;0;0;0;0
11;Île-de-France;93;Seine-Saint-Denis;93048;DP;09304817B0410;2;2018-02-13;;;2017;2017-01-01;2018-02;;2018-02;68.20A;4140;OFFICE PUBLIC DE L'HABITAT MONTREUILLOIS;488777160;48877716000018;93100;MONTREUIL;false;27-29;RUE FRANCOIS ARAGO;;MONTREUIL;93100;AS;65;AS;66;AS;68;5178;4;2;5;3;;;true;false;false;0;0;0;0;0;0;0;7200;0;0;0;0;0;0;0;0;0;0;0;0;0;0;841;9;0;0;0;7;0;0;0;0;0;841;9;0;0;0;0;0;0;0;0;0;0;0;0;0
11;Île-de-France;93;Seine-Saint-Denis;93048;DP;09304818B0103;6;2018-04-17;2018-08-17;2019-04-24;2018;2018-01-01;2018-04;2022-05;2022-05;61.20Z;5599;BOUYGUES TELECOM;397480930;39748093002763;92366;MEUDON LA FORET CEDEX;false;126;RUE DES RUFFINS;;MONTREUIL;93100;CR;267;;;;;3788;4;2;5;9;;;false;false;false;0;0;0;0;0;0;0;0;0;0;0;0;0;0;0;0;0;0;2;0;0;0;0;2;0;0;0;5;0;0;0;0;0;0;0;0;0;0;0;0;0;0;0;0;0;0;0;0
11;Île-de-France;93;Seine-Saint-Denis;93048;DP;09304818B0111;2;2018-05-28;;;2018;2018-01-01;2018-05;;2018-05;88.91A;9220;MAMANS POULES;429185077;42918507700022;93100;MONTREUIL;false;2-4;PLACE DU 14 JUILLET;;MONTREUIL;93100;BO;341;;;;;21182;4;1;1;9;;;true;false;false;0;0;0;0;0;0;0;43262;0;0;0;0;0;0;0;0;0;2390;12;0;0;0;2390;12;0;0;0;4;0;0;0;0;0;0;0;0;0;0;0;0;0;0;0;0;0;0;0;0
11;Île-de-France;93;Seine-Saint-Denis;93048;DP;09304818B0133;2;2018-05-07;;;2018;2018-01-01;2018-05;;2018-05;84.11Z;7210;COMMUNE DE MONTREUIL;219300480;21930048000015;93100;MONTREUIL;false;12;PLACE DU GENERAL DE GAULLE;;MONTREUIL;93100;AC;216;;;;;3842;4;2;5;9;;;true;false;false;0;0;0;0;0;0;0;0;0;0;0;0;0;0;0;0;0;3594;16;0;0;0;3594;16;0;0;0;2;0;0;0;0;0;0;0;0;0;0;0;0;0;0;0;0;0;0;0;0
11;Île-de-France;93;Seine-Saint-Denis;93048;DP;09304818B0155;6;2018-05-07;2018-05-07;2018-06-05;2018;2018-01-01;2018-05;2022-05;2022-05;68.20B;6540;SCI HEZEL;498261585;;94350;VILLIERS-SUR-MARNE;false;137 B;RUE DE PARIS;;MONTREUIL;93100;BH;83;;;;;277;4;2;2;1;3;1;false;false;false;0;0;0;0;0;0;0;617;0;0;0;17;109;0;17;0;0;0;0;0;0;0;109;0;17;0;0;7;0;0;0;0;0;0;0;0;0;0;0;0;0;0;0;0;0;0;0;0
11;Île-de-France;93;Seine-Saint-Denis;93048;DP;09304818B0290;2;2018-09-07;;;2018;2018-01-01;2018-09;;2018-09;84.11Z;7210;COMMUNE DE MONTREUIL;219300480;21930048000015;93100;MONTREUIL;false;6;RUE MARCELIN BERTHELOT;;MONTREUIL;93100;BM;28;;;;;7424;4;2;2;1;3;1;false;false;false;0;0;0;0;0;0;0;98;0;0;0;98;0;0;0;0;0;1180;0;98;0;0;1180;0;98;0;0;6;0;0;0;0;0;0;0;0;0;0;0;0;0;0;0;0;0;0;0;0
11;Île-de-France;93;Seine-Saint-Denis;93048;DP;09304818B0328;2;2018-08-24;;;2018;2018-01-01;2018-09;;2018-09;84.11Z;7210;COMMUNE DE MONTREUIL;219300480;21930048000015;93100;MONTREUIL;false;4-6;PLACE DE LA REPUBLIQUE;;MONTREUIL;93100;BH;145;;;;;951;4;2;5;3;;;true;false;false;0;0;0;0;0;0;0;0;0;0;0;0;0;0;0;0;0;0;0;0;0;0;0;18;0;0;0;7;0;0;0;0;0;0;18;0;0;0;0;0;0;0;0;0;0;0;0;0
11;Île-de-France;93;Seine-Saint-Denis;93048;DP;09304818B0333;6;2018-09-21;2018-09-21;2018-09-23;2018;2018-01-01;2018-09;2022-05;2022-05;68.20B;6540;LES ATELIERS VOLT'AIR;483116935;48311693500014;93100;MONTREUIL;false;20;RUE VOLTAIRE;;MONTREUIL;93100;AY;154;AY;164;AY;165;3506;4;2;2;4;4;4;false;false;false;0;0;0;0;0;0;0;899;0;0;0;0;256;0;0;0;226;0;0;0;0;0;8145;0;226;0;226;7;0;0;0;0;0;7889;0;226;0;0;0;0;0;0;0;0;0;0;0;0
11;Île-de-France;93;Seine-Saint-Denis;93048;DP;09304818B0346;6;2018-09-20;2018-12-20;2019-07-31;2018;2018-01-01;2018-09;2022-05;2022-05;;;;;;94220;CHARENTON-LE-PONT;false;20;RUE DE VALMY;;MONTREUIL;93100;BD;81;;;;;0;4;2;2;4;4;4;false;false;false;0;0;0;0;0;0;0;0;0;0;0;0;70;0;70;0;70;0;0;0;0;0;70;0;70;0;70;7;0;0;0;0;0;0;0;0;0;0;0;0;0;0;0;0;0;0;0;0
11;Île-de-France;93;Seine-Saint-Denis;93048;DP;09304818B0474;6;2018-12-21;2019-10-21;2021-06-29;2018;2018-01-01;2018-12;2022-05;2022-05;61.10Z;5710;CELLNEX FRANCE SAS;821460102;82146010200030;92310;SEVRES;false;1;ALLEE MAURICE CHEVALIER;;MONTREUIL;93100;AO;263;;;;;7908;4;2;5;9;;;false;false;false;0;0;0;0;0;0;0;0;0;0;0;0;0;0;0;0;0;0;5;0;0;0;0;5;0;0;0;5;0;0;0;0;0;0;0;0;0;0;0;0;0;0;0;0;0;0;0;0
11;Île-de-France;93;Seine-Saint-Denis;93048;DP;09304818B0476;6;2019-03-11;2020-06-11;2022-12-09;2018;2018-01-01;2019-03;2025-07;2025-07;61.10Z;5710;CELLNEX FRANCE SAS;821460102;82146010200030;92310;SEVRES;false;2;PLACE DU 19 MARS 1962;;MONTREUIL;93100;BO;341;;;;;21182;4;2;5;9;;;false;false;false;0;0;0;0;0;0;0;0;0;0;0;0;0;0;0;0;0;0;5;0;0;0;0;5;0;0;0;5;0;0;0;0;0;0;0;0;0;0;0;0;0;0;0;0;0;0;0;0
11;Île-de-France;93;Seine-Saint-Denis;93048;DP;09304818B0489;2;2019-01-18;;;2018;2018-01-01;2019-01;;2019-01;64.19Z;5599;BANQUE CHAABI DU MAROC;722047552;;75016;PARIS-16E-ARRONDISSEMENT;false;42;BD CHANZY;;MONTREUIL;93100;AR;85;;;;;412;4;2;2;4;4;4;false;false;false;0;0;0;0;0;0;0;0;0;0;0;0;100;0;100;0;100;0;0;0;0;0;100;0;100;0;100;7;0;0;0;0;0;0;0;0;0;0;0;0;0;0;0;0;0;0;0;0
11;Île-de-France;93;Seine-Saint-Denis;93048;DP;09304819B0047;4;2019-04-26;;;2019;2019-01-01;2019-05;;2019-05;;;;;;06140;VENCE;false;56;RUE MARCEAU;;MONTREUIL;93100;BG;147;;;;;82;4;2;5;4;;;false;false;false;0;0;0;0;0;0;0;0;0;0;0;0;29;12;0;0;0;0;0;0;0;0;29;12;0;0;0;7;0;0;0;0;0;0;0;0;0;0;0;0;0;0;0;0;0;0;0;0
11;Île-de-France;93;Seine-Saint-Denis;93048;DP;09304819B0087;2;2019-04-03;;;2019;2019-01-01;2019-05;;2019-05;;;;;;93100;MONTREUIL;false;20;RUE VOLTAIRE;;MONTREUIL;93100;AY;154;AY;164;AY;165;2777;4;2;3;4;1;4;false;false;false;0;0;0;0;0;0;0;25;17;15;0;0;58;15;0;0;15;0;0;0;0;0;58;15;0;0;15;7;0;0;0;0;0;0;0;0;0;0;0;0;0;0;0;0;0;0;0;0
11;Île-de-France;93;Seine-Saint-Denis;93048;DP;09304819B0098;6;2019-07-18;2019-07-18;2019-07-25;2019;2019-01-01;2019-07;2022-05;2022-05;68.20B;6540;SCI MONTREUIL;753589548;75358954800027;69007;LYON;false;47;AVENUE PASTEUR;;MONTREUIL;93100;AL;203;;;;;536;4;2;2;3;4;3;false;false;false;0;0;0;0;0;0;0;0;0;0;0;0;0;0;0;0;0;0;0;0;0;0;1842;0;101;0;101;7;0;0;0;0;0;1842;0;101;0;101;0;0;0;0;0;0;0;0;0;0
11;Île-de-France;93;Seine-Saint-Denis;93048;DP;09304819B0161;6;2019-05-21;2019-05-21;2019-05-22;2019;2019-01-01;2019-05;2022-05;2022-05;84.11Z;7210;COMMUNE DE MONTREUIL;219300480;21930048000015;93100;MONTREUIL;false;107/1;BD DE LA BOISSIERE;;MONTREUIL;93100;B;54;;;;;0;4;2;2;9;4;9;false;false;false;0;0;0;0;0;0;0;0;0;0;0;0;0;0;65;0;0;65;0;0;0;65;65;0;65;0;65;7;0;0;0;0;0;0;0;0;0;0;0;0;0;0;0;0;0;0;0;0
11;Île-de-France;93;Seine-Saint-Denis;93048;DP;09304819B0165;6;2019-06-21;2019-09-21;2020-03-30;2019;2019-01-01;2019-07;2024-03;2024-03;61.10Z;5710;CELLNEX FRANCE SAS;821460102;82146010200030;92366;MEUDON LA FORET CEDEX;false;31;RUE DES ROCHES;;MONTREUIL;93100;G;175;;;;;1585;4;1;1;9;;;false;false;false;0;0;0;0;0;0;0;0;0;0;0;0;0;0;0;0;0;0;5;0;0;0;0;5;0;0;0;5;0;0;0;0;0;0;0;0;0;0;0;0;0;0;0;0;0;0;0;0
11;Île-de-France;93;Seine-Saint-Denis;93048;DP;09304819B0192;2;2019-08-06;;;2019;2019-01-01;2019-08;;2019-08;61.20Z;5710;T D F;342404399;34240439900145;93260;LES LILAS;false;72;RUE DE LA SOLIDARITE;;MONTREUIL;93100;BR;145;;;;;2291;4;1;1;9;;;false;false;false;0;0;0;0;0;0;0;0;0;0;0;0;0;0;0;0;0;0;2;0;0;0;0;2;0;0;0;5;0;0;0;0;0;0;0;0;0;0;0;0;0;0;0;0;0;0;0;0
11;Île-de-France;93;Seine-Saint-Denis;93048;DP;09304819B0218;2;2019-07-10;;;2019;2019-01-01;2019-07;;2019-07;68.20B;6540;SCI SONIA;524047081;52404708100012;93100;MONTREUIL;false;256;BD ARISTIDE BRIAND;;MONTREUIL;93100;B;219;;;;;384;4;2;2;1;3;1;false;false;false;0;0;0;0;0;0;0;49;0;0;0;49;0;0;49;0;0;0;0;0;0;0;0;0;49;0;0;7;0;0;0;0;0;0;0;0;0;0;0;0;0;0;0;0;0;0;0;0
11;Île-de-France;93;Seine-Saint-Denis;93048;DP;09304819B0259;2;2019-08-08;;;2019;2019-01-01;2019-08;;2019-08;84.11Z;7210;COMMUNE DE MONTREUIL;219300480;21930048000015;93100;MONTREUIL;false;87;RUE DE STALINGRAD;;MONTREUIL;93100;BT;105;;;;;4227;4;1;1;9;;;false;false;false;0;0;0;0;0;0;0;0;0;0;0;0;0;0;0;0;0;0;15;0;0;0;0;15;0;0;0;2;0;0;0;0;0;0;0;0;0;0;0;0;0;0;0;0;0;0;0;0
11;Île-de-France;93;Seine-Saint-Denis;93048;DP;09304819B0280;6;2019-08-13;2020-01-13;2020-10-31;2019;2019-01-01;2019-08;2022-05;2022-05;;;;;;93100;MONTREUIL;false;10;RUE DU DOCTEUR ROUX;;MONTREUIL;93100;AD;208;;;;;153;4;2;5;4;;;false;false;false;0;0;0;0;0;0;0;80;0;0;0;0;0;6;0;0;0;0;0;0;0;0;0;6;0;0;0;7;0;0;0;0;0;0;0;0;0;0;0;0;0;0;0;0;0;0;0;0
11;Île-de-France;93;Seine-Saint-Denis;93048;DP;09304819B0300;2;2020-09-26;;;2019;2019-01-01;2020-09;;2020-09;;;;;;93100;MONTREUIL;false;9;AV PAUL SIGNAC;ANCIENNE POSTE -BAT B;MONTREUIL;93100;R;4;;;;;3636;4;2;2;4;4;4;false;false;false;0;0;0;0;0;0;0;0;0;54;0;0;127;0;73;0;127;0;0;0;0;0;127;0;73;0;127;7;0;0;0;0;0;0;0;0;0;0;0;0;0;0;0;0;0;0;0;0
11;Île-de-France;93;Seine-Saint-Denis;93048;DP;09304819B0411;2;2019-12-02;;;2019;2019-01-01;2019-12;;2019-12;;;;;;93360;NEUILLY PLAISANCE;false;10;RUE DE LA TRANCHEE;;MONTREUIL;93100;CQ;196;;;;;197;4;2;2;1;3;1;false;false;false;0;0;0;0;0;0;0;119;0;0;0;24;0;0;24;0;0;0;0;0;0;0;0;0;24;0;0;7;0;0;0;0;0;0;0;0;0;0;0;0;0;0;0;0;0;0;0;0
11;Île-de-France;93;Seine-Saint-Denis;93048;DP;09304819B0443;6;2020-01-30;2020-03-30;2020-09-15;2019;2019-01-01;2020-11;2022-05;2022-05;;;;;;06140;VENCE;false;56;RUE MARCEAU;;MONTREUIL;93100;BG;147;;;;;82;4;2;5;4;;;false;false;false;0;0;0;0;0;0;0;80;0;0;0;0;29;8;0;0;0;0;0;0;0;0;29;8;0;0;0;7;0;0;0;0;0;0;0;0;0;0;0;0;0;0;0;0;0;0;0;0
11;Île-de-France;93;Seine-Saint-Denis;93048;DP;09304819B0445;6;2020-01-20;2020-02-20;2020-04-12;2019;2019-01-01;2020-01;2022-05;2022-05;;;;;;93100;MONTREUIL;false;20;RUE DE VOLTAIRE;;MONTREUIL;93100;AY;154;;;;;2777;4;2;2;1;3;1;false;false;false;0;0;0;0;0;0;0;68;0;0;0;20;0;0;0;0;0;0;0;0;0;0;0;0;20;0;0;7;0;0;0;0;0;0;0;20;0;0;0;0;0;0;0;0;0;0;0;0
11;Île-de-France;93;Seine-Saint-Denis;93048;DP;09304820B0039;2;2020-02-20;;;2020;2020-01-01;2020-02;;2020-02;68.20A;5599;RATP HABITAT;592025811;59202581100023;75020;PARIS;false;15 -1;RUE LAVOISIER;;MONTREUIL;93100;AY;169;;;;;600;4;2;2;4;4;4;false;false;false;0;0;0;0;0;0;0;0;0;0;0;0;282;0;0;0;282;0;0;0;0;0;282;0;282;0;282;7;0;0;0;0;0;0;0;282;0;0;0;0;0;0;0;0;0;0;0;0
11;Île-de-France;93;Seine-Saint-Denis;93048;DP;09304820B0041;2;2020-02-27;;;2020;2020-01-01;2020-07;;2020-07;68.20B;6540;S.C.I. DES BOXES;831530845;;93100;MONTREUIL;false;65;AVENUE DU PRESIDENT WILSON;;MONTREUIL;93100;BP;11;;;;;556;4;1;1;3;;;false;false;false;1;0;0;0;0;0;0;0;0;0;0;0;0;0;0;0;0;0;0;0;0;0;0;35;0;0;0;7;0;0;0;0;0;0;35;0;0;0;0;0;0;0;0;0;0;0;0;0
11;Île-de-France;93;Seine-Saint-Denis;93048;DP;09304820B0058;2;2020-02-25;;;2020;2020-01-01;2020-02;;2020-02;68.20B;6540;SCI TALA;515328755;51532875500019;95880;ENGHIEN-LES-BAINS;false;102;RUE DES RIGONDES;;MONTREUIL;93100;Z;6;;;;;0;4;2;5;4;;;false;false;false;0;0;0;0;0;0;0;271;0;0;0;0;0;21;0;0;0;0;0;0;0;0;0;37;0;0;0;7;0;0;0;0;0;0;16;0;0;0;0;0;0;0;0;0;0;0;0;0
11;Île-de-France;93;Seine-Saint-Denis;93048;DP;09304820B0067;2;2020-06-26;;;2020;2020-01-01;2020-06;;2020-06;70.10Z;5710;RAYANE;811341114;81134111400015;93100;MONTREUIL;false;1;BOULEVARD ROUGET DE LISLE;;MONTREUIL;93100;AK;1;;;;;163;4;2;2;3;4;3;false;false;false;0;0;0;0;0;0;0;0;0;0;0;0;125;0;42;0;0;0;0;0;0;0;167;0;42;0;42;7;0;0;0;0;0;42;0;0;0;42;0;0;0;0;0;0;0;0;0;0
11;Île-de-France;93;Seine-Saint-Denis;93048;DP;09304820B0120;6;2020-06-23;2020-11-23;2021-10-21;2020;2020-01-01;2020-06;2022-05;2022-05;61.10Z;5710;CELLNEX FRANCE SAS;821460102;82146010200030;92310;SEVRES;false;3;RUE DES ROCHES /88 RUE EMI;;MONTREUIL;93100;K;182;;;;;15681;4;2;5;9;;;false;false;false;0;0;0;0;0;0;0;0;0;0;0;0;0;0;0;0;0;0;8;0;0;0;0;8;0;0;0;5;0;0;0;0;0;0;0;0;0;0;0;0;0;0;0;0;0;0;0;0
11;Île-de-France;93;Seine-Saint-Denis;93048;DP;09304820B0130;2;2020-07-24;;;2020;2020-01-01;2020-07;;2020-07;68.10Z;5710;MFC 94100;890701980;89070198000017;94300;VINCENNES;false;143;AVENUE DU PRESIDENT WILSON;;MONTREUIL;93100;BQ;60;;;;;0;4;2;2;4;4;4;false;false;false;0;0;0;0;0;0;0;0;0;0;0;0;68;0;0;0;68;0;0;0;0;0;68;0;68;0;68;7;0;0;0;0;0;0;0;68;0;0;0;0;0;0;0;0;0;0;0;0
11;Île-de-France;93;Seine-Saint-Denis;93048;DP;09304820B0132;6;2020-06-26;2020-06-26;2020-08-01;2020;2020-01-01;2020-06;2022-09;2022-05;;;;;;93100;MONTREUIL;false;27;RUE PIERRE DE MONTREUIL;;MONTREUIL;93100;BY;146;;;;;153;4;2;2;4;4;4;false;false;false;0;0;0;0;0;0;0;135;0;0;0;0;93;0;0;0;93;0;0;93;0;0;93;0;93;0;93;2;0;0;0;0;0;0;0;0;0;0;0;0;0;0;0;0;0;0;0;0
11;Île-de-France;93;Seine-Saint-Denis;93048;DP;09304820B0167;2;2020-10-02;;;2020;2020-01-01;2020-10;;2020-10;94.99Z;9220;LE SENS DE L HUMUS;490932704;49093270400029;94120;FONTENAY-SOUS-BOIS;false;60;RUE SAINT ANTOINE;;MONTREUIL;93100;BZ;141;BZ;140;;;825;4;1;1;7;;;false;false;false;0;0;0;12;0;0;0;0;0;0;0;0;0;0;0;0;0;0;0;0;0;0;0;12;0;0;0;7;0;0;0;0;0;0;0;0;0;0;0;0;0;0;0;0;0;0;0;0
11;Île-de-France;93;Seine-Saint-Denis;93048;DP;09304820B0177;6;2020-07-24;2020-10-24;2021-06-23;2020;2020-01-01;2020-07;2022-05;2022-05;70.22Z;5710;BALAGE;832764625;83276462500022;94140;ALFORTVILLE;false;18;RUE FRANCOIS ARAGO;;MONTREUIL;93100;AX;58;;;;;388;4;2;5;3;;;false;false;false;2;0;0;0;0;0;0;158;0;0;0;0;212;0;0;8;0;0;0;0;0;0;300;23;0;14;0;7;0;0;0;0;0;88;23;0;6;0;0;0;0;0;0;0;0;0;0;0
11;Île-de-France;93;Seine-Saint-Denis;93048;DP;09304820B0243;2;2020-07-24;;;2020;2020-01-01;2020-07;;2020-07;61.10Z;5599;ORANGE;380129866;38012986613512;94815;VILLEJUIF;false;30;RUE DE STALINGRAD;;MONTREUIL;93100;BO;341;;;;;21182;4;1;1;9;;;false;false;false;0;0;0;0;0;0;0;0;0;0;0;0;0;0;0;0;0;0;2;0;0;0;0;2;0;0;0;5;0;0;0;0;0;0;0;0;0;0;0;0;0;0;0;0;0;0;0;0
11;Île-de-France;93;Seine-Saint-Denis;93048;DP;09304820B0309;2;2020-10-15;;;2020;2020-01-01;2020-10;;2020-10;61.10Z;5599;ORANGE;380129866;38012986613512;94815;VILLEJUIF;false;46;RUE DE LAGNY;;MONTREUIL;93100;BE;357;;;;;0;4;2;5;9;;;false;false;false;0;0;0;0;0;0;0;0;0;0;0;0;0;0;0;0;0;0;12;0;0;0;0;12;0;0;0;5;0;0;0;0;0;0;0;0;0;0;0;0;0;0;0;0;0;0;0;0
11;Île-de-France;93;Seine-Saint-Denis;93048;DP;09304821B0054;6;2021-03-23;2021-03-23;2021-05-03;2021;2021-01-01;2021-03;2022-05;2022-05;;;;;;93100;MONTREUIL;false;100;RUE HOCHE;;MONTREUIL;93100;AO;127;;;;;1922;4;2;5;9;;;false;false;false;0;0;0;0;0;0;0;0;0;0;0;0;0;0;0;0;0;970;17;0;0;0;970;17;0;0;0;8;0;0;0;0;0;0;0;0;0;0;0;0;0;0;0;0;0;0;0;0
11;Île-de-France;93;Seine-Saint-Denis;93048;DP;09304821B0069;6;2021-03-25;2021-08-25;2022-07-01;2021;2021-01-01;2021-03;2022-07;2022-07;68.20A;6540;M-DESK;891947186;89194718600013;93100;MONTREUIL;false;43;RUE DES SAULES CLOUET;;MONTREUIL;93100;A;59;;;;;0;4;2;2;1;3;1;false;false;false;0;0;0;0;0;0;0;116;0;0;0;27;0;0;0;0;0;0;0;0;0;0;0;0;27;0;0;7;0;0;0;0;0;0;0;27;0;0;0;0;0;0;0;0;0;0;0;0
11;Île-de-France;93;Seine-Saint-Denis;93048;DP;09304821B0364;2;2021-07-28;;;2021;2021-01-01;2021-07;;2021-07;68.31Z;5499;PLATEAU URBAIN;803939115;80393911500033;75237;PARIS;false;2;RUE FRANKLIN;;MONTREUIL;93100;AJ;310;;;;;3740;4;2;2;3;4;3;false;false;false;0;28;0;0;0;0;0;0;0;0;0;0;0;0;832;0;0;0;0;0;0;0;10447;0;832;0;832;7;0;0;832;0;0;10447;0;0;0;832;0;0;0;0;0;0;0;0;0;0
11;Île-de-France;93;Seine-Saint-Denis;93048;DP;09304821B0573;2;2021-12-31;;;2021;2021-01-01;2022-01;;2022-01;;;;;;93100;MONTREUIL;false;41;RUE DIDEROT;;MONTREUIL;93100;BF;38;;;;;242;4;2;2;4;4;4;false;false;false;0;0;0;0;0;0;0;0;0;0;0;0;14;0;14;0;14;0;0;0;0;0;14;0;14;0;14;7;0;0;0;0;0;0;0;0;0;0;0;0;0;0;0;0;0;0;0;0
11;Île-de-France;93;Seine-Saint-Denis;93048;DP;09304821B0587;2;2022-02-02;;;2021;2021-01-01;2022-02;;2022-02;;;;;;93100;MONTREUIL;false;1;RUE DES GUILANDS;;MONTREUIL;93100;AT;80;;;;;0;4;2;2;1;3;1;false;false;false;0;0;0;0;0;0;0;99;0;0;0;15;0;0;15;0;0;0;0;0;0;0;0;0;15;0;0;7;0;0;0;0;0;0;0;0;0;0;0;0;0;0;0;0;0;0;0;0
11;Île-de-France;93;Seine-Saint-Denis;93048;DP;09304821B0605;2;2022-01-24;;;2021;2021-01-01;2022-01;;2022-01;;;;;;93100;MONTREUIL;false;21BIS;BOULEVARD PAUL VAILLANT CO;;MONTREUIL;93100;AF;354;AF;354;;;5398;4;2;2;4;4;4;false;false;false;0;0;0;0;0;0;0;0;0;0;0;0;82;0;82;0;82;0;0;0;0;0;164;0;82;0;82;7;0;0;0;0;0;82;0;0;0;0;0;0;0;0;0;0;0;0;0;0
11;Île-de-France;93;Seine-Saint-Denis;93048;DP;09304821B0609;2;2022-02-07;;;2021;2021-01-01;2022-02;;2022-02;88.10C;7366;ESAT HENRY MARSOULAN;269301123;26930112300023;93100;MONTREUIL;false;64-68;RUE ROBESPIERRE;;MONTREUIL;93100;BG;132;;;;;5792;4;1;1;9;;;true;false;false;0;0;0;0;0;0;0;0;0;0;0;0;0;0;0;0;0;4351;12;0;0;0;4351;12;0;0;0;4;0;0;0;0;0;0;0;0;0;0;0;0;0;0;0;0;0;0;0;0
11;Île-de-France;93;Seine-Saint-Denis;93048;DP;09304821B0620;6;2022-01-18;2022-03-18;2022-08-01;2021;2021-01-01;2022-01;2023-05;2023-05;84.11Z;7210;COMMUNE DE MONTREUIL;219300480;21930048000015;93100;MONTREUIL;false;8;RUE MARCELIN BERTHELOT;;MONTREUIL;93100;BM;28;BM;29;BM;31;11997;4;1;1;9;;;true;false;false;0;0;0;0;0;0;0;4130;0;0;0;0;0;0;0;0;0;9785;24;0;0;0;9785;24;0;0;0;2;0;0;0;0;0;0;0;0;0;0;0;0;0;0;0;0;0;0;0;0
11;Île-de-France;93;Seine-Saint-Denis;93048;DP;09304821B0636;2;2022-02-07;;;2021;2021-01-01;2022-02;;2022-02;68.20B;5710;SAS ORION;901009639;90100963900013;74000;ANNECY;false;7;RUE KLEBER;;MONTREUIL;93100;BN;108;BN;108;;;2531;4;2;2;3;4;3;false;false;false;0;0;0;0;0;0;0;0;0;0;0;0;0;0;0;0;0;0;0;625;0;0;625;0;625;0;625;6;0;0;0;0;0;625;0;0;0;625;0;0;0;0;0;0;0;0;0;0
11;Île-de-France;93;Seine-Saint-Denis;93048;DP;09304821B0642;2;2022-01-10;;;2021;2021-01-01;2022-01;;2022-01;;;;;;94160;SAINT MANDE;false;175;RUE DE PARIS;;MONTREUIL;93100;AY;123;;;;;0;4;2;2;1;3;1;false;false;false;0;0;0;0;0;0;0;70;0;0;0;70;0;0;70;0;0;0;0;0;0;0;0;0;70;0;0;7;0;0;0;0;0;0;0;0;0;0;0;0;0;0;0;0;0;0;0;0
11;Île-de-France;93;Seine-Saint-Denis;93048;DP;09304822B0016;2;2022-02-07;;;2022;2022-01-01;2025-11;;2025-11;94.99Z;9220;ON SEME TOUS;853422376;85342237600014;93100;MONTREUIL;false;100;RUE HOCHE;;MONTREUIL;93100;AO;127;;;;;1911;4;2;5;9;;;true;false;false;0;0;0;0;0;0;0;0;0;0;0;0;0;0;0;0;0;546;17;0;0;0;546;17;0;0;0;8;0;0;0;0;0;0;0;0;0;0;0;0;0;0;0;0;0;0;0;0
11;Île-de-France;93;Seine-Saint-Denis;93048;DP;09304822B0024;2;2022-04-29;;;2022;2022-01-01;2022-04;;2022-04;68.20B;6540;SCI IRINN;434575098;43457509800026;93100;MONTREUIL;false;8;RUE MERIEL;;MONTREUIL;93100;BO;323;;;;;300;4;2;2;3;4;3;false;false;false;0;0;0;0;0;0;0;0;0;0;0;0;0;0;0;0;0;0;0;300;0;0;300;0;300;0;300;6;0;0;0;0;0;300;0;0;0;300;0;0;0;0;0;0;0;0;0;0
11;Île-de-France;93;Seine-Saint-Denis;93048;DP;09304822B0037;2;2022-03-08;;;2022;2022-01-01;2022-03;;2022-03;46.49Z;5710;GODIJA FRANCE;893376053;89337605300011;75010;PARIS;false;78;RUE DES ROCHES;;MONTREUIL;93100;G;165;;;;;0;4;2;2;4;4;4;false;false;false;0;0;0;0;0;0;0;0;0;0;0;0;700;0;0;0;700;0;0;0;0;0;700;0;700;0;700;7;0;0;0;0;0;0;0;0;0;0;0;0;0;0;0;0;0;700;0;0
11;Île-de-France;93;Seine-Saint-Denis;93048;DP;09304822B0094;2;2022-04-13;;;2022;2022-01-01;2022-04;;2022-04;;;;;;93100;MONTREUIL;false;86;BOULEVARD DE CHANZY;;MONTREUIL;93100;AT;89;;;;;57;4;2;2;4;4;4;false;false;false;0;0;0;0;0;0;0;114;0;0;0;0;32;0;32;0;32;0;0;0;0;0;32;0;32;0;32;7;0;0;0;0;0;0;0;0;0;0;0;0;0;0;0;0;0;0;0;0
11;Île-de-France;93;Seine-Saint-Denis;93048;DP;09304822B0232;2;2022-08-08;;;2022;2022-01-01;2022-08;;2022-08;;;;;;93100;MONTREUIL;false;30;RUE DE LAGNY;;MONTREUIL;93100;BF;124;;;;;242;4;2;5;4;;;false;false;false;0;0;0;0;0;0;0;0;0;0;0;0;24;3;0;0;0;0;0;0;0;0;24;3;0;0;0;7;0;0;0;0;0;0;0;0;0;0;0;0;0;0;0;0;0;0;0;0
11;Île-de-France;93;Seine-Saint-Denis;93048;DP;09304822B0278;6;2022-07-11;2022-09-11;2023-01-21;2022;2022-01-01;2022-07;2023-05;2023-05;88.91A;5710;LA MAISON BLEUE;821450749;82145074900030;92100;BOULOGNE-BILLANCOURT;false;9;BD PAUL VAILLANT COUTURIER;;MONTREUIL;93100;AF;125;;;;;257;4;2;2;4;4;4;false;false;false;0;0;0;0;0;0;0;0;0;0;0;0;112;0;0;0;112;0;0;112;0;0;112;0;112;0;112;5;0;0;0;0;0;0;0;0;0;0;0;0;0;0;0;0;0;0;0;0
11;Île-de-France;93;Seine-Saint-Denis;93048;DP;09304822B0326;2;2022-10-11;;;2022;2022-01-01;2022-10;;2022-10;;;;;;75011;PARIS;false;3;RUE VICTOR HUGO;;MONTREUIL;93100;BO;50;;;;;475;4;2;2;1;3;1;false;false;false;0;0;0;0;0;0;0;268;0;0;0;268;65;0;399;0;0;0;0;0;0;0;196;0;399;0;131;7;0;0;0;0;0;131;0;0;0;131;0;0;0;0;0;0;0;0;0;0
11;Île-de-France;93;Seine-Saint-Denis;93048;DP;09304822B0331;2;2022-08-16;;;2022;2022-01-01;2022-08;;2022-08;;;;;;75010;PARIS;false;7;RUE DU CLOS FRANCAIS;;MONTREUIL;93100;AL;207;;;;;811;4;2;2;3;4;3;false;false;false;0;0;0;0;0;0;0;0;0;0;0;0;0;0;0;0;0;0;0;202;0;0;202;0;202;0;202;5;0;0;0;0;0;202;0;0;0;202;0;0;0;0;0;0;0;0;0;0
11;Île-de-France;93;Seine-Saint-Denis;93048;DP;09304822B0451;2;2023-10-17;;;2022;2022-01-01;2023-10;;2023-10;88.99B;9300;FONDATION OEUVRE DE LA CROIX SAINT SIMON;784809683;78480968300484;75019;PARIS;false;44;RUE ARMAND CARREL;;MONTREUIL;93100;BC;128;;;;;781;4;2;2;3;4;3;false;false;false;0;0;0;0;0;0;0;0;0;0;0;0;0;0;0;0;0;0;0;1185;0;0;1185;0;1185;0;1185;4;0;0;0;0;0;1185;0;0;0;1185;0;0;0;0;0;0;0;0;0;0
11;Île-de-France;93;Seine-Saint-Denis;93048;DP;09304822B0452;2;2022-12-02;;;2022;2022-01-01;2022-12;;2022-12;55.20Z;5710;MINLOC'AP;914579024;91457902400011;93450;ILE SAINT-DENIS;false;63;AVENUE DE LA RESISTANCE;LOGEMENT N_5;MONTREUIL;93100;AQ;334;;;;;999;4;2;2;1;3;1;false;false;false;0;0;0;0;0;0;0;19;0;0;0;19;0;0;19;0;0;0;0;0;0;0;0;0;19;0;0;7;0;0;19;0;0;0;0;0;0;0;0;0;0;0;0;0;0;0;0;0
11;Île-de-France;93;Seine-Saint-Denis;93048;DP;09304822B0503;6;2023-03-21;2023-12-21;2025-06-12;2022;2022-01-01;2023-03;2026-01;2026-01;06.10Z;5710;TOTALENERGIES MARKETING FRANCE;531680445;53168044500024;92000;NANTERRE;false;88;RUE DE PARIS;;MONTREUIL;93100;AS;215;;;;;1997;4;2;5;4;;;false;false;false;0;0;0;0;0;0;0;0;0;0;0;0;105;10;0;0;0;0;0;0;0;0;105;10;0;0;0;7;0;0;0;0;0;0;0;0;0;0;0;0;0;0;0;0;0;0;0;0
11;Île-de-France;93;Seine-Saint-Denis;93048;DP;09304822B0511;2;2023-01-28;;;2022;2022-01-01;2023-02;;2023-02;47.29Z;5710;PRIBON;879031847;87903184700012;93100;MONTREUIL;false;70;RUE DOUY DELCUPE;;MONTREUIL;93100;AS;238;AS;39;AS;40;13777;4;2;5;4;;;false;false;false;0;0;0;0;0;0;0;0;0;0;0;0;265;27;0;0;0;0;0;0;0;0;265;27;0;0;0;7;0;0;0;0;0;0;0;0;0;0;0;0;0;0;0;0;0;0;0;0
11;Île-de-France;93;Seine-Saint-Denis;93048;DP;09304822B0527;6;2023-07-20;2023-11-20;2024-09-06;2022;2022-01-01;2023-07;2024-09;2024-09;68.20B;6599;SOC CIVILE DU 41 RUE EMILE ZOLA;352885107;35288510700016;75010;PARIS;false;41;RUE EMILE ZOLA;;MONTREUIL;93100;BG;21;;;;;1045;4;2;5;4;;;false;false;false;0;0;0;0;0;0;0;0;0;0;0;0;1719;13;0;0;0;0;0;0;0;0;1719;13;0;0;0;7;0;0;0;0;0;0;0;0;0;0;0;0;0;0;0;0;0;0;0;0
11;Île-de-France;93;Seine-Saint-Denis;93048;DP;09304822B0528;6;2023-02-02;2023-02-02;2023-04-22;2022;2022-01-01;2023-03;2024-04;2024-04;;;;;;75013;PARIS;false;36;RUE DE ROMAINVILLE;;MONTREUIL;93100;AH;95;;;;;1020;4;2;3;1;3;1;false;false;false;0;0;0;0;0;0;0;319;0;0;0;319;0;0;0;0;0;0;0;0;0;0;0;65;319;0;0;7;0;0;0;0;0;0;65;319;0;0;0;0;0;0;0;0;0;0;0;0
11;Île-de-France;93;Seine-Saint-Denis;93048;DP;09304822B0532;2;2023-02-06;;;2022;2022-01-01;2023-02;;2023-02;;;;;;75018;PARIS;false;22;AV PAUL SIGNAC;;MONTREUIL;93100;T;1;;;;;411;4;2;2;1;3;1;false;false;false;0;0;0;0;0;0;0;42;0;0;0;42;0;0;0;0;0;0;0;42;0;0;0;0;42;0;0;3;0;0;0;0;0;0;0;0;0;0;0;0;0;0;0;0;0;0;0;0
11;Île-de-France;93;Seine-Saint-Denis;93048;DP;09304823B0038;2;2023-03-21;;;2023;2023-01-01;2023-03;;2023-03;;;;;;93100;MONTREUIL;false;42;RUE KLEBER;;MONTREUIL;93100;BL;129;;;;;372;4;2;2;1;3;1;false;false;false;0;0;0;0;0;0;0;215;0;0;0;49;0;0;49;0;0;0;0;0;0;0;0;0;49;0;0;7;0;0;49;0;0;0;0;0;0;0;0;0;0;0;0;0;0;0;0;0
11;Île-de-France;93;Seine-Saint-Denis;93048;DP;09304823B0050;2;2023-04-04;;;2023;2023-01-01;2023-05;;2023-05;55.20Z;5710;RESIDSOCIAL;803603489;80360348900060;75009;PARIS;false;243;RUE DE PARIS;;MONTREUIL;93100;AZ;21;;;;;421;4;2;5;2;;;true;false;false;3;0;0;0;0;0;0;0;0;0;0;0;586;5;0;0;0;0;0;0;0;0;586;5;0;0;0;7;586;5;0;0;0;0;0;0;0;0;0;0;0;0;0;0;0;0;0;0
11;Île-de-France;93;Seine-Saint-Denis;93048;DP;09304823B0061;2;2023-06-05;;;2023;2023-01-01;2023-06;;2023-06;90.01Z;9220;LEZARTS DANS LES MURS;499047983;49904798300022;93100;MONTREUIL;false;69-71;RUE PIERRE DE MONTREUIL;;MONTREUIL;93100;BZ;234;BZ;395;;;3194;4;2;5;7;;;true;false;false;0;0;10;40;0;10;0;0;0;0;0;0;0;0;0;0;0;0;0;0;0;0;10;40;0;10;0;7;0;0;0;0;0;0;0;0;0;0;0;0;0;0;0;0;0;0;0;0
11;Île-de-France;93;Seine-Saint-Denis;93048;DP;09304823B0074;2;2023-03-21;;;2023;2023-01-01;2023-03;;2023-03;68.20B;6540;SCI LNA;827637992;82763799200013;93100;MONTREUIL;false;8;RUE BONOUVRIER;;MONTREUIL;93100;BI;15;BI;311;;;741;4;2;2;1;3;1;false;false;false;0;0;0;0;0;0;0;1016;0;0;0;82;381;0;82;0;0;0;0;0;0;0;381;0;82;0;0;7;0;0;0;0;0;0;0;0;0;0;0;0;0;0;0;0;0;0;0;0
11;Île-de-France;93;Seine-Saint-Denis;93048;DP;09304823B0102;2;2023-05-05;;;2023;2023-01-01;2023-05;;2023-05;;;;;;75012;PARIS;false;193;RUE LENAIN DE TILLEMONT;;MONTREUIL;93100;CG;83;;;;;570;4;2;2;1;3;1;false;false;false;0;0;0;0;0;0;0;28;0;0;0;28;0;0;28;0;0;0;0;0;0;0;0;0;28;0;0;7;0;0;28;0;0;0;0;0;0;0;0;0;0;0;0;0;0;0;0;0
11;Île-de-France;93;Seine-Saint-Denis;93048;DP;09304823B0119;2;2023-04-25;;;2023;2023-01-01;2023-05;;2023-05;68.20B;6540;SCI REPAIR HOUSE;822563623;82256362300021;93100;MONTREUIL;false;233;RUE ETIENNE MARCEL;;MONTREUIL;93100;AZ;117;AZ;67;AZ;68;26540;4;2;2;4;4;4;false;false;false;0;0;0;0;0;0;0;0;0;0;0;0;877;0;0;0;735;0;0;0;0;0;1722;0;735;0;735;7;0;0;0;0;0;845;0;735;0;0;0;0;0;0;0;0;0;0;0;0
11;Île-de-France;93;Seine-Saint-Denis;93048;DP;09304823B0125;2;2023-04-25;;;2023;2023-01-01;2023-05;;2023-05;;;;;;93100;MONTREUIL;false;86;RUE ERNEST SAVART;;MONTREUIL;93100;AD;118;;;;;279;4;2;2;8;4;8;false;false;false;0;0;0;0;0;0;0;0;0;0;0;0;0;0;10;0;0;0;0;0;0;0;30;0;10;0;10;7;0;0;0;0;0;0;0;0;0;0;0;0;0;0;0;30;0;0;0;10
11;Île-de-France;93;Seine-Saint-Denis;93048;DP;09304823B0144;6;2023-05-16;2023-05-23;2023-06-01;2023;2023-01-01;2023-05;2023-06;2023-06;71.11Z;5499;SECOUSSES;822790747;82279074700023;75013;PARIS;false;89-96;RUE ALEXIS PESNON;;MONTREUIL;93100;AK;84;;;;;395;4;2;4;4;4;4;true;false;false;0;0;0;0;0;0;0;6423;0;0;0;0;309;0;0;0;237;10;0;237;10;0;335;0;237;10;237;6;0;0;0;0;0;16;0;0;0;0;0;0;0;0;0;0;0;0;0;0
11;Île-de-France;93;Seine-Saint-Denis;93048;DP;09304823B0153;2;2023-05-05;;;2023;2023-01-01;2023-09;;2023-09;70.10Z;5710;LPB CRECHES;885357004;88535700400013;92300;LEVALLOIS PERRET;false;27;RUE BRULEFER;;MONTREUIL;93100;I;121;;;;;1306;4;2;2;4;4;4;false;false;false;0;0;0;0;0;0;0;0;0;0;0;0;167;0;0;0;167;0;0;167;0;0;167;0;167;0;167;5;0;0;0;0;0;0;0;0;0;0;0;0;0;0;0;0;0;0;0;0
11;Île-de-France;93;Seine-Saint-Denis;93048;DP;09304823B0184;6;2023-08-10;2023-08-10;2023-10-01;2023;2023-01-01;2023-08;2023-11;2023-11;68.20B;6540;ALBERT RENE IMMOBILIER;921740155;92174015500012;93170;BAGNOLET;false;13;RUE DE LA NOUVELLE FRANCE;;MONTREUIL;93100;CJ;108;;;;;499;4;2;2;1;3;1;false;false;false;0;0;0;0;0;0;0;180;0;0;0;180;0;0;180;0;0;0;0;0;0;0;0;0;180;0;0;7;0;0;0;0;0;0;0;0;0;0;0;0;0;0;0;0;0;0;0;0
11;Île-de-France;93;Seine-Saint-Denis;93048;DP;09304823B0216;2;2023-12-12;;;2023;2023-01-01;2023-12;;2023-12;70.10Z;5710;RAYANE;811341114;81134111400015;93100;MONTREUIL;false;114;RUE DE STALINGRAD;;MONTREUIL;93100;BT;48;;;;;200;4;2;2;8;4;8;false;false;false;0;0;0;0;0;0;0;0;0;0;0;0;0;0;200;0;0;0;0;0;0;0;200;0;200;0;200;7;0;0;0;0;0;0;0;0;0;0;0;0;0;0;0;200;0;0;0;200
11;Île-de-France;93;Seine-Saint-Denis;93048;DP;09304823B0254;2;2023-07-10;;;2023;2023-01-01;2023-07;;2023-07;;;;;;93100;MONTREUIL;false;120;RUE MOLIERE;;MONTREUIL;93100;BS;179;;;;;628;4;2;2;1;3;1;false;false;false;0;0;0;0;0;0;0;79;0;0;0;79;0;0;0;0;0;0;0;0;0;0;0;0;79;0;0;7;0;0;0;0;0;0;0;79;0;0;0;0;0;0;0;0;0;0;0;0
11;Île-de-France;93;Seine-Saint-Denis;93048;DP;09304823B0276;2;2023-08-08;;;2023;2023-01-01;2023-08;;2023-08;;;;;;93140;BONDY;false;12;RUE ROCHEBRUNE;;MONTREUIL;93100;U;173;;;;;0;4;2;2;1;3;1;false;false;false;0;1;0;0;0;0;0;48;0;0;0;48;0;0;48;0;0;0;0;0;0;0;0;0;48;0;0;7;0;0;48;0;0;0;0;0;0;0;0;0;0;0;0;0;0;0;0;0
11;Île-de-France;93;Seine-Saint-Denis;93048;DP;09304823B0418;2;2023-11-16;;;2023;2023-01-01;2023-12;;2023-12;;;;;;93100;MONTREUIL;false;20;IMPASSE DU PROGRES;;MONTREUIL;93100;BG;18;;;;;205;4;2;5;4;;;false;false;false;0;0;0;0;0;0;0;0;0;0;0;0;0;19;0;0;0;0;0;0;0;0;0;19;0;0;0;7;0;0;0;0;0;0;0;0;0;0;0;0;0;0;0;0;0;0;0;0
11;Île-de-France;93;Seine-Saint-Denis;93048;DP;09304824B0005;6;2024-01-29;2024-03-29;2024-09-05;2024;2024-01-01;2024-01;2025-11;2025-11;;;;;;27160;BRETEUIL;false;19;AVENUE GABRIEL PERI;;MONTREUIL;93100;BP;84;BP;82;BP;85;974;4;2;5;4;;;false;false;true;0;0;0;0;0;0;0;0;0;0;0;0;130;13;0;0;0;0;0;0;0;0;130;13;0;0;0;7;0;0;0;0;0;0;0;0;0;0;0;0;0;0;0;0;0;0;0;0
11;Île-de-France;93;Seine-Saint-Denis;93048;DP;09304824B0013;2;2024-02-26;;;2024;2024-01-01;2024-03;;2024-03;70.21Z;5710;ONE YARD;801382136;80138213600035;93100;MONTREUIL;false;49/51;AVENUE FAIDHERBE;;MONTREUIL;93100;AE;248;;;;;1405;4;2;2;6;4;6;false;false;false;2;0;0;0;0;0;0;0;0;0;0;0;0;0;0;0;0;0;0;0;0;0;1489;0;1489;0;1489;7;0;0;0;0;0;0;0;1489;0;0;1489;0;0;0;1489;0;0;0;0;0
11;Île-de-France;93;Seine-Saint-Denis;93048;DP;09304824B0015;2;2024-05-17;;;2024;2024-01-01;2024-05;;2024-05;;;;;;93100;MONTREUIL;false;16;RUE DESIRE PREAUX;;MONTREUIL;93100;AR;116;;;;;201;4;2;3;1;3;1;true;false;false;1;0;0;0;0;0;0;162;19;0;10;10;0;10;10;0;0;0;0;0;0;0;15;10;10;10;0;7;0;0;0;0;0;0;0;0;0;0;0;0;0;0;0;15;0;0;10;0
11;Île-de-France;93;Seine-Saint-Denis;93048;DP;09304824B0115;6;2024-05-22;2024-05-22;2024-05-25;2024;2024-01-01;2024-05;2024-05;2024-05;56.10A;5710;FAMILLE CMC;792988750;79298875000016;93100;MONTREUIL;false;6;AVENUE PASTEUR;;MONTREUIL;93100;AF;126;;;;;254;4;2;2;1;3;1;false;false;false;2;8;0;0;0;0;0;455;0;0;0;297;431;0;297;0;0;0;0;0;0;0;431;0;297;0;0;7;0;0;297;0;0;0;0;0;0;0;0;0;0;0;0;0;0;0;0;0
11;Île-de-France;93;Seine-Saint-Denis;93048;DP;09304824B0121;2;2024-04-23;;;2024;2024-01-01;2024-04;;2024-04;88.91A;9220;ETABLISSEMENT PETITE ENFANCE MULTI ACCUEIL CELESTIN FREINET;444875876;44487587600013;93100;MONTREUIL;false;51;RUE JULES GUESDE;;MONTREUIL;93100;CP;180;;;;;38325;4;2;5;9;;;true;false;false;0;0;0;0;0;0;0;0;0;0;0;0;0;0;0;0;0;128;38;0;0;0;128;38;0;0;0;1;0;0;0;0;0;0;0;0;0;0;0;0;0;0;0;0;0;0;0;0
11;Île-de-France;93;Seine-Saint-Denis;93048;DP;09304824B0128;2;2024-05-10;;;2024;2024-01-01;2024-05;;2024-05;;;;;;93100;MONTREUIL;false;58;RUE DU CAPITAINE DREYFUS;;MONTREUIL;93100;BO;100;;;;;155;4;2;2;1;3;1;false;false;false;0;0;0;0;0;0;0;92;0;0;0;49;33;0;0;0;0;33;0;49;0;0;66;0;49;0;0;5;0;0;0;0;0;0;0;0;0;0;0;0;0;0;0;0;0;0;0;0
11;Île-de-France;93;Seine-Saint-Denis;93048;DP;09304824B0312;2;2024-08-22;;;2024;2024-01-01;2024-09;;2024-09;61.10Z;5499;CONNECTING STORE;509580221;50958022100018;94500;CHAMPIGNY;false;27  R;ROBESPIERRE;;MONTREUIL;93100;BH;100;;;;;0;4;2;5;4;;;false;false;true;0;0;0;0;0;0;0;0;0;0;0;0;39;20;0;0;0;0;0;0;0;0;39;20;0;0;0;7;0;0;0;0;0;0;0;0;0;0;0;0;0;0;0;0;0;0;0;0
11;Île-de-France;93;Seine-Saint-Denis;93048;DP;09304824B0320;2;2024-08-07;;;2024;2024-01-01;2024-08;;2024-08;68.20B;6540;VULCAIN;953138930;;93100;MONTREUIL;false;58;RUE ERNEST  SAVART;;MONTREUIL;93100;AD;82;;;;;1020;4;2;2;6;4;6;false;false;false;0;0;0;0;0;0;0;0;0;0;0;0;0;0;997;0;0;0;0;0;0;0;1252;0;1252;0;1252;7;0;0;0;0;0;0;0;255;0;0;1252;0;0;0;1252;0;0;0;0;0
11;Île-de-France;93;Seine-Saint-Denis;93048;DP;09304824B0321;2;2024-08-07;;;2024;2024-01-01;2024-08;;2024-08;68.20B;6540;VULCAIN;953138930;95313893000011;93100;MONTREUIL;false;58  R;ERNEST SAVART;;MONTREUIL;93100;AD;82;;;;;1020;4;2;2;6;4;6;false;false;false;0;0;0;0;0;0;0;0;0;0;0;0;0;0;997;0;0;0;0;0;0;0;1252;0;1252;0;1252;7;0;0;0;0;0;0;0;255;0;0;1252;0;0;0;1252;0;0;0;0;0
11;Île-de-France;93;Seine-Saint-Denis;93048;DP;09304824B0342;2;2024-07-24;;;2024;2024-01-01;2024-07;;2024-07;70.22Z;5710;TINGARI;479474306;47947430601481;92030;LA  DEFENSE CEDEX;false;32 BL;PAUL VAILLANT COUTURIER;;MONTREUIL;93100;AG;116;AG;154;;;0;4;2;2;3;4;3;false;false;false;0;0;0;0;0;0;0;0;0;0;0;0;0;0;122;0;0;0;0;0;0;0;122;0;122;0;122;7;0;0;0;0;0;122;0;0;0;122;0;0;0;0;0;0;0;0;0;0
11;Île-de-France;93;Seine-Saint-Denis;93048;DP;09304824B0430;2;2024-10-22;;;2024;2024-01-01;2024-10;;2024-10;10.71C;5499;LE CESAR;804911865;80491186500025;93100;MONTREUIL;false;7;SQUARE JEAN ZAY;;MONTREUIL;93100;AN;551;;;;;1434;4;2;2;4;4;4;false;false;false;0;0;0;0;0;0;0;0;0;0;0;0;73;0;73;0;73;0;0;0;0;0;73;0;73;0;73;7;0;0;0;0;0;0;0;0;0;0;0;0;0;0;0;0;0;0;0;0
11;Île-de-France;93;Seine-Saint-Denis;93048;DP;09304824B0468;2;2024-11-26;;;2024;2024-01-01;2024-11;;2024-11;68.20B;6540;ORTHODONTIE KLEBER;934043704;93404370400014;75011;PARIS;false;15 RU;;;MONTREUIL;93100;BM;26;;;;;494;4;2;2;3;4;3;false;false;false;0;0;0;0;0;0;0;0;0;0;0;0;0;0;0;0;0;0;0;187;0;0;187;0;187;0;187;3;0;0;0;0;0;187;0;0;0;187;0;0;0;0;0;0;0;0;0;0
11;Île-de-France;93;Seine-Saint-Denis;93048;DP;09304824B0478;2;2025-01-06;;;2024;2024-01-01;2025-01;;2025-01;68.20B;6599;ALLIANZ PIERRE;328470570;32847057000115;92800;PUTEAUX;false;27;RUE CUVIER;;MONTREUIL;93100;BE;12;;;;;4041;4;2;2;4;4;4;false;false;false;0;0;0;0;0;0;0;0;0;0;0;0;695;0;0;0;695;0;0;0;0;0;9670;0;695;0;695;7;0;0;0;0;0;8975;0;695;0;0;0;0;0;0;0;0;0;0;0;0
11;Île-de-France;93;Seine-Saint-Denis;93048;DP;09304824B0534;2;2025-02-04;;;2024;2024-01-01;2025-02;;2025-02;88.99A;9220;ACTION CONTRE LA FAIM;318990892;31899089200073;93100;MONTREUIL;false;102;RUE DE PARIS;;MONTREUIL;93100;AS;108;AS;249;;;1074;4;2;2;3;4;3;false;false;false;0;0;0;0;0;0;0;0;0;0;0;0;0;0;0;0;0;0;0;533;0;0;4521;0;533;0;533;4;0;0;0;0;0;4521;0;0;0;533;0;0;0;0;0;0;0;0;0;0
11;Île-de-France;93;Seine-Saint-Denis;93048;DP;09304824B0542;2;2025-01-02;;;2024;2024-01-01;2025-01;;2025-01;68.31Z;6540;AGENCE IMMOBILIERE BANLIEUE OUEST;304786627;30478662700063;75008;PARIS;false;33;RUE DE LA REPUBLIQUE;;MONTREUIL;93100;BG;6;;;;;152;4;2;2;1;3;1;false;false;false;0;0;0;0;0;0;0;17;0;0;0;17;0;0;17;0;0;0;0;0;0;0;0;0;17;0;0;7;0;0;0;0;0;0;0;0;0;0;0;0;0;0;0;0;0;0;0;0
11;Île-de-France;93;Seine-Saint-Denis;93048;DP;09304825B0022;2;2025-02-06;;;2025;2025-01-01;2025-02;;2025-02;68.20B;6540;IMAJ;931300222;93130022200011;75016;PARIS;false;98;RUE DE ROMAINVILLE;ET 43 RUE DES HANOTS;MONTREUIL;93100;O;86;O;86;;;578;4;2;6;4;;;false;false;false;0;0;0;0;0;0;0;0;0;0;0;0;302;39;0;71;0;0;0;0;0;0;302;39;0;71;0;7;0;0;0;0;0;0;0;0;0;0;0;0;0;0;0;0;0;0;0;0
11;Île-de-France;93;Seine-Saint-Denis;93048;DP;09304825B0038;2;2025-04-11;;;2025;2025-01-01;2025-04;;2025-04;85.59B;5499;LA GRANDE CLASSE;508304185;50830418500038;93100;MONTREUIL;false;51;RUE GASTON LAURIAU;;MONTREUIL;93100;BV;170;;;;;3898;4;2;5;9;;;false;false;false;0;0;0;0;0;0;0;0;35;0;0;0;0;0;0;0;0;350;38;0;0;0;350;38;0;0;0;2;0;0;0;0;0;0;0;0;0;0;0;0;0;0;0;0;0;0;0;0
11;Île-de-France;93;Seine-Saint-Denis;93048;DP;09304825B0048;2;2025-02-20;;;2025;2025-01-01;2025-02;;2025-02;68.20B;6540;SCI REALITY;940322977;94032297700015;75019;PARIS;false;23;RUE DES FEDERES;;MONTREUIL;93100;BJ;199;;;;;345;4;2;2;1;4;1;false;false;false;0;0;0;0;0;0;0;164;0;0;0;164;164;0;0;0;164;0;0;0;0;0;164;0;328;0;164;7;0;0;0;0;0;0;0;328;0;0;0;0;0;0;0;0;0;0;0;0
11;Île-de-France;93;Seine-Saint-Denis;93048;DP;09304825B0058;2;2025-03-10;;;2025;2025-01-01;2025-03;;2025-03;70.10Z;5710;IRIS;938541844;93854184400016;93100;MONTREUIL;false;20;BD ROUGET DE LISLE;;MONTREUIL;93100;AK;30;;;;;346;4;;3;4;4;3;false;false;false;0;0;0;0;0;0;0;61;0;0;61;0;0;125;64;0;0;0;0;0;0;0;64;125;64;0;64;7;0;0;0;0;0;64;0;0;0;64;0;0;0;0;0;0;0;0;0;0
11;Île-de-France;93;Seine-Saint-Denis;93048;DP;09304825B0067;2;2025-03-10;;;2025;2025-01-01;2025-03;;2025-03;47.78C;5499;ENERGIES DURABLES DE FRANCE SOLAIRE;795362854;79536285400015;93100;MONTREUIL;false;227;RUE DE PARIS;;MONTREUIL;93100;AY;80;;;;;66;4;2;2;1;3;1;false;false;false;0;0;0;0;0;0;0;77;0;0;0;38;67;0;38;0;0;0;0;0;0;0;67;0;38;0;0;7;0;0;0;0;0;0;0;0;0;0;0;0;0;0;0;0;0;0;0;0
11;Île-de-France;93;Seine-Saint-Denis;93048;DP;09304825B0095;2;2025-04-11;;;2025;2025-01-01;2025-04;;2025-04;70.10Z;5710;IRIS;938541844;93854184400016;93100;MONTREUIL;false;20 BL;ROUGET DE LISLE;;MONTREUIL;93100;AK;30;;;;;343;4;2;5;4;;;false;false;false;0;0;0;0;0;0;0;0;0;0;0;0;125;18;0;0;0;0;0;0;0;0;125;18;0;0;0;7;0;0;0;0;0;0;0;0;0;0;0;0;0;0;0;0;0;0;0;0
11;Île-de-France;93;Seine-Saint-Denis;93048;DP;09304825B0106;2;2025-04-11;;;2025;2025-01-01;2025-04;;2025-04;;;;;;93100;MONTREUIL;false;10;RUE CARNOT;;MONTREUIL;93100;BP;9;BP;9;;;626;4;2;5;1;;;false;false;false;0;0;166;0;0;12;0;147;12;0;0;0;0;0;0;0;0;0;0;0;0;0;166;12;0;12;0;7;0;0;0;0;0;0;0;0;0;0;0;0;0;0;0;0;12;0;0;0
11;Île-de-France;93;Seine-Saint-Denis;93048;DP;09304825B0130;2;2025-04-14;;;2025;2025-01-01;2025-04;;2025-04;68.10Z;5710;105 MONTREUIL;921183364;92118336400014;92100;BOULOGNE-BILLANCOURT;false;105;RUE SAINT-DENIS;;MONTREUIL;93100;M;178;;;;;717;4;2;2;4;4;4;false;false;false;0;0;0;0;0;0;0;0;0;48;0;0;107;0;0;0;107;0;0;0;0;0;107;0;59;0;107;7;0;0;0;0;0;0;0;0;0;0;0;0;0;0;0;0;0;59;0;0
11;Île-de-France;93;Seine-Saint-Denis;93048;DP;09304825B0261;2;2025-09-18;;;2025;2025-01-01;2025-09;;2025-09;68.20B;6540;SCI S2C;479611121;47961112100019;94500;CHAMPIGNY-SUR-MARNE;false;20;RUE VOLTAIRE;;MONTREUIL;93100;AY;154;;;;;2777;4;1;1;4;;;false;false;false;3;0;0;0;0;0;0;0;0;0;0;0;173;19;0;0;0;0;0;0;0;0;173;19;0;0;0;7;0;0;0;0;0;0;0;0;0;0;0;0;0;0;0;0;0;0;0;0
11;Île-de-France;93;Seine-Saint-Denis;93048;DP;09304825B0313;2;2025-07-25;;;2025;2025-01-01;2025-07;;2025-07;68.20B;6540;UNZA;930640198;93064019800014;93170;BAGNOLET;false;89;BOULEVARD DE CHANZY;;MONTREUIL;93100;AT;144;;;;;750;4;2;2;4;4;4;false;false;false;0;0;0;0;0;0;0;965;0;0;0;0;57;0;0;0;57;0;0;0;0;0;57;0;57;0;57;7;0;0;0;0;0;0;0;57;0;0;0;0;0;0;0;0;0;0;0;0
11;Île-de-France;93;Seine-Saint-Denis;93048;DP;09304825B0315;6;2025-09-18;;2026-05-19;2025;2025-01-01;2025-09;;2026-06;68.20A;6540;HANASSI;903364495;90336449500023;93360;NEUILLY-PLAISANCE;false;3;AVENUE FAIDHERBE;;MONTREUIL;93100;AF;263;;;;;178;4;2;5;4;;;false;false;false;0;0;0;0;0;0;0;0;0;0;0;0;257;3;0;0;0;0;0;0;0;0;257;3;0;0;0;7;0;0;0;0;0;0;0;0;0;0;0;0;0;0;0;0;0;0;0;0
11;Île-de-France;93;Seine-Saint-Denis;93048;DP;09304825B0346;2;2025-10-28;;;2025;2025-01-01;2025-10;;2025-10;35.14Z;5710;ELECTRA;891624884;89162488400047;75002;PARIS;false;64;RUE JEAN LOLIVE;;MONTREUIL;93100;AM;27;AM;28;AM;122;2991;4;1;1;9;;;false;false;false;0;0;0;0;0;0;0;0;0;0;0;0;1290;0;0;0;0;0;8;0;0;0;1290;8;0;0;0;5;1290;0;0;0;0;0;0;0;0;0;0;0;0;0;0;0;0;0;0;0
11;Île-de-France;93;Seine-Saint-Denis;93048;DP;09304825B0359;2;2025-09-23;;;2025;2025-01-01;2025-09;;2025-09;;;;;;94120;FONTENAY-SOUS-BOIS;false;261;RUE  DE PARIS;;MONTREUIL;93100;AZ;194;;;;;3651;4;2;2;4;4;4;false;false;false;0;0;0;0;0;0;0;0;0;0;0;0;141;0;141;0;141;0;0;0;0;0;141;0;141;0;141;7;0;0;0;0;0;0;0;0;0;0;0;0;0;0;0;0;0;0;0;0
11;Île-de-France;93;Seine-Saint-Denis;93048;DP;09304825B0430;2;2025-12-16;;;2025;2025-01-01;2025-12;;2025-12;68.20B;6540;D&E;897699807;89769980700011;93100;MONTREUIL;false;38;RUE MALOT;;MONTREUIL;93100;BT;23;BT;24;;;254;4;2;2;8;4;8;false;false;false;0;0;0;0;0;0;0;0;0;0;0;0;0;0;0;0;0;0;0;0;0;0;220;0;220;0;220;7;0;0;0;0;0;0;0;0;0;0;0;0;0;0;0;220;0;220;0;220
11;Île-de-France;93;Seine-Saint-Denis;93048;DP;09304825B0441;2;2025-10-29;;;2025;2025-01-01;2025-10;;2025-10;;;;;;17640;VAUX-SUR-MER;false;27;BOULEVARD ARISTIDE BRIAND;;MONTREUIL;93100;P;14;;;;;178;4;2;2;1;3;1;false;false;false;0;0;0;0;0;0;0;24;0;0;0;24;24;0;24;0;0;0;0;0;0;0;24;0;24;0;0;7;0;0;0;0;0;0;0;0;0;0;0;0;0;0;0;0;0;0;0;0
11;Île-de-France;93;Seine-Saint-Denis;93048;DP;09304825B0446;6;2026-02-04;;2026-04-15;2025;2025-01-01;2026-02;;2026-04;;;;;;93100;MONTREUIL;false;33;AVENUE FAIDHERBE;;MONTREUIL;93100;AE;262;;;;;4365;4;2;2;3;1;3;false;false;false;0;0;0;0;0;0;0;0;0;136;0;0;0;0;0;0;0;0;0;0;0;0;136;0;0;0;136;7;0;0;0;0;0;136;0;0;0;136;0;0;0;0;0;0;0;0;0;0
11;Île-de-France;93;Seine-Saint-Denis;93048;DP;09304825B0480;2;2026-02-24;;;2025;2025-01-01;2026-02;;2026-02;;;;;;95870;BEZONS;false;49;RUE DU PETIT BOIS;;MONTREUIL;93100;E;169;;;;;168;4;2;;3;;;false;false;false;0;0;0;0;0;0;0;0;0;0;0;0;0;0;180;0;0;0;0;0;0;0;0;0;180;0;0;7;0;0;0;0;0;0;0;0;0;0;0;0;0;0;0;0;0;0;0;0
11;Île-de-France;93;Seine-Saint-Denis;93048;DP;09304825B0551;2;2026-01-22;;;2025;2025-01-01;2026-01;;2026-01;;;;;;93100;MONTREUIL;false;16BIS;RUE FRANCOIS ARAGO;;MONTREUIL;93100;AX;57;;;;;313;4;2;2;3;4;3;false;false;false;0;0;0;0;0;0;0;0;0;0;0;0;0;0;480;0;0;0;0;0;0;0;480;0;480;0;480;7;0;0;0;0;0;480;0;0;0;480;0;0;0;0;0;0;0;0;0;0
11;Île-de-France;93;Seine-Saint-Denis;93048;DP;09304826B0006;2;2026-02-09;;;2026;2026-01-01;2026-02;;2026-02;68.20B;6540;SCI LISLE;944448240;94444824000019;94240;L'HAY-LES-ROSES;false;56;BOULEVARD ROUGET DE LISLE;;MONTREUIL;93100;BO;23;;;;;18;4;2;2;1;3;1;false;false;false;0;0;0;0;0;0;0;18;0;0;0;18;0;0;18;0;0;0;0;0;0;0;0;0;18;0;0;7;0;0;0;0;0;0;0;0;0;0;0;0;0;0;0;0;0;0;0;0
11;Île-de-France;93;Seine-Saint-Denis;93048;DP;09304826B0035;2;2026-03-10;;;2026;2026-02-03;2026-03;;2026-03;84.11Z;7210;COMMUNE DE MONTREUIL;219300480;21930048000015;;;false;21;RUE DES GRANDS PECHERS;;MONTREUIL;93100;CD;182;CD;183;CD;255;0;4;2;5;9;;;true;false;false;0;0;0;0;0;0;0;0;0;0;0;0;0;0;0;0;0;724;15;0;0;0;724;15;0;0;0;7;0;0;0;0;0;0;0;0;0;0;0;0;0;0;0;0;0;0;0;0
11;Île-de-France;93;Seine-Saint-Denis;93048;DP;09304826B0135;2;2026-06-24;;;2026;;2026-06;;2026-06;56.10C;5499;SHASHA;895314177;89531417700018;93100;MONTREUIL;false;5BIS;AVENUE WALWEIN;;MONTREUIL;93100;AI;285;;;;;3754;4;2;2;4;4;4;false;false;false;0;0;0;0;0;0;0;0;0;0;0;0;116;0;116;0;116;0;0;0;0;0;116;0;116;0;116;7;0;0;0;0;0;0;0;0;0;0;0;0;0;0;0;0;0;0;0;0
11;Île-de-France;93;Seine-Saint-Denis;93048;DP;09304826B0136;2;2026-04-27;;;2026;;2026-05;;2026-05;;;;;;93100;MONTREUIL;false;66;RUE DAÃÂSIRAÃÂ PRAÃÂAUX;;MONTREUIL;93100;AQ;21;;;;;41;4;2;2;1;3;1;false;false;false;0;0;0;0;0;0;0;91;0;0;0;61;0;0;0;0;0;0;0;0;0;0;0;0;61;0;0;7;0;0;0;0;0;0;0;61;0;0;0;0;0;0;0;0;0;0;0;0
11;Île-de-France;93;Seine-Saint-Denis;93048;DP;09304826B0156;2;2026-06-01;;;2026;;2026-06;;2026-06;10.71C;5710;MAISON DE L'ARTISAN;100348580;10034858000018;93100;MONTREUIL;false;236;RUE DE PARIS;;MONTREUIL;93100;AY;58;;;;;651;4;2;2;4;4;4;false;false;false;0;0;0;0;0;0;0;0;0;0;0;0;110;0;33;0;33;0;0;0;0;0;110;0;33;0;33;7;0;0;0;0;0;0;0;0;0;0;0;0;0;0;0;0;0;0;0;0
11;Île-de-France;93;Seine-Saint-Denis;93048;DP;09304826B0223;2;2026-06-12;;;2026;2026-05-13;2026-06;;2026-06;;;;;;92000;NANTERRE;false;42;RUE RASPAIL;;MONTREUIL;93100;BH;173;;;;;307;4;2;;3;;;false;false;false;0;0;0;0;0;0;0;14;0;2;0;0;0;0;0;0;0;0;0;0;0;0;0;0;0;0;0;7;0;0;0;0;0;0;0;0;0;0;0;0;0;0;0;0;0;0;0;0
11;Île-de-France;93;Seine-Saint-Denis;93048;DP;09304826B0353;2;2026-08-27;;;2026;;2026-08;;2026-08;;;;;;93110;ROSNY-SOUS-BOIS;false;4;RUE SAINT-JUST;;MONTREUIL;93100;BY;78;BY;150;;;445;4;2;2;4;1;4;false;false;false;0;0;0;0;0;0;0;0;0;42;0;0;42;0;0;0;42;0;0;0;0;0;42;0;0;0;42;7;0;0;0;0;0;0;0;0;0;0;0;0;0;0;0;0;0;0;0;0
11;Île-de-France;93;Seine-Saint-Denis;93048;DP;09304826B0358;2;2026-08-11;;;2026;;2026-08;;2026-08;;;;;;75012;PARIS;false;79;AVENUE   PASTEUR;;MONTREUIL;93100;AL;47;;;;;757;4;2;2;3;1;3;false;false;false;9;0;0;0;0;0;0;0;0;65;0;0;0;0;0;0;0;0;0;0;0;0;154;0;0;0;65;7;0;0;0;0;0;154;0;0;0;65;0;0;0;0;0;0;0;0;0;0
