REG_CODE;REG_LIBELLE;DEP_CODE;DEP_LIBELLE;COMM;TYPE_DAU;NUM_DAU;ETAT_DAU;DATE_REELLE_AUTORISATION;DATE_REELLE_DOC;DATE_REELLE_DAACT;AN_DEPOT;DR_DEPOT;DPC_AUT;DPC_DOC;DPC_DERN;APE_DEM;CJ_DEM;DENOM_DEM;SIREN_DEM;SIRET_DEM;CODPOST_DEM;LOCALITE_DEM;REC_ARCHI;ADR_NUM_TER;ADR_LIBVOIE_TER;ADR_LIEUDIT_TER;ADR_LOCALITE_TER;ADR_CODPOST_TER;SEC_CADASTRE1;NUM_CADASTRE1;SEC_CADASTRE2;NUM_CADASTRE2;SEC_CADASTRE3;NUM_CADASTRE3;SUPERFICIE_TERRAIN;ZONE_OP;NATURE_PROJET_DECLAREE;NATURE_PROJET_COMPLETEE;DESTINATION_PRINCIPALE;TYPE_PRINCIP_LOGTS_CREES;TYPE_TRANSFO_PRINCIPAL;TYPE_PRINCIP_LOCAUX_TRANSFORMES;I_EXTENSION;I_SURELEVATION;I_NIVSUPP;NB_NIV_MAX;UTILISATION;RES_PRINCIP_OU_SECOND;TYP_ANNEXE;I_PISCINE;I_GARAGE;I_VERANDA;I_ABRI_JARDIN;I_AUTRE_ANNEXE;RESIDENCE;RES_PERS_AGEES;RES_ETUDIANTS;RES_TOURISME;RES_HOTEL_SOCIALE;RES_SOCIALE;RES_HANDICAPES;RES_AUTRE;NB_LGT_TOT_CREES;NB_LGT_IND_CREES;NB_LGT_COL_CREES;NB_LGT_INDIV_PURS;NB_LGT_INDIV_GROUPES;NB_LGT_RES;NB_LGT_COL_HORS_RES;NB_LGT_DEMOLIS;NB_LGT_1P;NB_LGT_2P;NB_LGT_3P;NB_LGT_4P;NB_LGT_5P;NB_LGT_6P_PLUS;NB_LGT_PRET_LOC_SOCIAL;NB_LGT_ACC_SOC_HORS_PTZ;NB_LGT_PTZ;SURF_HAB_AVANT;SURF_HAB_CREEE;SURF_HAB_ISSUE_TRANSFO;SURF_HAB_DEMOLIE;SURF_HAB_TRANSFORMEE;SURF_LOC_AVANT;SURF_LOC_CREEE;SURF_LOC_ISSUE_TRANSFO;SURF_LOC_DEMOLIE;SURF_LOC_TRANSFORMEE;SURF_AUTR_TRANSFORMEE;SURF_COM_TRANSFORMEE;SURF_AGR_TRANSFORMEE;SURF_PUB_TRANSFORMEE
11;Île-de-France;93;Seine-Saint-Denis;93048;PC;09304812B0119;6;2013-01-06;2013-07-15;2015-02-28;2012;2012-01-01;2013-01;2013-07;2015-04;68.10Z;5710;PREMIUM;532812955;53281295500013;93100;MONTREUIL;false;14;RUE DIDEROT;;MONTREUIL;;BI;133;;;;;1166;4;2;3;1;3;1;8;true;false;false;0;2;1;7;false;false;false;false;false;9;false;false;false;false;false;false;false;9;0;9;0;0;0;9;0;0;0;4;4;0;1;0;0;0;228;445;852;0;0;1704;0;0;0;852;34;0;0;0
11;Île-de-France;93;Seine-Saint-Denis;93048;PC;09304812B0139;6;2013-01-02;2013-09-20;2019-12-16;2012;2018-10-09;2012-12;2013-09;2019-12;41.10D;6541;SCCV 59 REPUBLIQUE;791413925;79141392500011;93230;ROMAINVILLE;false;6;RUE DU RUISSEAU;;MONTREUIL;93100;X;299;X;391;X;390;429;4;2;3;1;3;2;1;true;false;false;0;2;1;7;false;false;false;false;false;9;false;false;false;false;false;false;false;14;7;7;0;7;0;7;0;2;6;3;3;0;0;0;0;0;155;493;243;0;155;88;0;0;0;88;0;0;0;0
11;Île-de-France;93;Seine-Saint-Denis;93048;PC;09304812B0144;6;2013-01-04;2014-02-01;2015-05-11;2012;2015-05-11;2013-01;2014-12;2016-04;;;;;;75020;PARIS;false;111;RUE COLMET LEPINAY;;MONTREUIL;;BS;173;BS;175;;;211;4;1;1;1;3;;;false;false;false;0;2;1;7;false;false;false;false;false;9;false;false;false;false;false;false;false;7;0;7;0;0;0;7;0;0;0;0;0;0;0;0;0;0;0;367;0;0;0;0;0;0;0;0;0;0;0;0
11;Île-de-France;93;Seine-Saint-Denis;93048;PC;09304812B0149;4;2013-02-06;;;2012;2015-07-01;2013-02;;2013-02;68.10Z;5710;EIFFAGE IMMOBILIER ILE DE FRANCE;489244483;48924448300025;78141;VELIZI-VILLACOUBLAY CEDEX;false;8;BOULEVARD CHANZY;;MONTREUIL;;AR;236;AR;229;;;15784;4;2;3;1;3;1;3;true;false;false;0;2;1;7;false;false;false;false;false;9;false;false;false;false;false;false;false;150;0;150;0;0;0;150;0;150;0;0;0;0;0;0;0;0;21951;216;4016;0;0;36442;523;3239;366;7255;7255;0;0;0
11;Île-de-France;93;Seine-Saint-Denis;93048;PC;09304812B0166;2;2013-01-18;;;2012;2012-01-01;2013-01;;2013-01;;;;;;93100;MONTREUIL;false;18;RUE DES MARGOTTES;;MONTREUIL;93100;Y;317;;;;;283;4;2;5;1;1;;;false;false;false;0;1;1;7;false;false;false;false;false;9;false;false;false;false;false;false;false;1;1;0;1;0;0;0;0;0;0;0;0;0;0;0;0;0;33;190;0;0;0;127;0;0;3;0;0;0;0;0
11;Île-de-France;93;Seine-Saint-Denis;93048;PC;09304812B0174;6;2013-02-07;2016-02-01;2018-12-21;2012;2016-02-01;2013-02;2016-04;2018-12;68.20B;5710;GDP VENDOME PROMOTION;429982929;42998292900037;75001;PARIS;false;42;BOULEVARD CHANZY;;MONTREUIL;93100;AR;230;AR;85;;;1503;4;1;1;1;3;;;false;false;false;0;2;1;7;false;false;false;false;false;9;false;false;false;false;false;false;false;81;3;78;0;3;0;78;0;7;66;6;2;0;0;0;0;0;0;3925;0;0;0;0;755;0;0;0;0;0;0;0
11;Île-de-France;93;Seine-Saint-Denis;93048;PC;09304812B0177;6;2013-01-04;2014-07-21;2015-11-01;2012;2015-11-01;2013-01;2014-07;2015-12;;;;;;93100;MONTREUIL;false;58;RUE DESIRE PREAUX;;MONTREUIL;93100;AQ;81;;;;;333;4;2;5;1;1;;;false;false;false;0;1;1;7;false;false;false;false;false;9;false;false;false;false;false;false;false;1;1;0;1;0;0;0;0;0;0;0;1;0;0;0;0;0;131;98;0;0;0;0;0;0;0;0;0;0;0;0
11;Île-de-France;93;Seine-Saint-Denis;93048;PC;09304812B0188;6;2013-02-07;2013-08-26;2015-04-09;2012;2015-04-09;2013-02;2013-08;2015-06;;;;;;93100;MONTREUIL;false;44;RUE HOCHE;;MONTREUIL;93100;AL;197;AL;198;AL;152;381;4;1;1;1;3;;;false;false;false;0;5;3;7;false;false;false;false;false;9;false;false;false;false;false;false;false;14;0;14;0;0;0;14;0;0;0;0;0;0;0;0;0;0;0;964;0;0;0;0;124;0;0;0;0;0;0;0
11;Île-de-France;93;Seine-Saint-Denis;93048;PC;09304812B0189;4;2013-01-14;;;2012;2012-01-01;2013-01;;2013-01;68.20B;6540;LAUDI;428882047;42888204700031;94300;VINCENNES;false;16;RUE DU BERGER;;MONTREUIL;93100;BR;144;;;;;390;4;1;1;1;3;;;false;false;false;0;2;1;7;false;false;false;false;false;9;false;false;false;false;false;false;false;12;0;12;0;0;0;12;0;4;4;3;0;1;0;0;0;0;90;581;0;90;0;0;0;0;0;0;0;0;0;0
11;Île-de-France;93;Seine-Saint-Denis;93048;PC;09304812B0190;6;2013-02-26;2015-01-15;2019-07-30;2012;2019-07-30;2013-02;2015-02;2021-01;;;;;;75011;PARIS;false;35;RUE SAINT VICTOR;;MONTREUIL;93100;R;149;;;;;341;4;2;3;1;3;1;3;true;true;false;0;3;1;7;false;false;false;false;false;9;false;false;false;false;false;false;false;10;0;10;0;0;0;10;0;3;2;3;2;0;0;0;0;0;0;188;293;0;0;450;29;48;0;341;261;0;0;0
11;Île-de-France;93;Seine-Saint-Denis;93048;PC;09304812B0191;6;2013-02-06;2017-01-12;2019-05-15;2012;2015-08-05;2013-02;2017-01;2019-06;68.20A;5599;ERILIA;058811670;05881167000015;13291;MARSEILLE;false;68;AVENUE FAIDHERBE;;MONTREUIL;93100;AC;237;AC;235;AC;92;1109;4;1;1;1;3;;;false;false;false;0;2;1;7;false;false;false;false;false;9;false;false;false;false;false;false;false;30;0;30;0;0;0;30;0;0;9;13;6;2;0;0;0;0;0;2034;0;0;0;835;523;0;0;0;0;0;0;0
11;Île-de-France;93;Seine-Saint-Denis;93048;PC;09304812B0199;6;2013-06-12;2013-09-13;2014-12-05;2012;2014-12-05;2013-06;2013-09;2016-01;68.10Z;5499;LMOO;477563647;47756364700015;93100;MONTREUIL;false;67;BOULEVARD HENRI BARBUSSE;;MONTREUIL;;AD;197;AD;195;AD;194;1083;4;2;2;1;3;1;5;true;false;false;0;3;1;7;false;false;false;false;false;9;false;false;false;false;false;false;false;8;0;8;0;0;0;8;0;3;1;3;1;0;0;0;0;0;79;0;585;0;0;1132;0;0;0;585;0;0;0;0
11;Île-de-France;93;Seine-Saint-Denis;93048;PC;09304812B0200;6;2013-07-09;2015-11-09;2018-07-12;2012;2015-11-09;2013-07;2015-11;2019-09;41.10D;6541;SCI MONTREUIL EGLISE CONVENTION;750350001;75035000100012;75801;PARIS;false;10;RUE DE LA CONVENTION;;MONTREUIL;93100;AF;311;AF;284;AF;277;6421;4;1;1;1;3;;;false;false;false;0;2;1;7;false;false;false;false;false;9;false;false;false;false;false;false;false;118;0;118;0;0;0;118;0;2;33;48;25;10;0;0;0;0;0;8264;0;0;0;0;1446;0;0;0;0;0;0;0
11;Île-de-France;93;Seine-Saint-Denis;93048;PC;09304812B0205;6;2013-01-02;2013-12-09;2016-03-08;2012;2016-03-08;2012-12;2013-11;2016-04;41.10D;6541;VILLA CONDORCET;508354669;;75001;PARIS;false;50;RUE CONDORCET;;MONTREUIL;;BP;257;BP;256;BP;222;933;4;2;5;1;3;;;true;false;false;0;2;1;7;false;false;false;false;false;9;false;false;false;false;false;false;false;29;0;29;0;0;0;29;0;0;14;10;5;0;0;0;0;0;1392;1745;0;320;0;0;0;0;0;0;0;0;0;0
11;Île-de-France;93;Seine-Saint-Denis;93048;PC;09304812B0206;6;2013-06-17;2014-07-02;2016-03-21;2012;2016-03-21;2013-06;2014-07;2016-11;68.20A;4140;OFFICE PUBLIC DE L'HABITAT MONTREUILLOIS;488777160;48877716000018;93100;MONTREUIL;false;6;RUE VICTOR BEAUSSE;;MONTREUIL;93100;U;178;U;16;;;1128;4;1;1;1;3;;;false;false;false;0;3;1;7;false;false;false;false;false;9;false;false;false;false;false;false;false;42;0;42;0;0;0;42;0;0;15;16;8;3;0;0;0;0;0;2615;0;0;0;0;0;0;0;0;0;0;0;0
11;Île-de-France;93;Seine-Saint-Denis;93048;PC;09304812B0207;4;2013-02-05;;;2012;2015-11-25;2013-02;;2013-02;70.10Z;6540;ALIX;520464082;52046408200012;49300;CHOLET;false;51;RUE MARCEAU;;MONTREUIL;;BI;315;BI;313;BI;174;284;4;2;5;1;1;;;false;false;false;0;2;1;7;false;false;false;false;false;9;false;false;false;false;false;false;false;1;1;0;1;0;0;0;0;0;0;0;0;0;0;0;0;0;417;86;0;0;0;0;0;0;0;0;0;0;0;0
11;Île-de-France;93;Seine-Saint-Denis;93048;PC;09304812B0209;6;2013-01-02;2013-03-04;2013-03-11;2012;2013-03-11;2012-12;2015-03;2017-02;68.20B;6540;SCI 7 EDEN;534248026;;75020;PARIS;false;26;RUE CARNOT;;MONTREUIL;;BP;20;;;;;481;4;2;2;1;3;1;8;true;false;false;0;2;1;7;false;false;false;false;false;9;false;false;false;false;false;false;false;4;0;4;0;0;0;4;0;0;0;3;1;0;0;0;0;0;120;0;464;0;0;464;0;0;0;464;142;0;0;0
11;Île-de-France;93;Seine-Saint-Denis;93048;PC;09304812B0211;6;2013-02-06;2013-06-01;2015-01-15;2012;2015-01-15;2013-02;2013-09;2016-11;41.10A;5710;BERYL INVESTISSEMENT;438861692;43886169200020;94120;FONTENAY SOUS BOIS;false;6;RUE DE VILLIERS;;MONTREUIL;93100;AL;9;AL;12;;;1245;4;1;1;1;3;;;false;false;false;0;2;1;7;false;false;false;false;false;9;false;false;false;false;false;false;false;37;0;37;0;0;0;37;0;6;11;11;8;1;0;0;0;0;0;2327;0;0;0;0;0;0;0;0;0;0;0;0
11;Île-de-France;93;Seine-Saint-Denis;93048;PC;09304812B0213;6;2013-02-01;2015-01-22;2017-01-30;2012;2017-01-30;2013-02;2015-01;2017-02;;;;;;93140;BONDY;false;62;RUE EDOUARD BRANLY;;MONTREUIL;93100;I;45;;;;;1060;4;1;1;1;1;;;false;false;false;0;1;1;7;false;false;false;false;false;9;false;false;false;false;false;false;false;1;1;0;1;0;0;0;0;0;0;0;0;1;0;0;0;0;0;107;0;0;0;0;0;0;0;0;0;0;0;0
11;Île-de-France;93;Seine-Saint-Denis;93048;PC;09304812B0214;4;2013-01-25;;;2012;2016-10-21;2013-01;;2013-01;;;;;;93100;MONTREUIL;false;32;RUE MAINGUET;;MONTREUIL;;AP;59;;;;;170;4;2;5;1;1;;;false;false;false;0;1;1;7;false;false;false;false;false;9;false;false;false;false;false;false;false;1;1;0;1;0;0;0;0;0;0;0;0;0;1;0;0;0;65;197;0;0;0;0;0;0;0;0;0;0;0;0
11;Île-de-France;93;Seine-Saint-Denis;93048;PC;09304812B0217;4;2013-02-07;;;2012;2012-01-01;2013-02;;2013-02;;;;;;06000;NICE;false;87;RUE DE LA SOLIDARITE;;MONTREUIL;93100;BR;117;;;;;4467;4;2;2;1;1;1;5;false;false;false;0;2;1;7;false;false;false;false;false;9;false;false;false;false;false;false;false;1;1;0;1;0;0;0;0;0;0;0;0;0;0;0;0;0;7375;0;75;0;0;255;0;0;0;75;0;0;0;0
11;Île-de-France;93;Seine-Saint-Denis;93048;PC;09304812B0220;6;2013-02-01;2013-04-29;2013-12-12;2012;2013-12-12;2013-02;2013-09;2015-12;;;;;;93100;MONTREUIL;false;23 BI;RUE ANATOLE FRANCE;;MONTREUIL;;CD;293;;;;;387;4;1;1;1;1;;;false;false;false;0;1;1;7;false;false;false;false;false;9;false;false;false;false;false;false;false;1;1;0;1;0;0;0;0;0;0;0;0;0;0;0;0;0;0;245;0;0;0;0;0;0;0;0;0;0;0;0
11;Île-de-France;93;Seine-Saint-Denis;93048;PC;09304812B0222;2;2013-01-18;;;2012;2012-01-01;2013-01;;2013-01;;;;;;93100;MONTREUIL;false;3;RUE LOUISE MICHEL;;MONTREUIL;93100;CK;137;;;;;610;4;2;5;1;1;;;true;false;false;0;5;3;7;false;false;false;false;false;9;false;false;false;false;false;false;false;1;1;0;1;0;0;0;0;0;0;0;1;0;0;0;0;0;135;111;0;0;0;0;0;0;0;0;0;0;0;0
11;Île-de-France;93;Seine-Saint-Denis;93048;PC;09304812B0223;6;2013-08-12;2015-03-09;2017-01-11;2012;2017-01-11;2013-08;2015-03;2017-05;;;;;;06140;VENCE;false;75;RUE PARMENTIER;;MONTREUIL;;AT;97;;;;;461;4;1;1;1;3;;;false;false;false;0;2;1;7;false;false;false;false;false;9;false;false;false;false;false;false;false;19;0;19;0;0;0;19;0;4;3;11;1;0;0;0;0;0;207;1289;0;0;0;0;73;0;0;0;0;0;0;0
11;Île-de-France;93;Seine-Saint-Denis;93048;PC;09304812B0226;6;2013-02-18;2013-11-21;2018-11-25;2012;2018-11-25;2013-02;2015-03;2019-02;;;;;;93100;MONTREUIL;false;8 BIS;RUE DESIRE CHARTON;;MONTREUIL;93100;T;386;;;;;1045;4;2;3;1;2;1;6;true;false;false;0;1;1;7;false;false;false;false;false;9;false;false;false;false;false;false;false;2;2;0;0;2;0;0;0;0;1;0;1;0;0;0;0;0;0;125;31;0;0;140;0;0;0;31;0;0;0;0
11;Île-de-France;93;Seine-Saint-Denis;93048;PC;09304812B0228;5;2013-03-08;2015-02-17;;2012;2012-01-01;2015-02;2015-03;2015-03;68.32A;5710;CABINET LOUIS PORCHERET;562035840;56203584000015;93100;MONTREUIL;false;27;RUE CLOTILDE GAILLARD;;MONTREUIL;93100;BU;200;;;;;1877;4;2;5;1;2;;;true;false;false;0;5;3;7;false;false;false;false;false;9;false;false;false;false;false;false;false;4;4;0;0;4;0;0;0;0;0;0;0;0;0;0;0;0;2793;262;0;0;0;199;0;0;0;0;0;0;0;0
11;Île-de-France;93;Seine-Saint-Denis;93048;PC;09304812B0230;2;2013-02-07;;;2012;2012-01-01;2013-02;;2013-02;;;;;;9310;MONTREUIL;false;67;RUE DES GROSEILLIERS;;MONTREUIL;93100;Z;327;;;;;387;4;2;5;1;1;;;true;true;false;0;5;3;7;false;false;false;false;false;9;false;false;false;false;false;false;false;1;1;0;1;0;0;0;0;0;0;0;0;0;1;0;0;0;119;198;0;0;0;0;0;0;0;0;0;0;0;0
11;Île-de-France;93;Seine-Saint-Denis;93048;PC;09304812B0234;2;2013-05-23;;;2012;2012-01-01;2013-05;;2013-05;;;;;;93100;MONTREUIL;false;2 TER;PLACE DU GENERAL DE GAULLE;;MONTREUIL;93100;AC;7;;;;;299;4;2;3;1;3;2;1;false;false;false;0;3;1;7;false;false;false;false;false;9;false;false;false;false;false;false;false;6;0;6;0;0;0;6;0;2;3;1;0;0;0;0;0;0;149;273;211;0;149;62;0;0;0;62;0;0;0;0
11;Île-de-France;93;Seine-Saint-Denis;93048;PC;09304812B0237;2;2013-04-26;;;2012;2012-01-01;2013-06;;2013-06;;;;;;93100;MONTREUIL;false;16;RUE DU CLOS DES ARRACHIS;;MONTREUIL;93100;CJ;38;CJ;37;CJ;36;810;4;2;5;1;3;;;false;false;false;0;2;1;7;false;false;false;false;false;9;false;false;false;false;false;false;false;2;0;2;0;0;0;2;0;0;0;0;0;2;0;0;0;0;311;185;0;0;0;0;0;0;0;0;0;0;0;0
11;Île-de-France;93;Seine-Saint-Denis;93048;PC;09304812B0242;5;2013-03-07;2013-09-30;;2012;2012-01-01;2013-08;2013-10;2013-10;68.20B;6540;SCI DENIS COUTURIER;333134161;;93100;MONTREUIL;false;26;RUE DENIS COUTURIER;;MONTREUIL;;AP;96;;;;;164;4;2;3;1;1;1;5;false;false;false;0;5;3;7;false;false;false;false;false;9;false;false;false;false;false;false;false;1;1;0;1;0;0;0;0;0;0;0;0;0;0;0;0;0;0;85;8;0;0;175;0;0;0;8;0;0;0;0
11;Île-de-France;93;Seine-Saint-Denis;93048;PC;09304812B0245;6;2013-05-24;2014-06-23;2015-12-21;2012;2015-12-21;2013-05;2014-06;2016-04;70.10Z;5546;COALLIA HABITAT;510469661;51046966100019;75592;PARIS CEDEX 12;false;18;RUE DES HAYEPS;;MONTREUIL;93100;BI;86;;;;;446;4;1;1;1;4;;;false;false;false;0;2;1;7;false;false;false;false;false;5;false;false;false;false;true;false;false;42;0;42;0;0;42;0;0;42;0;0;0;0;0;0;0;0;0;938;0;0;0;0;0;0;0;0;0;0;0;0
11;Île-de-France;93;Seine-Saint-Denis;93048;PC;09304812B0247;6;2013-02-07;2013-10-14;2015-02-27;2012;2015-02-27;2013-02;2013-10;2015-09;;;;;;93100;MONTREUIL;false;27;RUE DES MESSIERS;;MONTREUIL;;AT;32;;;;;755;4;2;3;1;3;1;5;true;false;false;0;5;3;7;false;false;false;false;false;9;false;false;false;false;false;false;false;2;0;2;0;0;0;2;0;0;0;2;0;0;0;0;0;0;403;63;77;0;0;378;0;0;0;77;0;0;0;0
11;Île-de-France;93;Seine-Saint-Denis;93048;PC;09304812B0249;5;2013-04-05;2013-05-01;;2012;2012-01-01;2013-04;2013-12;2013-12;;;;;;93100;MONTREUIL;false;17;RUE DU DOCTEUR CALMETTE;;MONTREUIL;93100;AE;232;;;;;211;4;1;1;1;1;;;false;false;false;0;1;1;7;false;false;false;false;false;9;false;false;false;false;false;false;false;1;1;0;1;0;0;0;0;0;0;0;0;0;1;0;0;0;0;121;0;0;0;0;0;0;0;0;0;0;0;0
11;Île-de-France;93;Seine-Saint-Denis;93048;PC;09304812B0252;6;2013-06-27;2014-06-11;2015-12-18;2012;2015-12-18;2013-06;2014-06;2015-12;41.10D;6541;REI L'ANTHRACITE;532630860;53263086000015;93100;MONTREUIL;false;54 BI;RUE ROBESPIERRE;;MONTREUIL;93100;BG;87;;;;;675;4;1;1;1;3;;;false;false;false;0;2;1;7;false;false;false;false;false;9;false;false;false;false;false;false;false;8;0;8;0;0;0;8;0;2;1;0;5;0;0;0;0;0;235;588;0;0;0;0;412;0;0;0;0;0;0;0
11;Île-de-France;93;Seine-Saint-Denis;93048;PC;09304812B0254;6;2013-02-14;2013-02-26;2013-06-20;2012;2012-01-01;2013-02;2015-03;2015-03;68.20A;4140;OFFICE PUBLIC DE L'HABITAT MONTREUILLOIS;488777160;48877716000018;93100;MONTREUIL;false;19;RUE PAUL BERT;;MONTREUIL;;AZ;51;;;;;933;4;1;1;1;3;;;false;false;false;0;2;1;7;false;false;false;false;false;9;false;false;false;false;false;false;false;11;0;11;0;0;0;11;0;2;4;5;0;0;0;0;0;0;0;651;0;0;0;0;0;0;0;0;0;0;0;0
11;Île-de-France;93;Seine-Saint-Denis;93048;PC;09304812B0256;5;2013-02-27;2013-07-18;;2012;2012-01-01;2013-02;2013-07;2013-07;;;;;;75005;PARIS;false;220;RUE DE ROSNY;;MONTREUIL;93100;BZ;485;;;;;2800;4;2;2;1;1;2;1;true;false;false;0;3;1;7;false;false;false;false;false;9;false;false;false;false;false;false;false;1;1;0;1;0;0;0;0;0;0;1;0;0;0;0;0;0;55;0;55;0;55;0;0;0;0;0;0;0;0;0
11;Île-de-France;93;Seine-Saint-Denis;93048;PC;09304812B0263;5;2013-02-12;2014-02-21;;2012;2012-01-01;2013-02;2015-03;2015-03;;;;;;93100;MONTREUIL;false;79;RUE COLMET LEPINAY;;MONTREUIL;93100;BT;35;;;;;1190;4;2;3;1;3;1;3;true;false;false;0;5;3;7;false;false;false;false;false;9;false;false;false;false;false;false;false;2;0;2;0;0;0;2;0;0;0;0;0;0;0;0;0;0;857;48;86;0;0;86;0;0;0;86;86;0;0;0
11;Île-de-France;93;Seine-Saint-Denis;93048;PC;09304813B0002;5;2013-02-07;2013-05-31;;2013;2013-01-01;2013-02;2015-03;2015-03;;;;;;94300;VINCENNES;false;16;VILLA DES SAULES CLOUETS;;MONTREUIL;;A;19;;;;;245;4;2;2;1;1;1;5;true;false;false;0;5;3;7;false;false;false;false;false;9;false;false;false;false;false;false;false;1;1;0;1;0;0;0;0;0;0;0;1;0;0;0;0;0;44;0;70;0;0;70;0;0;0;70;0;0;0;0
11;Île-de-France;93;Seine-Saint-Denis;93048;PC;09304813B0004;6;2013-03-07;2013-04-01;2013-07-31;2013;2013-01-01;2013-05;2013-10;2013-10;;;;;;93110;ROSNY SOUS BOIS;false;59;RUE DE LA DEMI LUNE;;MONTREUIL;93100;B;211;;;;;389;4;2;2;1;1;1;5;true;false;false;0;3;1;7;false;false;false;false;false;9;false;false;false;false;false;false;false;1;1;0;1;0;0;0;0;0;1;0;0;0;0;0;0;0;372;0;72;0;0;72;0;0;0;72;0;0;0;0
11;Île-de-France;93;Seine-Saint-Denis;93048;PC;09304813B0005;5;2013-03-29;2013-07-22;;2013;2013-01-01;2013-04;2013-07;2013-07;;;;;;93100;MONTREUIL;false;177;RUE EDOUARD BRANLY;;MONTREUIL;93100;D;65;;;;;352;4;2;5;1;1;;;false;false;false;0;1;1;7;false;false;false;false;false;9;false;false;false;false;false;false;false;1;1;0;1;0;0;0;0;0;0;0;0;0;1;0;0;0;61;141;0;21;0;0;0;0;0;0;0;0;0;0
11;Île-de-France;93;Seine-Saint-Denis;93048;PC;09304813B0010;6;2013-06-27;2014-07-02;2016-07-04;2013;2016-07-04;2013-06;2014-07;2017-04;68.20A;5599;OSICA SOCIETE ANONYME D HABITATIONS A LOYER MODERE;552046484;55204648400259;75013;PARIS;false;34/36;RUE GIRARD;;MONTREUIL;93100;AR;242;AR;243;;;666;4;1;1;1;3;;;false;false;false;0;3;1;7;false;false;false;false;false;9;false;false;false;false;false;false;false;17;0;17;0;0;0;17;0;7;4;4;1;1;0;0;0;0;125;937;0;125;0;255;112;0;255;0;0;0;0;0
11;Île-de-France;93;Seine-Saint-Denis;93048;PC;09304813B0020;6;2013-04-22;2013-12-23;2015-06-30;2013;2015-06-30;2013-04;2013-12;2016-01;;;;;;93100;MONTREUIL;false;104;RUE DE VINCENNES;;MONTREUIL;;BK;343;BK;269;;;654;4;2;6;1;1;;;true;false;false;0;2;1;7;false;false;false;false;false;9;false;false;false;false;false;false;false;1;1;0;1;0;0;0;0;0;0;0;0;0;1;0;0;0;590;155;0;0;0;218;0;0;218;0;0;0;0;0
11;Île-de-France;93;Seine-Saint-Denis;93048;PC;09304813B0031;5;2013-05-23;2013-09-12;;2013;2013-01-01;2013-05;2013-09;2013-09;;;;;;93100;MONTREUIL;false;47;RUE DE LA REVOLUTION;;MONTREUIL;;BI;215;BI;14;;;1113;4;2;2;1;1;1;6;true;false;false;0;1;1;7;false;false;false;false;false;9;false;false;false;false;false;false;false;1;1;0;1;0;0;0;0;0;0;1;0;0;0;0;0;0;0;0;96;0;0;1210;0;0;0;96;0;0;0;0
11;Île-de-France;93;Seine-Saint-Denis;93048;PC;09304813B0036;6;2013-06-06;2014-07-10;2015-05-19;2013;2013-01-01;2013-05;2014-07;2015-07;;;;;;93100;MONTREUIL;false;3 BIS;RUE DOMBASLE;;MONTREUIL;;AH;135;;;;;807;4;1;1;1;1;;;false;false;false;0;1;1;7;false;false;false;false;false;9;false;false;false;false;false;false;false;1;1;0;1;0;0;0;0;0;0;0;0;0;0;0;0;0;0;180;0;0;0;0;0;0;0;0;0;0;0;0
11;Île-de-France;93;Seine-Saint-Denis;93048;PC;09304813B0043;6;2013-12-13;2014-12-15;2017-03-15;2013;2017-03-15;2013-12;2014-12;2017-11;;;;;;92867;ISSY LES MOULINEAUX CEDE;false;15;RUE DE LA REVOLUTION;;MONTREUIL;93100;AS;193;;;;;1680;4;1;1;1;3;;;false;false;false;0;2;1;7;false;false;false;false;false;9;false;false;false;false;false;false;false;68;0;68;0;0;0;68;0;1;24;32;10;1;0;0;0;0;0;3997;0;0;0;2580;0;0;0;0;0;0;0;0
11;Île-de-France;93;Seine-Saint-Denis;93048;PC;09304813B0047;2;2013-06-26;;;2013;2013-01-01;2013-06;;2013-06;;;;;;75011;PARIS;false;10;RUE DE L ERMITAGE;;MONTREUIL;93100;T;183;;;;;371;4;2;3;1;3;1;5;true;false;false;0;2;1;7;false;false;false;false;false;9;false;false;false;false;false;false;false;3;0;3;0;0;0;3;0;0;0;3;0;0;0;0;0;0;0;33;287;0;0;347;0;0;0;287;0;0;0;0
11;Île-de-France;93;Seine-Saint-Denis;93048;PC;09304813B0048;5;2013-06-13;2014-02-13;;2013;2013-01-01;2013-06;2015-03;2015-03;;;;;;93100;MONTREUIL;false;84;RUE ERNEST SAVART;;MONTREUIL;93100;AD;117;;;;;436;4;2;5;1;1;;;true;false;false;0;5;3;7;false;false;false;false;false;9;false;false;false;false;false;false;false;1;1;0;1;0;0;0;0;0;0;0;0;0;0;0;0;0;127;109;0;0;0;0;0;0;0;0;0;0;0;0
11;Île-de-France;93;Seine-Saint-Denis;93048;PC;09304813B0050;4;2013-06-26;;;2013;2013-01-01;2013-06;;2013-06;;;;;;93100;MONTREUIL;false;15;RUE HONORE DE BALZAC;;MONTREUIL;93100;K;263;;;;;248;4;2;5;1;1;;;false;false;false;0;1;1;7;false;false;false;false;false;9;false;false;false;false;false;false;false;1;1;0;1;0;0;0;0;0;0;1;0;0;0;0;0;0;62;105;0;0;0;0;0;0;0;0;0;0;0;0
11;Île-de-France;93;Seine-Saint-Denis;93048;PC;09304813B0056;6;2013-07-29;2014-08-18;2015-06-01;2013;2015-06-01;2013-07;2014-08;2015-07;;;;;;93100;MONTREUIL;false;73;RUE CARNOT;;MONTREUIL;;BQ;88;;;;;248;4;2;5;1;1;;;false;false;false;0;1;1;7;false;false;false;false;false;9;false;false;false;false;false;false;false;1;1;0;1;0;0;0;0;0;0;0;1;0;0;0;0;0;107;133;0;0;0;0;0;0;0;0;0;0;0;0
11;Île-de-France;93;Seine-Saint-Denis;93048;PC;09304813B0059;5;2013-09-27;2014-02-28;;2013;2014-02-28;2013-09;2015-06;2015-06;;;;;;93100;MONTREUIL SOUS BOIS;false;15;RUE DU PLATEAU;;MONTREUIL;93100;V;21;;;;;369;4;2;5;1;1;;;false;false;false;0;1;1;7;false;false;false;false;false;9;false;false;false;false;false;false;false;1;1;0;1;0;0;0;0;0;1;0;0;0;0;0;0;0;100;64;0;0;0;0;0;0;0;0;0;0;0;0
11;Île-de-France;93;Seine-Saint-Denis;93048;PC;09304813B0060;6;2013-06-26;2014-06-29;2020-03-02;2013;2020-03-02;2013-06;2015-02;2020-05;;;;;;93100;MONTREUIL SOUS BOIS;false;30;RUE CARNOT;;MONTREUIL;93100;BP;23;;;;;433;4;2;2;1;1;1;5;true;false;false;0;1;1;7;false;false;false;false;false;9;false;false;false;false;false;false;false;1;1;0;1;0;0;0;0;0;0;1;0;0;0;0;0;0;264;0;73;0;0;73;0;0;0;73;0;0;0;0
11;Île-de-France;93;Seine-Saint-Denis;93048;PC;09304813B0068;6;2013-08-26;2014-05-14;2016-09-01;2013;2016-09-01;2013-08;2015-03;2016-11;41.10D;6541;SCCV MONTREUIL MARCEAU;798041059;79804105900014;75017;PARIS;false;99 BI;RUE MARCEAU;;MONTREUIL;93100;BF;98;BF;97;BF;96;663;4;1;1;1;3;;;false;false;false;0;2;1;7;false;false;false;false;false;9;false;false;false;false;false;false;false;26;0;26;0;0;0;26;0;0;8;7;10;1;0;0;0;0;510;1788;0;0;0;785;322;0;0;0;0;0;0;0
11;Île-de-France;93;Seine-Saint-Denis;93048;PC;09304813B0074;5;2013-09-16;2015-02-16;;2013;2013-01-01;2013-09;2015-02;2015-02;68.20B;6540;SCI JARRY;415386705;41538670500016;75010;PARIS;false;12;RUE FRANCOIS DEBERGUE;;MONTREUIL;93100;BN;56;;;;;368;4;2;3;1;1;1;8;false;false;false;0;1;1;7;false;false;false;false;false;9;false;false;false;false;false;false;false;1;1;0;0;1;0;0;0;0;0;0;0;0;0;0;0;0;0;118;169;0;0;387;284;0;0;169;0;0;0;0
11;Île-de-France;93;Seine-Saint-Denis;93048;PC;09304813B0080;6;2013-11-06;2015-01-23;2016-04-04;2013;2016-04-04;2013-10;2015-01;2016-04;;;;;;93100;MONTREUIL;false;211;RUE ETIENNE MARCEL;;MONTREUIL;93100;AY;70;;;;;665;4;2;5;1;3;;;true;true;false;0;5;3;7;false;false;false;false;false;9;false;false;false;false;false;false;false;2;0;2;0;0;0;2;0;0;0;0;2;0;0;0;0;0;409;149;0;0;0;222;0;0;0;0;0;0;0;0
11;Île-de-France;93;Seine-Saint-Denis;93048;PC;09304813B0081;6;2014-01-17;2014-10-13;2020-09-12;2013;2015-11-05;2014-01;2014-10;2020-11;68.10Z;5499;SBM;489882142;48988214200024;93100;MONTREUIL;false;35;RUE DE ROMAINVILLE;;MONTREUIL;93100;AG;108;;;;;601;4;2;5;1;3;;;false;false;false;0;2;1;7;false;false;false;false;false;9;false;false;false;false;false;false;false;3;0;3;0;0;0;3;0;0;0;1;1;1;0;0;0;0;227;418;0;0;0;401;0;0;0;0;0;0;0;0
11;Île-de-France;93;Seine-Saint-Denis;93048;PC;09304813B0085;6;2013-11-06;2014-04-18;2015-06-26;2013;2015-06-26;2013-10;2014-04;2015-06;;;;;;9310;MONTREUIL;false;68;RUE BABEUF;;MONTREUIL;93100;CN;108;;;;;148;4;1;1;1;1;;;false;false;false;0;5;3;7;false;false;false;false;false;9;false;false;false;false;false;false;false;1;1;0;1;0;0;0;0;0;0;0;0;0;0;0;0;0;0;84;0;0;0;0;0;0;0;0;0;0;0;0
11;Île-de-France;93;Seine-Saint-Denis;93048;PC;09304813B0088;2;2013-09-20;;;2013;2013-01-01;2013-09;;2013-09;;;;;;94300;VINCENNES;false;16;VILLA DES SAULES CLOUETS;;MONTREUIL;93100;A;19;;;;;245;4;2;5;1;1;;;false;false;false;0;1;1;7;false;false;false;false;false;9;false;false;false;false;false;false;false;1;1;0;1;0;0;0;0;0;0;0;1;0;0;0;0;0;114;85;0;0;0;0;0;0;0;0;0;0;0;0
11;Île-de-France;93;Seine-Saint-Denis;93048;PC;09304813B0092;5;2013-10-10;2016-09-19;;2013;2016-09-19;2013-10;2016-09;2016-09;;;;;;93100;MONTREUIL;false;101;RUE GASTON LAURIAU;;MONTREUIL;93100;BT;283;BT;286;;;367;4;2;5;1;1;;;false;true;false;0;1;1;7;false;false;false;false;false;9;false;false;false;false;false;false;false;1;1;0;1;0;0;0;1;0;0;0;0;0;0;0;0;0;140;152;0;0;0;0;88;0;0;0;0;0;0;0
11;Île-de-France;93;Seine-Saint-Denis;93048;PC;09304813B0093;6;2014-01-30;2014-09-12;2017-01-09;2013;2017-01-09;2014-01;2014-09;2017-01;41.10D;5202;SNC 146 BOULEVARD DE CHANZY;488051574;48805157400017;65000;TARBES;false;146;BOULEVARD CHANZY--- RUE DE;;MONTREUIL;93100;AV;30;;;;;7898;4;1;1;1;3;;;false;false;false;0;4;1;7;false;false;false;false;false;9;false;false;false;false;false;false;false;180;0;180;0;0;0;180;0;16;65;53;44;2;0;48;0;0;0;10674;0;0;0;0;1229;0;0;0;0;0;0;0
11;Île-de-France;93;Seine-Saint-Denis;93048;PC;09304813B0094;6;2013-08-12;2013-08-12;2014-01-01;2013;2013-01-01;2013-08;2014-03;2014-03;68.10Z;5499;ARCONANCE;504871393;50487139300014;75116;PARIS;false;129;RUE BABEUF;;MONTREUIL;93100;CN;18;;;;;482;4;1;1;1;1;;;false;false;false;0;1;1;7;false;false;false;false;false;9;false;false;false;false;false;false;false;1;1;0;1;0;0;0;0;0;0;1;0;0;0;0;0;0;0;108;0;0;0;0;0;0;0;0;0;0;0;0
11;Île-de-France;93;Seine-Saint-Denis;93048;PC;09304813B0097;4;2014-03-16;;;2013;2013-01-01;2015-03;;2015-03;41.10D;6541;VILLA ALEXIS PESNON;794889055;79488905500016;75015;PARIS;false;100 1;RUE ALEXIS PESNON;;MONTREUIL;;AK;74;AK;75;AK;185;1597;4;1;1;1;3;;;false;false;false;0;4;1;7;false;false;false;false;false;9;false;false;false;false;false;false;false;46;0;46;0;0;0;46;0;1;3;27;14;1;0;0;0;0;0;3276;0;0;0;1370;42;0;1370;0;0;0;0;0
11;Île-de-France;93;Seine-Saint-Denis;93048;PC;09304813B0100;4;2014-03-21;;;2013;2013-01-01;2014-03;;2014-03;64.20Z;5710;IRE;489741645;48974164500019;75008;PARIS;false;66;RUE LENAIN DE TILLEMONT;;MONTREUIL;93100;CE;282;;;;;19574;4;1;1;1;3;;;false;false;false;0;2;1;7;false;false;false;false;false;9;false;false;false;false;false;false;false;75;0;75;0;0;0;75;0;1;35;17;21;1;0;0;0;0;0;4912;0;0;0;0;310;0;0;0;0;0;0;0
11;Île-de-France;93;Seine-Saint-Denis;93048;PC;09304813B0105;4;2014-01-06;;;2013;2018-07-16;2013-12;;2013-12;64.30Z;5499;JUCA DEVELOPPEMENT;501635361;50163536100014;93130;NOISY LE SEC;false;26;AVENUE FAIDHERBE;;MONTREUIL;93100;AE;101;;;;;188;4;1;1;1;3;;;false;false;false;0;3;1;7;false;false;false;false;false;9;false;false;false;false;false;false;false;4;0;4;0;0;0;4;0;1;1;1;1;0;0;0;0;0;0;294;0;0;0;0;152;0;0;0;0;0;0;0
11;Île-de-France;93;Seine-Saint-Denis;93048;PC;09304813B0108;2;2014-03-28;;;2013;2013-01-01;2014-03;;2014-03;68.32A;5710;CABINET LOUIS PORCHERET;562035840;56203584000015;93100;MONTREUIL;false;34;RUE RASPAIL;;MONTREUIL;93100;BH;249;;;;;623;4;1;1;1;3;;;false;false;false;0;2;1;7;false;false;false;false;false;9;false;false;false;false;false;false;false;19;0;19;0;0;0;19;0;2;6;6;3;2;0;0;0;0;0;1297;0;0;0;476;176;0;0;0;0;0;0;0
11;Île-de-France;93;Seine-Saint-Denis;93048;PC;09304813B0109;4;2013-11-05;;;2013;2015-07-16;2015-03;;2015-03;68.20A;4140;OFFICE PUBLIC DE L'HABITAT MONTREUILLOIS;488777160;48877716000018;93100;MONTREUIL;false;14;ALLEE ROLAND MARTIN / 38 P;;MONTREUIL;93100;CO;20;CO;26;CO;27;34088;4;2;2;1;3;1;7;false;false;false;0;5;3;7;false;false;false;false;false;9;false;false;false;false;false;false;false;4;0;4;0;0;0;4;0;4;0;0;0;0;0;0;0;0;0;0;4496;0;0;4496;0;0;0;4496;0;0;4496;0
11;Île-de-France;93;Seine-Saint-Denis;93048;PC;09304813B0110;6;2013-12-13;2015-02-03;2017-06-01;2013;2017-06-01;2013-12;2015-02;2017-09;68.20A;5546;ANTIN RESIDENCES SA HABITAT LOYER MODERE;315518803;31551880300046;75439;PARIS CEDEX 09;false;56/58;RUE VOLTAIRE;;MONTREUIL;93100;AY;217;AY;215;AY;213;1084;4;1;1;1;4;;;false;false;false;0;2;1;7;false;false;false;false;false;5;false;false;false;false;true;false;false;101;0;101;0;0;101;0;0;87;14;0;0;0;0;0;0;0;0;2846;0;0;0;0;0;0;0;0;0;0;0;0
11;Île-de-France;93;Seine-Saint-Denis;93048;PC;09304813B0112;2;2013-12-05;;;2013;2013-01-01;2013-11;;2013-11;;;;;;94500;CHAMPIGNY S/ MARNE;false;27;RUE DES CHANTEREINES;;MONTREUIL;93100;X;119;;;;;630;4;1;1;1;3;;;false;false;false;0;2;1;7;false;false;false;false;false;9;false;false;false;false;false;false;false;18;0;18;0;0;0;18;0;0;8;7;3;0;0;0;0;0;0;1140;0;0;0;0;0;0;0;0;0;0;0;0
11;Île-de-France;93;Seine-Saint-Denis;93048;PC;09304813B0113;6;2014-03-19;2017-03-06;2020-11-11;2013;2017-03-06;2014-03;2017-03;2021-01;68.32A;6542;SOCIETE CIVILE IMMOBILIERE 29 B;822792339;82279233900019;93100;MONTREUIL;false;29;RUE BEAUMARCHAIS;;MONTREUIL;93100;BL;34;;;;;489;4;1;1;1;3;;;false;false;false;0;2;1;7;false;false;false;false;false;9;false;false;false;false;false;false;false;7;0;7;0;0;0;7;0;0;1;3;2;0;1;0;0;0;0;636;0;0;0;40;0;0;0;0;0;0;0;0
11;Île-de-France;93;Seine-Saint-Denis;93048;PC;09304813B0115;5;2014-01-23;2016-01-17;;2013;2016-01-17;2014-01;2016-01;2016-01;;;;;;93100;MONTREUIL;false;172;BOULE DE LA BOISSIERE;;MONTREUIL;93100;C;91;;;;;465;4;2;5;1;3;;;false;false;false;0;2;1;7;false;false;false;false;false;9;false;false;false;false;false;false;false;4;0;4;0;0;0;4;0;0;4;0;0;0;0;0;0;0;228;201;0;0;0;42;0;0;0;0;0;0;0;0
11;Île-de-France;93;Seine-Saint-Denis;93048;PC;09304813B0116;4;2013-11-05;;;2013;2013-01-01;2013-10;;2013-10;;;;;;93100;MONTREUIL;false;32;RUE GASTON LAURIAU;;MONTREUIL;93100;BU;34;;;;;439;4;2;3;1;1;1;5;true;false;false;0;1;1;7;false;false;false;false;false;9;false;false;false;false;false;false;false;1;1;0;1;0;0;0;0;0;0;0;1;0;0;0;0;0;178;98;6;0;0;188;0;0;0;6;0;0;0;0
11;Île-de-France;93;Seine-Saint-Denis;93048;PC;09304813B0118;6;2013-11-26;2014-07-29;2015-05-20;2013;2015-05-20;2015-03;2015-03;2015-07;68.20B;6540;SCI S.K.R.S.;481305134;48130513400019;93100;MONTREUIL;false;3;PLACE JEAN JAURES;;MONTREUIL;;AF;144;;;;;88;4;2;5;1;1;;;false;false;false;0;3;1;7;false;false;false;false;false;9;false;false;false;false;false;false;false;1;1;0;1;0;0;0;0;0;1;0;0;0;0;0;0;0;93;53;0;0;0;70;0;0;0;0;0;0;0;0
11;Île-de-France;93;Seine-Saint-Denis;93048;PC;09304813B0120;6;2014-03-06;2016-06-09;2019-07-04;2013;2016-06-09;2014-02;2016-06;2019-08;68.20A;4140;OFFICE PUBLIC DE L'HABITAT MONTREUILLOIS;488777160;48877716000018;93100;MONTREUIL;false;11;RUE DES SOUCIS / 41 RUE EU;;MONTREUIL;93100;AI;309;AI;310;AI;312;1895;4;1;1;1;3;;;false;false;false;0;2;1;7;false;false;false;false;false;9;false;false;false;false;false;false;false;56;0;56;0;0;0;56;0;0;0;0;0;0;0;0;0;0;930;3706;0;0;0;0;87;0;0;0;0;0;0;0
11;Île-de-France;93;Seine-Saint-Denis;93048;PC;09304813B0123;2;2014-02-24;;;2013;2013-01-01;2015-03;;2015-03;;;;;;93100;MONTREUIL;false;17;RUE DE LA CAPSULERIE;;MONTREUIL;;AP;173;;;;;285;4;1;1;1;3;;;false;false;false;0;2;1;7;false;false;false;false;false;9;false;false;false;false;false;false;false;12;0;12;0;0;0;12;0;4;5;1;1;1;0;0;0;0;66;639;0;66;0;0;0;0;0;0;0;0;0;0
11;Île-de-France;93;Seine-Saint-Denis;93048;PC;09304813B0126;2;2013-11-06;;;2013;2013-01-01;2015-03;;2015-03;;;;;;94;SAINT-MANDE;false;17 17;RUE MALOT;;MONTREUIL;;BP;214;BP;156;;;494;4;2;3;1;3;1;3;false;true;false;0;2;1;7;false;false;false;false;false;9;false;false;false;false;false;false;false;4;0;4;0;0;0;4;0;0;0;3;1;0;0;0;0;0;225;317;8;0;0;464;0;0;174;8;8;0;0;0
11;Île-de-France;93;Seine-Saint-Denis;93048;PC;09304813B0131;6;2013-11-26;2014-07-09;2016-05-31;2013;2016-05-31;2013-12;2014-07;2016-11;;;;;;93100;MONTREUIL;false;104;RUE DU MOULIN A VENT;;MONTREUIL;93100;Y;31;;;;;449;4;2;5;1;1;;;false;false;false;0;1;1;7;false;false;false;false;false;9;false;false;false;false;false;false;false;1;1;0;1;0;0;0;0;1;0;0;0;0;0;0;0;0;71;49;0;0;0;0;0;0;0;0;0;0;0;0
11;Île-de-France;93;Seine-Saint-Denis;93048;PC;09304813B0139;5;2013-12-18;2014-03-12;;2013;2013-01-01;2013-12;2014-03;2014-03;;;;;;93100;MONTREUIL;false;54;RUE MARCEAU;;MONTREUIL;93100;BG;151;;;;;940;4;2;3;1;1;1;5;true;false;false;0;1;1;7;false;false;false;false;false;9;false;false;false;false;false;false;false;1;1;0;1;0;0;0;0;0;0;0;1;0;0;0;0;0;584;1;137;0;0;845;0;0;0;137;0;0;0;0
11;Île-de-France;93;Seine-Saint-Denis;93048;PC;09304813B0141;6;2014-01-23;2014-12-05;2016-10-20;2013;2016-10-20;2014-01;2014-12;2016-11;;;;;;93100;MONTREUIL;false;10;RUE DU PLATEAU;;MONTREUIL;93100;V;36;;;;;301;4;1;1;1;2;;;false;false;false;0;1;1;7;false;false;false;false;false;9;false;false;false;false;false;false;false;3;3;0;0;3;0;0;0;0;1;0;2;0;0;0;0;0;0;254;0;0;0;0;0;0;0;0;0;0;0;0
11;Île-de-France;93;Seine-Saint-Denis;93048;PC;09304813B0142;6;2014-05-26;2015-07-01;2017-04-12;2013;2015-07-01;2014-07;2015-07;2017-10;41.10D;5499;CHR 23;805377736;80537773600014;93100;MONTREUIL;false;23;BD ROUGET DE LISLE;;MONTREUIL;93100;BO;61;;;;;332;4;1;1;1;3;;;false;false;false;0;2;1;7;false;false;false;false;false;9;false;false;false;false;false;false;false;17;0;17;0;0;0;17;0;1;4;4;8;0;0;0;0;0;0;1131;0;0;0;191;134;0;0;0;0;0;0;0
11;Île-de-France;93;Seine-Saint-Denis;93048;PC;09304813B0144;5;2013-12-02;2015-02-04;;2013;2013-01-01;2013-12;2015-02;2015-02;;;;;;93100;MONTREUIL;false;50;RUE POULIN;;MONTREUIL;93100;X;49;X;50;;;550;4;2;3;1;1;2;1;true;false;false;0;5;3;7;false;false;false;false;false;9;false;false;false;false;false;false;false;1;1;0;1;0;0;0;0;0;0;0;0;0;0;0;0;0;148;108;48;0;48;0;0;0;0;0;0;0;0;0
11;Île-de-France;93;Seine-Saint-Denis;93048;PC;09304813B0147;6;2014-02-07;2015-03-06;2015-04-02;2013;2015-04-02;2015-03;2015-03;2015-04;;;;;;93100;MONTREUIL;false;55;RUE BEAUMARCHAIS;;MONTREUIL;;BK;8;;;;;156;4;1;1;1;1;;;false;false;false;0;5;3;7;false;false;false;false;false;9;false;false;false;false;false;false;false;1;1;0;1;0;0;0;1;0;0;0;0;0;0;0;0;0;63;82;0;63;0;0;0;0;0;0;0;0;0;0
11;Île-de-France;93;Seine-Saint-Denis;93048;PC;09304813B0150;6;2014-06-16;2014-10-16;2016-07-25;2013;2016-07-25;2014-06;2014-10;2017-05;71.11Z;5499;BILLIERES ARCHITECTE;520504119;52050411900014;75003;PARIS;false;14;RUE DU MIDI;;MONTREUIL;93100;AC;174;;;;;1877;4;1;1;1;3;;;false;false;false;0;3;1;7;false;false;false;false;false;9;false;false;false;false;false;false;false;59;0;59;0;0;0;59;0;50;0;3;6;0;0;0;0;0;1014;2796;0;0;0;415;0;0;0;0;0;0;0;0
11;Île-de-France;93;Seine-Saint-Denis;93048;PC;09304813B0152;6;2014-01-28;2016-06-17;2019-04-30;2013;2016-06-17;2014-01;2016-06;2019-07;68.20B;6541;SCCV LES ACACIAS;523326320;52332632000018;94500;CHAMPIGNY;false;20;RUE EMILE REYNAUD;;MONTREUIL;93100;AE;81;AE;85;;;1247;4;1;1;1;3;;;false;false;false;0;2;1;7;false;false;false;false;false;9;false;false;false;false;false;false;false;24;0;24;0;0;0;24;0;0;6;10;7;1;0;0;0;0;0;1687;0;0;0;0;0;0;0;0;0;0;0;0
11;Île-de-France;93;Seine-Saint-Denis;93048;PC;09304813B0160;6;2014-03-27;2014-06-12;2015-07-31;2013;2015-07-31;2014-03;2014-06;2015-10;;;;;;93100;MONTREUIL;false;66;RUE PARMENTIER;;MONTREUIL;93100;AT;70;;;;;1570;4;2;3;1;3;1;8;false;false;false;0;2;1;7;false;false;false;false;false;9;false;false;false;false;false;false;false;9;1;8;0;1;0;8;0;1;4;1;0;1;2;0;0;0;1235;18;814;0;0;951;0;51;0;865;0;0;0;0
11;Île-de-France;93;Seine-Saint-Denis;93048;PC;09304813B0163;6;2014-03-26;2015-06-18;2017-04-24;2013;2015-06-18;2014-03;2015-06;2017-08;41.10A;5710;AKERYS PROMOTION;338434152;33843415200777;94523;RUNGIS CEDEX;false;11/ 1;RUE CLOTILDE GAILLARD;;MONTREUIL;93100;BO;161;BO;172;;;908;4;1;1;1;3;;;false;false;false;0;2;1;7;false;false;false;false;false;9;false;false;false;false;false;false;false;52;0;52;0;0;0;52;0;2;22;19;8;1;0;0;0;0;95;3016;0;0;0;775;0;0;0;0;0;0;0;0
11;Île-de-France;93;Seine-Saint-Denis;93048;PC;09304813B0165;5;2014-06-18;2014-07-10;;2013;2013-01-01;2014-06;2014-07;2014-07;;;;;;93340;LE RAINCY;false;30;RUE KLEBER;;MONTREUIL;93100;BL;115;;;;;550;4;2;2;1;3;2;1;false;false;false;0;2;1;7;false;false;false;false;false;9;false;false;false;false;false;false;false;5;0;5;0;0;0;5;0;2;3;0;0;0;0;0;0;0;201;0;371;0;201;456;0;0;0;170;42;0;0;0
11;Île-de-France;93;Seine-Saint-Denis;93048;PC;09304813B0168;5;2014-02-21;2014-06-17;;2013;2013-01-01;2015-03;2015-03;2015-03;;;;;;93100;MONTREUIL;false;110;AVENUE DU COLONEL FABIEN;;MONTREUIL;;B;94;;;;;231;4;1;1;1;1;;;false;false;false;0;1;1;7;false;false;false;false;false;9;false;false;false;false;false;false;false;1;1;0;1;0;0;0;1;0;0;0;1;0;0;0;0;0;81;131;0;81;0;0;0;0;0;0;0;0;0;0
11;Île-de-France;93;Seine-Saint-Denis;93048;PC;09304813B0170;5;2014-07-22;2016-01-25;;2013;2015-11-05;2014-08;2016-01;2016-01;41.10D;6541;R EVOLUTION A MONTREUIL;813702420;81370242000015;75015;PARIS;false;12/14;RUE MARCEAU;;MONTREUIL;93100;BH;75;BH;76;;;1013;4;1;1;1;3;;;false;false;false;0;2;1;7;false;false;false;false;false;9;false;false;false;false;false;false;false;35;0;35;0;0;0;35;0;4;4;17;7;3;0;0;0;0;0;2595;0;0;0;0;510;0;0;0;0;0;0;0
11;Île-de-France;93;Seine-Saint-Denis;93048;PC;09304813B0171;6;2014-03-13;2014-05-22;2015-05-04;2013;2015-05-04;2014-03;2015-03;2015-05;68.32A;5710;CABINET LOUIS PORCHERET;562035840;56203584000015;93100;MONTREUIL;false;133 B;AVENU DU PRESIDENT WILSON;;MONTREUIL;93100;BQ;52;;;;;375;4;2;3;1;3;2;1;true;false;false;0;2;1;7;false;false;false;false;false;9;false;false;false;false;false;false;false;4;0;4;0;0;0;4;0;2;2;0;0;0;0;0;0;0;250;86;250;0;250;0;0;0;0;0;0;0;0;0
11;Île-de-France;93;Seine-Saint-Denis;93048;PC;09304813B0173;6;2014-07-11;2014-12-12;2015-11-23;2013;2015-11-23;2014-07;2014-12;2015-11;41.10A;5499;LMOO;477563647;47756364700015;93100;MONTREUIL;false;35;RUE DES MESSIERS;;MONTREUIL;93100;AT;36;;;;;514;4;2;3;1;3;1;3;true;false;false;0;2;1;7;false;false;false;false;false;9;false;false;false;false;false;false;false;4;0;4;0;0;0;4;0;0;1;1;1;1;0;0;0;0;412;134;267;0;0;341;0;0;0;267;267;0;0;0
11;Île-de-France;93;Seine-Saint-Denis;93048;PC;09304813B0174;6;2014-06-06;2014-11-18;2016-11-16;2013;2016-11-16;2014-06;2014-11;2016-11;41.10A;5202;SNC KAUFMAN & BROAD PROMOTION 4;444266555;44426655500028;92207;NEUILLY SUR SEINE CEDEX;false;55;RUE ARMAND CARREL;;MONTREUIL;;BD;53;;;;;3235;4;1;1;1;3;;;false;false;false;0;2;1;7;false;false;false;false;false;9;false;false;false;false;false;false;false;114;0;114;0;0;0;114;0;10;27;41;30;6;0;0;0;0;0;7981;0;0;0;1996;495;0;0;0;0;0;0;0
11;Île-de-France;93;Seine-Saint-Denis;93048;PC;09304813B0175;4;2014-07-22;2016-01-29;;2013;2013-01-01;2014-07;2016-01;2016-01;41.10D;6541;SCI MONTREUIL LES RESERVOIRS - BOULEVARD DE LA BOISSIERE;480556042;48055604200012;59100;ROUBAIX;false;278;BOULEVARD DE LA BOISSIERE;;MONTREUIL;93100;F;36;F;28;F;26;24182;4;1;1;1;3;;;false;false;false;0;2;1;7;false;false;false;false;false;9;false;false;false;false;false;false;false;205;0;205;0;0;0;205;0;20;55;82;38;10;0;70;0;0;0;13590;0;0;0;0;1969;0;0;0;0;0;0;0
11;Île-de-France;93;Seine-Saint-Denis;93048;PC;09304813B0177;6;2014-02-10;2014-03-05;2015-02-25;2013;2015-02-25;2015-03;2015-03;2016-11;;;;;;93100;MONTREUIL;false;131;RUE MOLIERE;;MONTREUIL;;BS;143;;;;;113;4;1;1;1;1;;;false;false;false;0;1;1;7;false;false;false;false;false;9;false;false;false;false;false;false;false;1;1;0;1;0;0;0;0;0;0;0;1;0;0;0;0;0;10;170;0;10;0;0;0;0;0;0;0;0;0;0
11;Île-de-France;93;Seine-Saint-Denis;93048;PC;09304813B0181;6;2014-03-14;2014-11-04;2017-01-20;2013;2017-01-20;2014-03;2014-11;2017-10;41.10D;6541;SCCV MONTREUIL GUTENBERG;802183954;80218395400014;75017;PARIS;false;10;RUE GUTENBERG;;MONTREUIL;93100;AV;118;;;;;835;4;1;1;1;3;;;false;false;false;0;2;1;7;false;false;false;false;false;9;false;false;false;false;false;false;false;32;0;32;0;0;0;32;0;1;9;11;9;2;0;0;0;0;309;2293;0;0;0;546;72;0;0;0;0;0;0;0
11;Île-de-France;93;Seine-Saint-Denis;93048;PC;09304814B0001;6;2014-03-18;2015-02-03;2017-05-10;2014;2017-05-10;2014-03;2015-02;2017-12;;;;;;75011;PARIS;false;46;RUE DE LA BEAUNE;;MONTREUIL;93100;AP;174;;;;;409;4;1;1;1;1;;;false;false;false;0;5;3;7;false;false;false;false;false;9;false;false;false;false;false;false;false;1;1;0;1;0;0;0;0;0;0;0;0;0;0;0;0;0;0;100;0;0;0;0;0;0;0;0;0;0;0;0
11;Île-de-France;93;Seine-Saint-Denis;93048;PC;09304814B0015;5;2014-05-20;2014-07-01;;2014;2014-07-01;2015-03;2023-09;2023-09;;;;;;93500;PANTIN;false;239;BOULEVARD ARISTIDE BRIAND;;MONTREUIL;;B;84;;;;;296;4;1;1;1;1;;;false;false;false;0;1;1;7;false;false;false;false;false;9;false;false;false;false;false;false;false;1;1;0;1;0;0;0;0;0;0;0;0;1;0;0;0;0;73;109;0;0;0;0;0;0;0;0;0;0;0;0
11;Île-de-France;93;Seine-Saint-Denis;93048;PC;09304814B0016;6;2014-03-20;2014-07-01;2016-01-15;2014;2016-01-15;2014-03;2014-07;2016-11;;;;;;93100;MONTREUIL;false;7;AVENUE DU COLONEL FABIEN;;MONTREUIL;93100;N;203;N;117;;;269;4;2;5;1;1;;;false;false;false;0;1;1;7;false;false;false;false;false;9;false;false;false;false;false;false;false;1;1;0;1;0;0;0;0;0;0;0;0;1;0;0;0;0;52;108;0;0;0;0;0;0;0;0;0;0;0;0
11;Île-de-France;93;Seine-Saint-Denis;93048;PC;09304814B0022;6;2014-06-14;2015-01-28;2017-01-17;2014;2017-01-17;2014-06;2015-01;2018-03;68.20B;6540;SCI GALLETTI;753864313;75386431300014;93100;MONTREUIL;false;30;RUE HONORE DE BALZAC;;MONTREUIL;93100;K;268;K;258;K;47;636;4;1;1;1;3;;;false;false;false;0;3;1;7;false;false;false;false;false;9;false;false;false;false;false;false;false;5;0;5;0;0;0;5;0;2;0;1;2;0;0;0;0;0;0;367;0;0;0;0;308;0;0;0;0;0;0;0
11;Île-de-France;93;Seine-Saint-Denis;93048;PC;09304814B0023;5;2014-05-12;2016-05-09;;2014;2016-05-09;2014-04;2016-05;2016-05;68.32A;5710;CABINET LOUIS PORCHERET;562035840;56203584000015;93100;MONTREUIL;false;26;BOULE JEANNE D ARC;;MONTREUIL;93100;BT;25;BT;24;BT;23;1588;4;2;3;1;1;1;3;true;false;false;0;1;1;7;false;false;false;false;false;9;false;false;false;false;false;false;false;1;1;0;1;0;0;0;0;0;0;0;0;1;0;0;0;0;788;54;115;0;0;530;0;0;0;115;115;0;0;0
11;Île-de-France;93;Seine-Saint-Denis;93048;PC;09304814B0027;5;2014-10-09;2016-09-18;;2014;2016-09-18;2014-10;2018-06;2018-06;68.32A;5710;CABINET LOUIS PORCHERET;562035840;56203584000015;93100;MONTREUIL;false;69;RUE DOUY DELCUPE;;MONTREUIL;93100;AS;27;;;;;62;4;2;3;1;3;2;1;false;true;false;0;2;1;7;false;false;false;false;false;9;false;false;false;false;false;false;false;2;0;2;0;0;0;2;0;0;2;0;0;0;0;0;0;0;148;47;148;0;148;0;0;0;0;0;0;0;0;0
11;Île-de-France;93;Seine-Saint-Denis;93048;PC;09304814B0029;5;2014-07-22;2017-07-10;;2014;2017-07-10;2014-07;2017-08;2017-08;;;;;;93100;MONTREUIL;false;182 B;BOULE ARISTIDE BRIAND;;MONTREUIL;93100;L;92;;;;;539;4;1;1;1;3;;;false;false;false;0;3;1;7;false;false;false;false;false;9;false;false;false;false;false;false;false;10;0;10;0;0;0;10;0;1;6;1;2;0;0;0;0;0;258;562;0;0;0;0;0;0;0;0;0;0;0;0
11;Île-de-France;93;Seine-Saint-Denis;93048;PC;09304814B0032;5;2014-04-28;2017-02-06;;2014;2017-02-06;2014-04;2017-02;2017-02;;;;;;93100;MONTREUIL;false;15 BI;RUE CLOTILDE GAILLARD;;MONTREUIL;93100;BU;26;;;;;191;4;2;3;1;1;1;8;false;false;false;0;1;1;7;false;false;false;false;false;9;false;false;false;false;false;false;false;1;1;0;1;0;0;0;0;0;0;0;1;0;0;0;0;0;175;22;44;0;0;44;0;0;0;44;0;0;0;0
11;Île-de-France;93;Seine-Saint-Denis;93048;PC;09304814B0035;2;2014-09-15;;;2014;2014-01-01;2014-09;;2014-09;;;;;;93100;MONTREUIL;false;90;RUE GASTON LAURIAU;;MONTREUIL;93100;BT;275;BT;276;;;592;4;2;3;1;2;1;5;true;false;false;0;2;1;7;false;false;false;false;false;9;false;false;false;false;false;false;false;2;2;0;0;2;0;0;0;0;0;0;2;0;0;0;0;0;0;160;76;0;0;158;0;0;0;76;0;0;0;0
11;Île-de-France;93;Seine-Saint-Denis;93048;PC;09304814B0043;5;2014-10-29;2017-10-16;;2014;2017-10-16;2014-11;2017-10;2017-10;68.20A;9220;FRANCE EURO HABITAT;383349107;38334910700045;92110;CLICHY;false;20;RUE ROBESPIERRE;;MONTREUIL;93100;AY;254;;;;;300;4;1;1;1;3;;;false;false;false;0;3;1;7;false;false;false;false;false;9;false;false;false;false;false;false;false;10;0;10;0;0;0;10;0;1;4;3;2;0;0;0;0;0;100;711;0;0;0;300;105;0;0;0;0;0;0;0
11;Île-de-France;93;Seine-Saint-Denis;93048;PC;09304814B0050;6;2014-05-07;2014-06-18;2014-12-08;2014;2014-01-01;2014-04;2014-06;2015-04;;;;;;93100;MONTREUIL;false;42;RUE EDOUARD VAILLANT;;MONTREUIL;93100;BL;154;;;;;564;4;2;2;1;1;1;5;false;false;false;0;1;1;7;false;false;false;false;false;9;false;false;false;false;false;false;false;1;1;0;1;0;0;0;0;0;0;0;0;1;0;0;0;0;646;0;125;0;0;125;0;0;0;125;0;0;0;0
11;Île-de-France;93;Seine-Saint-Denis;93048;PC;09304814B0052;6;2014-06-16;2014-07-28;2024-10-08;2014;2024-10-08;2014-06;2014-07;2025-01;;;;;;93100;MONTREUIL;false;40;RUE MAINGUET;;MONTREUIL;93100;AP;51;;;;;316;4;2;3;1;1;1;5;true;false;false;0;1;1;7;false;false;false;false;false;9;false;false;false;false;false;false;false;1;1;0;1;0;0;0;0;0;0;0;0;1;0;0;0;0;0;0;170;0;0;306;100;0;0;170;0;0;0;0
11;Île-de-France;93;Seine-Saint-Denis;93048;PC;09304814B0056;5;2014-06-30;2015-01-28;;2014;2014-01-01;2014-06;2015-02;2015-02;68.32A;5710;CABINET LOUIS PORCHERET;562035840;56203584000015;93100;MONTREUIL;false;63;RUE DES RUFFINS;;MONTREUIL;93100;CR;43;;;;;232;4;2;3;1;3;1;5;true;false;false;0;3;1;7;false;false;false;false;false;9;false;false;false;false;false;false;false;2;0;2;0;0;0;2;0;1;1;0;0;0;0;0;0;0;53;1;53;0;0;96;0;0;0;53;0;0;0;0
11;Île-de-France;93;Seine-Saint-Denis;93048;PC;09304814B0059;5;2014-07-31;2014-12-09;;2014;2014-01-01;2014-08;2014-12;2014-12;;;;;;75010;PARIS;false;139;RUE DES RUFFINS;;MONTREUIL;93100;CQ;263;;;;;1781;4;1;1;1;3;;;false;false;false;0;3;1;7;false;false;false;false;false;9;false;false;false;false;false;false;false;35;0;35;0;0;0;35;1;2;15;8;10;0;0;0;0;0;95;2373;0;0;0;0;0;0;0;0;0;0;0;0
11;Île-de-France;93;Seine-Saint-Denis;93048;PC;09304814B0063;5;2014-08-21;2014-10-01;;2014;2014-01-01;2014-08;2014-10;2014-10;43.34Z;5710;SAS MARTEAU;672049376;67204937600052;93100;MONTREUIL;false;15;RUE MICHELET;;MONTREUIL;93100;BJ;207;;;;;938;4;2;2;1;1;1;5;true;false;false;0;1;1;7;false;false;false;false;false;9;false;false;false;false;false;false;false;1;1;0;1;0;0;0;0;0;0;1;0;0;0;0;0;0;540;0;100;0;0;1568;0;0;0;100;0;0;0;0
11;Île-de-France;93;Seine-Saint-Denis;93048;PC;09304814B0065;6;2014-09-01;2014-09-24;2016-01-04;2014;2016-01-04;2014-09;2015-03;2016-01;;;;;;93100;MONTREUIL;false;68;RUE DU MOULIN A VENT;;MONTREUIL;93100;AB;138;;;;;211;4;1;1;1;1;;;false;false;false;0;5;3;7;false;false;false;false;false;9;false;false;false;false;false;false;false;1;1;0;1;0;0;0;0;0;0;0;0;0;0;0;0;0;0;120;0;0;0;0;0;0;0;0;0;0;0;0
11;Île-de-France;93;Seine-Saint-Denis;93048;PC;09304814B0066;5;2014-07-22;2015-07-01;;2014;2015-07-01;2014-08;2016-04;2016-04;;;;;;91270;VIGNEUX S/ SEINE;false;36;VILLA DES SAULES CLOUETS;;MONTREUIL;93100;A;124;;;;;130;4;2;5;1;3;;;false;false;false;0;2;1;7;false;false;false;false;false;9;false;false;false;false;false;false;false;3;0;3;0;0;0;3;0;0;0;3;0;0;0;0;0;0;31;174;0;0;0;0;0;0;0;0;0;0;0;0
11;Île-de-France;93;Seine-Saint-Denis;93048;PC;09304814B0067;6;2014-07-23;2014-11-27;2016-06-15;2014;2016-06-15;2014-07;2014-12;2016-11;;;;;;92200;NEUILLY S/SEINE;false;66;RUE DE LA REVOLUTION;;MONTREUIL;93100;BI;147;;;;;1088;4;2;3;1;3;1;5;true;false;false;0;3;1;7;false;false;false;false;false;9;false;false;false;false;false;false;false;13;0;13;0;0;0;13;0;3;3;3;3;1;0;0;0;0;0;437;301;0;0;1412;0;0;0;301;0;0;0;0
11;Île-de-France;93;Seine-Saint-Denis;93048;PC;09304814B0070;5;2014-08-08;2014-08-19;;2014;2014-01-01;2014-08;2014-08;2014-08;;;;;;93130;NOISY LE SEC;false;106;BOULE DE LA BOISSIERE;;MONTREUIL;93100;B;302;B;304;B;300;169;4;2;5;1;2;;;false;false;false;0;3;1;7;false;false;false;false;false;9;false;false;false;false;false;false;false;2;2;0;0;2;0;0;0;2;0;0;0;0;0;0;0;0;52;44;0;0;0;0;0;0;0;0;0;0;0;0
11;Île-de-France;93;Seine-Saint-Denis;93048;PC;09304814B0074;4;2014-09-22;;;2014;2016-12-07;2014-09;;2014-09;68.20B;6540;SCI DU PETIT MARRONNIER;394183180;;94300;VINCENNES;false;88;RUE FRANCOIS ARAGO;;MONTREUIL;93100;BF;43;;;;;458;4;2;5;1;1;;;false;false;false;0;1;1;7;false;false;false;false;false;9;false;false;false;false;false;false;false;1;1;0;1;0;0;0;0;0;0;0;0;0;1;0;0;0;130;292;0;0;0;0;0;0;0;0;0;0;0;0
11;Île-de-France;93;Seine-Saint-Denis;93048;PC;09304814B0079;6;2014-07-28;2014-09-09;2014-11-28;2014;2014-11-28;2014-07;2014-09;2015-05;68.20A;6540;NOTAPIERRE;347726812;34772681200022;75017;PARIS;false;50;RUE DE LAGNY;;MONTREUIL;93100;BE;64;;;;;834;4;2;4;1;3;1;5;true;false;false;0;5;3;7;false;false;false;false;false;9;false;false;false;false;false;false;false;4;0;4;0;0;0;4;0;1;0;3;0;0;0;0;0;0;1033;0;622;0;0;978;0;0;123;622;0;0;0;0
11;Île-de-France;93;Seine-Saint-Denis;93048;PC;09304814B0082;6;2014-09-23;2016-05-31;2017-05-22;2014;2016-05-31;2014-09;2016-11;2017-08;;;;;;93100;MONTREUIL;false;79;RUE MICHELET;;MONTREUIL;93100;BI;131;;;;;244;4;2;5;1;2;;;false;false;false;0;1;1;7;false;false;false;false;false;9;false;false;false;false;false;false;false;2;2;0;0;2;0;0;0;0;0;1;1;0;0;0;0;0;304;143;0;0;0;0;0;0;0;0;0;0;0;0
11;Île-de-France;93;Seine-Saint-Denis;93048;PC;09304814B0086;5;2014-07-31;2016-02-10;;2014;2016-02-10;2014-07;2016-05;2016-05;;;;;;93100;MONTREUIL;false;27 29;RUE DU MARAIS;;MONTREUIL;93100;AB;148;AB;144;AB;274;911;4;2;5;1;1;;;false;false;false;0;1;1;7;false;false;false;false;false;9;false;false;false;false;false;false;false;1;1;0;1;0;0;0;0;0;1;0;0;0;0;0;0;0;509;79;0;0;0;0;0;0;0;0;0;0;0;0
11;Île-de-France;93;Seine-Saint-Denis;93048;PC;09304814B0092;5;2014-07-11;2015-02-02;;2014;2014-01-01;2014-07;2015-02;2015-02;;;;;;93100;MONTREUIL;false;16;RUE DU BERGER;;MONTREUIL;93100;BR;144;;;;;390;4;2;5;1;1;;;false;false;false;0;1;1;7;false;false;false;false;false;9;false;false;false;false;false;false;false;1;1;0;1;0;0;0;0;0;0;0;0;0;1;0;0;0;90;209;0;0;0;0;0;0;0;0;0;0;0;0
11;Île-de-France;93;Seine-Saint-Denis;93048;PC;09304814B0100;6;2014-09-09;2017-02-16;2019-07-03;2014;2017-02-08;2014-09;2017-08;2019-07;;;;;;93100;MONTREUIL;false;15-17;RUE DENIS COUTURIER;;MONTREUIL;93100;AP;346;AP;347;AP;334;322;4;1;1;1;2;;;false;false;false;0;2;1;7;false;false;false;false;false;9;false;false;false;false;false;false;false;2;2;0;0;2;0;0;0;0;0;0;2;0;0;0;0;0;0;199;0;0;0;0;0;0;0;0;0;0;0;0
11;Île-de-France;93;Seine-Saint-Denis;93048;PC;09304814B0101;6;2014-09-03;2015-05-21;2017-05-03;2014;2015-05-21;2014-09;2015-05;2017-08;64.20Z;5710;IRE;489741645;48974164500019;75008;PARIS;false;11;RUE DESIRE CHARTON;;MONTREUIL;93100;T;20;;;;;1274;4;1;1;1;3;;;false;false;false;0;2;1;7;false;false;false;false;false;9;false;false;false;false;false;false;false;26;0;26;0;0;0;26;0;2;6;8;7;3;0;0;0;0;0;1932;0;0;0;85;0;0;0;0;0;0;0;0
11;Île-de-France;93;Seine-Saint-Denis;93048;PC;09304814B0103;4;2014-12-11;;;2014;2018-07-13;2014-12;;2014-12;41.10D;6541;VILLA ALEXIS PESNON;794889055;79488905500016;75015;PARIS;false;100 B;RUE ALEXIS PESNON;;MONTREUIL;93100;AK;185;AK;75;AK;74;1597;4;1;1;1;3;;;false;false;false;0;4;1;7;false;false;false;false;false;9;false;false;false;false;false;false;false;46;4;42;0;4;0;42;0;1;3;27;14;1;0;0;0;0;0;3276;0;0;0;1370;42;0;0;0;0;0;0;0
11;Île-de-France;93;Seine-Saint-Denis;93048;PC;09304814B0104;2;2014-10-08;;;2014;2014-01-01;2014-10;;2014-10;68.32A;5710;CABINET LOUIS PORCHERET;562035840;56203584000015;93100;MONTREUIL;false;28;RUE DE LA MUTUALITE;;MONTREUIL;93100;C;46;;;;;684;4;1;1;1;3;;;false;false;false;0;3;1;7;false;false;false;false;false;9;false;false;false;false;false;false;false;12;0;12;0;0;0;12;0;12;0;0;0;0;0;0;0;0;27;299;0;0;0;0;0;0;0;0;0;0;0;0
11;Île-de-France;93;Seine-Saint-Denis;93048;PC;09304814B0105;2;2014-10-08;;;2014;2014-01-01;2014-10;;2014-10;;;;;;93100;MONTREUIL;false;21;RUE DE L ERMITAGE;;MONTREUIL;93100;P;112;;;;;298;4;1;1;1;3;;;false;false;false;0;2;1;7;false;false;false;false;false;9;false;false;false;false;false;false;false;3;1;2;0;1;0;2;0;0;0;1;1;1;0;0;0;0;0;291;0;0;0;0;0;0;0;0;0;0;0;0
11;Île-de-France;93;Seine-Saint-Denis;93048;PC;09304814B0108;6;2014-08-11;2014-12-11;2015-06-29;2014;2015-06-29;2014-08;2014-12;2016-04;;;;;;75004;PARIS;false;20;RUE VOLTAIRE;;MONTREUIL;93100;AY;154;AY;165;AY;166;3506;4;2;3;1;1;1;3;true;false;false;0;2;1;7;false;false;false;false;false;9;false;false;false;false;false;false;false;1;1;0;1;0;0;0;0;0;0;1;0;0;0;0;0;0;593;18;108;0;0;8342;22;0;0;108;108;0;0;0
11;Île-de-France;93;Seine-Saint-Denis;93048;PC;09304814B0111;5;2014-07-31;2014-11-21;;2014;2014-01-01;2014-07;2014-11;2014-11;;;;;;93100;MONTREUIL;false;9;RUE DES ROULETTES;;MONTREUIL;93100;AQ;16;;;;;446;4;2;5;1;3;;;false;false;false;0;5;3;7;false;false;false;false;false;9;false;false;false;false;false;false;false;3;0;3;0;0;0;3;0;0;0;0;0;0;0;0;0;0;328;195;0;0;0;0;0;0;0;0;0;0;0;0
11;Île-de-France;93;Seine-Saint-Denis;93048;PC;09304814B0113;6;2015-01-23;2015-06-01;2016-07-15;2014;2015-06-01;2015-01;2015-06;2019-11;68.32A;5710;CABINET LOUIS PORCHERET;562035840;56203584000015;93100;MONTREUIL;false;34;BOULE P VAILLANT COUTURIER;;MONTREUIL;93100;AG;109;;;;;664;4;2;2;1;3;1;3;true;false;false;0;3;1;7;false;false;false;false;false;9;false;false;false;false;false;false;false;15;0;15;0;0;0;15;0;15;0;0;0;0;0;0;0;0;0;0;418;0;0;1167;0;0;0;418;418;0;0;0
11;Île-de-France;93;Seine-Saint-Denis;93048;PC;09304814B0121;2;2015-02-27;;;2014;2014-01-01;2015-02;;2015-02;;;;;;93100;MONTREUIL;false;37;RUE KLEBER (48/50 RUE DE V;;MONTREUIL;93100;BM;8;BM;6;;;544;4;1;1;1;2;;;false;false;false;0;1;1;7;false;false;false;false;false;9;false;false;false;false;false;false;false;2;2;0;0;2;0;0;0;1;1;0;0;0;0;0;0;0;0;82;0;0;0;0;0;0;0;0;0;0;0;0
11;Île-de-France;93;Seine-Saint-Denis;93048;PC;09304814B0122;6;2015-02-26;2015-10-13;2018-01-30;2014;2015-07-07;2015-02;2015-10;2018-01;;;;;;93100;MONTREUIL;false;38;RUE DIDEROT;;MONTREUIL;93100;BI;193;;;;;258;4;2;5;1;3;;;false;false;false;0;2;1;7;false;false;false;false;false;9;false;false;false;false;false;false;false;8;0;8;0;0;0;8;0;0;0;6;2;0;0;0;0;0;99;603;0;0;0;120;0;0;0;0;0;0;0;0
11;Île-de-France;93;Seine-Saint-Denis;93048;PC;09304814B0130;4;2014-11-28;;;2014;2016-02-17;2014-11;;2014-11;;;;;;93100;MONTREUIL;false;6;VOIE COMMUNALE NLE CITE DE;;MONTREUIL;;CF;26;;;;;148;4;2;3;1;2;2;1;false;false;false;0;1;1;7;false;false;false;false;false;9;false;false;false;false;false;false;false;2;2;0;0;2;0;0;0;2;0;0;0;0;0;0;0;0;85;28;85;0;85;0;0;0;0;0;0;0;0;0
11;Île-de-France;93;Seine-Saint-Denis;93048;PC;09304814B0131;6;2014-12-18;2015-06-01;2016-10-25;2014;2015-06-01;2014-12;2015-06;2016-11;;;;;;75012;PARIS-12E-ARRONDISSEMENT;false;3 TER;RUE DES GRADINS/56 RUE DE;;MONTREUIL;93100;AI;308;;;;;276;4;2;5;1;1;;;false;false;false;0;1;1;7;false;false;false;false;false;9;false;false;false;false;false;false;false;1;1;0;1;0;0;0;0;0;0;0;0;0;0;0;0;0;63;163;0;0;0;0;0;0;0;0;0;0;0;0
11;Île-de-France;93;Seine-Saint-Denis;93048;PC;09304814B0133;6;2014-12-05;2017-01-10;2020-03-02;2014;2017-01-10;2014-12;2017-01;2020-05;68.32A;5710;CABINET LOUIS PORCHERET;562035840;56203584000015;93100;MONTREUIL;false;7;RUE DE LA TRANCHEE;;MONTREUIL;93100;CQ;168;CQ;281;;;887;4;1;1;1;3;;;false;false;false;0;3;1;7;false;false;false;false;false;9;false;false;false;false;false;false;false;13;0;13;0;0;0;13;0;0;5;4;0;4;0;0;0;0;55;1038;0;0;0;291;0;0;0;0;0;0;0;0
11;Île-de-France;93;Seine-Saint-Denis;93048;PC;09304814B0153;5;2015-01-22;2015-11-02;;2014;2014-01-01;2015-01;2016-02;2016-02;68.20B;6540;SCI EMPIRE;448522672;44852267200022;75016;PARIS-16E-ARRONDISSEMENT;false;5;BOULEVARD ROUGET DE L'ISLE;;MONTREUIL;93100;AK;4;;;;;103;4;2;3;1;3;1;5;false;true;false;0;2;1;7;false;false;false;false;false;9;false;false;false;false;false;false;false;3;0;3;0;0;0;3;0;0;0;3;0;0;0;0;0;0;60;160;3;0;0;116;0;0;0;3;0;0;0;0
11;Île-de-France;93;Seine-Saint-Denis;93048;PC;09304814B0155;2;2014-12-24;;;2014;2014-01-01;2014-12;;2014-12;68.20B;6540;SCI MEADA;480149368;48014936800015;93100;MONTREUIL;false;7;RUE DU LEVANT;;MONTREUIL;93100;BR;28;;;;;65;4;2;2;1;1;1;5;true;false;false;0;2;1;7;false;false;false;false;false;9;false;false;false;false;false;false;false;1;1;0;1;0;0;0;0;0;1;0;0;0;0;0;0;0;102;0;42;0;0;42;0;0;0;42;0;0;0;0
11;Île-de-France;93;Seine-Saint-Denis;93048;PC;09304814B0157;6;2014-11-05;2015-12-03;2017-06-27;2014;2015-12-03;2014-11;2015-12;2017-08;68.31Z;6540;ANA 55;531532489;53153248900014;75013;PARIS-13E-ARRONDISSEMENT;false;100;RUE JULES GUESDE;;MONTREUIL;93100;CQ;39;;;;;467;4;1;1;1;3;;;false;false;false;0;2;1;7;false;false;false;false;false;9;false;false;false;false;false;false;false;5;0;5;0;0;0;5;0;1;2;2;0;0;0;0;0;0;0;302;0;0;0;0;0;0;0;0;0;0;0;0
11;Île-de-France;93;Seine-Saint-Denis;93048;PC;09304814B0158;5;2015-03-13;2017-06-12;;2014;2017-06-12;2015-03;2017-06;2017-06;68.20B;6540;SCI CLEMENTINE;477796221;47779622100018;93100;MONTREUIL;false;11;AVENUE DU COLONEL FABIEN;;MONTREUIL;93100;N;115;;;;;578;4;2;3;1;3;1;3;true;false;false;0;2;1;7;false;false;false;false;false;9;false;false;false;false;false;false;false;7;0;7;0;0;0;7;0;4;0;2;1;0;0;0;0;0;205;548;14;70;0;124;43;0;24;14;14;0;0;0
11;Île-de-France;93;Seine-Saint-Denis;93048;PC;09304814B0162;2;2015-07-06;;;2014;2014-01-01;2015-07;;2015-07;;;;;;93100;MONTREUIL;false;82 BI;RUE KLEBER;;MONTREUIL;93100;BK;302;;;;;939;4;1;1;1;3;;;false;false;false;0;1;1;1;true;false;false;false;false;9;false;false;false;false;false;false;false;2;0;2;0;0;0;2;0;0;2;0;0;0;0;0;0;0;240;330;0;0;0;0;0;0;0;0;0;0;0;0
11;Île-de-France;93;Seine-Saint-Denis;93048;PC;09304814B0163;2;2015-02-19;;;2014;2014-01-01;2015-02;;2015-02;;;;;;93170;BAGNOLET;false;253;BOULE ARISTIDE BRIAND;;MONTREUIL;93100;B;57;B;56;;;409;4;2;5;1;1;;;true;false;false;0;5;3;7;false;false;false;false;false;9;false;false;false;false;false;false;false;1;1;0;1;0;0;0;0;0;1;0;0;0;0;0;0;0;0;32;0;0;0;144;99;0;0;0;0;0;0;0
11;Île-de-France;93;Seine-Saint-Denis;93048;PC;09304814B0164;6;2015-02-25;2015-05-28;2019-12-11;2014;2015-05-28;2015-02;2015-05;2019-12;;;;;;93170;BAGNOLET;false;253;BOULE ARISTIDE BRIAND;;MONTREUIL;93100;B;57;;;;;322;4;2;5;1;1;;;false;false;false;0;1;1;7;false;false;false;false;false;9;false;false;false;false;false;false;false;1;1;0;1;0;0;0;0;0;1;0;0;0;0;0;0;0;0;32;0;0;0;144;82;0;0;0;0;0;0;0
11;Île-de-France;93;Seine-Saint-Denis;93048;PC;09304814B0165;2;2014-12-02;;;2014;2014-01-01;2014-12;;2014-12;;;;;;93100;MONTREUIL;false;24;RUE DE LA DHUYS;;MONTREUIL;93100;A;62;;;;;488;4;2;2;1;3;1;6;true;false;false;0;2;1;7;false;false;false;false;false;9;false;false;false;false;false;false;false;4;0;4;0;0;0;4;0;0;0;0;0;4;0;0;0;0;0;0;909;0;0;1134;0;0;0;909;0;0;0;0
11;Île-de-France;93;Seine-Saint-Denis;93048;PC;09304814B0166;6;2015-03-12;2017-04-03;2021-02-17;2014;2017-04-03;2015-03;2017-04;2021-02;64.20Z;5499;39 DELORME MONTREUIL;751210972;75121097200012;75116;PARIS;false;39;RUE DU COLONEL DELORME;;MONTREUIL;;BI;158;;;;;238;4;1;1;1;3;;;false;false;false;0;2;1;7;false;false;false;false;false;9;false;false;false;false;false;false;false;8;0;8;0;0;0;8;0;1;3;3;1;0;0;0;0;0;123;521;0;123;0;0;0;0;0;0;0;0;0;0
11;Île-de-France;93;Seine-Saint-Denis;93048;PC;09304814B0170;2;2015-03-18;;;2014;2014-01-01;2015-03;;2015-03;;;;;;75010;PARIS;false;22;RUE BAUDIN;;MONTREUIL;;P;62;;;;;1039;4;2;3;1;3;1;8;false;false;false;0;2;1;7;false;false;false;false;false;9;false;false;false;false;false;false;false;2;0;2;0;0;0;2;0;0;1;1;0;0;0;0;0;0;389;42;95;0;0;95;0;0;0;95;0;0;0;0
11;Île-de-France;93;Seine-Saint-Denis;93048;PC;09304814B0174;6;2014-12-22;2015-12-10;2017-12-13;2014;2015-12-10;2014-12;2015-12;2018-01;68.10Z;5710;EIFFAGE IMMOBILIER ILE DE FRANCE;489244483;48924448300025;78141;VELIZY VILLACOUBLAY;false;29;RUE DESIRE CHEVALIER;;MONTREUIL;93100;BU;101;;;;;1079;4;1;1;1;3;;;false;false;false;0;2;1;7;false;false;false;false;false;9;false;false;false;false;false;false;false;40;0;40;0;0;0;40;0;5;12;16;6;1;0;0;0;0;0;2409;0;0;0;611;0;0;0;0;0;0;0;0
11;Île-de-France;93;Seine-Saint-Denis;93048;PC;09304814B0175;2;2017-11-20;;;2014;2017-09-05;2017-11;;2017-11;56.30Z;5499;CONNEMARA;482166550;;69002;LYON;false;8;BOULEVARD CHANZY;;MONTREUIL;93100;AR;236;AR;229;;;15784;4;2;3;1;4;1;3;true;false;false;0;2;1;7;false;false;false;false;false;2;false;true;false;false;false;false;false;225;0;225;0;0;225;0;0;212;13;0;0;0;0;0;0;0;21951;642;6807;0;0;36442;0;0;404;6807;6807;0;0;0
11;Île-de-France;93;Seine-Saint-Denis;93048;PC;09304814B0178;4;2015-02-18;;;2014;2014-01-01;2015-02;;2015-02;68.20A;4140;OFFICE PUBLIC DE L'HABITAT MONTREUILLOIS;488777160;48877716000018;93100;MONTREUIL;false;2;RUE DU RUISSEAU;;MONTREUIL;93100;X;139;;;;;616;4;1;1;1;3;;;false;false;false;0;2;1;7;false;false;false;false;false;9;false;false;false;false;false;false;false;16;0;16;0;0;0;16;0;2;3;5;4;2;0;0;5;0;0;1052;0;0;0;0;0;0;0;0;0;0;0;0
11;Île-de-France;93;Seine-Saint-Denis;93048;PC;09304814B0182;6;2015-06-01;2015-12-21;2017-12-31;2014;2014-01-01;2015-06;2015-12;2018-01;68.10Z;5710;PREMIUM;532812955;53281295500021;93100;MONTREUIL;false;50;RUE EDOUARD VAILLANT;;MONTREUIL;93100;BL;55;;;;;539;4;1;1;1;3;;;false;false;false;0;4;1;7;false;false;false;false;false;9;false;false;false;false;false;false;false;17;0;17;0;0;0;17;0;0;8;5;4;0;0;0;0;0;45;1191;0;45;0;0;0;0;0;0;0;0;0;0
11;Île-de-France;93;Seine-Saint-Denis;93048;PC;09304814B0184;6;2015-05-28;2016-01-08;2017-05-09;2014;2014-01-01;2015-05;2016-01;2019-04;41.10D;6541;LE BOURG;788818706;78881870600012;93100;MONTREUIL;false;31;RUE LEBOUR;;MONTREUIL;93100;BH;161;BH;162;;;1393;4;1;1;1;3;;;false;false;false;0;4;1;7;false;false;false;false;false;9;false;false;false;false;false;false;false;32;0;32;0;0;0;32;2;5;10;10;3;4;0;0;0;0;157;1966;0;157;0;121;95;0;121;0;0;0;0;0
11;Île-de-France;93;Seine-Saint-Denis;93048;PC;09304814B0188;6;2014-12-24;2015-04-04;2016-09-01;2014;2014-01-01;2015-09;2017-08;2023-12;;;;;;93100;MONTREUIL;false;9;RUE DES NEFLIERS;;MONTREUIL;93100;T;347;T;196;T;147;223;4;1;1;1;1;;;false;false;false;0;1;1;7;false;false;false;false;false;9;false;false;false;false;false;false;false;1;1;0;1;0;0;0;0;0;0;0;0;1;0;0;0;0;0;100;0;0;0;0;0;0;0;0;0;0;0;0
11;Île-de-France;93;Seine-Saint-Denis;93048;PC;09304814B0190;6;2015-03-19;2016-01-21;2018-01-16;2014;2016-01-21;2015-03;2016-01;2018-01;41.10D;6541;SCCV MONTREUIL ACACIA;812549434;;92800;PUTEAUX;false;263 2;RUE DE ROSNY;;MONTREUIL;;G;117;G;61;G;30;1537;4;1;1;1;3;;;false;false;false;6;2;1;7;false;false;false;false;false;9;false;false;false;false;false;false;false;66;0;66;0;0;0;66;0;3;23;24;16;0;0;0;0;0;297;4166;0;297;0;438;0;0;438;0;0;0;0;0
11;Île-de-France;93;Seine-Saint-Denis;93048;PC;09304814B0193;6;2015-05-18;2016-09-15;2018-12-30;2014;2014-01-01;2015-06;2016-08;2019-01;41.10D;6541;VILLA PASTEUR;813389194;81338919400016;75001;PARIS;false;76;AVENUE PASTEUR;;MONTREUIL;93100;AE;159;;;;;759;4;1;1;1;3;;;false;false;false;5;2;1;7;false;false;false;false;false;9;false;false;false;false;false;false;false;29;0;29;0;0;0;29;0;0;7;11;6;5;0;0;0;0;759;2101;0;759;0;0;0;0;0;0;0;0;0;0
11;Île-de-France;93;Seine-Saint-Denis;93048;PC;09304814B0200;5;2015-05-19;2015-09-01;;2014;2014-01-01;2015-05;2019-01;2019-01;68.20B;6540;SCI DES OLIVIERS;801919010;;93100;MONTREUIL;false;346;BOULEVARD DE LA BOISSIERE;;MONTREUIL;93100;CK;152;;;;;352;4;2;5;1;3;;;true;true;false;0;3;1;7;false;false;false;false;false;9;false;false;false;false;false;false;false;8;1;7;0;1;0;7;0;3;2;1;2;0;0;0;0;0;149;300;0;0;0;0;0;0;0;0;0;0;0;0
11;Île-de-France;93;Seine-Saint-Denis;93048;PC;09304814B0203;4;2015-02-02;;;2014;2015-06-19;2015-02;;2015-02;;;;;;93100;MONTREUIL;false;31;RUE NUNGESSER;;MONTREUIL;;CJ;282;CJ;268;CJ;161;1446;4;2;5;1;1;;;false;false;false;0;2;1;7;false;false;false;false;false;9;false;false;false;false;false;false;false;1;1;0;1;0;0;0;0;0;1;0;0;0;0;0;0;0;148;151;0;0;0;0;0;0;0;0;0;0;0;0
11;Île-de-France;93;Seine-Saint-Denis;93048;PC;09304814B0210;5;2015-02-27;2015-10-07;;2014;2014-01-01;2015-02;2015-10;2015-10;;;;;;93100;MONTREUIL;false;52;RUE GASTON LAURIAU;;MONTREUIL;93100;BU;123;;;;;236;4;2;5;1;1;;;false;false;false;0;1;1;7;false;false;false;false;false;9;false;false;false;false;false;false;false;1;1;0;1;0;0;0;0;0;0;0;0;0;1;0;0;0;70;140;0;0;0;0;0;0;0;0;0;0;0;0
11;Île-de-France;93;Seine-Saint-Denis;93048;PC;09304814B0212;5;2015-01-19;2015-05-02;;2014;2014-01-01;2015-01;2015-09;2015-09;;;;;;93100;MONTREUIL;false;4;RUE DES ORMES;;MONTREUIL;93100;BT;237;;;;;300;4;2;3;1;1;1;8;true;false;false;0;5;3;7;false;false;false;false;false;9;false;false;false;false;false;false;false;1;1;0;1;0;0;0;0;0;0;0;0;0;0;0;0;0;51;23;63;0;0;63;0;0;0;63;0;0;0;0
11;Île-de-France;93;Seine-Saint-Denis;93048;PC;09304814B0213;6;2015-05-06;2016-06-17;2019-02-22;2014;2014-01-01;2015-05;2016-06;2019-04;41.10D;6541;SCCV CHANTEREINES MONTREUIL;790226989;79022698900016;94500;CHAMPIGNY SUR MARNE;false;27-29;RUE DES CHANTEREINES;;MONTREUIL;93100;X;298;X;119;;;888;4;1;1;1;3;;;false;false;false;3;2;1;7;false;false;false;false;false;9;false;false;false;false;false;false;false;26;0;26;0;0;0;26;1;0;11;8;7;0;0;0;26;0;75;1728;0;75;0;0;0;0;0;0;0;0;0;0
11;Île-de-France;93;Seine-Saint-Denis;93048;PC;09304814B0220;6;2015-04-14;2016-01-18;2016-02-01;2014;2016-01-18;2015-04;2016-01;2017-04;;;;;;75018;PARIS;false;102;RUE EDOUARD VAILLANT;;MONTREUIL;;BJ;27;;;;;405;4;2;4;1;3;1;5;true;false;false;0;5;3;7;false;false;false;false;false;9;false;false;false;false;false;false;false;2;0;2;0;0;0;2;0;0;0;0;0;0;0;0;0;0;253;17;57;32;0;57;0;0;0;57;0;0;0;0
11;Île-de-France;93;Seine-Saint-Denis;93048;PC;09304814B0222;5;2015-04-08;2016-01-05;;2014;2014-01-01;2015-10;2016-02;2016-02;;;;;;93100;MONTREUIL;false;36;RUE DES CAILLOTS;;MONTREUIL;93100;AG;277;;;;;393;4;1;1;1;1;;;false;false;false;0;1;1;7;false;false;false;false;false;9;false;false;false;false;false;false;false;1;1;0;1;0;0;0;0;0;0;0;1;0;0;0;0;0;0;91;0;0;0;0;0;0;0;0;0;0;0;0
11;Île-de-France;93;Seine-Saint-Denis;93048;PC;09304815B0002;5;2015-06-03;2015-06-15;;2015;2015-01-01;2015-06;2016-04;2016-04;;;;;;93100;MONTREUIL;false;32;RUE BARBES;;MONTREUIL;93100;BH;151;;;;;114;4;2;4;1;3;1;8;true;false;false;0;2;1;7;false;false;false;false;false;9;false;false;false;false;false;false;false;2;0;2;0;0;0;2;0;0;2;0;0;0;0;0;0;0;0;0;132;0;0;159;0;0;26;132;0;0;0;0
11;Île-de-France;93;Seine-Saint-Denis;93048;PC;09304815B0003;6;2015-05-06;2015-07-25;2019-02-15;2015;2015-01-01;2015-05;2015-08;2020-11;;;;;;93100;MONTREUIL;false;201;BOULEVARD DE LA BOISSIERE;;MONTREUIL;93100;C;111;;;;;507;4;1;1;1;3;;;false;false;false;0;3;1;7;false;false;false;false;false;9;false;false;false;false;false;false;false;6;0;6;0;0;0;6;0;1;4;0;1;0;0;0;0;0;412;355;0;0;0;184;0;0;0;0;0;0;0;0
11;Île-de-France;93;Seine-Saint-Denis;93048;PC;09304815B0004;5;2015-03-12;2015-03-23;;2015;2015-03-23;2015-03;2015-05;2015-05;68.20A;5646;COOPERATION ET FAMILLE;582088662;58208866200017;92917;PARIS LA DEFENSE CEDEX;false;88;RUE EMILE BEAUFILS / 1-5 R;;MONTREUIL;93100;K;182;;;;;15681;4;2;5;1;1;;;false;false;false;0;2;1;7;false;false;false;false;false;9;false;false;false;false;false;false;false;1;1;0;1;0;0;0;0;1;0;0;0;0;0;0;0;0;13210;100;0;0;0;0;0;0;0;0;0;0;0;0
11;Île-de-France;93;Seine-Saint-Denis;93048;PC;09304815B0005;4;2015-02-27;;;2015;2015-01-01;2015-02;;2015-02;;;;;;93100;MONTREUIL;false;21;RUE DE L ERMITAGE;;MONTREUIL;93100;P;112;;;;;298;4;1;1;1;3;;;false;false;false;0;2;1;5;false;false;false;false;true;9;false;false;false;false;false;false;false;3;0;3;0;0;0;3;0;0;0;1;1;1;0;0;0;0;0;295;0;0;0;0;0;0;0;0;0;0;0;0
11;Île-de-France;93;Seine-Saint-Denis;93048;PC;09304815B0020;5;2015-03-09;2017-02-22;;2015;2017-02-22;2015-02;2017-02;2017-02;68.20B;6540;SCI LA VILLA DES CESAR;799983473;79998347300015;93100;MONTREUIL;false;16;RUE MALOT;;MONTREUIL;93100;BP;193;;;;;202;4;1;1;1;3;;;false;false;false;0;2;1;7;false;false;false;false;false;9;false;false;false;false;false;false;false;6;0;6;0;0;0;6;0;1;2;3;0;0;0;0;0;0;50;296;0;0;0;0;0;0;0;0;0;0;0;0
11;Île-de-France;93;Seine-Saint-Denis;93048;PC;09304815B0024;4;2015-06-16;;;2015;2015-01-01;2015-06;;2015-06;;;;;;93100;MONTREUIL;false;69 71;BOULEVARD HENRI BARBUSSE;;MONTREUIL;93100;AD;197;AD;195;AD;194;1083;4;2;3;1;3;1;5;true;false;false;0;2;1;7;false;false;false;false;false;9;false;false;false;false;false;false;false;3;0;3;0;0;0;3;0;0;1;1;0;1;0;0;0;0;665;155;117;0;0;380;0;0;55;117;0;0;0;0
11;Île-de-France;93;Seine-Saint-Denis;93048;PC;09304815B0031;6;2015-07-15;2018-04-25;2020-09-10;2015;2015-01-01;2015-07;2018-05;2021-01;41.10D;6541;SCI MONTREUIL 16 GRAVIERS;820650901;82065090100011;92210;SAINT-CLOUD;false;138/1;BD HENRI BARBUSSE;;MONTREUIL;93100;Y;186;;;;;405;4;1;1;1;3;;;false;false;false;0;4;1;7;false;false;false;false;false;9;false;false;false;false;false;false;false;16;0;16;0;0;0;16;0;2;6;4;2;2;0;0;0;0;0;1050;0;0;0;0;263;0;0;0;0;0;0;0
11;Île-de-France;93;Seine-Saint-Denis;93048;PC;09304815B0033;5;2015-05-05;2015-05-11;;2015;2015-01-01;2015-05;2015-05;2015-05;;;;;;93100;MONTREUIL;false;16;RUE DES SORINS;;MONTREUIL;93100;AT;59;;;;;518;4;1;1;1;3;;;false;false;false;0;2;1;7;false;false;false;false;false;9;false;false;false;false;false;false;false;6;0;6;0;0;0;6;2;1;1;3;1;0;0;0;0;0;171;374;0;171;0;0;0;0;0;0;0;0;0;0
11;Île-de-France;93;Seine-Saint-Denis;93048;PC;09304815B0035;5;2015-07-10;2015-10-14;;2015;2015-01-01;2015-07;2015-10;2015-10;;;;;;93100;MONTREUIL;false;66;BOULEVARD THEOPHILE SUEUR;;MONTREUIL;93100;CL;129;;;;;183;4;1;1;1;3;;;false;false;false;1;3;1;7;false;false;false;false;false;9;false;false;false;false;false;false;false;2;0;2;0;0;0;2;0;0;1;1;0;0;0;0;0;0;0;98;0;0;0;0;0;0;0;0;0;0;0;0
11;Île-de-France;93;Seine-Saint-Denis;93048;PC;09304815B0040;4;2015-11-18;;;2015;2015-01-01;2015-11;;2015-11;;;;;;93100;MONTREUIL;false;24;RUE ROCHEBRUNE;;MONTREUIL;93100;U;167;;;;;1212;4;1;1;1;3;;;false;false;false;4;2;1;7;false;false;false;false;false;9;false;false;false;false;false;false;false;12;6;6;0;6;0;6;0;0;3;1;3;4;1;0;0;0;0;1098;0;0;0;520;0;0;520;0;0;0;0;0
11;Île-de-France;93;Seine-Saint-Denis;93048;PC;09304815B0043;2;2015-06-15;;;2015;2015-01-01;2015-06;;2015-06;;;;;;93100;MONTREUIL;false;33;RUE PIERRE JEAN DE BERANGE;;MONTREUIL;93100;CJ;288;CJ;270;;;417;4;1;1;1;1;;;false;false;false;0;5;3;7;false;false;false;false;false;9;false;false;false;false;false;false;false;1;1;0;1;0;0;0;0;0;0;0;1;0;0;0;0;0;0;126;0;0;0;0;0;0;0;0;0;0;0;0
11;Île-de-France;93;Seine-Saint-Denis;93048;PC;09304815B0045;5;2015-06-15;2015-11-09;;2015;2015-01-01;2015-06;2015-11;2015-11;68.20B;6540;COQUELICOT AVENIR;797640257;;93100;MONTREUIL;false;65;RUE DU MIDI;;MONTREUIL;93100;Y;138;;;;;167;4;1;1;1;1;;;false;false;false;0;1;1;7;false;false;false;false;false;9;false;false;false;false;false;false;false;1;1;0;1;0;0;0;0;0;0;0;0;0;0;0;0;0;0;41;0;0;0;0;0;0;0;0;0;0;0;0
11;Île-de-France;93;Seine-Saint-Denis;93048;PC;09304815B0046;4;2015-07-16;;;2015;2015-01-01;2015-07;;2015-07;68.20B;6540;OVTN;807723572;80772357200010;93100;MONTREUIL;false;123;RUE BABEUF;;MONTREUIL;93100;CN;21;;;;;401;4;1;3;1;3;2;1;true;false;false;0;2;1;7;false;false;false;false;false;9;false;false;false;false;false;false;false;4;0;4;0;0;0;4;0;2;2;0;0;0;0;0;0;0;113;8;113;0;113;0;0;0;0;0;0;0;0;0
11;Île-de-France;93;Seine-Saint-Denis;93048;PC;09304815B0047;6;2015-09-09;2016-07-18;2019-12-27;2015;2015-01-01;2015-09;2016-10;2022-05;41.10D;6541;SCCV PIERRE DE MONTREUIL;809728090;80972809000014;75007;PARIS;false;19 -;RUE PIERRE DE MONTREUIL;;MONTREUIL;93100;BY;50;BY;203;BY;204;1059;4;1;1;1;3;;;false;false;false;0;4;1;7;false;false;false;false;false;9;false;false;false;false;false;false;false;30;0;30;0;0;0;30;1;4;11;13;1;1;0;0;0;0;49;1811;0;49;0;0;0;0;0;0;0;0;0;0
11;Île-de-France;93;Seine-Saint-Denis;93048;PC;09304815B0057;6;2015-07-24;2016-04-05;2017-07-31;2015;2015-01-01;2015-07;2016-03;2017-08;;;;;;93100;MONTREUIL;false;33;RUE ALEXIS LEPERE;;MONTREUIL;93100;AF;339;;;;;75;4;1;1;1;1;;;false;false;false;0;3;1;7;false;false;false;false;false;9;false;false;false;false;false;false;false;1;1;0;1;0;0;0;0;0;0;0;0;0;0;0;0;0;0;34;0;0;0;0;0;0;0;0;0;0;0;0
11;Île-de-France;93;Seine-Saint-Denis;93048;PC;09304815B0060;5;2015-09-16;2016-01-11;;2015;2015-01-01;2015-09;2016-05;2016-05;;;;;;93100;MONTREUIL;false;25;RUE MICHELET;;MONTREUIL;93100;BJ;104;;;;;263;4;2;2;1;1;1;5;true;false;false;0;1;1;7;false;false;false;false;false;9;false;false;false;false;false;false;false;1;1;0;1;0;0;0;0;0;0;1;0;0;0;0;0;0;393;0;52;0;0;52;0;0;0;52;0;0;0;0
11;Île-de-France;93;Seine-Saint-Denis;93048;PC;09304815B0062;2;2015-07-15;;;2015;2015-01-01;2015-07;;2015-07;;;;;;93330;NEUILLY-SUR-MARNE;false;110;RUE DES RUFFINS;;MONTREUIL;93100;CR;212;;;;;295;4;2;5;1;2;;;true;true;false;2;1;1;2;false;true;false;false;false;9;false;false;false;false;false;false;false;2;2;0;0;2;0;0;0;0;1;1;0;0;0;0;0;0;64;64;0;0;0;0;0;0;0;0;0;0;0;0
11;Île-de-France;93;Seine-Saint-Denis;93048;PC;09304815B0064;5;2015-08-24;2017-01-10;;2015;2015-01-01;2015-08;2017-01;2017-01;;;;;;91800;BRUNOY;false;16;VILLA DES SAULES CLOUETS;;MONTREUIL;93100;A;19;;;;;245;4;2;5;1;1;;;false;true;false;0;5;3;7;false;false;false;false;false;9;false;false;false;false;false;false;false;1;1;0;1;0;0;0;0;0;0;0;0;0;0;0;0;0;120;66;0;0;0;0;0;0;0;0;0;0;0;0
11;Île-de-France;93;Seine-Saint-Denis;93048;PC;09304815B0065;5;2015-09-29;2016-12-15;;2015;2015-01-01;2015-09;2017-02;2017-02;;;;;;93000;BOBIGNY;false;12;RUE DE LA RENARDIERE;;MONTREUIL;93100;E;157;;;;;0;4;1;1;1;2;;;false;false;false;3;2;1;7;false;false;false;false;false;9;false;false;false;false;false;false;false;2;2;0;0;2;0;0;1;0;0;0;1;1;0;0;0;0;109;195;0;109;0;0;0;0;0;0;0;0;0;0
11;Île-de-France;93;Seine-Saint-Denis;93048;PC;09304815B0068;4;2015-09-11;;;2015;2015-01-01;2015-09;;2015-09;;;;;;75013;PARIS-13E-ARRONDISSEMENT;false;35;RUE DES GROSEILLIERS;;MONTREUIL;93100;Z;201;;;;;142;4;1;1;1;1;;;false;false;false;0;1;1;7;false;false;false;false;false;9;false;false;false;false;false;false;false;1;1;0;1;0;0;0;0;0;0;0;1;0;0;0;0;0;0;98;0;0;0;0;0;0;0;0;0;0;0;0
11;Île-de-France;93;Seine-Saint-Denis;93048;PC;09304815B0069;5;2015-06-15;2016-04-14;;2015;2015-01-01;2015-06;2016-04;2016-04;68.20B;5499;BDM;809592264;80959226400018;93100;MONTREUIL;false;9;RUE DE LA DEFENSE;;MONTREUIL;93100;CR;127;CR;323;;;0;4;1;1;1;1;;;false;false;false;0;3;1;7;false;false;false;false;false;9;false;false;false;false;false;false;false;1;1;0;1;0;0;0;0;0;0;0;0;1;0;0;0;0;66;121;0;0;0;0;0;0;0;0;0;0;0;0
11;Île-de-France;93;Seine-Saint-Denis;93048;PC;09304815B0070;6;2015-08-11;2016-07-04;2018-03-30;2015;2015-01-01;2015-08;2016-07;2018-05;;;;;;93100;MONTREUIL;false;10;RUE DES SORINS;;MONTREUIL;93100;AT;64;;;;;0;4;1;1;1;1;;;false;false;false;0;1;2;7;false;false;false;false;false;9;false;false;false;false;false;false;false;1;1;0;1;0;0;0;0;0;0;0;0;1;0;0;0;0;0;144;0;0;0;0;0;0;0;0;0;0;0;0
11;Île-de-France;93;Seine-Saint-Denis;93048;PC;09304815B0071;6;2015-06-05;2015-07-01;2015-12-23;2015;2015-01-01;2015-06;2021-03;2021-03;;;;;;93100;MONTREUIL;false;97;RUE DU MOULIN A VENT;;MONTREUIL;93100;Z;231;;;;;166;4;2;5;1;1;;;true;true;false;0;1;1;2;false;true;false;false;false;9;false;false;false;false;false;false;false;1;1;0;1;0;0;0;0;0;0;0;0;0;1;0;0;0;136;63;0;25;0;0;0;0;0;0;0;0;0;0
11;Île-de-France;93;Seine-Saint-Denis;93048;PC;09304815B0077;6;2015-09-02;2015-11-12;2022-03-01;2015;2015-01-01;2015-09;2015-11;2022-07;;;;;;93100;MONTREUIL;false;58;RUE DE LA NOUVELLE FRANCE;;MONTREUIL;93100;BZ;114;;;;;158;4;2;5;1;1;;;true;false;false;0;1;1;7;false;false;false;false;false;9;false;false;false;false;false;false;false;1;1;0;1;0;0;0;0;0;0;1;0;0;0;0;0;0;89;73;0;25;0;0;0;0;0;0;0;0;0;0
11;Île-de-France;93;Seine-Saint-Denis;93048;PC;09304815B0081;6;2015-08-11;2015-12-22;2018-01-26;2015;2015-01-01;2015-08;2016-02;2018-04;68.20A;5699;EFIDIS SA HABITATION LOYER MODERE;582008728;58200872800104;75610;PARIS CEDEX 12;false;45-45;RUE DE LA REVOLUTION;;MONTREUIL;93100;BI;23;BI;24;;;571;4;1;1;1;3;;;false;false;false;4;2;1;7;false;false;false;false;false;9;false;false;false;false;false;false;false;18;0;18;0;0;0;18;4;6;6;1;5;0;0;18;0;0;262;985;0;262;0;0;0;0;0;0;0;0;0;0
11;Île-de-France;93;Seine-Saint-Denis;93048;PC;09304815B0082;6;2015-12-21;2016-06-21;2018-09-24;2015;2015-01-01;2015-12;2016-06;2018-11;41.10D;6541;SCCV MONTREUIL ETIENNE MARCEL;818677304;81867730400011;75016;PARIS-16E-ARRONDISSEMENT;false;172-1;RUE ETIENNE MARCEL;;MONTREUIL;93100;AV;92;AV;93;;;1388;4;1;1;1;3;;;false;false;false;0;2;1;7;false;false;false;false;false;9;false;false;false;false;false;false;false;33;0;33;0;0;0;33;0;1;10;10;10;2;0;0;0;0;260;2293;0;260;0;0;0;0;0;0;0;0;0;0
11;Île-de-France;93;Seine-Saint-Denis;93048;PC;09304815B0083;6;2015-07-24;2015-08-18;2015-10-19;2015;2015-01-01;2015-07;2015-08;2015-10;68.20B;6540;SCI FUTURA;419719455;41971945500034;93100;MONTREUIL;false;122/1;RUE PIERRE CURIE;;MONTREUIL;93100;CR;327;;;;;911;4;2;2;1;1;1;7;false;true;false;5;3;1;7;false;false;false;false;false;9;false;false;false;false;false;false;false;1;1;0;1;0;0;0;0;1;0;0;0;0;0;0;0;0;1240;0;33;0;0;33;0;0;0;33;0;0;33;0
11;Île-de-France;93;Seine-Saint-Denis;93048;PC;09304815B0085;6;2015-09-28;2016-12-02;2019-04-04;2015;2015-01-01;2015-09;2016-12;2019-04;41.10D;6541;VILLA COLBERT;819885179;81988517900013;75015;PARIS-15E-ARRONDISSEMENT;false;6;RUE COLBERT;;MONTREUIL;93100;AP;122;;;;;798;4;1;1;1;3;;;false;false;false;5;2;1;7;false;false;false;false;false;9;false;false;false;false;false;false;false;26;4;22;0;4;0;22;0;0;13;7;6;0;0;0;0;0;0;1539;0;0;0;762;0;0;762;0;0;0;0;0
11;Île-de-France;93;Seine-Saint-Denis;93048;PC;09304815B0087;6;2015-07-10;2016-03-07;2021-11-10;2015;2015-01-01;2015-07;2016-02;2021-11;;;;;;94120;FONTENAY-SOUS-BOIS;false;94;AVENUE PASTEUR;;MONTREUIL;93100;AE;143;;;;;199;4;2;2;1;1;1;5;true;false;false;4;3;1;7;false;false;false;false;false;9;false;false;false;false;false;false;false;1;1;0;1;0;0;0;0;0;1;0;0;0;0;0;0;0;445;0;50;0;0;50;0;0;0;50;0;0;0;0
11;Île-de-France;93;Seine-Saint-Denis;93048;PC;09304815B0089;6;2015-07-30;2015-10-19;2023-07-01;2015;2015-01-01;2015-07;2016-03;2023-08;68.20B;6540;TRANSREVES;814425674;;93100;MONTREUIL;false;61;RUE BABEUF;;MONTREUIL;93100;CN;358;;;;;150;4;1;1;1;1;;;false;false;false;0;1;1;7;false;false;false;false;false;9;false;false;false;false;false;false;false;1;1;0;1;0;0;0;0;0;0;0;0;1;0;0;0;0;0;97;0;0;0;0;30;0;0;0;0;0;0;0
11;Île-de-France;93;Seine-Saint-Denis;93048;PC;09304815B0094;6;2015-10-16;2016-10-05;2018-05-04;2015;2015-01-01;2015-10;2016-10;2018-05;;;;;;75008;PARIS-8E-ARRONDISSEMENT;false;146/1;BOULEVARD DE CHANZY;;MONTREUIL;93100;AV;176;;;;;0;4;1;1;1;3;;;false;false;false;8;4;1;7;false;false;false;false;false;9;false;false;false;false;false;false;false;87;0;87;0;0;0;87;0;0;31;40;10;6;0;27;0;0;0;5646;0;0;0;0;1414;0;0;0;0;0;0;0
11;Île-de-France;93;Seine-Saint-Denis;93048;PC;09304815B0096;5;2015-11-16;2016-12-20;;2015;2015-01-01;2015-11;2016-12;2016-12;68.20A;5546;ANTIN RESIDENCES SA HABITAT LOYER MODERE;315518803;31551880300046;75439;PARIS;false;127 -;ETIENNE MARCEL;;MONTREUIL;93100;AX;76;AX;77;;;2203;4;1;1;1;4;;;false;false;false;6;3;1;7;false;false;false;false;false;5;false;false;false;false;true;false;false;164;0;164;0;0;164;0;0;127;19;12;6;0;0;164;0;0;0;5095;0;0;0;210;0;0;0;0;0;0;0;0
11;Île-de-France;93;Seine-Saint-Denis;93048;PC;09304815B0098;6;2015-11-10;2017-12-22;2022-05-23;2015;2015-01-01;2015-11;2017-12;2022-05;68.10Z;5710;EIFFAGE IMMOBILIER ILE DE FRANCE;489244483;48924448300025;78140;VELIZY-VILLACOUBLAY;false;67;AVENUE PASTEUR;;MONTREUIL;93100;AL;127;AL;129;AL;157;3804;4;1;1;1;3;;;false;false;false;7;2;1;7;false;false;false;false;false;9;false;false;false;false;false;false;false;115;0;115;0;0;0;115;0;8;28;45;25;9;0;31;0;0;0;7523;0;0;0;0;614;0;0;0;0;0;0;0
11;Île-de-France;93;Seine-Saint-Denis;93048;PC;09304815B0100;6;2015-11-30;2016-09-29;2020-01-27;2015;2015-01-01;2015-11;2016-09;2020-01;41.10D;6541;MONTREUIL PANORAMA;801068057;80106805700018;75008;PARIS-8E-ARRONDISSEMENT;false;240/2;RUE DE ROMAINVILLE;;MONTREUIL;93100;N;151;;;;;1749;4;1;1;1;3;;;false;false;false;0;4;1;7;false;false;false;false;false;9;false;false;false;false;false;false;false;53;0;53;0;0;0;53;1;0;16;24;11;2;0;15;0;0;100;3491;0;100;0;250;450;0;250;0;0;0;0;0
11;Île-de-France;93;Seine-Saint-Denis;93048;PC;09304815B0101;5;2015-11-26;2017-02-27;;2015;2015-01-01;2015-11;2017-02;2017-02;;;;;;93100;MONTREUIL;false;94;RUE DES SORINS;;MONTREUIL;93100;AV;169;;;;;106;4;2;3;1;1;1;5;false;true;false;0;1;1;7;false;false;false;false;false;9;false;false;false;false;false;false;false;1;1;0;1;0;0;0;0;0;0;1;0;0;0;0;0;0;0;38;90;0;0;230;0;0;0;90;0;0;0;0
11;Île-de-France;93;Seine-Saint-Denis;93048;PC;09304815B0108;6;2015-10-26;2016-03-10;2024-01-26;2015;2015-01-01;2015-10;2016-12;2024-02;41.10D;6541;SCCV CHAMP DE COURSE;829971738;82997173800010;94500;CHAMPIGNY-SUR-MARNE;false;25;RUE CLOTILDE GAILLARD;;MONTREUIL;93100;BU;16;;;;;205;4;1;1;1;3;;;false;false;false;5;2;1;7;false;false;false;false;false;9;false;false;false;false;false;false;false;8;0;8;0;0;0;8;1;0;0;6;0;2;0;0;0;0;60;598;0;60;0;0;0;0;0;0;0;0;0;0
11;Île-de-France;93;Seine-Saint-Denis;93048;PC;09304815B0109;5;2015-12-21;2017-03-06;;2015;2015-01-01;2015-12;2017-03;2017-03;41.10D;6541;SCCV LES JARDINS DES OSERAIES;812338267;81233826700014;75020;PARIS;false;22/24;RUE DES OSERAIES;;MONTREUIL;93100;K;52;K;191;K;199;815;4;1;1;1;3;;;false;false;false;4;2;1;7;false;false;false;false;false;9;false;false;false;false;false;false;false;14;0;14;0;0;0;14;0;2;2;6;4;0;0;0;0;0;100;852;0;0;0;211;0;0;0;0;0;0;0;0
11;Île-de-France;93;Seine-Saint-Denis;93048;PC;09304815B0110;6;2015-08-11;2015-11-09;2017-04-15;2015;2015-01-01;2015-08;2015-11;2022-01;;;;;;93340;LE RAINCY;false;1;RUE NAVOISEAU;;MONTREUIL;93100;BK;60;;;;;575;4;2;3;1;1;1;3;false;false;false;1;1;1;7;false;false;false;false;false;9;false;false;false;false;false;false;false;1;1;0;1;0;0;0;0;1;0;0;0;0;0;0;0;0;94;19;80;0;0;548;0;0;0;80;80;0;0;0
11;Île-de-France;93;Seine-Saint-Denis;93048;PC;09304815B0111;6;2015-11-09;2017-10-23;2021-11-30;2015;2015-01-01;2015-11;2017-10;2023-05;68.20B;6540;MONTEM138;795131119;79513111900013;94400;VITRY-SUR-SEINE;false;138;RUE ETIENNE MARCEL;;MONTREUIL;93100;AT;133;;;;;318;4;2;3;1;3;1;5;true;true;false;6;4;1;7;false;false;false;false;false;9;false;false;false;false;false;false;false;6;0;6;0;0;0;6;0;2;2;2;0;0;0;0;0;0;241;251;11;4;0;164;0;0;0;11;0;0;0;0
11;Île-de-France;93;Seine-Saint-Denis;93048;PC;09304815B0114;5;2015-08-12;2017-06-12;;2015;2015-01-01;2015-08;2017-06;2017-06;68.20B;6540;DES RAMENAS;484696257;;93100;MONTREUIL;false;21;RUE DES RAMENAS;;MONTREUIL;93100;N;20;;;;;551;4;2;5;1;3;;;false;false;false;0;3;1;7;false;false;false;false;false;9;false;false;false;false;false;false;false;2;0;2;0;0;0;2;0;0;0;0;0;0;0;0;0;0;641;52;0;0;0;0;0;0;0;0;0;0;0;0
11;Île-de-France;93;Seine-Saint-Denis;93048;PC;09304815B0117;4;2015-08-14;;;2015;2015-01-01;2015-08;;2015-08;;;;;;75010;PARIS;false;3;RUE DU MIDI;;MONTREUIL;93100;Y;16;;;;;273;4;1;1;1;1;;;false;false;false;0;1;1;2;false;true;false;false;false;9;false;false;false;false;false;false;false;1;1;0;1;0;0;0;0;0;0;0;0;0;1;0;0;0;0;193;0;0;0;0;0;0;0;0;0;0;0;0
11;Île-de-France;93;Seine-Saint-Denis;93048;PC;09304815B0118;6;2016-01-13;2016-01-29;2019-04-17;2015;2015-01-01;2016-01;2016-02;2020-05;41.10D;6541;SCI MONTREUIL LES RESERVOIRS - BOULEVARD DE LA BOISSIERE;480556042;48055604200012;59562;LA MADELEINE CEDEX;false;;278 280 292 294 300 BD DE;;MONTREUIL;93100;F;5;F;26;F;36;6358;4;1;1;1;3;;;false;false;false;8;2;1;7;false;false;false;false;false;9;false;false;false;false;false;false;false;205;0;205;0;0;0;205;0;20;55;82;38;10;0;67;0;0;0;13590;0;0;0;0;1969;0;0;0;0;0;0;0
11;Île-de-France;93;Seine-Saint-Denis;93048;PC;09304815B0120;6;2015-10-15;2015-10-30;2018-12-28;2015;2015-01-01;2015-10;2015-10;2020-05;87.90B;9220;ASSOCIATION AURORE;775684970;77568497000384;75004;PARIS-4E-ARRONDISSEMENT;false;14;RUE PEPIN;;MONTREUIL;93100;AI;185;;;;;721;4;1;1;1;3;;;false;false;false;3;2;1;7;false;false;false;false;false;9;false;false;false;false;false;false;false;16;0;16;0;0;0;16;0;15;1;0;0;0;0;15;0;0;311;403;0;0;0;0;0;0;0;0;0;0;0;0
11;Île-de-France;93;Seine-Saint-Denis;93048;PC;09304815B0121;6;2015-12-18;2016-11-03;2018-10-08;2015;2015-01-01;2015-12;2016-11;2018-11;41.10A;5710;SOGEPROM HABITAT;444562029;44456202900033;92067;PARIS LA DEFENSE CEDEX;false;52-54;RUE DE LA DEMI-LUNE / 108-;;MONTREUIL;93100;K;63;K;63;K;64;1099;4;1;1;1;3;;;false;false;false;5;2;1;7;false;false;false;false;false;9;false;false;false;false;false;false;false;44;0;44;0;0;0;44;3;5;11;16;9;3;0;13;0;0;281;2884;0;281;0;77;0;0;77;0;0;0;0;0
11;Île-de-France;93;Seine-Saint-Denis;93048;PC;09304815B0124;6;2015-09-28;2016-11-17;2018-11-15;2015;2015-01-01;2015-09;2016-11;2020-11;68.20B;5499;F.HAVIM;509529301;50952930100012;75005;PARIS-5E-ARRONDISSEMENT;false;6 BIS;RUE COLBERT;;MONTREUIL;93100;AP;119;;;;;775;4;1;1;1;3;;;false;false;false;5;2;1;7;false;false;false;false;false;9;false;false;false;false;false;false;false;20;0;20;0;0;0;20;0;1;3;7;7;2;0;0;0;0;0;1682;0;0;0;775;0;0;775;0;0;0;0;0
11;Île-de-France;93;Seine-Saint-Denis;93048;PC;09304815B0125;6;2015-12-01;2016-03-28;2018-01-22;2015;2015-01-01;2015-12;2016-03;2018-01;68.20B;6540;SCI SYLVANIA;798031688;79803168800012;75008;PARIS;false;;RUE DE YELIMANE - RUE LENA;;MONTREUIL;93100;CE;282;;;;;4644;4;1;1;1;4;;;false;false;false;0;4;1;7;false;false;false;false;false;2;false;true;false;false;false;false;false;188;0;188;0;0;188;0;0;155;14;10;9;0;0;156;0;0;0;6133;0;0;0;0;273;0;0;0;0;0;0;0
11;Île-de-France;93;Seine-Saint-Denis;93048;PC;09304815B0126;6;2015-09-16;2017-01-03;2018-03-28;2015;2015-01-01;2015-09;2018-02;2018-03;;;;;;93100;MONTREUIL;false;79;RUE HOCHE;;MONTREUIL;93100;AP;6;;;;;461;4;2;3;1;1;1;5;true;false;false;0;1;1;7;false;false;false;false;false;9;false;false;false;false;false;false;false;1;1;0;1;0;0;0;0;0;1;0;0;0;0;0;0;0;100;12;57;0;0;57;0;0;0;57;0;0;0;0
11;Île-de-France;93;Seine-Saint-Denis;93048;PC;09304815B0127;6;2016-01-14;2017-04-05;2019-07-31;2015;2015-01-01;2016-01;2017-04;2020-01;41.10D;6541;SCCV MARCEAU LEBOUR;822653119;82265311900013;94160;SAINT-MANDE;false;25;RUE LEBOUR;;MONTREUIL;93100;BH;163;;;;;740;4;1;1;1;3;;;false;false;false;6;2;1;7;false;false;false;false;false;9;false;false;false;false;false;false;false;24;2;22;0;2;0;22;0;1;11;6;4;2;0;0;0;0;0;1465;0;0;0;658;257;0;658;0;0;0;0;0
11;Île-de-France;93;Seine-Saint-Denis;93048;PC;09304815B0131;6;2016-01-18;2016-07-04;2019-02-22;2015;2015-01-01;2016-01;2016-11;2019-04;41.10D;6541;VILLA ALEXIS PESNON;794889055;79488905500016;75015;PARIS;false;100-1;RUE ALEXIS PESNON;;MONTREUIL;93100;AK;74;AK;75;AK;185;1597;4;1;1;1;3;;;false;false;false;6;4;1;7;false;false;false;false;false;9;false;false;false;false;false;false;false;54;0;54;0;0;0;54;0;10;10;28;4;2;0;54;0;0;0;3235;0;0;0;1370;42;0;1370;0;0;0;0;0
11;Île-de-France;93;Seine-Saint-Denis;93048;PC;09304815B0137;6;2016-02-19;2016-12-05;2018-03-27;2015;2015-01-01;2016-09;2016-12;2018-04;88.99B;9300;FONDATION CASIP-COJASOR;429212111;42921211100018;75020;PARIS;false;60 /;RUE BEAUMARCHAIS;;MONTREUIL;93100;AS;195;AS;196;;;814;4;1;4;1;1;4;8;true;true;false;2;1;1;7;false;false;false;false;false;9;false;false;false;false;false;false;false;1;1;0;0;1;0;0;0;1;0;0;0;0;0;0;0;0;108;22;0;0;0;1284;24;1140;144;1140;176;0;0;0
11;Île-de-France;93;Seine-Saint-Denis;93048;PC;09304815B0139;6;2015-11-25;2019-11-18;2021-03-31;2015;2015-01-01;2015-11;2019-11;2021-03;68.20B;6540;NCL IMMO;811756683;81175668300017;93100;MONTREUIL;false;5;RUE DENIS COUTURIER;;MONTREUIL;93100;AP;342;;;;;259;4;1;1;1;3;;;false;false;false;4;3;1;7;false;false;false;false;false;9;false;false;false;false;false;false;false;5;0;5;0;0;0;5;0;0;3;2;0;0;0;0;0;0;0;298;0;0;0;0;0;0;0;0;0;0;0;0
11;Île-de-France;93;Seine-Saint-Denis;93048;PC;09304815B0142;6;2015-11-16;2016-06-14;2017-09-10;2015;2015-01-01;2015-11;2016-07;2019-04;;;;;;93400;SAINT-OUEN;false;34;RUE CARNOT;;MONTREUIL;93100;BP;24;BP;28;;;1424;4;2;2;1;1;1;5;true;false;false;2;1;1;7;false;false;false;false;false;9;false;false;false;false;false;false;false;1;1;0;1;0;0;0;0;0;0;0;0;1;0;0;0;0;345;20;155;0;0;1530;0;0;20;155;0;0;0;0
11;Île-de-France;93;Seine-Saint-Denis;93048;PC;09304815B0144;5;2016-02-10;2016-06-20;;2015;2015-01-01;2016-04;2016-11;2016-11;;;;;;93100;MONTREUIL;false;48-50;RUE DE VINCENNES;;MONTREUIL;93100;BM;6;BM;8;;;349;4;2;5;1;2;;;true;true;true;0;1;1;7;false;false;false;false;false;9;false;false;false;false;false;false;false;2;2;0;0;2;0;0;0;0;0;0;0;0;0;0;0;0;231;66;0;14;0;0;0;0;0;0;0;0;0;0
11;Île-de-France;93;Seine-Saint-Denis;93048;PC;09304815B0147;6;2015-11-18;2016-02-05;2017-01-12;2015;2015-01-01;2015-11;2016-02;2017-06;;;;;;93100;MONTREUIL;false;7;RUE LOUISE MICHEL;;MONTREUIL;93100;CK;218;;;;;134;4;1;1;1;1;;;false;false;false;0;1;1;7;false;false;false;false;false;9;false;false;false;false;false;false;false;1;1;0;1;0;0;0;0;0;0;0;0;1;0;0;0;0;0;91;0;0;0;0;0;0;0;0;0;0;0;0
11;Île-de-France;93;Seine-Saint-Denis;93048;PC;09304815B0148;6;2016-01-08;2016-06-23;2017-04-24;2015;2015-01-01;2016-01;2016-06;2017-04;68.10Z;5499;SFPI;443430582;44343058200033;30000;NIMES;false;26;RUE VITRY;;MONTREUIL;93100;BV;5;BV;179;BV;180;556;4;2;3;1;2;1;8;true;false;false;2;4;1;7;false;false;false;false;false;9;false;false;false;false;false;false;false;2;2;0;0;2;0;0;0;0;0;2;0;0;0;0;0;0;222;129;135;0;0;211;0;0;76;135;0;0;0;0
11;Île-de-France;93;Seine-Saint-Denis;93048;PC;09304815B0149;6;2016-01-14;2017-09-08;2021-08-04;2015;2015-01-01;2016-01;2017-09;2022-12;68.20A;5599;OSICA SOCIETE ANONYME D HABITATIONS A LOYER MODERE;552046484;55204648400259;75013;PARIS;false;143-1;RUE DES RUFFINS;;MONTREUIL;93100;CQ;49;;;;;795;4;1;1;1;3;;;false;false;false;4;3;1;7;false;false;false;false;false;9;false;false;false;false;false;false;false;18;0;18;0;0;0;18;1;4;6;5;3;0;0;18;0;0;60;1006;0;60;0;0;0;0;0;0;0;0;0;0
11;Île-de-France;93;Seine-Saint-Denis;93048;PC;09304815B0151;5;2015-12-23;2016-09-16;;2015;2015-01-01;2015-12;2016-09;2016-09;;;;;;91420;MORANGIS;false;40;RUE PIERRE CURIE;;MONTREUIL;93100;CH;162;;;;;280;4;1;1;1;2;;;false;false;false;0;1;1;7;false;false;false;false;false;9;false;false;false;false;false;false;false;2;2;0;0;2;0;0;0;0;0;0;1;1;0;0;0;0;0;232;0;0;0;0;0;0;0;0;0;0;0;0
11;Île-de-France;93;Seine-Saint-Denis;93048;PC;09304815B0152;4;2016-01-08;;;2015;2015-01-01;2016-01;;2016-01;68.20B;6540;SCI DUMIL;319160388;31916038800025;93100;MONTREUIL;false;39/41;RUE DE LA REPUBLIQUE;;MONTREUIL;93100;BG;2;BG;3;;;225;4;1;1;1;2;;;false;false;false;3;3;1;7;false;false;false;false;false;9;false;false;false;false;false;false;false;3;3;0;0;3;0;0;0;0;0;0;0;3;0;0;0;0;0;473;0;0;0;0;0;0;0;0;0;0;0;0
11;Île-de-France;93;Seine-Saint-Denis;93048;PC;09304815B0162;5;2016-01-08;2016-03-03;;2015;2015-01-01;2016-01;2016-05;2016-05;;;;;;93100;MONTREUIL;false;25;RUE BEAUMARCHAIS;;MONTREUIL;93100;BL;32;;;;;514;4;1;1;1;1;;;false;false;false;0;1;1;7;false;false;false;false;false;9;false;false;false;false;false;false;false;1;1;0;1;0;0;0;0;0;0;0;0;0;1;0;0;0;160;165;0;0;0;0;0;0;0;0;0;0;0;0
11;Île-de-France;93;Seine-Saint-Denis;93048;PC;09304815B0167;6;2016-04-12;2016-11-02;2018-04-17;2015;2015-01-01;2016-04;2016-12;2018-05;;;;;;93100;MONTREUIL;false;57;RUE DE LA FEDERATION;;MONTREUIL;93100;BM;172;;;;;828;4;1;3;1;1;1;5;true;true;false;2;1;1;7;false;false;false;false;false;9;false;false;false;false;false;false;false;1;1;0;1;0;0;0;0;0;0;0;0;1;0;0;0;0;189;237;629;0;0;629;0;0;0;629;0;0;0;0
11;Île-de-France;93;Seine-Saint-Denis;93048;PC;09304815B0170;6;2016-03-22;2016-11-21;2019-01-03;2015;2015-01-01;2016-04;2016-11;2019-01;;;;;;93100;MONTREUIL;false;51;RUE DE VINCENNES;;MONTREUIL;93100;BM;208;;;;;846;4;2;3;1;2;1;6;true;false;false;3;3;1;7;false;false;false;false;false;9;false;false;false;false;false;false;false;2;2;0;0;2;0;0;0;0;0;0;1;0;1;0;0;0;0;161;406;0;0;465;0;0;59;406;0;0;0;0
11;Île-de-France;93;Seine-Saint-Denis;93048;PC;09304815B0174;6;2015-12-18;2016-06-06;2016-09-02;2015;2015-01-01;2015-12;2016-09;2016-09;68.20A;9220;FRANCE EURO HABITAT;383349107;38334910700045;92110;CLICHY;false;49;RUE DU SERGENT GODEFROY;;MONTREUIL;93100;BI;20;;;;;278;4;2;2;1;1;1;9;false;false;false;4;3;1;7;false;false;false;false;false;9;false;false;false;false;false;false;false;1;1;0;1;0;0;0;0;0;1;0;0;0;0;0;0;0;357;0;44;0;0;44;0;0;0;44;0;0;0;44
11;Île-de-France;93;Seine-Saint-Denis;93048;PC;09304815B0182;2;2016-01-08;;;2015;2015-01-01;2016-01;;2016-01;;;;;;93100;MONTREUIL;false;132;AVENUE DU PRESIDENT SALVAD;;MONTREUIL;93100;D;37;;;;;154;4;2;5;1;1;;;true;false;true;0;1;1;7;false;false;false;false;false;9;false;false;false;false;false;false;false;1;1;0;1;0;0;0;0;0;0;0;0;1;0;0;0;0;68;46;0;0;0;0;0;0;0;0;0;0;0;0
11;Île-de-France;93;Seine-Saint-Denis;93048;PC;09304815B0184;6;2016-08-12;2016-12-13;2021-03-30;2015;2015-01-01;2016-11;2016-12;2021-03;;;;;;59562;LA MADELEINE CEDEX;false;274;BD DE LA BOISSIERE;;MONTREUIL;93100;F;57;;;;;6786;4;1;1;1;3;;;false;false;false;7;4;1;7;false;false;false;false;false;9;false;false;false;false;false;false;false;244;0;244;0;0;0;244;0;30;63;98;44;9;0;74;0;0;0;15243;0;0;0;0;2068;0;0;0;0;0;0;0
11;Île-de-France;93;Seine-Saint-Denis;93048;PC;09304815B0185;6;2016-05-27;2017-07-10;2021-08-11;2015;2015-01-01;2016-05;2017-06;2022-01;68.20A;5546;ANTIN RESIDENCES SA HABITAT LOYER MODERE;315518803;31551880300046;75009;PARIS;false;56;AVENUE DU PRESIDENT WILSON;;MONTREUIL;93100;BO;94;BO;98;BO;97;951;4;1;1;1;3;;;false;false;false;5;3;1;7;false;false;false;false;false;9;false;false;false;false;false;false;false;39;0;39;0;0;0;39;0;2;18;13;5;1;0;39;0;0;0;2243;0;0;0;1600;75;0;1600;0;0;0;0;0
11;Île-de-France;93;Seine-Saint-Denis;93048;PC;09304815B0193;6;2016-02-09;2016-06-15;2016-11-15;2015;2015-01-01;2016-04;2016-07;2017-06;;;;;;93100;MONTREUIL;false;12;VILLA DE LA SEIGNEURIE;;MONTREUIL;93100;AP;192;;;;;145;4;2;5;1;1;;;true;false;false;0;1;1;7;false;false;false;false;false;9;false;false;false;false;false;false;false;1;1;0;1;0;0;0;0;0;0;0;0;1;0;0;0;0;87;26;0;0;0;0;0;0;0;0;0;0;0;0
11;Île-de-France;93;Seine-Saint-Denis;93048;PC;09304815B0195;6;2016-03-22;2016-06-28;2018-07-06;2015;2015-01-01;2016-04;2016-06;2018-12;41.10D;6541;SCI LE COTEAU;477995310;47799531000026;94160;SAINT-MANDE;false;3;RUE DES PAPILLONS;;MONTREUIL;93100;AC;138;;;;;244;4;1;1;1;3;;;false;false;false;4;2;1;7;false;false;false;false;false;9;false;false;false;false;false;false;false;10;0;10;0;0;0;10;0;4;0;5;1;0;0;0;0;0;0;571;0;0;0;0;0;0;0;0;0;0;0;0
11;Île-de-France;93;Seine-Saint-Denis;93048;PC;09304816B0003;6;2016-03-21;2016-06-20;2017-04-20;2016;2016-01-01;2016-04;2016-06;2017-05;;;;;;93100;MONTREUIL;false;16;RUE DU CLOS DES ARRACHIS;;MONTREUIL;93100;CJ;425;;;;;229;4;1;1;1;1;;;false;false;false;0;1;1;7;false;false;false;false;false;9;false;false;false;false;false;false;false;1;1;0;1;0;0;0;0;0;0;0;0;0;0;0;0;0;0;125;0;0;0;0;0;0;0;0;0;0;0;0
11;Île-de-France;93;Seine-Saint-Denis;93048;PC;09304816B0005;6;2016-03-30;2016-10-06;2018-08-15;2016;2016-01-01;2016-04;2016-10;2018-11;;;;;;93100;MONTREUIL;false;69/71;BD HENRI BARBUSSE;;MONTREUIL;93100;AD;197;AD;194;AD;195;1083;4;2;4;1;1;1;5;true;false;false;1;2;1;5;false;false;false;false;true;9;false;false;false;false;false;false;false;1;1;0;1;0;0;0;0;0;0;0;0;1;0;0;0;0;665;0;117;0;0;380;0;0;10;117;0;0;0;0
11;Île-de-France;93;Seine-Saint-Denis;93048;PC;09304816B0007;2;2016-05-17;;;2016;2016-01-01;2016-05;;2016-05;41.10D;6541;VILLA ALEXIS LEPERE;801332461;80133246100012;75015;PARIS;false;50;RUE ALEXIS LEPERE;;MONTREUIL;93100;AE;112;;;;;595;4;1;1;1;3;;;false;false;false;7;2;1;7;false;false;false;false;false;9;false;false;false;false;false;false;false;27;0;27;0;0;0;27;1;1;15;11;0;0;0;0;27;0;376;1624;0;376;0;0;210;0;0;0;0;0;0;0
11;Île-de-France;93;Seine-Saint-Denis;93048;PC;09304816B0009;6;2016-06-17;2016-10-26;2017-09-21;2016;2016-01-01;2016-09;2016-10;2018-03;68.20B;6540;SOCIETE CIVILE IMMOBILIERE VITELI;811101674;81110167400018;75019;PARIS-19E-ARRONDISSEMENT;false;168;RUE ETIENNE MARCEL;;MONTREUIL;93100;AV;95;;;;;492;4;2;5;1;1;;;true;true;false;0;1;1;7;false;false;false;false;false;9;false;false;false;false;false;false;false;1;1;0;1;0;0;0;0;0;0;1;0;0;0;0;0;0;138;58;0;0;0;269;0;0;40;0;0;0;0;0
11;Île-de-France;93;Seine-Saint-Denis;93048;PC;09304816B0011;6;2016-07-19;2020-03-05;2022-02-22;2016;2016-01-01;2016-07;2020-05;2022-03;41.10D;6541;MONTREUIL GRANDES CULTURES;851827782;85182778200018;75008;PARIS-8E-ARRONDISSEMENT;false;23;RUE DES GRANDES CULTURES /;;MONTREUIL;93100;J;244;J;16;J;220;1007;4;1;1;1;3;;;false;false;false;6;2;1;7;false;false;false;false;false;9;false;false;false;false;false;false;false;34;0;34;0;0;0;34;1;0;11;13;8;2;0;34;0;0;78;2278;0;78;0;0;0;0;0;0;0;0;0;0
11;Île-de-France;93;Seine-Saint-Denis;93048;PC;09304816B0013;5;2016-03-21;2018-01-01;;2016;2016-01-01;2016-04;2019-07;2019-07;;;;;;93100;MONTREUIL;false;246;BD THEOPHILE SUEUR;;MONTREUIL;93100;CG;7;CD;452;CD;454;312;4;2;3;1;3;2;1;false;true;true;0;3;1;7;false;false;false;false;false;9;false;false;false;false;false;false;false;4;0;4;0;0;0;4;0;0;2;0;2;0;0;0;0;0;145;69;145;0;145;0;0;0;0;0;0;0;0;0
11;Île-de-France;93;Seine-Saint-Denis;93048;PC;09304816B0014;6;2016-04-06;2017-06-30;2019-04-10;2016;2016-01-01;2016-04;2017-06;2019-07;41.10A;6540;9FL;812981595;81298159500018;75012;PARIS;false;9;AVENUE DU DOCTEUR FERNAND;;MONTREUIL;93100;A;68;;;;;338;4;1;1;1;3;;;false;false;false;6;2;1;7;false;false;false;false;false;9;false;false;false;false;false;false;false;13;0;13;0;0;0;13;0;3;3;4;3;0;0;0;0;0;0;766;0;0;0;0;0;0;0;0;0;0;0;0
11;Île-de-France;93;Seine-Saint-Denis;93048;PC;09304816B0017;5;2016-05-30;2018-04-20;;2016;2018-04-20;2016-08;2018-05;2018-05;;;;;;93100;MONTREUIL;false;45;RUE EMILE REYNAUD;;MONTREUIL;93100;AE;217;;;;;579;4;1;1;1;1;;;false;false;false;0;1;1;7;false;false;false;false;false;9;false;false;false;false;false;false;false;1;1;0;1;0;0;0;0;0;0;0;1;0;0;0;0;0;72;250;0;0;0;0;0;0;0;0;0;0;0;0
11;Île-de-France;93;Seine-Saint-Denis;93048;PC;09304816B0024;6;2016-07-22;2017-06-15;2018-10-25;2016;2016-01-01;2016-11;2017-06;2022-05;41.10A;5710;GREEN CITY IMMOBILIER;531272920;53127292000012;31000;TOULOUSE;false;285 B;AVENUE VICTOR HUGO;;MONTREUIL;93100;CQ;232;;;;;783;4;1;1;1;3;;;false;false;false;4;2;1;7;false;false;false;false;false;9;false;false;false;false;false;false;false;15;0;15;0;0;0;15;0;2;6;2;4;1;0;0;0;0;0;973;0;0;0;0;0;0;0;0;0;0;0;0
11;Île-de-France;93;Seine-Saint-Denis;93048;PC;09304816B0025;6;2016-07-19;2017-01-02;2018-10-24;2016;2016-01-01;2016-11;2017-01;2018-11;68.20A;6540;SCI ILE DE FRANCE;314066499;31406649900026;92100;BOULOGNE-BILLANCOURT;false;70;AVENUE PAUL SIGNAC;;MONTREUIL;93100;T;113;T;180;T;276;0;4;1;1;1;3;;;false;false;false;0;2;1;7;false;false;false;false;false;9;false;false;false;false;false;false;false;31;0;31;0;0;0;31;0;0;9;14;7;1;0;0;0;0;0;2007;0;0;0;0;0;0;0;0;0;0;0;0
11;Île-de-France;93;Seine-Saint-Denis;93048;PC;09304816B0034;5;2016-09-02;2017-06-16;;2016;2016-01-01;2016-11;2017-08;2017-08;;;;;;92150;SURESNES;false;10;RUE NUNGESSER (LOT A);;MONTREUIL;93100;CL;194;;;;;139;4;1;1;1;1;;;false;false;false;0;1;1;7;false;false;false;false;false;9;false;false;false;false;false;false;false;1;1;0;1;0;0;0;1;0;0;0;0;1;0;0;0;0;49;101;0;49;0;0;0;0;0;0;0;0;0;0
11;Île-de-France;93;Seine-Saint-Denis;93048;PC;09304816B0035;6;2016-07-04;2017-06-16;2018-03-30;2016;2016-01-01;2016-08;2017-08;2018-07;;;;;;93100;MONTREUIL;false;10 TE;RUE NUNGESSER - LOTC;;MONTREUIL;93100;CL;196;;;;;138;4;1;1;1;1;;;false;false;false;0;1;1;7;false;false;false;false;false;9;false;false;false;false;false;false;false;1;1;0;1;0;0;0;0;0;0;0;0;1;0;0;0;0;0;106;0;0;0;0;0;0;0;0;0;0;0;0
11;Île-de-France;93;Seine-Saint-Denis;93048;PC;09304816B0044;6;2016-07-22;2017-06-16;2018-08-18;2016;2016-01-01;2016-11;2017-06;2018-08;;;;;;93110;ROSNY-SOUS-BOIS;false;10 BI;RUE NUNGESSER (LOT B);;MONTREUIL;93100;CL;195;;;;;139;4;1;1;1;1;;;false;false;false;0;1;1;7;false;false;false;false;false;9;false;false;false;false;false;false;false;1;1;0;1;0;0;0;1;0;0;0;0;1;0;0;0;0;61;105;0;61;0;0;51;0;0;0;0;0;0;0
11;Île-de-France;93;Seine-Saint-Denis;93048;PC;09304816B0045;6;2016-05-24;2016-11-15;2019-01-20;2016;2016-01-01;2016-08;2016-11;2019-03;;;;;;93100;MONTREUIL;false;70;RUE DES CAILLOTS;;MONTREUIL;93100;V;73;;;;;336;4;1;1;1;1;;;false;false;false;0;1;1;7;false;false;false;false;false;9;false;false;false;false;false;false;false;1;1;0;1;0;0;0;0;0;0;0;0;1;0;0;0;0;79;148;0;0;0;0;0;0;0;0;0;0;0;0
11;Île-de-France;93;Seine-Saint-Denis;93048;PC;09304816B0046;6;2016-05-02;2016-10-10;2018-01-01;2016;2016-01-01;2016-08;2016-10;2018-03;;;;;;75011;PARIS-11E-ARRONDISSEMENT;false;3;RUE DES NEFLIERS;;MONTREUIL;93100;T;394;;;;;120;4;1;1;1;1;;;false;false;false;0;1;1;7;false;false;false;false;false;9;false;false;false;false;false;false;false;1;1;0;1;0;0;0;0;0;0;1;0;0;0;0;0;0;0;74;0;0;0;0;0;0;0;0;0;0;0;0
11;Île-de-France;93;Seine-Saint-Denis;93048;PC;09304816B0057;5;2016-07-20;2016-11-18;;2016;2016-01-01;2016-11;2016-11;2016-11;;;;;;45130;MEUNG-SUR-LOIRE;false;186;BD CHANZY;;MONTREUIL;93100;AV;12;;;;;233;4;1;1;1;3;;;false;false;false;4;1;1;7;false;false;false;false;false;9;false;false;false;false;false;false;false;4;0;4;0;0;0;4;0;0;0;4;0;0;0;0;0;0;0;248;0;0;0;0;0;0;0;0;0;0;0;0
11;Île-de-France;93;Seine-Saint-Denis;93048;PC;09304816B0058;5;2016-08-16;2017-02-13;;2016;2016-01-01;2016-09;2017-02;2017-02;;;;;;93100;MONTREUIL;false;3 BIS;RUE DE LA MUTUALITE;;MONTREUIL;93100;C;215;;;;;284;4;1;5;1;1;;;true;false;false;0;1;1;7;false;false;false;false;false;9;false;false;false;false;false;false;false;1;1;0;1;0;0;0;0;0;0;0;0;0;1;0;0;0;94;146;0;80;0;0;0;0;0;0;0;0;0;0
11;Île-de-France;93;Seine-Saint-Denis;93048;PC;09304816B0059;6;2016-09-28;2017-11-07;2019-07-12;2016;2016-01-01;2016-09;2017-10;2019-07;41.10A;5599;BOUYGUES IMMOBILIER;562091546;56209154600977;94300;VINCENNES;false;27;RUE BRULEFER;;MONTREUIL;93100;I;121;I;118;;;1364;4;1;1;1;3;;;false;false;false;5;2;1;7;false;false;false;false;false;9;false;false;false;false;false;false;false;37;0;37;0;0;0;37;0;3;12;12;8;2;0;0;0;0;0;2484;0;0;0;0;461;0;0;0;0;0;0;0
11;Île-de-France;93;Seine-Saint-Denis;93048;PC;09304816B0061;6;2016-06-27;2016-07-01;2017-10-17;2016;2016-01-01;2016-07;2016-07;2017-11;68.10Z;5710;PREMIUM;532812955;53281295500021;93100;MONTREUIL;false;50;RUE DE LA REVOLUTION;;MONTREUIL;93100;BI;63;;;;;202;4;2;4;1;3;1;5;false;false;false;1;2;1;7;false;false;false;false;false;9;false;false;false;false;false;false;false;3;0;3;0;0;0;3;0;0;1;2;0;0;0;0;0;0;70;16;171;0;0;205;0;0;34;171;0;0;0;0
11;Île-de-France;93;Seine-Saint-Denis;93048;PC;09304816B0062;6;2016-07-22;2017-07-22;2019-07-25;2016;2016-01-01;2016-11;2020-10;2020-10;;;;;;93100;MONTREUIL;false;33;RUE DES GROSEILLIERS;;MONTREUIL;93100;Z;202;;;;;199;4;1;1;1;1;;;false;false;false;0;1;1;7;false;false;false;false;false;9;false;false;false;false;false;false;false;1;1;0;1;0;0;0;1;0;0;0;0;1;0;0;0;0;50;136;0;50;0;0;0;0;0;0;0;0;0;0
11;Île-de-France;93;Seine-Saint-Denis;93048;PC;09304816B0063;6;2016-09-06;2016-09-12;2017-05-05;2016;2016-01-01;2016-09;2016-11;2024-10;68.20A;6540;COURT-CIRCUIT;482986049;48298604900013;93100;MONTREUIL;false;1;RUE DES CHAPONS / 90 RUE C;;MONTREUIL;93100;BR;123;;;;;345;4;2;3;1;1;1;5;false;false;false;0;1;1;7;false;false;false;false;false;9;false;false;false;false;false;false;false;1;1;0;1;0;0;0;0;0;0;0;1;0;0;0;0;0;47;0;106;0;0;251;15;0;0;106;0;0;0;0
11;Île-de-France;93;Seine-Saint-Denis;93048;PC;09304816B0065;6;2016-10-11;2017-03-22;2017-03-31;2016;2016-01-01;2016-11;2017-05;2017-05;41.10D;6541;SCCV DU GAZOMETRE;789409000;78940900000013;93300;AUBERVILLIERS;false;104;RUE EDOUARD VAILLANT;;MONTREUIL;93100;BJ;26;BJ;28;;;1080;4;2;4;1;1;1;3;true;false;false;2;1;1;7;false;false;false;false;false;9;false;false;false;false;false;false;false;1;1;0;1;0;0;0;0;0;0;0;0;0;0;0;0;0;60;45;112;0;0;1329;0;0;46;112;112;0;0;0
11;Île-de-France;93;Seine-Saint-Denis;93048;PC;09304816B0066;6;2016-08-05;2016-12-18;2021-12-20;2016;2016-12-18;2016-09;2016-12;2022-03;;;;;;75004;PARIS;false;180;RUE ETIENNE MARCEL;;MONTREUIL;93100;AV;90;;;;;86;4;2;5;1;1;;;true;false;false;0;1;1;7;false;false;false;false;false;9;false;false;false;false;false;false;false;1;1;0;1;0;0;0;0;0;0;0;0;0;0;0;0;0;74;35;0;0;0;0;0;0;0;0;0;0;0;0
11;Île-de-France;93;Seine-Saint-Denis;93048;PC;09304816B0068;6;2016-10-25;2016-10-27;2018-03-30;2016;2016-01-01;2016-11;2016-11;2019-03;68.20B;6540;SCI JULIANNE;444807440;44480744000011;93100;MONTREUIL;false;98;AVENUE PASTEUR;;MONTREUIL;93100;AE;138;;;;;101;4;2;5;1;3;;;false;true;true;3;3;1;7;false;false;false;false;false;9;false;false;false;false;false;false;false;2;0;2;0;0;0;2;0;1;1;0;0;0;0;0;0;0;117;70;0;0;0;0;28;0;0;0;0;0;0;0
11;Île-de-France;93;Seine-Saint-Denis;93048;PC;09304816B0069;6;2016-09-20;2017-04-12;2019-04-30;2016;2016-01-01;2016-09;2017-04;2019-07;68.20A;5599;IN'LI;602052359;60205235900042;92088;LA DEFENSE;false;12-14;RUE EDOUARD VAILLANT;;MONTREUIL;93100;BL;13;BL;14;;;735;4;1;1;1;3;;;false;false;false;7;1;1;7;false;false;false;false;false;9;false;false;false;false;false;false;false;25;0;25;0;0;0;25;0;1;11;9;4;0;0;13;0;0;0;1512;0;0;0;0;98;0;0;0;0;0;0;0
11;Île-de-France;93;Seine-Saint-Denis;93048;PC;09304816B0072;5;2016-07-19;2019-03-25;;2016;2016-01-01;2016-11;2019-03;2019-03;68.20B;6540;MEMS;841822828;;93100;MONTREUIL;false;207;BD ARISTIDE BRIAND;;MONTREUIL;93100;L;68;L;270;;;444;4;2;3;1;3;2;1;true;true;true;2;3;1;7;false;false;false;false;false;9;false;false;false;false;false;false;false;4;0;4;0;0;0;4;0;1;2;1;0;0;0;0;0;0;56;177;56;0;56;141;0;0;0;0;0;0;0;0
11;Île-de-France;93;Seine-Saint-Denis;93048;PC;09304816B0074;6;2016-08-05;2017-12-28;2021-02-22;2016;2016-01-01;2016-08;2017-12;2023-10;68.20A;5546;SA D'H L M FRANCE HABITATION;582142816;58214281600294;92309;LEVALLOIS-PERRET CEDEX;false;43/45;AVENUE FAIDHERBE;;MONTREUIL;93100;AE;120;AE;197;AE;198;2211;4;1;1;1;4;;;false;false;false;7;2;1;7;false;false;false;false;false;2;false;true;false;false;false;false;false;155;0;155;0;0;155;0;0;104;16;21;13;1;0;51;0;0;0;6049;0;0;0;3320;0;0;3320;0;0;0;0;0
11;Île-de-France;93;Seine-Saint-Denis;93048;PC;09304816B0078;2;2016-08-16;;;2016;2016-01-01;2016-09;;2016-09;;;;;;93100;MONTREUIL;false;16;RUE DANTON;;MONTREUIL;93100;AH;171;;;;;277;4;1;1;1;3;;;false;false;false;4;3;1;7;false;false;false;false;false;9;false;false;false;false;false;false;false;6;1;5;0;1;0;5;0;0;3;2;1;0;0;0;0;0;0;340;0;0;0;0;0;0;0;0;0;0;0;0
11;Île-de-France;93;Seine-Saint-Denis;93048;PC;09304816B0079;6;2016-08-29;2016-12-23;2020-04-20;2016;2016-01-01;2016-09;2016-12;2020-08;41.10D;6541;SCCV MONTREUIL PESNON-RESISTANCE;814029567;81402956700025;92130;ISSY-LES-MOULINEAUX;false;86-96;RUE ALEXIS PESNON;;MONTREUIL;93100;AK;79;AK;256;AK;258;2614;4;1;1;1;3;;;false;false;false;6;2;1;7;false;false;false;false;false;9;false;false;false;false;false;false;false;97;0;97;0;0;0;97;0;8;27;37;20;5;0;31;0;0;0;6493;0;0;0;0;305;0;0;0;0;0;0;0
11;Île-de-France;93;Seine-Saint-Denis;93048;PC;09304816B0080;6;2016-07-20;2019-06-15;2019-11-15;2016;2016-01-01;2016-11;2020-01;2020-01;;;;;;93200;SAINT-DENIS;false;90-92;RUE GASTON LAURIAU;;MONTREUIL;93100;BT;297;BT;299;;;375;4;1;1;1;2;;;false;false;false;2;1;1;2;false;true;false;false;false;9;false;false;false;false;false;false;false;2;2;0;0;2;0;0;0;0;0;0;0;2;0;0;0;0;0;217;0;0;0;90;0;0;0;0;0;0;0;0
11;Île-de-France;93;Seine-Saint-Denis;93048;PC;09304816B0082;6;2016-08-30;2016-12-14;2019-05-07;2016;2016-01-01;2016-09;2016-12;2019-05;41.10D;6541;SCCV EMERIGE MONTREUIL;813652138;81365213800013;75003;PARIS;false;62/64;RUE DE LAGNY;;MONTREUIL;93100;BE;13;BE;14;;;1750;4;1;1;1;3;;;false;false;false;7;2;1;7;false;false;false;false;false;9;false;false;false;false;false;false;false;67;0;67;0;0;0;67;0;6;16;25;18;2;0;52;0;0;0;4294;0;0;0;0;0;0;0;0;0;0;0;0
11;Île-de-France;93;Seine-Saint-Denis;93048;PC;09304816B0083;5;2016-09-15;2017-09-04;;2016;2016-01-01;2016-11;2017-10;2017-10;;;;;;75018;PARIS;false;38;RUE EMILE ZOLA;;MONTREUIL;93100;BC;54;;;;;720;4;2;4;1;1;1;3;false;false;true;3;1;1;7;false;false;false;false;false;9;false;false;false;false;false;false;false;1;1;0;1;0;0;0;0;0;0;0;0;1;0;0;0;0;450;39;164;0;0;336;0;0;40;164;164;0;0;0
11;Île-de-France;93;Seine-Saint-Denis;93048;PC;09304816B0088;6;2016-10-31;2018-03-13;2020-12-15;2016;2016-01-01;2016-11;2018-03;2021-01;68.20A;4140;OFFICE PUBLIC DE L'HABITAT MONTREUILLOIS;488777160;48877716000018;93100;MONTREUIL;false;300;BOULEVARD DE LA BOISSIERE;;MONTREUIL;93100;F;82;F;83;;;3091;4;1;1;1;3;;;false;false;false;0;3;1;7;false;false;false;false;false;9;false;false;false;false;false;false;false;71;0;71;0;0;0;71;0;1;19;28;21;2;0;70;0;0;0;5250;0;0;0;0;664;0;0;0;0;0;0;0
11;Île-de-France;93;Seine-Saint-Denis;93048;PC;09304816B0089;6;2016-07-19;2016-12-06;2019-06-16;2016;2016-01-01;2016-11;2016-12;2019-11;;;;;;93100;MONTREUIL;false;54;RUE DES MESSIERS;;MONTREUIL;93100;AU;178;;;;;228;4;1;1;1;1;;;false;false;false;0;1;1;7;false;false;false;false;false;9;false;false;false;false;false;false;false;1;1;0;1;0;0;0;0;0;0;0;0;0;0;0;0;0;0;150;0;0;0;0;0;0;0;0;0;0;0;0
11;Île-de-France;93;Seine-Saint-Denis;93048;PC;09304816B0094;4;2018-04-19;;;2016;2016-01-01;2018-04;;2018-04;41.10D;6541;S.C.C.V. EDOUARD BRANLY - MONTAGNE PIERREUSE;817878671;81787867100012;91170;VIRY-CHATILLON;false;158/1;RUE EDOUARD BRANLY  / 4 RU;;MONTREUIL;93100;H;112;H;146;H;147;628;4;1;1;1;3;;;false;false;false;0;3;1;7;false;false;false;false;false;9;false;false;false;false;false;false;false;32;0;32;0;0;0;32;2;1;12;12;6;1;0;32;0;0;425;2000;0;425;0;0;0;0;0;0;0;0;0;0
11;Île-de-France;93;Seine-Saint-Denis;93048;PC;09304816B0095;5;2016-08-08;2018-04-23;;2016;2018-04-23;2016-11;2018-05;2018-05;;;;;;93100;MONTREUIL;false;90;RUE DESIRE PREAUX;;MONTREUIL;93100;AP;47;;;;;222;4;1;5;1;1;;;true;false;false;0;3;1;2;false;true;false;false;false;9;false;false;false;false;false;false;false;1;1;0;1;0;0;0;2;0;1;0;0;0;0;0;0;0;152;149;0;71;0;0;0;0;0;0;0;0;0;0
11;Île-de-France;93;Seine-Saint-Denis;93048;PC;09304816B0100;6;2016-12-01;2017-05-02;2019-05-04;2016;2016-01-01;2016-12;2017-05;2021-02;68.10Z;5499;PROMORAME;479428385;47942838500013;97200;SCHOELCHER;false;5;RUE LOUISE MICHEL;;MONTREUIL;93100;CK;136;;;;;1113;4;1;1;1;2;;;false;false;false;2;3;1;7;false;false;false;false;false;9;false;false;false;false;false;false;false;4;4;0;0;4;0;0;1;0;0;0;0;0;0;0;0;0;247;619;0;247;0;0;0;0;0;0;0;0;0;0
11;Île-de-France;93;Seine-Saint-Denis;93048;PC;09304816B0107;4;2016-11-30;2025-11-10;;2016;2016-01-01;2016-11;2025-11;2025-11;68.10Z;5710;NESSUS;494645625;49464562500034;75008;PARIS;false;7-9;RUE DU SERGENT BOBILLOT;;MONTREUIL;93100;BL;102;;;;;4361;4;1;3;1;4;4;8;true;true;false;5;3;1;7;false;false;false;false;false;2;false;true;false;false;false;false;false;106;0;106;0;0;106;0;0;77;15;2;7;3;2;51;0;0;74;2593;1783;74;0;6552;0;2518;1203;4301;1271;0;0;0
11;Île-de-France;93;Seine-Saint-Denis;93048;PC;09304816B0112;6;2016-10-17;2018-12-17;2022-04-13;2016;2016-01-01;2016-11;2019-01;2022-04;46.49Z;5499;TAL CORPORATE;388786113;38878611300059;75005;PARIS-;false;63;RUE DANTON;;MONTREUIL;93100;T;138;;;;;278;4;2;3;1;1;1;5;false;true;true;0;1;1;7;false;false;false;false;false;9;false;false;false;false;false;false;false;1;1;0;1;0;0;0;0;0;0;1;0;0;0;0;0;0;238;39;49;0;0;101;0;0;0;49;0;0;0;0
11;Île-de-France;93;Seine-Saint-Denis;93048;PC;09304816B0114;5;2016-10-17;2019-10-14;;2016;2016-01-01;2016-10;2019-10;2019-10;;;;;;94700;MAISONS-ALFORT;false;57;RUE DOUY DELCUPE;;MONTREUIL;93100;BK;1;;;;;132;4;2;5;1;3;;;false;true;true;4;2;1;7;false;false;false;false;false;9;false;false;false;false;false;false;false;2;0;2;0;0;0;2;0;0;2;0;0;0;0;0;0;0;219;129;0;0;0;0;0;0;0;0;0;0;0;0
11;Île-de-France;93;Seine-Saint-Denis;93048;PC;09304816B0117;6;2016-09-26;2017-05-31;2019-02-21;2016;2016-01-01;2016-11;2017-05;2019-07;41.10A;5599;COMPAGNIE FONCIERE ET FINANCIERE ET D INVESTISSEMENT IMMOBILIER;353575053;35357505300056;75016;PARIS-16E-ARRONDISSEMENT;false;63;AVENUE FAIDHERBE;;MONTREUIL;93100;AE;261;AE;224;;;2341;4;1;1;1;3;;;false;false;false;5;4;1;7;false;false;false;false;false;9;false;false;false;false;false;false;false;58;0;58;0;0;0;58;2;14;7;19;16;2;0;17;0;0;439;3716;0;439;0;419;95;0;419;0;0;0;0;0
11;Île-de-France;93;Seine-Saint-Denis;93048;PC;09304816B0122;6;2016-11-30;2018-02-19;2020-11-16;2016;2016-01-01;2016-11;2018-03;2020-12;68.20A;5599;IMMOBILIERE 3F;552141533;55214153300018;75638;PARIS;false;61;RUE DE VINCENNES;;MONTREUIL;93100;BM;61;;;;;1219;4;1;1;1;3;;;false;false;false;7;1;1;7;false;false;false;false;false;9;false;false;false;false;false;false;false;29;0;29;0;0;0;29;0;2;11;8;8;0;0;29;0;0;0;1975;0;0;0;0;550;0;0;0;0;0;0;0
11;Île-de-France;93;Seine-Saint-Denis;93048;PC;09304816B0129;6;2016-12-16;2017-06-19;2019-04-11;2016;2016-01-01;2016-12;2017-06;2019-09;68.20B;6540;SOCIETE CIVILE IMMOBILIERE PICVIN;811286749;81128674900015;92100;BOULOGNE-BILLANCOURT;false;;AVE DU PRESIDENT WILSON;;MONTREUIL;93100;BO;109;BO;333;AJ;254;467;4;1;1;1;3;;;false;false;false;6;2;1;7;false;false;false;false;false;9;false;false;false;false;false;false;false;31;0;31;0;0;0;31;0;4;10;9;7;1;0;0;0;0;0;1808;0;0;0;9;266;0;0;0;0;0;0;0
11;Île-de-France;93;Seine-Saint-Denis;93048;PC;09304816B0132;5;2016-10-14;2019-02-19;;2016;2016-01-01;2016-11;2019-03;2019-03;;;;;;75012;PARIS-12E-ARRONDISSEMENT;false;3;RUE DU MIDI;;MONTREUIL;93100;Y;16;;;;;271;4;1;1;1;3;;;false;false;false;0;1;1;7;false;false;false;false;false;9;false;false;false;false;false;false;false;2;0;2;0;0;0;2;0;0;0;0;0;0;0;0;0;0;0;223;0;0;0;0;0;0;0;0;0;0;0;0
11;Île-de-France;93;Seine-Saint-Denis;93048;PC;09304816B0133;6;2017-03-06;2017-07-07;2021-11-23;2016;2016-01-01;2017-03;2017-08;2021-11;41.10A;5710;WIGOS HORIZON CIEL;829885219;82988521900016;31400;TOULOUSE;false;31/33;RUE PIERRE DE MONTREUIL;;MONTREUIL;93100;BY;89;;;;;420;4;1;1;1;3;;;false;false;false;0;2;1;7;false;false;false;false;false;9;false;false;false;false;false;false;false;14;0;14;0;0;0;14;1;3;4;4;3;0;0;0;0;0;100;785;0;0;0;0;79;0;0;0;0;0;0;0
11;Île-de-France;93;Seine-Saint-Denis;93048;PC;09304816B0135;6;2017-02-03;;2025-06-16;2016;2016-01-01;2017-02;;2026-02;;;;;;93100;MONTREUIL;false;7;PLACE DU MARCHE;;MONTREUIL;93100;AR;104;;;;;53;4;2;3;1;3;1;5;true;true;true;4;3;1;7;false;false;false;false;false;9;false;false;false;false;false;false;false;3;0;3;0;0;0;3;0;3;0;0;0;0;0;0;0;0;0;70;59;0;0;86;0;0;0;59;0;0;0;0
11;Île-de-France;93;Seine-Saint-Denis;93048;PC;09304816B0137;6;2016-09-14;2017-10-12;2020-07-20;2016;2016-01-01;2016-11;2017-10;2021-07;;;;;;93100;MONTREUIL;false;17 BI;RUE DU RUISSEAU;;MONTREUIL;93100;X;58;X;59;X;60;598;4;2;5;1;3;;;true;false;false;0;1;1;7;false;false;false;false;false;9;false;false;false;false;false;false;false;2;0;2;0;0;0;2;0;0;0;0;1;0;1;0;0;0;223;225;0;0;0;0;0;0;0;0;0;0;0;0
11;Île-de-France;93;Seine-Saint-Denis;93048;PC;09304816B0140;6;2016-12-23;2017-04-18;2018-06-10;2016;2016-01-01;2016-12;2017-04;2018-11;;;;;;93100;MONTREUIL;false;38;RUE ROCHEBRUNE / 45 RUE DO;;MONTREUIL;93100;U;185;U;118;;;83;4;1;1;1;1;;;false;false;false;2;1;1;7;false;false;false;false;false;9;false;false;false;false;false;false;false;1;1;0;1;0;0;0;0;0;0;0;1;0;0;0;0;0;17;129;0;17;0;0;0;0;0;0;0;0;0;0
11;Île-de-France;93;Seine-Saint-Denis;93048;PC;09304816B0141;5;2016-11-03;2017-01-01;;2016;2016-01-01;2016-11;2017-02;2017-02;;;;;;94120;FONTENAY-SOUS-BOIS;false;3;RUE RAYMOND LEFEBVRE;;MONTREUIL;93100;CF;4;CF;209;;;199;4;2;3;1;3;2;1;true;false;false;2;2;1;7;false;false;false;false;false;9;false;false;false;false;false;false;false;3;0;3;0;0;0;3;0;0;0;0;0;0;0;0;0;0;65;82;40;25;40;0;0;0;0;0;0;0;0;0
11;Île-de-France;93;Seine-Saint-Denis;93048;PC;09304816B0144;5;2017-02-13;2017-02-27;;2016;2016-01-01;2017-02;2017-02;2017-02;70.22Z;5710;SOCIETE DE MONTAGE IMMOBILIER FAYAT SUD EST;524531647;52453164700013;06200;NICE;false;138;BOULEVARD CHANZY;;MONTREUIL;93100;AT;49;AT;51;AT;52;11674;4;1;1;1;3;;;false;false;false;3;1;1;7;false;false;false;false;false;9;false;false;false;false;false;false;false;5;0;5;0;0;0;5;0;0;0;0;4;1;0;0;0;0;0;410;0;0;0;0;8225;0;0;0;0;0;0;0
11;Île-de-France;93;Seine-Saint-Denis;93048;PC;09304816B0147;5;2016-10-27;2017-06-21;;2016;2016-01-01;2016-11;2017-08;2017-08;68.20A;5599;IMMOBILIERE 3F;552141533;55214153300018;75638;PARIS;false;38;RUE GARIBALDI / 3 RUE MARC;;MONTREUIL;93100;AX;44;;;;;207;4;2;3;1;3;1;3;true;true;false;5;3;1;7;false;false;false;false;false;9;false;false;false;false;false;false;false;12;0;12;0;0;0;12;0;2;6;4;0;0;0;12;0;0;0;390;502;0;0;591;0;0;11;502;502;0;0;0
11;Île-de-France;93;Seine-Saint-Denis;93048;PC;09304816B0149;4;2017-01-20;;;2016;2016-01-01;2017-01;;2017-01;64.20Z;5710;GROUPE PRESTIGE;331291765;33129176500070;77500;CHELLES;false;6;AVENUE FERDINAND BUISSON;;MONTREUIL;93100;Z;144;;;;;369;4;1;1;1;3;;;false;false;false;0;2;1;7;false;false;false;false;false;9;false;false;false;false;false;false;false;2;0;2;0;0;0;2;0;0;0;2;0;0;0;0;0;0;0;155;0;0;0;0;180;0;0;0;0;0;0;0
11;Île-de-France;93;Seine-Saint-Denis;93048;PC;09304816B0151;6;2016-09-20;2017-01-16;2017-06-22;2016;2016-01-01;2016-09;2017-01;2018-01;;;;;;93100;MONTREUIL;false;80;RUE EMILE BEAUFILS;;MONTREUIL;93100;K;127;;;;;292;4;1;1;1;1;;;false;false;false;0;1;1;7;false;false;false;false;false;9;false;false;false;false;false;false;false;1;1;0;1;0;0;0;0;0;0;0;0;1;0;0;0;0;0;136;0;0;0;0;0;0;0;0;0;0;0;0
11;Île-de-France;93;Seine-Saint-Denis;93048;PC;09304816B0152;6;2016-12-22;2017-05-02;2024-09-25;2016;2016-01-01;2016-12;2017-05;2024-10;;;;;;93100;MONTREUIL;false;42;AVENUE GABRIEL PERI;;MONTREUIL;93100;BP;274;BP;223;BP;225;406;4;1;1;1;3;;;false;false;false;2;3;1;7;false;false;false;false;false;9;false;false;false;false;false;false;false;3;0;3;0;0;0;3;0;0;1;0;1;1;0;0;0;0;0;298;0;0;0;140;0;0;140;0;0;0;0;0
11;Île-de-France;93;Seine-Saint-Denis;93048;PC;09304816B0156;6;2016-11-02;2017-03-20;2019-05-15;2016;2016-01-01;2016-11;2017-03;2019-06;68.10Z;5710;PREMIUM;532812955;53281295500013;93100;MONTREUIL;false;60;BD HENRI BARBUSSE;;MONTREUIL;93100;AG;235;;;;;379;4;2;4;1;3;1;6;false;true;false;2;2;1;7;false;false;false;false;false;9;false;false;false;false;false;false;false;5;0;5;0;0;0;5;0;0;1;4;0;0;0;0;0;0;0;83;312;0;0;409;0;0;97;312;0;0;0;0
11;Île-de-France;93;Seine-Saint-Denis;93048;PC;09304816B0157;6;2017-01-12;2017-03-09;2018-06-12;2016;2016-01-01;2017-02;2017-03;2018-06;;;;;;93100;MONTREUIL;false;42;RUE DU MIDI;;MONTREUIL;93100;AD;268;;;;;169;4;2;3;1;1;1;5;true;false;false;0;1;1;7;false;false;false;false;false;9;false;false;false;false;false;false;false;1;1;0;1;0;0;0;0;0;0;0;0;1;0;0;0;0;0;41;108;0;0;108;0;0;0;108;0;0;0;0
11;Île-de-France;93;Seine-Saint-Denis;93048;PC;09304816B0159;6;2016-10-19;2017-07-03;2017-12-20;2016;2016-01-01;2016-11;2017-06;2018-04;;;;;;93100;MONTREUIL;false;20;RUE VOLTAIRE;;MONTREUIL;93100;AY;154;AT;164;AY;165;3506;4;2;3;1;1;1;3;true;false;false;3;2;1;7;false;false;false;false;false;9;false;false;false;false;false;false;false;1;1;0;1;0;0;0;0;0;0;0;1;0;0;0;0;0;790;41;75;0;0;8217;0;0;0;75;75;0;0;0
11;Île-de-France;93;Seine-Saint-Denis;93048;PC;09304816B0160;6;2016-12-05;2017-06-01;2018-10-29;2016;2016-01-01;2016-12;2017-06;2018-11;41.10D;6541;CONCEPTBOIS;819982505;81998250500011;77515;FAREMOUTIERS;false;131;RUE ERNEST SAVART;;MONTREUIL;93100;V;149;;;;;322;4;1;1;1;3;;;false;false;false;4;2;1;7;false;false;false;false;false;9;false;false;false;false;false;false;false;7;0;7;0;0;0;7;1;0;0;4;1;0;0;0;0;0;52;444;0;52;0;0;0;0;0;0;0;0;0;0
11;Île-de-France;93;Seine-Saint-Denis;93048;PC;09304816B0161;6;2016-11-02;2017-06-15;2019-03-12;2016;2016-01-01;2016-11;2017-06;2024-10;;;;;;93100;MONTREUIL;false;46;RUE ANNE FRANK;;MONTREUIL;93100;AP;21;;;;;295;4;1;1;1;1;;;false;false;false;0;1;1;7;false;false;false;false;false;9;false;false;false;false;false;false;false;1;1;0;1;0;0;0;0;0;0;0;0;1;0;0;0;0;0;115;0;0;0;0;0;0;0;0;0;0;0;0
11;Île-de-France;93;Seine-Saint-Denis;93048;PC;09304816B0167;6;2016-12-22;2017-02-22;2017-07-01;2016;2016-01-01;2016-12;2017-02;2018-04;;;;;;75020;PARIS-20E-ARRONDISSEMENT;false;21;RUE DU CAPITAINE DREYFUS;;MONTREUIL;93100;BO;321;;;;;422;4;2;3;1;1;1;5;false;false;true;0;1;1;7;false;false;false;false;false;9;false;false;false;false;false;false;false;1;1;0;1;0;0;0;0;0;0;0;0;0;0;0;0;0;199;30;48;0;0;180;0;0;0;48;0;0;0;0
11;Île-de-France;93;Seine-Saint-Denis;93048;PC;09304816B0172;5;2016-11-25;2019-02-11;;2016;2016-01-01;2016-11;2019-02;2019-02;68.10Z;5499;PROMORAME;479428385;47942838500013;97233;SCHOELCHER;false;10-14;RUE MARCEL LARGILLIERE;;MONTREUIL;93100;CD;312;CD;327;CD;328;743;4;1;1;1;3;;;false;false;false;4;2;1;7;false;false;false;false;false;9;false;false;false;false;false;false;false;22;0;22;0;0;0;22;0;0;8;7;4;0;0;0;0;0;0;1238;0;0;0;0;0;0;0;0;0;0;0;0
11;Île-de-France;93;Seine-Saint-Denis;93048;PC;09304816B0173;5;2016-11-26;2018-09-03;;2016;2016-01-01;2016-12;2018-09;2018-09;68.20B;6540;D.S;802528604;80252860400019;93170;BAGNOLET;false;9;RUE DE LA NOUVELLE FRANCE;;MONTREUIL;93100;CJ;110;;;;;188;4;1;1;1;3;;;false;false;false;2;3;1;7;false;false;false;false;false;9;false;false;false;false;false;false;false;4;0;4;0;0;0;4;0;0;0;0;0;0;0;0;0;0;0;172;0;0;0;0;0;0;0;0;0;0;0;0
11;Île-de-France;93;Seine-Saint-Denis;93048;PC;09304816B0177;6;2017-02-16;2017-09-25;2019-12-12;2016;2016-01-01;2017-02;2017-10;2022-05;;;;;;93100;MONTREUIL;false;9;RUE DU PLATEAU;;MONTREUIL;93100;V;215;;;;;318;4;1;5;1;3;;;true;true;true;3;2;1;7;false;false;false;false;false;9;false;false;false;false;false;false;false;4;1;3;0;1;0;3;0;1;0;2;0;0;1;0;0;0;188;346;0;81;0;260;0;0;260;0;0;0;0;0
11;Île-de-France;93;Seine-Saint-Denis;93048;PC;09304816B0178;6;2017-02-10;2017-02-11;2017-04-15;2016;2016-01-01;2017-02;2017-02;2017-05;;;;;;93100;MONTREUIL;false;30;RUE CUVIER;;MONTREUIL;93100;BG;141;;;;;488;4;2;4;1;1;1;8;false;false;false;1;1;1;7;false;false;false;false;false;9;false;false;false;false;false;false;false;1;1;0;1;0;0;0;0;0;0;0;0;0;1;0;0;0;188;0;327;0;0;458;0;0;44;327;0;0;0;0
11;Île-de-France;93;Seine-Saint-Denis;93048;PC;09304816B0179;6;2017-02-09;2018-11-13;2021-03-24;2016;2016-01-01;2017-02;2018-11;2021-06;68.20A;4140;OFFICE PUBLIC DE L'HABITAT MONTREUILLOIS;488777160;48877716000018;93100;MONTREUIL;false;45;RUE ARMAND CARREL;;MONTREUIL;93100;BD;39;BD;40;BD;81;4701;4;1;5;1;3;;;true;false;false;6;1;1;7;false;false;false;false;false;9;false;false;false;false;false;false;false;16;0;16;0;0;0;16;2;0;8;3;3;2;0;16;0;0;6969;1188;0;418;0;446;130;0;0;0;0;0;0;0
11;Île-de-France;93;Seine-Saint-Denis;93048;PC;09304816B0181;5;2017-04-13;2018-06-25;;2016;2016-01-01;2017-04;2018-11;2018-11;;;;;;93100;MONTREUIL;false;54 RU;ROCCHEBRUNE;;MONTREUIL;93100;T;169;T;169;;;736;4;2;5;1;3;;;true;false;false;0;2;1;7;false;false;false;false;false;9;false;false;false;false;false;false;false;4;0;4;0;0;0;4;0;0;0;0;0;0;0;0;0;0;626;162;0;0;0;56;0;0;35;0;0;0;0;0
11;Île-de-France;93;Seine-Saint-Denis;93048;PC;09304816B0190;6;2017-03-24;2017-07-10;2018-12-15;2016;2016-01-01;2017-03;2017-09;2019-09;;;;;;93100;MONTREUIL;false;8;RUE DES GRADINS;;MONTREUIL;93100;AI;250;;;;;182;4;1;1;1;1;;;false;false;false;0;1;1;7;false;false;false;false;false;9;false;false;false;false;false;false;false;1;1;0;1;0;0;0;0;0;0;1;0;0;0;0;0;0;0;129;0;0;0;0;0;0;0;0;0;0;0;0
11;Île-de-France;93;Seine-Saint-Denis;93048;PC;09304816B0193;2;2017-02-28;;;2016;2016-01-01;2017-02;;2017-02;;;;;;93100;MONTREUIL;false;1;RUE AUGUSTE PERON;;MONTREUIL;93100;J;342;;;;;117;4;1;1;1;3;;;false;false;false;0;3;1;7;false;false;false;false;false;9;false;false;false;false;false;false;false;2;0;2;0;0;0;2;0;1;0;1;0;0;0;0;0;0;0;94;0;0;0;0;0;0;0;0;0;0;0;0
11;Île-de-France;93;Seine-Saint-Denis;93048;PC;09304816B0196;6;2017-02-10;2018-11-05;2023-07-31;2016;2016-01-01;2017-02;2018-11;2023-08;41.10D;6599;SCCV MONTREUIL PLATRIERES;811710722;81171072200018;94500;CHAMPIGNY-SUR-MARNE;false;6-8;RUE DES PLATRIERES;;MONTREUIL;93100;BT;293;;;;;1194;4;1;1;1;3;;;false;false;false;5;2;1;7;false;false;false;false;false;9;false;false;false;false;false;false;false;25;0;25;0;0;0;25;0;0;10;10;5;0;0;0;25;0;0;1689;0;0;0;746;0;0;746;0;0;0;0;0
11;Île-de-France;93;Seine-Saint-Denis;93048;PC;09304816B0199;5;2017-03-09;2017-07-03;;2016;2016-01-01;2017-03;2017-08;2017-08;;;;;;93100;MONTREUIL;false;32;RUE BARBES;;MONTREUIL;93100;BH;151;;;;;114;4;2;3;1;1;1;5;false;true;false;0;1;1;7;false;false;false;false;false;9;false;false;false;false;false;false;false;1;1;0;1;0;0;0;0;0;0;1;0;0;0;0;0;0;0;47;83;0;0;159;0;0;44;83;0;0;0;0
11;Île-de-France;93;Seine-Saint-Denis;93048;PC;09304816B0202;6;2017-05-17;2017-05-22;2018-02-01;2016;2016-01-01;2017-05;2017-08;2018-02;;;;;;75010;PARIS-10E-ARRONDISSEMENT;false;27 BI;RUE DU SERGENT GODEFROY;;MONTREUIL;93100;BK;75;;;;;353;4;2;4;1;1;1;3;true;false;false;3;1;1;7;false;false;false;false;false;9;false;false;false;false;false;false;false;1;1;0;1;0;0;0;0;0;0;0;0;0;1;0;0;0;167;8;98;14;0;460;0;0;0;98;98;0;0;0
11;Île-de-France;93;Seine-Saint-Denis;93048;PC;09304816B0203;4;2017-02-03;;;2016;2016-01-01;2017-02;;2017-02;;;;;;93100;MONTREUIL;false;10;RUE MIRABEAU;;MONTREUIL;93100;U;94;;;;;195;4;1;1;1;1;;;false;false;false;0;1;1;7;false;false;false;false;false;9;false;false;false;false;false;false;false;1;1;0;1;0;0;0;1;0;0;0;0;0;0;0;0;0;67;74;0;67;0;47;0;0;47;0;0;0;0;0
11;Île-de-France;93;Seine-Saint-Denis;93048;PC;09304816B0208;2;2017-04-20;;;2016;2016-01-01;2017-04;;2017-04;68.20B;6540;SCI QUATORZE IMMOBILIER;811474857;81147485700018;75012;PARIS;false;8;AVENUE FAIDHERBE;;MONTREUIL;93100;AG;57;;;;;279;4;2;3;1;3;4;5;false;true;true;3;2;1;7;false;false;false;false;false;9;false;false;false;false;false;false;false;2;0;2;0;0;0;2;0;0;0;0;0;2;0;0;0;0;0;172;127;0;0;267;0;140;0;267;0;0;0;0
11;Île-de-France;93;Seine-Saint-Denis;93048;PC;09304816B0210;5;2017-03-08;2017-03-15;;2016;2016-01-01;2017-03;2017-03;2017-03;;;;;;;;false;78;RUE PIERRE DE MONTREUIL;;MONTREUIL;93100;CD;44;;;;;290;4;2;4;1;1;1;5;true;true;false;0;1;1;7;false;false;false;false;false;9;false;false;false;false;false;false;false;1;1;0;1;0;0;0;0;0;0;0;1;0;0;0;0;0;81;57;112;41;40;141;0;0;69;72;0;0;0;0
11;Île-de-France;93;Seine-Saint-Denis;93048;PC;09304816B0211;6;2017-06-28;2020-02-07;2022-03-07;2016;2016-01-01;2017-08;2020-05;2022-07;68.20A;4140;OFFICE PUBLIC DE L'HABITAT MONTREUILLOIS;488777160;48877716000018;93100;MONTREUIL;false;242-2;BD THEOPHILE SUEUR / 8 RUE;;MONTREUIL;93100;CD;416;CD;451;CD;472;5586;4;1;1;1;3;;;false;false;false;5;2;1;7;false;false;false;false;false;9;false;false;false;false;false;false;false;41;0;41;0;0;0;41;0;0;16;20;5;0;0;0;41;0;0;2858;0;0;0;0;54;0;0;0;0;0;0;0
11;Île-de-France;93;Seine-Saint-Denis;93048;PC;09304816B0212;6;2017-08-07;2020-09-07;2023-12-30;2016;2016-01-01;2017-08;2020-09;2024-12;41.10A;5710;SOGEPROM HABITAT;444562029;44456202900041;92400;COURBEVOIE;false;66;RUE KLEBER;;MONTREUIL;93100;BK;199;BK;198;BK;200;3443;4;1;1;1;3;;;false;false;false;0;4;1;7;false;false;false;false;false;9;false;false;false;false;false;false;false;120;0;120;0;0;0;120;0;5;46;39;26;4;0;86;0;0;0;7505;0;0;0;0;673;0;0;0;0;0;0;0
11;Île-de-France;93;Seine-Saint-Denis;93048;PC;09304816B0217;6;2017-07-24;2018-05-04;2020-12-31;2016;2016-01-01;2026-02;2018-05;2021-01;41.10D;6541;SCCV MONTREUIL 104;830670576;83067057600016;75016;PARIS-16E-ARRONDISSEMENT;false;104/1;RUE DE ROSNY;;MONTREUIL;93100;BY;46;BY;51;;;1651;4;1;3;1;3;1;3;true;true;false;5;2;1;7;false;false;false;false;false;9;false;false;false;false;false;false;false;53;0;53;0;0;0;53;0;6;17;13;8;6;0;15;0;0;215;2845;273;0;0;1317;0;0;676;273;146;0;0;0
11;Île-de-France;93;Seine-Saint-Denis;93048;PC;09304816B0219;5;2017-04-13;2017-04-15;;2016;2016-01-01;2017-04;2017-05;2017-05;;;;;;93100;MONTREUIL;false;86/88;RUE PIERRE CURIE;;MONTREUIL;93100;CR;83;CR;207;;;307;4;1;3;1;3;2;1;true;true;true;3;3;1;7;false;false;false;false;false;9;false;false;false;false;false;false;false;6;0;6;0;0;0;6;0;2;2;1;1;0;0;0;0;0;94;207;10;7;10;10;0;0;0;0;0;0;0;0
11;Île-de-France;93;Seine-Saint-Denis;93048;PC;09304816B0220;6;2017-02-10;2017-02-10;2017-02-10;2016;2016-01-01;2017-02;2017-10;2017-10;;;;;;93100;MONTREUIL;false;23;RUE DU SERGENT BOBILLOT;;MONTREUIL;93100;BL;114;;;;;145;4;2;5;1;1;;;true;true;true;0;1;1;4;false;false;false;true;false;9;false;false;false;false;false;false;false;1;1;0;1;0;0;0;0;0;0;0;0;1;0;0;0;0;64;61;0;0;0;0;0;0;0;0;0;0;0;0
11;Île-de-France;93;Seine-Saint-Denis;93048;PC;09304816B0221;6;2017-05-18;2018-04-03;2020-01-05;2016;2016-01-01;2017-05;2018-05;2020-01;;;;;;75011;PARIS;false;151;RUE DE ROSNY;;MONTREUIL;93100;S;14;;;;;414;4;2;3;1;3;1;5;true;true;false;2;2;1;7;false;false;false;false;false;9;false;false;false;false;false;false;false;2;0;2;0;0;0;2;0;2;0;0;0;0;0;0;0;0;166;20;20;0;0;192;23;0;0;20;0;0;0;0
11;Île-de-France;93;Seine-Saint-Denis;93048;PC;09304816B0222;6;2017-05-05;2017-05-10;2017-07-28;2016;2016-01-01;2017-05;2017-05;2017-08;;;;;;93100;MONTREUIL;false;17;RUE GIRARD;;MONTREUIL;93100;BL;97;;;;;312;4;2;3;1;1;1;5;false;false;false;0;1;1;7;false;false;false;false;false;9;false;false;false;false;false;false;false;1;1;0;1;0;0;0;0;0;0;1;0;0;0;0;0;0;180;37;18;0;0;156;0;0;5;18;0;0;0;0
11;Île-de-France;93;Seine-Saint-Denis;93048;PC;09304816B0224;6;2017-06-29;2018-05-14;2020-11-04;2016;2016-01-01;2017-06;2018-05;2021-10;41.10D;6541;SCI MONTREUIL JULES GUESDE;789700861;78970086100022;59110;LA MADELEINE;false;40;RUE JULES GUESDE;;MONTREUIL;93100;CM;306;;;;;0;4;1;1;1;3;;;false;false;false;0;2;1;7;false;false;false;false;false;9;false;false;false;false;false;false;false;40;0;40;0;0;0;40;0;0;16;14;8;2;0;0;0;0;0;2584;0;0;0;1520;156;0;1520;0;0;0;0;0
11;Île-de-France;93;Seine-Saint-Denis;93048;PC;09304816B0226;6;2017-07-21;2018-12-12;2021-09-14;2016;2016-01-01;2017-08;2018-12;2021-10;41.10A;5202;COGEDIM PARIS METROPOLE;319293916;31929391600049;75008;PARIS;false;12;AVENUE FAIDHERBE;;MONTREUIL;93100;AG;49;;;;;860;4;1;1;1;3;;;false;false;false;0;2;1;7;false;false;false;false;false;9;false;false;false;false;false;false;false;31;0;31;0;0;0;31;0;0;0;0;0;0;0;0;0;0;163;1785;0;163;0;0;0;0;0;0;0;0;0;0
11;Île-de-France;93;Seine-Saint-Denis;93048;PC;09304816B0227;5;2017-03-09;2017-05-15;;2016;2016-01-01;2017-03;2017-05;2017-05;;;;;;93100;MONTREUIL;false;1;RUE VICTOR MERCIER;;MONTREUIL;93100;BQ;193;BQ;194;;;256;4;1;1;1;1;;;false;false;false;0;1;1;7;false;false;false;false;false;9;false;false;false;false;false;false;false;1;1;0;1;0;0;0;0;0;0;0;0;0;1;0;0;0;79;147;0;0;0;0;0;0;0;0;0;0;0;0
11;Île-de-France;93;Seine-Saint-Denis;93048;PC;09304816B0228;6;2017-03-14;2019-02-19;2019-10-24;2016;2016-01-01;2017-03;2019-09;2019-11;;;;;;93100;MONTREUIL;false;9;RUE DU COLONEL DELORME;;MONTREUIL;93100;BI;89;;;;;322;4;2;5;1;3;;;false;false;false;0;4;1;7;false;false;false;false;false;9;false;false;false;false;false;false;false;3;0;3;0;0;0;3;0;0;0;0;0;0;0;0;0;0;145;135;0;5;0;0;0;0;0;0;0;0;0;0
11;Île-de-France;93;Seine-Saint-Denis;93048;PC;09304817B0003;6;2017-05-03;2017-06-01;2017-06-29;2017;2017-01-01;2017-05;2017-06;2017-08;68.20B;6540;SCI DU CHATEAU DE MADRID;422818591;42281859100014;75016;PARIS-16E-ARRONDISSEMENT;false;5;RUE DESIRE PREAUX;;MONTREUIL;93100;AS;134;;;;;105;4;2;2;1;1;1;3;true;false;false;0;3;1;7;false;false;false;false;false;9;false;false;false;false;false;false;false;1;1;0;1;0;0;0;0;0;1;0;0;0;0;0;0;0;195;0;35;0;0;35;0;0;0;35;35;0;0;0
11;Île-de-France;93;Seine-Saint-Denis;93048;PC;09304817B0006;6;2017-04-21;2017-07-31;2021-02-25;2017;2017-01-01;2017-05;2017-09;2021-02;;;;;;93100;MONTREUIL;false;84;RUE SAINT DENIS;;MONTREUIL;93100;J;105;;;;;520;4;1;1;1;3;;;false;false;false;3;3;1;7;false;false;false;false;false;9;false;false;false;false;false;false;false;7;0;7;0;0;0;7;0;0;1;4;1;0;0;0;0;0;0;453;0;0;0;65;0;0;65;0;0;0;0;0
11;Île-de-France;93;Seine-Saint-Denis;93048;PC;09304817B0007;6;2017-03-22;2017-05-15;2022-06-22;2017;2017-01-01;2017-03;2017-06;2022-07;;;;;;9100;MONTREUIL;false;7;RUE DU MIDI;;MONTREUIL;93100;Y;17;;;;;319;4;1;1;1;2;;;false;false;false;0;3;1;7;false;false;false;false;false;9;false;false;false;false;false;false;false;2;2;0;0;2;0;0;1;0;0;0;0;0;0;0;0;0;70;345;0;70;0;102;42;0;102;0;0;0;0;0
11;Île-de-France;93;Seine-Saint-Denis;93048;PC;09304817B0008;5;2017-07-24;2018-03-20;;2017;2018-03-20;2017-08;2018-03;2018-03;;;;;;93100;MONTREUIL;false;16;RUE FRANCOIS ARAGO;;MONTREUIL;93100;AX;56;;;;;165;4;1;1;1;1;;;false;false;false;0;1;1;7;false;false;false;false;false;9;false;false;false;false;false;false;false;1;1;0;1;0;0;0;1;0;0;0;0;1;0;0;0;0;0;70;0;0;0;0;0;0;0;0;0;0;0;0
11;Île-de-France;93;Seine-Saint-Denis;93048;PC;09304817B0027;4;2017-06-07;;;2017;2017-01-01;2017-06;;2017-06;;;;;;93100;MONTREUIL;false;22;RUE LEON LOISEAU;;MONTREUIL;93100;Y;100;;;;;0;4;1;1;1;3;;;false;false;false;5;3;1;7;false;false;false;false;false;9;false;false;false;false;false;false;false;5;1;4;0;1;0;4;0;0;4;1;0;0;0;0;0;0;0;258;0;0;0;0;0;0;0;0;0;0;0;0
11;Île-de-France;93;Seine-Saint-Denis;93048;PC;09304817B0029;4;2017-05-18;;;2017;2017-01-01;2017-05;;2017-05;68.20B;6540;SCI DES SAULES CLOUET;487792871;48779287100013;93100;MONTREUIL;false;39 BI;RUE DES SAULES CLOUETS;;MONTREUIL;93100;A;233;A;234;;;0;4;1;1;1;3;;;false;false;false;4;3;1;7;false;false;false;false;false;9;false;false;false;false;false;false;false;16;0;16;0;0;0;16;0;1;6;5;4;0;0;0;0;0;141;923;0;141;0;0;0;0;0;0;0;0;0;0
11;Île-de-France;93;Seine-Saint-Denis;93048;PC;09304817B0030;6;2017-05-11;2018-10-10;2021-05-26;2017;2017-01-01;2017-05;2018-10;2021-05;;;;;;93310;LE PRE SAINT-GERVAIS;false;64;RUE EDOUARD BRANLY;;MONTREUIL;93100;I;153;L;153;;;162;4;1;1;1;3;;;false;false;false;4;2;1;7;false;false;false;false;false;9;false;false;false;false;false;false;false;6;0;6;0;0;0;6;0;3;1;1;1;0;0;0;0;0;0;311;0;0;0;0;0;0;0;0;0;0;0;0
11;Île-de-France;93;Seine-Saint-Denis;93048;PC;09304817B0031;6;2017-11-24;2018-10-15;2023-03-31;2017;2017-01-01;2017-11;2018-10;2024-02;94.99Z;9220;FEDERATION CULTURELLE DES ASSOCIATIONS MUSULMANES DE MONTREUIL;500291075;50029107500017;93100;MONTREUIL;false;66;RUE DE LA REVOLUTION;;MONTREUIL;93100;BI;325;;;;;0;4;2;5;1;3;;;true;false;false;4;3;1;7;false;false;false;false;false;9;false;false;false;false;false;false;false;6;0;6;0;0;0;6;0;1;2;1;2;0;0;0;0;0;725;360;0;0;0;279;108;0;279;0;0;0;0;0
11;Île-de-France;93;Seine-Saint-Denis;93048;PC;09304817B0032;6;2017-10-03;2019-05-06;2021-09-28;2017;2017-01-01;2017-10;2019-05;2022-03;68.20A;4140;OFFICE PUBLIC DE L'HABITAT MONTREUILLOIS;488777160;48877716000018;93100;MONTREUIL;false;39 QU;BOULEVARD PAUL VAILLANT CO;;MONTREUIL;93100;AG;255;AG;256;;;797;4;1;1;1;3;;;false;false;false;0;4;1;7;false;false;false;false;false;9;false;false;false;false;false;false;false;31;0;31;0;0;0;31;0;0;8;17;6;0;0;0;0;0;0;1898;0;0;0;0;70;0;0;0;0;0;0;0
11;Île-de-France;93;Seine-Saint-Denis;93048;PC;09304817B0033;6;2017-06-21;2017-08-28;2022-03-01;2017;2017-01-01;2017-06;2017-08;2022-04;;;;;;;;false;88;RUE CAMELINAT;;MONTREUIL;93100;CN;361;;;;;160;4;1;1;1;1;;;false;false;false;0;1;1;7;false;false;false;false;false;9;false;false;false;false;false;false;false;1;1;0;1;0;0;0;0;0;0;0;0;0;1;0;0;0;0;130;0;0;0;0;0;0;0;0;0;0;0;0
11;Île-de-France;93;Seine-Saint-Denis;93048;PC;09304817B0034;6;2017-05-15;2018-04-16;2019-06-25;2017;2018-04-16;2017-05;2018-05;2019-07;68.20B;6540;SCI FANI;833298854;;93100;MONTREUIL;false;65;RUE MICHELET;;MONTREUIL;93100;BI;119;;;;;303;4;2;4;1;3;1;5;true;false;false;0;2;1;7;false;false;false;false;false;9;false;false;false;false;false;false;false;4;0;4;0;0;0;4;0;1;1;1;1;0;0;0;0;0;158;0;228;0;0;319;0;0;90;228;0;0;0;0
11;Île-de-France;93;Seine-Saint-Denis;93048;PC;09304817B0042;5;2017-07-05;2018-04-02;;2017;2017-01-01;2017-07;2018-05;2018-05;68.20B;6540;SCI JS PATRIMOINE;490625951;49062595100010;93250;VILLEMOMBLE;false;193;BD DE LA BOISSIERE;;MONTREUIL;93100;C;115;;;;;185;4;2;5;1;3;;;true;true;false;1;3;1;7;false;false;false;false;false;9;false;false;false;false;false;false;false;2;0;2;0;0;0;2;0;2;0;0;0;0;0;0;0;0;89;58;0;0;0;24;0;0;0;0;0;0;0;0
11;Île-de-France;93;Seine-Saint-Denis;93048;PC;09304817B0046;6;2017-10-13;2017-11-13;2018-01-12;2017;2017-01-01;2017-10;2018-01;2018-01;;;;;;93100;MONTREUIL;false;141;RUE DE PARIS;;MONTREUIL;93100;BH;240;;;;;1023;4;2;3;1;3;1;9;false;false;false;3;1;1;7;false;false;false;false;false;9;false;false;false;false;false;false;false;14;0;14;0;0;0;14;0;0;0;0;0;0;0;0;0;0;0;14;881;0;0;953;0;72;0;953;0;0;0;953
11;Île-de-France;93;Seine-Saint-Denis;93048;PC;09304817B0051;5;2017-05-15;2019-09-01;;2017;2017-01-01;2017-05;2019-12;2019-12;;;;;;93360;NEUILLY-PLAISANCE;false;10;RUE DE LA TRANCHEE;;MONTREUIL;93100;CQ;196;;;;;197;4;2;5;1;1;;;true;true;false;0;3;1;7;false;false;false;false;false;9;false;false;false;false;false;false;false;1;1;0;1;0;0;0;0;1;0;0;0;0;0;0;0;0;93;31;0;0;0;0;0;0;0;0;0;0;0;0
11;Île-de-France;93;Seine-Saint-Denis;93048;PC;09304817B0054;6;2017-07-19;2019-01-21;2021-08-31;2017;2017-01-01;2017-08;2019-01;2021-09;;;;;;93100;MONTREUIL;false;74;RUE DES CAILLOTS;;MONTREUIL;93100;V;74;;;;;338;4;1;5;1;1;;;false;false;true;3;3;1;7;false;false;false;false;false;9;false;false;false;false;false;false;false;1;1;0;1;0;0;0;1;0;0;0;1;0;0;0;0;0;153;161;0;58;0;0;0;0;0;0;0;0;0;0
11;Île-de-France;93;Seine-Saint-Denis;93048;PC;09304817B0055;5;2017-07-19;2019-06-24;;2017;2017-01-01;2017-08;2019-06;2019-06;;;;;;94200;IVRY SUR SEINE;false;39;RUE ANATOLE FRANCE;;MONTREUIL;93100;CD;242;;;;;132;4;1;1;1;1;;;false;false;false;0;1;1;2;false;true;false;false;false;9;false;false;false;false;false;false;false;1;1;0;1;0;0;0;0;0;0;0;0;0;1;0;0;0;0;170;0;0;0;0;53;0;0;0;0;0;0;0
11;Île-de-France;93;Seine-Saint-Denis;93048;PC;09304817B0057;5;2017-06-07;2017-09-11;;2017;2017-01-01;2017-06;2017-09;2017-09;;;;;;75013;PARIS-13E-ARRONDISSEMENT;false;35;RUE DES GROSEILLIERS;;MONTREUIL;93100;Z;201;;;;;142;4;1;1;1;1;;;false;false;false;0;1;1;7;false;false;false;false;false;9;false;false;false;false;false;false;false;1;1;0;1;0;0;0;0;0;0;0;0;0;0;0;0;0;0;98;0;0;0;0;0;0;0;0;0;0;0;0
11;Île-de-France;93;Seine-Saint-Denis;93048;PC;09304817B0063;6;2017-08-23;2017-08-25;2017-10-18;2017;2017-01-01;2017-08;2017-09;2017-10;;;;;;75007;PARIS-7E-ARRONDISSEMENT;false;4;RUE DU PROGRES;;MONTREUIL;93100;BG;35;;;;;520;4;2;3;1;1;1;3;false;false;true;0;2;1;7;false;false;false;false;false;9;false;false;false;false;false;false;false;1;1;0;1;0;0;0;0;0;0;1;0;0;0;0;0;0;684;77;4;0;0;629;0;0;0;4;4;0;0;0
11;Île-de-France;93;Seine-Saint-Denis;93048;PC;09304817B0065;5;2017-07-07;2018-02-12;;2017;2017-01-01;2017-08;2018-02;2018-02;41.10D;6541;SCCV AK112;821525896;82152589600014;93100;MONTREUIL;false;1;RUE RABELAIS;;MONTREUIL;93100;AK;112;;;;;229;4;1;1;1;3;;;false;false;false;5;2;1;7;false;false;false;false;false;9;false;false;false;false;false;false;false;8;0;8;0;0;0;8;0;0;4;3;1;0;0;0;0;0;0;490;0;0;0;0;0;0;0;0;0;0;0;0
11;Île-de-France;93;Seine-Saint-Denis;93048;PC;09304817B0066;6;2017-07-19;2017-10-12;2019-05-17;2017;2017-01-01;2017-08;2017-10;2019-05;68.20B;6540;FRABALO;828115113;;92300;LEVALLOIS-PERRET;false;77;RUE VOLTAIRE;;MONTREUIL;93100;BG;75;;;;;239;4;2;2;1;1;1;5;false;false;false;0;2;1;7;false;false;false;false;false;9;false;false;false;false;false;false;false;1;1;0;1;0;0;0;0;0;1;0;0;0;0;0;0;0;652;0;27;0;0;27;0;0;0;27;0;0;0;0
11;Île-de-France;93;Seine-Saint-Denis;93048;PC;09304817B0067;2;2017-10-04;;;2017;2017-01-01;2017-10;;2017-10;68.10Z;5499;LES CLES;512079054;51207905400023;93100;MONTREUIL;false;24;RUE DE L'ERMITAGE;;MONTREUIL;93100;T;8;;;;;469;4;1;1;1;2;;;false;false;false;3;1;1;7;false;false;false;false;false;9;false;false;false;false;false;false;false;2;2;0;0;2;0;0;0;0;0;2;0;0;0;0;0;0;140;204;0;0;0;0;0;0;0;0;0;0;0;0
11;Île-de-France;93;Seine-Saint-Denis;93048;PC;09304817B0072;4;2017-07-28;;;2017;2017-01-01;2017-08;;2017-08;;;;;;93100;MONTREUIL;false;28;RUE DE LA MARE A L ANE;;MONTREUIL;93100;CD;290;;;;;301;4;1;1;1;1;;;false;false;false;0;1;1;7;false;false;false;false;false;9;false;false;false;false;false;false;false;1;1;0;1;0;0;0;0;0;0;0;0;0;0;0;0;0;0;137;0;0;0;0;0;0;0;0;0;0;0;0
11;Île-de-France;93;Seine-Saint-Denis;93048;PC;09304817B0073;5;2017-10-03;2020-03-12;;2017;2017-01-01;2017-10;2020-07;2020-07;68.20A;9220;FREHA;383349107;38334910700045;92110;CLICHY;false;146;RUE DE PARIS;;MONTREUIL;93100;AX;30;;;;;594;4;1;1;1;3;;;false;false;false;6;3;1;7;false;false;false;false;false;9;false;false;false;false;false;false;false;20;0;20;0;0;0;20;16;4;6;6;4;0;0;20;0;0;1000;1124;0;1000;0;0;110;0;0;0;0;0;0;0
11;Île-de-France;93;Seine-Saint-Denis;93048;PC;09304817B0080;2;2017-10-31;;;2017;2017-01-01;2017-10;;2017-10;41.10D;6541;SCI LES HAUTS DE BONNEUIL;793292293;;75006;PARIS;false;10;AV DU PRESIDENT WILSON;;MONTREUIL;93100;AK;2;;;;;326;4;1;3;1;3;2;1;true;false;false;0;2;1;7;false;false;false;false;false;9;false;false;false;false;false;false;false;9;0;9;0;0;0;9;0;0;4;4;1;0;0;0;0;0;148;479;148;0;148;0;84;0;0;0;0;0;0;0
11;Île-de-France;93;Seine-Saint-Denis;93048;PC;09304817B0081;6;2017-12-08;2018-05-15;2020-06-15;2017;2017-01-01;2017-12;2018-05;2021-02;41.10D;6541;FONCIERE CV RU 2015;824536882;82453688200015;75015;PARIS-15E-ARRONDISSEMENT;false;;RUE BEIT SIRA / ANGLE RUE;;MONTREUIL;93100;CD;418;CD;450;;;1720;4;1;1;1;3;;;false;false;false;5;4;1;7;false;false;false;false;false;9;false;false;false;false;false;false;false;36;0;36;0;0;0;36;0;0;13;15;7;1;0;0;0;0;0;2533;0;0;0;0;0;0;0;0;0;0;0;0
11;Île-de-France;93;Seine-Saint-Denis;93048;PC;09304817B0096;6;2017-10-25;2018-02-15;2019-09-10;2017;2017-01-01;2017-10;2018-02;2019-09;68.10Z;5710;PREMIUM;532812955;53281295500021;93100;MONTREUIL;false;18-20;RUE DES MEUNIERS;;MONTREUIL;93100;BJ;157;BJ;158;;;633;4;2;4;1;3;1;3;false;true;true;0;2;1;7;false;false;false;false;false;9;false;false;false;false;false;false;false;7;0;7;0;0;0;7;0;1;1;1;4;0;0;0;0;0;223;142;596;16;0;750;0;0;154;596;411;0;0;0
11;Île-de-France;93;Seine-Saint-Denis;93048;PC;09304817B0100;6;2017-09-25;2017-10-16;2020-12-18;2017;2017-01-01;2017-09;2017-11;2021-05;;;;;;93170;BAGNOLET;false;20;RUE MALOT;;MONTREUIL;93100;BP;196;;;;;101;4;1;1;1;1;;;false;false;false;0;1;1;7;false;false;false;false;false;9;false;false;false;false;false;false;false;1;1;0;1;0;0;0;1;0;0;0;0;0;0;0;0;0;40;156;0;40;0;0;0;0;0;0;0;0;0;0
11;Île-de-France;93;Seine-Saint-Denis;93048;PC;09304817B0103;6;2017-12-06;2020-06-02;2022-10-26;2017;2017-01-01;2017-12;2020-06;2023-01;68.10Z;5710;DEMATHIEU ET BARD IMMOBILIER;353708746;35370874600014;94550;CHEVILLY-LARUE;false;34;RUE GASTON LAURIAU;;MONTREUIL;93100;BU;35;BU;228;;;5153;4;2;3;1;3;4;5;false;false;false;0;3;1;7;false;false;false;false;false;9;false;false;false;false;false;false;false;137;0;137;0;0;0;137;0;9;83;33;10;2;0;40;0;0;87;8181;0;0;0;5267;438;216;5050;216;0;0;0;0
11;Île-de-France;93;Seine-Saint-Denis;93048;PC;09304817B0116;6;2017-10-03;2018-02-01;2021-05-26;2017;2017-01-01;2017-10;2018-02;2022-05;68.20A;5546;ANTIN RESIDENCES SA HABITAT LOYER MODERE;315518803;31551880300046;75439;PARIS;false;127/1;RUE ETIENNE MARCEL;;MONTREUIL;93100;AX;76;AX;77;;;2003;4;1;1;1;4;;;false;false;false;0;3;1;7;false;false;false;false;false;5;false;false;false;false;true;false;false;164;0;164;0;0;164;0;0;127;20;11;6;0;0;164;0;0;0;5072;0;0;0;210;0;0;210;0;0;0;0;0
11;Île-de-France;93;Seine-Saint-Denis;93048;PC;09304817B0121;6;2017-12-18;2018-12-20;2021-09-14;2017;2017-01-01;2017-12;2018-12;2021-10;68.10Z;5202;CORESI;380373035;38037303500043;75008;PARIS;false;39-41;BD HENRI BARBUSSE / 42 RUE;;MONTREUIL;93100;AG;252;AG;43;AG;47;2041;4;1;1;1;3;;;false;false;false;6;2;1;7;false;false;false;false;false;9;false;false;false;false;false;false;false;57;1;56;0;1;0;56;1;11;19;16;10;1;0;17;0;0;127;3359;0;127;0;2575;97;0;2575;0;0;0;0;0
11;Île-de-France;93;Seine-Saint-Denis;93048;PC;09304817B0124;6;2017-12-11;2018-02-22;2020-03-03;2017;2017-01-01;2017-12;2018-03;2020-05;;;;;;93100;MONTREUIL;false;142;RUE MOLIERE;;MONTREUIL;93100;BS;60;;;;;0;4;1;1;1;1;;;true;true;true;0;1;1;7;false;false;false;false;false;9;false;false;false;false;false;false;false;1;1;0;1;0;0;0;1;0;0;0;1;0;0;0;0;0;48;132;0;48;0;0;0;0;0;0;0;0;0;0
11;Île-de-France;93;Seine-Saint-Denis;93048;PC;09304817B0125;6;2017-10-20;2020-09-25;2024-05-10;2017;2020-09-25;2017-10;2020-10;2024-10;41.10D;6541;VILLA WILSON;848258299;84825829900017;75015;PARIS-15E-ARRONDISSEMENT;false;42;AVENUE DU PRESIDENT WILSON;;MONTREUIL;93100;BO;80;;;;;487;4;1;1;1;3;;;false;false;false;0;3;1;7;false;false;false;false;false;9;false;false;false;false;false;false;false;9;4;5;0;4;0;5;1;0;3;1;1;0;4;0;0;0;128;799;0;128;0;39;0;0;39;0;0;0;0;0
11;Île-de-France;93;Seine-Saint-Denis;93048;PC;09304817B0126;6;2017-12-18;2019-04-01;2025-08-01;2017;2017-01-01;2017-12;2019-05;2025-10;;;;;;93100;MONTREUIL;false;25;RUE PEPIN;;MONTREUIL;93100;AH;120;;;;;120;4;2;3;1;3;2;1;false;true;false;0;2;1;7;false;false;false;false;false;9;false;false;false;false;false;false;false;4;0;4;0;0;0;4;0;0;2;2;0;0;0;0;0;0;359;54;358;1;358;0;0;0;0;0;0;0;0;0
11;Île-de-France;93;Seine-Saint-Denis;93048;PC;09304817B0127;4;2017-12-12;;;2017;2017-01-01;2017-12;;2017-12;;;;;;93110;ROSNY-SOUS-BOIS;false;18;RUE DES HAIES FLEURIES;;MONTREUIL;93100;J;161;;;;;165;4;1;1;1;1;;;false;false;false;0;1;1;7;false;false;false;false;false;9;false;false;false;false;false;false;false;1;1;0;1;0;0;0;1;0;0;0;0;0;0;0;0;0;41;125;0;41;0;0;0;0;0;0;0;0;0;0
11;Île-de-France;93;Seine-Saint-Denis;93048;PC;09304817B0131;6;2017-10-31;2018-09-10;2021-08-04;2017;2018-09-10;2017-11;2018-10;2021-10;;;;;;75010;PARIS-10E-ARRONDISSEMENT;false;36;AVENUE FAIDHERBE;;MONTREUIL;93100;AE;97;;;;;178;4;1;1;1;2;;;false;false;false;3;1;1;7;false;false;false;false;false;9;false;false;false;false;false;false;false;2;2;0;0;2;0;0;1;0;0;2;0;0;0;0;0;0;50;193;0;50;0;0;0;0;0;0;0;0;0;0
11;Île-de-France;93;Seine-Saint-Denis;93048;PC;09304817B0136;6;2018-01-11;2018-01-20;2018-12-28;2017;2017-01-01;2018-01;2018-02;2019-02;;;;;;93100;MONTREUIL;false;39;RUE EMILE REYNAUD;;MONTREUIL;93100;AE;60;AE;61;AE;233;489;4;1;3;1;1;1;6;true;true;true;2;1;1;5;false;false;false;false;true;9;false;false;false;false;false;false;false;1;1;0;1;0;0;0;0;0;0;0;0;0;1;0;0;0;0;170;72;0;0;77;0;0;5;72;0;0;0;0
11;Île-de-France;93;Seine-Saint-Denis;93048;PC;09304817B0137;6;2017-12-18;2019-10-18;2022-07-08;2017;2017-01-01;2017-12;2019-10;2022-09;68.20B;6540;SCI MONTREUIL 29-31 SERGENT GODEFROY;829736206;82973620600014;92100;BOULOGNE-BILLANCOURT;false;29-31;RUE SERGENT GODEFROY;;MONTREUIL;93100;BK;325;BK;61;;;1825;4;1;1;1;3;;;false;false;false;4;4;1;7;false;false;false;false;false;9;false;false;false;false;false;false;false;49;0;49;0;0;0;49;0;3;12;22;10;2;0;15;0;0;0;3221;0;0;0;1203;0;0;1203;0;0;0;0;0
11;Île-de-France;93;Seine-Saint-Denis;93048;PC;09304817B0138;6;2017-11-10;2020-07-19;2024-12-03;2017;2017-01-01;2017-11;2020-10;2024-12;;;;;;93100;MONTREUIL;false;5 BIS;RUE DU CAPITAINE GUYNEMER;;MONTREUIL;93100;P;124;;;;;309;4;2;4;1;2;1;8;false;false;true;0;1;1;7;false;false;false;false;false;9;false;false;false;false;false;false;false;2;2;0;0;2;0;0;0;0;0;0;1;1;0;0;0;0;0;77;200;0;0;296;0;0;96;200;0;0;0;0
11;Île-de-France;93;Seine-Saint-Denis;93048;PC;09304817B0140;5;2017-12-18;2018-12-20;;2017;2017-01-01;2017-12;2019-02;2019-02;68.20A;5546;ANTIN RESIDENCES SA HABITAT LOYER MODERE;315518803;31551880300046;75009;PARIS;false;5 ET;RUE MERIEL;;MONTREUIL;93100;AK;264;AK;149;;;1038;4;1;1;1;3;;;false;false;false;6;3;1;7;false;false;false;false;false;9;false;false;false;false;false;false;false;43;0;43;0;0;0;43;3;2;18;12;9;2;0;43;0;0;139;2551;0;139;0;370;67;0;370;0;0;0;0;0
11;Île-de-France;93;Seine-Saint-Denis;93048;PC;09304817B0141;5;2017-12-08;2019-01-15;;2017;2017-01-01;2017-12;2019-01;2019-01;68.20B;6540;DESGRANGES;435139563;43513956300025;93100;MONTREUIL;false;2-4;RUE DESGRANGES;;MONTREUIL;93100;BQ;199;;;;;361;4;1;1;1;1;;;false;false;false;4;1;1;7;false;false;false;false;false;9;false;false;false;false;false;false;false;1;1;0;0;1;0;0;0;0;0;0;0;1;0;0;0;0;0;140;0;0;0;0;670;0;0;0;0;0;0;0
11;Île-de-France;93;Seine-Saint-Denis;93048;PC;09304817B0142;6;2017-11-28;2018-04-16;2020-03-02;2017;2018-04-16;2017-11;2018-05;2020-05;68.20B;5710;STANROC REAL ESTATE;750319212;75031921200023;75010;PARIS-10E-ARRONDISSEMENT;false;39;RUE DE LA SOLIDARITE;;MONTREUIL;93100;BQ;73;;;;;866;4;2;3;1;2;1;5;true;false;false;7;2;1;7;false;false;false;false;false;9;false;false;false;false;false;false;false;3;3;0;0;3;0;0;0;0;0;0;0;0;3;0;0;0;1431;359;11;131;0;45;0;0;3;11;0;0;0;0
11;Île-de-France;93;Seine-Saint-Denis;93048;PC;09304817B0143;6;2017-10-31;2019-05-29;2023-05-29;2017;2023-05-29;2017-11;2019-05;2023-05;;;;;;93100;MONTREUIL;false;49;RUE DES MESSIERS;;MONTREUIL;93100;AT;46;;;;;221;4;1;1;1;1;;;false;false;false;0;1;1;7;false;false;false;false;false;9;false;false;false;false;false;false;false;1;1;0;1;0;0;0;0;0;0;0;0;0;1;0;0;0;0;127;0;0;0;0;60;0;0;0;0;0;0;0
11;Île-de-France;93;Seine-Saint-Denis;93048;PC;09304817B0146;5;2018-03-06;2021-02-01;;2017;2017-01-01;2018-03;2021-02;2021-02;41.10D;6541;SCI MONTREUIL LES RESERVOIRS - BOULEVARD DE LA BOISSIERE;480556042;48055604200012;59562;LA MADELEINE CEDEX;false;266;BOULEVARD DE LA BOISSIERE;;MONTREUIL;93100;E;75;E;86;E;76;0;4;1;1;1;4;;;false;false;false;7;4;1;7;false;false;false;false;false;2;false;true;false;false;false;false;false;159;0;159;0;0;159;0;0;142;4;6;5;2;0;144;0;0;0;4536;0;0;0;0;0;0;0;0;0;0;0;0
11;Île-de-France;93;Seine-Saint-Denis;93048;PC;09304817B0147;4;2018-01-17;;;2017;2017-01-01;2018-02;;2018-02;41.10D;6541;SCCV MONTREUIL 89 CHANZY;814451035;81445103500012;75008;PARIS;false;89;BOULEVARD CHANZY;;MONTREUIL;93100;AT;144;;;;;0;4;1;1;1;3;;;false;false;false;7;2;1;7;false;false;false;false;false;9;false;false;false;false;false;false;false;26;0;26;0;0;0;26;0;5;11;5;5;0;0;0;0;0;0;1521;0;0;0;280;70;0;280;0;0;0;0;0
11;Île-de-France;93;Seine-Saint-Denis;93048;PC;09304817B0149;6;2017-10-19;2017-12-18;2018-11-28;2017;2017-01-01;2017-10;2017-12;2018-11;;;;;;93100;MONTREUIL;false;85;RUE RAPATEL;;MONTREUIL;93100;BT;13;;;;;155;4;1;1;1;1;;;false;false;false;0;1;2;7;false;false;false;false;false;9;false;false;false;false;false;false;false;1;1;0;1;0;0;0;0;0;0;0;0;1;0;0;0;0;28;99;0;28;0;0;0;0;0;0;0;0;0;0
11;Île-de-France;93;Seine-Saint-Denis;93048;PC;09304817B0152;6;2017-12-27;2018-04-27;2024-10-24;2017;2017-01-01;2017-12;2018-04;2024-10;;;;;;93100;MONTREUIL;false;45;RUE MALOT;;MONTREUIL;93100;BT;216;;;;;239;4;2;3;1;1;1;3;true;false;false;0;1;1;7;false;false;false;false;false;9;false;false;false;false;false;false;false;1;1;0;1;0;0;0;0;0;0;0;0;0;1;0;0;0;294;54;45;0;0;312;0;0;0;45;45;0;0;0
11;Île-de-France;93;Seine-Saint-Denis;93048;PC;09304817B0154;5;2017-11-20;2019-12-12;;2017;2017-01-01;2017-11;2019-12;2019-12;68.20A;9220;FREHA;383349107;38334910700045;92110;CLICHY LA GARENNE;false;31;RUE KLEBER;;MONTREUIL;93100;BM;13;;;;;205;4;1;1;1;3;;;false;false;false;0;3;1;7;false;false;false;false;false;9;false;false;false;false;false;false;false;8;1;7;0;1;0;7;4;1;4;3;0;0;0;8;0;0;160;394;0;160;0;0;0;0;0;0;0;0;0;0
11;Île-de-France;93;Seine-Saint-Denis;93048;PC;09304817B0158;6;2017-10-31;2019-09-24;2024-10-15;2017;2019-09-24;2017-10;2019-10;2025-01;;;;;;95450;AVERNES;false;61;RUE DES QUATRES RUELLES;;MONTREUIL;93100;BS;165;;;;;191;4;1;1;1;1;;;false;false;false;0;1;1;2;false;true;false;false;false;9;false;false;false;false;false;false;false;1;1;0;1;0;0;0;0;0;0;0;1;0;0;0;0;0;0;162;0;0;0;0;0;0;0;0;0;0;0;0
11;Île-de-France;93;Seine-Saint-Denis;93048;PC;09304817B0160;6;2018-06-05;2018-07-15;2019-07-31;2017;2017-01-01;2018-06;2018-07;2019-09;64.20Z;5499;SARL ER2 MEAUX;539892406;53989240600023;75017;PARIS;false;22;BD ROUGET DE LISLE;;MONTREUIL;93100;AK;23;AK;25;AK;220;437;4;2;3;1;1;1;3;true;true;false;3;4;1;5;false;false;false;false;true;9;false;false;false;false;false;false;false;1;1;0;1;0;0;0;0;0;0;0;0;0;0;0;0;0;357;94;44;1;0;423;0;0;0;44;44;0;0;0
11;Île-de-France;93;Seine-Saint-Denis;93048;PC;09304817B0161;6;2018-02-05;2019-11-01;2023-06-13;2017;2019-11-01;2018-02;2020-04;2023-12;68.20B;6540;MARCEL;833346737;83334673700012;93100;MONTREUIL;false;169;RUE ETIENNE MARCEL;;MONTREUIL;93100;AY;24;;;;;96;4;1;1;1;3;;;false;false;false;0;3;1;7;false;false;false;false;false;9;false;false;false;false;false;false;false;2;0;2;0;0;0;2;0;0;0;2;0;0;0;0;0;0;0;120;0;0;0;0;0;0;0;0;0;0;0;0
11;Île-de-France;93;Seine-Saint-Denis;93048;PC;09304817B0162;5;2017-12-08;2019-06-11;;2017;2017-01-01;2017-12;2019-06;2019-06;68.20B;6540;SCI MILLE ET UNE PARTS;751873647;75187364700018;93100;MONTREUIL;false;51;RUE DE VINCENNES;;MONTREUIL;93100;BM;205;;;;;216;4;1;1;1;3;;;false;false;false;0;3;1;7;false;false;false;false;false;9;false;false;false;false;false;false;false;2;0;2;0;0;0;2;0;0;0;2;0;0;0;0;0;0;0;120;0;0;0;133;118;0;133;0;0;0;0;0
11;Île-de-France;93;Seine-Saint-Denis;93048;PC;09304817B0166;6;2017-12-08;2018-05-14;2023-05-01;2017;2017-01-01;2017-12;2018-05;2024-03;;;;;;93100;MONTREUIL;false;6;RUE DU VERT BOIS;;MONTREUIL;93100;Z;438;;;;;235;4;2;5;1;2;;;true;false;false;0;2;1;7;false;false;false;false;false;9;false;false;false;false;false;false;false;3;3;0;0;3;0;0;1;0;0;0;0;0;0;0;0;0;120;172;0;38;0;0;0;0;0;0;0;0;0;0
11;Île-de-France;93;Seine-Saint-Denis;93048;PC;09304817B0167;2;2017-11-08;;;2017;2017-01-01;2017-11;;2017-11;;;;;;93100;MONTREUIL;false;59;BOULEVARD CHANZY;;MONTREUIL;93100;AT;214;;;;;64;4;2;2;1;1;1;5;false;false;false;0;1;1;7;false;false;false;false;false;9;false;false;false;false;false;false;false;1;1;0;1;0;0;0;0;0;0;0;0;0;0;0;0;0;27;0;66;0;0;66;0;0;0;66;0;0;0;0
11;Île-de-France;93;Seine-Saint-Denis;93048;PC;09304817B0169;2;2018-04-11;;;2017;2017-01-01;2018-04;;2018-04;68.20B;5202;SOC AMENAGEMENT GARE DE L'EST;481104420;48110442000015;75002;PARIS;false;39;RUE DES DEUX COMMUNES / 1;;MONTREUIL;93100;BF;79;;;;;369;4;2;3;1;3;1;5;false;false;false;3;2;1;7;false;false;false;false;false;9;false;false;false;false;false;false;false;10;0;10;0;0;0;10;0;0;0;0;6;4;0;0;0;0;70;280;212;0;0;440;0;0;121;212;0;0;0;0
11;Île-de-France;93;Seine-Saint-Denis;93048;PC;09304817B0172;6;2018-02-13;2019-04-18;2020-09-10;2017;2017-01-01;2018-02;2019-04;2021-01;;;;;;93100;MONTREUIL;false;11;SENTIER DU TOURNIQUET;;MONTREUIL;93100;AQ;75;AQ;78;;;789;4;1;5;1;1;;;false;false;false;3;1;1;2;false;true;false;false;false;9;false;false;false;false;false;false;false;1;1;0;1;0;0;0;0;0;0;0;1;0;0;0;0;0;168;151;0;12;0;0;0;0;0;0;0;0;0;0
11;Île-de-France;93;Seine-Saint-Denis;93048;PC;09304817B0173;5;2017-12-04;2020-11-18;;2017;2017-01-01;2017-12;2020-12;2020-12;;;;;;;93100 MONTREUIL;false;60;RUE ANNE FRANK;;MONTREUIL;93100;AP;36;AP;297;;;276;4;1;1;1;2;;;false;false;false;0;1;1;7;false;false;false;false;false;9;false;false;false;false;false;false;false;2;2;0;0;2;0;0;0;0;0;0;0;0;0;0;0;0;105;325;0;105;0;0;0;0;0;0;0;0;0;0
11;Île-de-France;93;Seine-Saint-Denis;93048;PC;09304817B0176;6;2017-12-04;2018-04-02;2023-05-23;2017;2017-01-01;2017-12;2018-04;2023-11;;;;;;75002;PARIS-2E-ARRONDISSEMENT;false;3;RUE DES MESSIERS;;MONTREUIL;93100;AT;3;;;;;0;4;1;3;1;3;1;5;true;false;false;2;2;1;7;false;false;false;false;false;9;false;false;false;false;false;false;false;2;0;2;0;0;0;2;0;0;2;0;0;0;0;0;0;0;197;48;42;0;0;42;0;0;0;42;0;0;0;0
11;Île-de-France;93;Seine-Saint-Denis;93048;PC;09304817B0178;6;2018-01-09;2018-03-16;2019-01-30;2017;2017-01-01;2018-01;2018-03;2019-04;;;;;;94120;FONTENAY-SOUS-BOIS;false;36;RUE EMILE ZOLA;;MONTREUIL;93100;BC;54;;;;;720;4;2;4;1;1;1;8;false;false;true;1;1;1;7;false;false;false;false;false;9;false;false;false;false;false;false;false;1;1;0;1;0;0;0;0;0;0;0;0;0;0;0;0;0;115;58;115;115;0;230;0;0;0;115;0;0;0;0
11;Île-de-France;93;Seine-Saint-Denis;93048;PC;09304817B0184;4;2018-01-11;;;2017;2017-01-01;2018-01;;2018-01;;;;;;75020;PARIS-;false;45 TE;RUE DE LA REVOLUTION / 10;;MONTREUIL;93100;BI;215;BI;14;;;0;4;2;3;1;1;1;6;false;true;false;2;1;1;7;false;false;false;false;false;9;false;false;false;false;false;false;false;1;1;0;1;0;0;0;0;0;0;0;1;0;0;0;0;0;96;41;33;0;0;1114;0;0;0;33;0;0;0;0
11;Île-de-France;93;Seine-Saint-Denis;93048;PC;09304817B0185;6;2018-01-17;2018-02-22;2020-01-30;2017;2018-02-22;2018-01;2018-03;2020-02;;;;;;93100;MONTREUIL;false;7;AVENUE DU COLONEL FABIEN;;MONTREUIL;93100;N;117;N;203;;;269;4;2;5;1;1;;;true;false;false;2;1;1;7;false;false;false;false;false;9;false;false;false;false;false;false;false;1;1;0;1;0;0;0;1;0;0;0;1;0;0;0;0;0;161;92;0;54;0;0;0;0;0;0;0;0;0;0
11;Île-de-France;93;Seine-Saint-Denis;93048;PC;09304817B0188;6;2017-12-18;2019-10-04;2022-12-23;2017;2017-01-01;2017-12;2019-10;2022-12;70.10Z;6541;DEGEYTER;841035603;84103560300015;93160;NOISY-LE-GRAND;false;2;IMPASSE PIERRE DEGEYTER;;MONTREUIL;93100;E;45;;;;;401;4;1;1;1;2;;;false;false;false;2;2;1;7;false;false;false;false;false;9;false;false;false;false;false;false;false;4;4;0;0;4;0;0;1;0;0;0;0;4;0;0;0;0;81;473;0;81;0;0;0;0;0;0;0;0;0;0
11;Île-de-France;93;Seine-Saint-Denis;93048;PC;09304817B0195;6;2018-03-12;2018-09-01;2019-12-01;2017;2019-12-01;2018-03;2019-05;2020-05;;;;;;93340;LE RAINCY;false;39;RUE BABEUF;;MONTREUIL;93100;CN;102;CN;103;;;0;4;1;1;1;2;;;false;false;false;3;1;1;7;false;false;false;false;false;9;false;false;false;false;false;false;false;3;3;0;0;3;0;0;0;0;0;1;2;0;0;0;0;0;0;194;0;0;0;0;34;0;0;0;0;0;0;0
11;Île-de-France;93;Seine-Saint-Denis;93048;PC;09304817B0198;6;2018-03-09;2018-12-06;2022-09-05;2017;2017-01-01;2018-03;2018-12;2023-06;41.10D;6541;SCCV FIFAX - MONTREUIL III;830363016;;77700;SERRIS;false;37-39;RUE DES SAULES CLOUETS / 2;;MONTREUIL;93100;A;233;;;;;0;4;1;1;1;3;;;false;false;false;7;4;1;7;false;false;false;false;false;9;false;false;false;false;false;false;false;81;0;81;0;0;0;81;5;6;29;24;20;2;0;24;0;0;0;5032;0;0;0;0;0;0;0;0;0;0;0;0
11;Île-de-France;93;Seine-Saint-Denis;93048;PC;09304817B0199;2;2018-02-19;;;2017;2017-01-01;2018-02;;2018-02;;;;;;75017;PARIS-17E-ARRONDISSEMENT;false;350;BD DE LA BOISSIERE;;MONTREUIL;93100;CK;156;;;;;410;4;1;1;1;3;;;false;false;false;0;3;1;7;false;false;false;false;false;9;false;false;false;false;false;false;false;10;0;10;0;0;0;10;0;0;4;3;3;0;0;0;0;0;0;635;0;0;0;255;0;0;255;0;0;0;0;0
11;Île-de-France;93;Seine-Saint-Denis;93048;PC;09304817B0200;6;2018-01-29;2019-04-16;2022-09-20;2017;2017-01-01;2018-01;2019-05;2022-10;68.20B;6599;PONT DE LA CONCORDE;478622293;47862229300015;75008;PARIS-8E-ARRONDISSEMENT;false;45;RUE BARBES;;MONTREUIL;93100;BH;264;BH;263;;;247;4;2;5;1;3;;;false;true;false;5;2;1;7;false;false;false;false;false;9;false;false;false;false;false;false;false;7;0;7;0;0;0;7;1;1;3;3;0;0;0;0;0;0;453;333;0;20;0;0;0;0;0;0;0;0;0;0
11;Île-de-France;93;Seine-Saint-Denis;93048;PC;09304817B0203;6;2018-01-17;2018-02-07;2018-09-06;2017;2017-01-01;2018-01;2018-02;2018-12;68.20B;5710;SA FM DIFFUSION;331172692;33117269200054;75003;PARIS;false;89 BI;AVENUE DU PRESIDENT WILSON;;MONTREUIL;93100;BP;36;;;;;0;4;2;4;1;3;1;3;false;false;false;0;2;1;7;false;false;false;false;false;9;false;false;false;false;false;false;false;6;0;6;0;0;0;6;0;0;0;0;3;3;0;0;0;0;1003;3;485;0;0;547;0;0;13;485;485;0;0;0
11;Île-de-France;93;Seine-Saint-Denis;93048;PC;09304817B0207;2;2018-05-11;;;2017;2017-01-01;2018-05;;2018-05;;;;;;93260;LES LILAS;false;134;RUE EMILE BEAUFILS;;MONTREUIL;93100;C;200;C;202;;;229;4;2;5;1;3;;;false;false;false;4;3;1;7;false;false;false;false;false;9;false;false;false;false;false;false;false;2;0;2;0;0;0;2;0;0;0;2;0;0;0;0;0;0;352;62;0;0;0;0;0;0;0;0;0;0;0;0
11;Île-de-France;93;Seine-Saint-Denis;93048;PC;09304817B0208;6;2018-01-29;2018-01-30;2018-06-15;2017;2017-01-01;2018-01;2018-02;2018-06;68.20B;6599;EDELWEISS;432077352;43207735200032;75008;PARIS;false;5;RUE MAURICE WOLJUNG;;MONTREUIL;93100;O;369;O;366;;;1067;4;2;3;1;3;1;5;false;false;false;0;3;1;7;false;false;false;false;false;9;false;false;false;false;false;false;false;4;0;4;0;0;0;4;0;1;2;1;0;0;0;0;0;0;916;35;163;0;18;145;0;0;0;145;0;0;0;0
11;Île-de-France;93;Seine-Saint-Denis;93048;PC;09304817B0210;6;2018-02-19;2018-04-15;2018-05-03;2017;2017-01-01;2018-02;2018-04;2018-05;;;;;;45220;MONTCORBON;false;43-45;RUE DANTON;;MONTREUIL;93100;U;103;U;104;;;652;4;2;2;1;1;1;8;false;false;false;0;1;1;7;false;false;false;false;false;9;false;false;false;false;false;false;false;1;1;0;1;0;0;0;0;0;0;0;1;0;0;0;0;0;0;0;132;0;0;620;0;0;0;132;0;0;0;0
11;Île-de-France;93;Seine-Saint-Denis;93048;PC;09304817B0222;6;2018-05-28;2019-10-01;2023-09-14;2017;2017-01-01;2018-05;2020-01;2023-12;41.10D;6541;SCCV MONTREUIL RUE DE PARIS;829931534;82993153400012;92150;SURESNES;false;232-2;RUE DE PARIS;;MONTREUIL;93100;AY;52;;;;;1136;4;1;1;1;3;;;false;false;false;0;2;1;7;false;false;false;false;false;9;false;false;false;false;false;false;false;46;0;46;0;0;0;46;0;5;18;16;7;0;0;0;0;0;0;2627;0;0;0;858;158;0;858;0;0;0;0;0
11;Île-de-France;93;Seine-Saint-Denis;93048;PC;09304817B0227;5;2018-03-29;2018-07-13;;2017;2017-01-01;2018-03;2018-07;2018-07;68.20B;6540;GFA FUSER;488999160;;93100;MONTREUIL;false;68-70;AVENUE DE LA RESISTANCE /;;MONTREUIL;93100;AK;209;AK;125;AK;126;10201;4;2;5;1;3;;;true;false;false;7;3;1;7;false;false;false;false;false;9;false;false;false;false;false;false;false;3;0;3;0;0;0;3;0;0;0;0;3;0;0;3;0;0;12612;272;0;0;0;0;0;0;0;0;0;0;0;0
11;Île-de-France;93;Seine-Saint-Denis;93048;PC;09304817B0229;6;2018-03-12;2018-09-03;2021-01-20;2017;2017-01-01;2018-03;2018-09;2021-01;;;;;;93100;MONTREUIL;false;22;RUE LEON LOISEAU;;MONTREUIL;93100;Y;100;;;;;0;4;1;1;1;1;;;false;false;false;0;1;1;7;false;false;false;false;false;9;false;false;false;false;false;false;false;1;1;0;1;0;0;0;0;0;0;0;0;1;0;0;0;0;0;149;0;0;0;0;0;0;0;0;0;0;0;0
11;Île-de-France;93;Seine-Saint-Denis;93048;PC;09304817B0232;6;2018-03-06;2018-06-26;2019-10-16;2017;2017-01-01;2018-03;2018-06;2019-10;68.20B;6599;SCI RIBEIRO E SILVA;522667674;52266767400017;94140;ALFORTVILLE;false;4;RUE ARSENE CHEREAU;;MONTREUIL;93100;AY;2;;;;;100;4;1;1;1;2;;;false;false;false;4;3;1;7;false;false;false;false;false;9;false;false;false;false;false;false;false;3;3;0;0;3;0;0;0;0;2;0;1;0;0;0;0;0;0;240;0;0;0;0;0;0;0;0;0;0;0;0
11;Île-de-France;93;Seine-Saint-Denis;93048;PC;09304817B0234;6;2018-06-27;2020-11-09;2024-06-12;2017;2017-01-01;2018-06;2020-11;2024-09;68.20A;5546;ANTIN RESIDENCES SA HABITAT LOYER MODERE;315518803;31551880300046;75439;PARIS;false;12;RUE EMILE ZOLA;;MONTREUIL;93100;AZ;199;;;;;1273;4;1;1;1;4;;;false;false;false;7;4;1;6;false;true;false;false;true;5;false;false;false;false;true;false;false;123;0;123;0;0;123;0;0;89;22;12;0;0;0;123;0;0;0;4124;0;0;0;0;0;0;0;0;0;0;0;0
11;Île-de-France;93;Seine-Saint-Denis;93048;PC;09304818B0005;5;2018-04-06;2019-10-01;;2018;2018-01-01;2018-04;2019-10;2019-10;;;;;;93170;BAGNOLET;false;98;RUE DES CHANTEREINES;;MONTREUIL;93100;O;380;;;;;125;4;1;1;1;1;;;false;false;false;0;1;1;7;false;false;false;false;false;9;false;false;false;false;false;false;false;1;1;0;1;0;0;0;1;0;0;0;0;0;1;0;0;0;52;225;0;52;0;0;0;0;0;0;0;0;0;0
11;Île-de-France;93;Seine-Saint-Denis;93048;PC;09304818B0007;5;2018-04-09;2018-11-24;;2018;2018-11-24;2018-04;2019-08;2019-08;;;;;;93100;MONTREUIL;false;1;RUE AUGUSTE PERON;;MONTREUIL;93100;J;342;;;;;117;4;1;1;1;1;;;false;false;false;0;1;1;7;false;false;false;false;false;9;false;false;false;false;false;false;false;1;1;0;1;0;0;0;0;0;0;0;1;0;0;0;0;0;0;114;0;0;0;0;0;0;0;0;0;0;0;0
11;Île-de-France;93;Seine-Saint-Denis;93048;PC;09304818B0010;6;2018-07-05;2019-04-01;2022-12-06;2018;2019-04-01;2018-07;2019-09;2022-12;70.10Z;6540;ALIX;520464082;52046408200012;49280;LA SEGUINIERE;false;11;RUE DES SOUCIS;;MONTREUIL;93100;AI;269;AI;98;AI;311;95;4;1;1;1;3;;;false;false;false;4;2;1;7;false;false;false;false;false;9;false;false;false;false;false;false;false;8;0;8;0;0;0;8;1;4;2;1;0;0;1;0;0;0;121;420;0;121;0;247;0;0;247;0;0;0;0;0
11;Île-de-France;93;Seine-Saint-Denis;93048;PC;09304818B0022;6;2018-05-28;2018-05-30;2019-06-03;2018;2018-01-01;2018-05;2018-05;2021-03;68.20B;6540;FIGUEIREDO;818242331;81824233100010;93100;MONTREUIL;false;62;AV PDT SALVADOR ALLENDE;;MONTREUIL;93100;J;194;;;;;220;4;2;3;1;2;1;5;false;true;true;0;3;1;7;false;false;false;false;false;9;false;false;false;false;false;false;false;3;3;0;0;3;0;0;0;0;2;1;0;0;0;0;0;0;70;65;62;0;0;62;0;0;0;62;0;0;0;0
11;Île-de-France;93;Seine-Saint-Denis;93048;PC;09304818B0024;6;2018-05-04;2019-04-10;2021-09-21;2018;2018-01-01;2018-05;2019-05;2022-11;;;;;;93100;MONTREUIL;false;15;RUE DES ROULETTES;;MONTREUIL;93100;AQ;9;;;;;290;4;2;5;1;1;;;false;true;false;0;1;1;3;false;false;true;false;false;9;false;false;false;false;false;false;false;1;1;0;1;0;0;0;0;0;0;0;0;0;1;0;0;0;231;120;0;63;0;0;0;0;0;0;0;0;0;0
11;Île-de-France;93;Seine-Saint-Denis;93048;PC;09304818B0027;6;2018-05-11;2020-04-11;2024-03-13;2018;2018-01-01;2018-05;2024-07;2024-07;;;;;;92400;COURBEVOIE;false;20;BD JEANNE D ARC;;MONTREUIL;93100;BT;75;BT;217;;;230;4;2;4;1;1;1;8;false;false;true;2;1;1;7;false;false;false;false;false;9;false;false;false;false;false;false;false;1;1;0;1;0;0;0;0;0;0;0;0;0;1;0;0;0;0;140;113;0;0;385;0;0;271;113;0;0;0;0
11;Île-de-France;93;Seine-Saint-Denis;93048;PC;09304818B0031;5;2018-10-04;2020-06-21;;2018;2018-01-01;2018-10;2020-07;2020-07;41.10D;6541;SCCV GAILLARD;877882969;87788296900018;93100;MONTREUIL;false;30;RUE CLOTILDE GAILLARD;;MONTREUIL;93100;BU;28;;;;;282;4;1;1;1;3;;;false;false;true;5;2;1;7;false;false;false;false;false;9;false;false;false;false;false;false;false;7;1;6;0;1;0;6;0;2;1;2;1;1;0;0;0;0;0;465;0;0;0;0;0;0;0;0;0;0;0;0
11;Île-de-France;93;Seine-Saint-Denis;93048;PC;09304818B0032;6;2018-06-14;2018-09-01;2019-08-01;2018;2019-08-01;2018-06;2019-03;2020-01;;;;;;93100;MONTREUIL;false;50;RUE DU MIDI;;MONTREUIL;93100;AD;12;;;;;183;4;1;1;1;1;;;false;false;false;0;1;1;7;false;false;false;false;false;9;false;false;false;false;false;false;false;1;1;0;1;0;0;0;0;0;0;0;0;0;0;0;0;0;0;98;0;0;0;0;0;0;0;0;0;0;0;0
11;Île-de-France;93;Seine-Saint-Denis;93048;PC;09304818B0034;5;2018-10-15;2019-01-15;;2018;2018-01-01;2018-11;2019-01;2019-01;;;;;;;;false;77;RUE PARMENTIER;;MONTREUIL;93100;AT;98;;;;;328;4;1;1;1;3;;;false;false;false;3;2;1;7;false;false;false;false;false;9;false;false;false;false;false;false;false;4;1;3;0;1;0;3;0;0;1;2;0;1;0;0;0;0;0;289;0;0;0;0;21;0;0;0;0;0;0;0
11;Île-de-France;93;Seine-Saint-Denis;93048;PC;09304818B0037;4;2018-06-11;;;2018;2018-01-01;2018-08;;2018-08;68.20B;6540;SCI CHIISAKOBE;834054199;83405419900015;77590;BOIS-LE-ROI;false;76 BI;RUE ALEXIS LEPERE;;MONTREUIL;93100;AE;5;;;;;195;4;2;5;1;3;;;true;false;false;0;3;1;7;false;false;false;false;false;9;false;false;false;false;false;false;false;4;0;4;0;0;0;4;0;0;4;0;0;0;0;0;0;0;92;92;0;33;0;0;0;0;0;0;0;0;0;0
11;Île-de-France;93;Seine-Saint-Denis;93048;PC;09304818B0038;6;2018-08-22;2020-06-07;2021-11-01;2018;2018-01-01;2018-08;2020-06;2022-07;;;SCI DU 37 RUE FRANCOIS ARAGO;431637966;43163796600026;91410;DOURDAN;false;37;RUE FRANCOIS ARAGO;;MONTREUIL;93100;BI;41;;;;;462;4;2;2;1;3;1;3;false;false;false;0;3;1;7;false;false;false;false;false;9;false;false;false;false;false;false;false;7;0;7;0;0;0;7;0;1;2;4;0;0;0;0;0;0;0;0;327;0;0;578;0;0;0;327;327;0;0;0
11;Île-de-France;93;Seine-Saint-Denis;93048;PC;09304818B0039;6;2018-10-11;2020-12-07;2024-03-26;2018;2018-01-01;2018-10;2020-12;2024-11;41.10D;6541;SCI MONTREUIL LES RESERVOIRS - BOULEVARD DE LA BOISSIERE;480556042;48055604200012;59562;LA MADELEINE CEDEX;false;299-3;RUE DE ROSNY;;MONTREUIL;93100;CK;5;CK;6;CK;7;14844;4;1;1;1;3;;;false;false;false;7;4;1;7;false;false;false;false;false;9;false;false;false;false;false;false;false;302;0;302;0;0;0;302;0;0;0;0;0;0;0;100;0;0;0;20412;0;0;0;0;1693;0;0;0;0;0;0;0
11;Île-de-France;93;Seine-Saint-Denis;93048;PC;09304818B0040;5;2018-07-16;2019-05-20;;2018;2018-01-01;2018-07;2019-05;2019-05;;;;;;75010;PARIS;false;20;RUE DU DOCTEUR CHARCOT;;MONTREUIL;93100;CK;127;;;;;390;4;1;1;1;1;;;false;false;false;0;1;1;2;false;true;false;false;false;9;false;false;false;false;false;false;false;1;1;0;1;0;0;0;1;0;0;0;0;0;1;0;0;0;60;141;0;60;0;0;0;0;0;0;0;0;0;0
11;Île-de-France;93;Seine-Saint-Denis;93048;PC;09304818B0045;6;2018-07-03;2023-11-06;2024-02-12;2018;2018-01-01;2018-07;2023-11;2024-02;;;;;;75009;PARIS-9E-ARRONDISSEMENT;false;35;RUE RAPATEL;;MONTREUIL;93100;BT;145;;;;;264;4;2;4;1;2;1;5;false;false;false;0;1;1;7;false;false;false;false;false;9;false;false;false;false;false;false;false;3;3;0;0;3;0;0;0;0;0;0;0;0;0;0;0;0;150;38;281;70;0;281;0;0;0;281;0;0;0;0
11;Île-de-France;93;Seine-Saint-Denis;93048;PC;09304818B0060;6;2018-11-02;2020-05-14;2021-12-01;2018;2020-05-14;2018-11;2020-06;2022-01;68.20B;6540;SCI BOBILLOT;830256913;83025691300013;94160;SAINT-MANDE;false;53;RUE DU SERGENT BOBILLOT;;MONTREUIL;93100;BK;172;;;;;398;4;2;5;1;1;;;true;false;false;0;1;1;7;false;false;false;false;false;9;false;false;false;false;false;false;false;1;1;0;1;0;0;0;0;0;0;0;1;0;0;0;0;0;266;97;0;15;0;0;0;0;0;0;0;0;0;0
11;Île-de-France;93;Seine-Saint-Denis;93048;PC;09304818B0062;6;2018-08-13;2018-08-29;2020-12-31;2018;2018-01-01;2018-08;2018-08;2021-05;68.10Z;5710;PREMIUM;532812955;53281295500013;93100;MONTREUIL;false;6;RUE MOLIERE;;MONTREUIL;93100;BN;87;BN;135;BN;140;181;4;2;3;1;3;1;8;false;false;false;3;2;1;7;false;false;false;false;false;9;false;false;false;false;false;false;false;6;0;6;0;0;0;6;0;0;1;5;0;0;0;0;0;0;180;80;377;0;0;440;0;0;63;377;0;0;0;0
11;Île-de-France;93;Seine-Saint-Denis;93048;PC;09304818B0064;6;2018-06-21;2018-06-25;2019-03-17;2018;2018-01-01;2018-06;2018-06;2019-03;;;;;;93100;MONTREUIL;false;63;RUE BABEUF;;MONTREUIL;93100;CN;357;;;;;299;4;2;2;1;1;1;5;false;false;false;0;2;1;7;false;false;false;false;false;9;false;false;false;false;false;false;false;1;1;0;1;0;0;0;0;0;1;0;0;0;0;0;0;0;138;0;49;0;0;49;0;0;0;49;0;0;0;0
11;Île-de-France;93;Seine-Saint-Denis;93048;PC;09304818B0067;6;2018-06-27;2018-09-01;2019-07-31;2018;2019-07-31;2018-06;2019-01;2020-01;;;;;;93100;MONTREUIL;false;17;RUE SAIGNE;;MONTREUIL;93100;BQ;139;;;;;78;4;1;1;1;1;;;false;false;false;0;1;1;7;false;false;false;false;false;9;false;false;false;false;false;false;false;1;1;0;1;0;0;0;1;0;0;0;1;0;0;0;0;0;31;106;0;31;0;0;0;0;0;0;0;0;0;0
11;Île-de-France;93;Seine-Saint-Denis;93048;PC;09304818B0068;6;2018-11-14;2020-11-19;2023-04-05;2018;2018-01-01;2018-11;2020-11;2024-10;41.10D;6541;SCCV PVC 75;841003403;84100340300018;75012;PARIS;false;75;BOULEVARD PAUL VAILLANT CO;;MONTREUIL;93100;V;89;;;;;272;4;1;1;1;3;;;false;false;false;6;2;1;7;false;false;false;false;false;9;false;false;false;false;false;false;false;7;0;7;0;0;0;7;0;0;2;2;3;0;0;0;0;0;60;562;0;60;0;0;0;0;0;0;0;0;0;0
11;Île-de-France;93;Seine-Saint-Denis;93048;PC;09304818B0069;6;2018-11-02;2019-06-01;2021-04-17;2018;2018-01-01;2018-11;2021-07;2021-07;;;;;;;;false;36/38;RUE EMILE ZOLA;;MONTREUIL;93100;BC;54;;;;;720;4;2;5;1;1;;;true;false;false;6;2;1;7;false;false;false;false;false;9;false;false;false;false;false;false;false;1;1;0;1;0;0;0;0;0;0;0;0;0;0;0;0;0;450;117;0;0;0;336;0;0;0;0;0;0;0;0
11;Île-de-France;93;Seine-Saint-Denis;93048;PC;09304818B0074;6;2018-09-20;2019-07-22;2022-12-31;2018;2018-01-01;2018-09;2019-07;2023-01;68.10Z;5710;PREMIUM;532812955;53281295500013;93100;MONTREUIL;false;4;RUE MERLET;;MONTREUIL;93100;BQ;136;;;;;757;4;2;3;1;3;1;8;true;false;false;0;2;1;7;false;false;false;false;false;9;false;false;false;false;false;false;false;12;0;12;0;0;0;12;0;0;9;3;0;0;0;0;0;0;0;355;437;0;0;757;0;0;320;437;0;0;0;0
11;Île-de-France;93;Seine-Saint-Denis;93048;PC;09304818B0080;6;2018-08-09;2019-04-10;2023-12-03;2018;2019-04-10;2018-08;2019-05;2023-12;;;;;;94300;VINCENNES;false;69;RUE BEAUMARCHAIS;;MONTREUIL;93100;BK;27;;;;;136;4;2;5;1;1;;;true;false;true;0;5;3;7;false;false;false;false;false;9;false;false;false;false;false;false;false;1;1;0;1;0;0;0;0;0;0;0;0;0;1;0;0;0;116;115;0;0;0;24;0;0;0;0;0;0;0;0
11;Île-de-France;93;Seine-Saint-Denis;93048;PC;09304818B0085;5;2018-09-13;2019-02-18;;2018;2018-01-01;2018-09;2019-04;2019-04;;;;;;93100;MONTREUIL;false;35;RUE DES PLATRIERES;;MONTREUIL;93100;BR;114;;;;;0;4;1;1;1;2;;;false;false;false;2;1;1;7;false;false;false;false;false;9;false;false;false;false;false;false;false;2;2;0;0;2;0;0;0;0;0;0;0;0;2;0;0;0;0;287;0;0;0;0;0;0;0;0;0;0;0;0
11;Île-de-France;93;Seine-Saint-Denis;93048;PC;09304818B0087;6;2018-08-21;2019-02-01;2020-02-28;2018;2020-02-28;2018-08;2019-07;2020-08;;;;;;93100;MONTREUIL;false;45 B;RUE VITRY;;MONTREUIL;93100;AI;65;AI;66;;;0;4;1;1;1;1;;;false;false;false;0;1;1;7;false;false;false;false;false;9;false;false;false;false;false;false;false;1;1;0;1;0;0;0;1;0;0;0;0;1;0;0;0;0;0;138;0;0;0;0;0;0;0;0;0;0;0;0
11;Île-de-France;93;Seine-Saint-Denis;93048;PC;09304818B0096;6;2018-09-20;2019-01-21;2019-11-30;2018;2018-01-01;2018-09;2019-01;2019-12;68.20B;6540;SCI JPMCR AMBERT;481388643;;75012;PARIS;false;87;RUE MICHELET;;MONTREUIL;93100;BI;142;;;;;328;4;2;2;1;1;1;5;false;false;false;0;1;1;7;false;false;false;false;false;9;false;false;false;false;false;false;false;1;1;0;1;0;0;0;0;0;0;0;0;0;0;0;0;0;418;0;46;0;0;61;0;0;0;46;0;0;0;0
11;Île-de-France;93;Seine-Saint-Denis;93048;PC;09304818B0100;6;2018-10-24;2019-04-15;2023-10-31;2018;2019-04-15;2018-10;2019-11;2024-01;68.10Z;5710;PREMIUM;532812955;53281295500013;94300;VINCENNES;false;72;RUE CONDORCET;;MONTREUIL;93100;BP;59;;;;;864;4;2;4;1;3;1;6;false;false;true;3;2;1;7;false;false;false;false;false;9;false;false;false;false;false;false;false;18;0;18;0;0;0;18;0;0;7;6;5;0;0;0;0;0;104;260;1230;0;0;1655;0;0;425;1230;0;0;0;0
11;Île-de-France;93;Seine-Saint-Denis;93048;PC;09304818B0103;6;2018-08-13;2022-02-15;2025-01-31;2018;2018-01-01;2018-08;2024-01;2025-03;;;;;;95100;ARGENTEUIL;false;28 B;RUE DES PROCESSIONS;;MONTREUIL;93100;B;217;;;;;195;4;1;1;1;2;;;false;false;false;0;3;1;7;false;false;false;false;false;9;false;false;false;false;false;false;false;2;2;0;0;2;0;0;0;0;1;0;0;1;0;0;0;0;102;160;0;102;0;0;0;0;0;0;0;0;0;0
11;Île-de-France;93;Seine-Saint-Denis;93048;PC;09304818B0108;6;2018-12-21;2023-10-16;2025-04-24;2018;2018-01-01;2018-12;2023-10;2025-04;68.20A;5599;SA HLM LOGIS TRANSPORTS;592025811;59202581100023;75020;PARIS;false;204-2;BLD   DE LA  BOISSIERE;;MONTREUIL;93100;D;111;;;;;315;4;1;1;1;3;;;false;false;false;6;3;1;7;false;false;false;false;false;9;false;false;false;false;false;false;false;19;0;19;0;0;0;19;0;3;6;6;3;1;0;19;0;0;0;1177;0;0;0;1373;0;0;0;0;0;0;0;0
11;Île-de-France;93;Seine-Saint-Denis;93048;PC;09304818B0118;6;2018-10-04;2019-01-21;2021-10-20;2018;2018-01-01;2018-10;2019-02;2021-11;;;;;;;;false;62;RUE CONDORCET;;MONTREUIL;93100;BP;224;;;;;252;4;2;5;1;1;;;true;false;false;0;5;3;7;false;false;false;false;false;9;false;false;false;false;false;false;false;1;1;0;1;0;0;0;0;0;0;0;0;0;0;0;0;0;112;128;0;52;0;0;0;0;0;0;0;0;0;0
11;Île-de-France;93;Seine-Saint-Denis;93048;PC;09304818B0120;6;2018-12-21;2019-02-21;2019-07-11;2018;2018-01-01;2018-12;2019-10;2019-10;68.20B;6599;SCI SYLALB;793935321;79393532100018;93100;MONTREUIL SOUS BOIS;false;69;RUE GASTON LAURIAU;;MONTREUIL;93100;BV;127;;;;;258;4;2;4;1;1;1;5;false;false;false;0;1;1;7;false;false;false;false;false;9;false;false;false;false;false;false;false;1;1;0;1;0;0;0;0;0;0;0;0;0;0;0;0;0;224;0;123;0;0;200;0;0;18;123;0;0;0;0
11;Île-de-France;93;Seine-Saint-Denis;93048;PC;09304818B0123;2;2019-02-07;;;2018;2018-01-01;2019-02;;2019-02;41.10D;6541;SCCV LAIGA;843425786;84342578600012;93170;BAGNOLET;false;33;RUE DES CAILLOTS;;MONTREUIL;93100;AE;53;;;;;343;4;1;1;1;2;;;false;false;false;0;1;1;7;false;false;false;false;false;9;false;false;false;false;false;false;false;3;3;0;0;3;0;0;1;0;0;2;1;0;0;0;0;0;140;275;0;140;0;0;0;0;0;0;0;0;0;0
11;Île-de-France;93;Seine-Saint-Denis;93048;PC;09304818B0124;6;2018-12-17;2019-03-04;2020-06-22;2018;2018-01-01;2018-12;2019-03;2020-09;68.32A;5710;SWEETHOME;531671279;53167127900028;75011;PARIS;false;50;RUE DES RUFFINS;;MONTREUIL;93100;CH;119;;;;;797;4;2;3;1;3;2;1;true;false;false;4;2;1;7;false;false;false;false;false;9;false;false;false;false;false;false;false;8;0;8;0;0;0;8;0;0;0;0;0;0;0;0;0;0;453;39;453;0;453;0;0;0;0;0;0;0;0;0
11;Île-de-France;93;Seine-Saint-Denis;93048;PC;09304818B0125;2;2019-01-11;;;2018;2018-01-01;2019-01;;2019-01;;;;;;94000;CRETEIL;false;60;RUE DU SERGENT BOBILLOT;;MONTREUIL;93100;BK;163;;;;;142;4;1;1;1;3;;;false;false;false;3;2;1;7;false;false;false;false;false;9;false;false;false;false;false;false;false;6;0;6;0;0;0;6;0;0;6;0;0;0;0;0;0;0;0;209;0;0;0;140;37;0;140;0;0;0;0;0
11;Île-de-France;93;Seine-Saint-Denis;93048;PC;09304818B0127;6;2019-04-12;2020-12-10;2024-04-30;2018;2018-01-01;2019-04;2020-12;2024-05;41.10D;6541;CAPIMO;340944008;34094400800036;75008;PARIS;false;08-10;RUE D'ALEMBERT / RUE ETIEN;;MONTREUIL;93100;AZ;65;AZ;66;AZ;200;5724;4;1;1;1;3;;;false;false;false;8;4;1;7;false;false;false;false;false;9;false;false;false;false;false;false;false;125;0;125;0;0;0;125;0;12;20;51;29;13;0;37;0;0;0;8751;0;0;0;1837;1142;0;1837;0;0;0;0;0
11;Île-de-France;93;Seine-Saint-Denis;93048;PC;09304818B0129;5;2019-01-24;2020-11-10;;2018;2020-11-10;2020-05;2021-05;2021-05;;;;;;93100;MONTREUIL;false;;;;;;;;;;;;0;4;2;5;1;1;;;false;true;true;0;5;3;7;false;false;false;false;false;9;false;false;false;false;false;false;false;1;1;0;1;0;0;0;0;0;0;0;0;0;0;0;0;0;203;92;0;0;0;0;0;0;0;0;0;0;0;0
11;Île-de-France;93;Seine-Saint-Denis;93048;PC;09304818B0131;6;2019-01-23;2019-10-31;2022-12-07;2018;2019-10-31;2019-01;2019-11;2024-10;68.10Z;5710;DEMATHIEU ET BARD IMMOBILIER;353708746;35370874600014;94550;CHEVILLY-LARUE;false;27-29;RUE DOUY DELCUPE;;MONTREUIL;93100;BK;95;BK;96;BK;99;1944;4;1;1;1;3;;;false;false;false;5;4;1;7;false;false;false;false;false;9;false;false;false;false;false;false;false;39;0;39;0;0;0;39;1;2;16;11;7;3;0;12;0;0;0;2483;0;0;0;1980;623;0;1980;0;0;0;0;0
11;Île-de-France;93;Seine-Saint-Denis;93048;PC;09304818B0132;6;2019-01-28;2020-08-05;2023-07-25;2018;2018-01-01;2019-01;2020-08;2023-11;68.20A;4140;OFFICE PUBLIC DE L'HABITAT MONTREUILLOIS;488777160;48877716000018;93100;MONTREUIL;false;2-2 B;RUE DE LA COTE DU NORD;;MONTREUIL;93100;CM;315;CM;316;CM;317;2203;4;1;1;1;3;;;false;false;false;3;2;1;7;false;false;false;false;false;9;false;false;false;false;false;false;false;16;0;16;0;0;0;16;0;1;5;8;2;0;0;0;16;0;1270;1076;0;0;0;0;0;0;0;0;0;0;0;0
11;Île-de-France;93;Seine-Saint-Denis;93048;PC;09304818B0136;6;2019-03-27;2020-12-21;2024-09-26;2018;2018-01-01;2019-03;2020-12;2024-10;41.10D;6541;VILLA LES GUILANDS;830080891;83008089100013;75015;PARIS;false;16;RUE EDOUARD VAILLANT;;MONTREUIL;93100;BL;15;;;;;802;4;1;1;1;3;;;false;false;false;0;2;1;7;false;false;false;false;false;9;false;false;false;false;false;false;false;31;0;31;0;0;0;31;1;6;5;17;3;0;0;0;0;0;40;1871;0;40;0;0;330;0;0;0;0;0;0;0
11;Île-de-France;93;Seine-Saint-Denis;93048;PC;09304818B0139;6;2019-06-19;2020-12-11;2024-08-08;2018;2018-01-01;2019-06;2020-12;2024-12;41.10D;6541;L'OREE DU BOIS;531399699;53139969900010;80100;ABBEVILLE;false;45/49;RUE DU PETIT BOIS;;MONTREUIL;93100;E;169;E;224;E;174;856;4;1;1;1;3;;;false;false;false;0;2;1;7;false;false;false;false;false;9;false;false;false;false;false;false;false;35;0;35;0;0;0;35;2;5;10;10;10;0;0;0;0;0;385;2191;0;385;0;0;323;0;0;0;0;0;0;0
11;Île-de-France;93;Seine-Saint-Denis;93048;PC;09304818B0156;5;2018-12-21;2019-03-15;;2018;2018-01-01;2019-01;2019-03;2019-03;;;;;;93100;MONTREUIL;false;15;RUE DES CHANTEREINES;;MONTREUIL;93100;X;101;;;;;416;4;1;1;1;1;;;false;false;false;0;1;1;7;false;false;false;false;false;9;false;false;false;false;false;false;false;1;1;0;1;0;0;0;0;0;0;0;0;0;0;0;0;0;83;147;0;83;0;0;0;0;0;0;0;0;0;0
11;Île-de-France;93;Seine-Saint-Denis;93048;PC;09304818B0161;6;2018-12-21;2019-09-12;2021-06-12;2018;2018-01-01;2018-12;2019-09;2021-11;;;;;;93170;BAGNOLET;false;69;RUE DU MIDI;;MONTREUIL;93100;Y;142;Y;143;;;0;4;1;1;1;2;;;false;false;false;0;1;1;7;false;false;false;false;false;9;false;false;false;false;false;false;false;2;2;0;0;2;0;0;0;0;0;0;0;2;0;0;0;0;65;250;0;65;0;0;0;0;0;0;0;0;0;0
11;Île-de-France;93;Seine-Saint-Denis;93048;PC;09304818B0164;5;2019-05-17;2022-07-18;;2018;2018-01-01;2019-05;2022-07;2022-07;68.32A;5499;HAVIM PARTICIPATION;428299465;42829946500016;75015;PARIS-15E-ARRONDISSEMENT;false;19;RUE GARIBALDI ET 28  RUE F;;MONTREUIL;93100;BH;2;BH;1;;;1521;4;1;3;1;3;4;8;true;false;true;5;4;1;7;false;false;false;false;false;9;false;false;false;false;false;false;false;27;0;27;0;0;0;27;0;1;5;10;7;4;0;8;0;0;0;2018;0;0;0;2327;1139;82;1516;82;0;0;0;0
11;Île-de-France;93;Seine-Saint-Denis;93048;PC;09304818B0166;5;2019-01-23;2023-01-25;;2018;2018-01-01;2019-01;2023-01;2023-01;41.10D;6541;SCCV MONTREUIL MIDI 15/17;851827832;85182783200011;;75008 PARIS;false;15-19;RUE DU MIDI;;MONTREUIL;93100;Y;35;Y;26;Y;25;1017;4;1;1;1;3;;;false;false;false;3;4;1;7;false;false;false;false;false;9;false;false;false;false;false;false;false;15;6;9;0;6;0;9;1;4;3;2;0;6;0;5;0;0;103;959;0;103;0;0;0;0;0;0;0;0;0;0
11;Île-de-France;93;Seine-Saint-Denis;93048;PC;09304818B0167;4;2019-01-22;;;2018;2018-01-01;2019-01;;2019-01;;;;;;93100;MONTREUIL;false;66;RUE VITRY;;MONTREUIL;93100;AI;114;;;;;447;4;2;2;1;2;2;1;true;false;false;0;3;1;7;false;false;false;false;false;9;false;false;false;false;false;false;false;2;2;0;0;2;0;0;2;0;2;0;0;0;0;0;0;0;251;0;67;0;67;0;0;0;0;0;0;0;0;0
11;Île-de-France;93;Seine-Saint-Denis;93048;PC;09304818B0169;6;2019-04-26;2020-10-02;2023-09-26;2018;2020-10-02;2019-05;2020-12;2024-04;;;;;;94000;CRETEIL;false;10 TE;RUE PARMENTIER;;MONTREUIL;93100;AQ;184;;;;;0;4;1;1;1;4;;;false;false;false;0;3;1;7;false;false;false;false;false;2;false;true;false;false;false;false;false;13;0;13;0;0;13;0;0;13;0;0;0;0;0;0;0;0;0;515;0;0;0;0;260;0;0;0;0;0;0;0
11;Île-de-France;93;Seine-Saint-Denis;93048;PC;09304818B0170;5;2019-01-18;2021-11-29;;2018;2018-01-01;2019-01;2022-01;2022-01;;;;;;75019;PARIS-;false;17;RUE VICTOR BEAUSSE;;MONTREUIL;93100;AG;161;;;;;202;4;1;1;1;1;;;false;false;false;0;1;1;7;false;false;false;false;false;9;false;false;false;false;false;false;false;1;1;0;1;0;0;0;0;0;0;0;0;0;0;0;0;0;59;236;0;0;0;0;0;0;0;0;0;0;0;0
11;Île-de-France;93;Seine-Saint-Denis;93048;PC;09304818B0177;5;2019-03-11;2024-01-02;;2018;2018-01-01;2019-03;2024-01;2024-01;68.20B;6540;SOCIETE CIVILE IMMOBILIERE SHANTI;809166259;80916625900014;93100;MONTREUIL;false;73;RUE ALEXIS LEPERE;;MONTREUIL;93100;AC;239;;;;;355;4;1;1;1;1;;;false;false;false;0;1;1;4;false;false;false;true;false;9;false;false;false;false;false;false;false;1;1;0;1;0;0;0;0;0;0;0;0;1;0;0;0;0;0;237;0;0;0;0;0;0;0;0;0;0;0;0
11;Île-de-France;93;Seine-Saint-Denis;93048;PC;09304818B0180;4;2019-07-10;2024-03-15;;2018;2018-01-01;2019-07;2024-03;2024-03;41.10D;6541;MONTREUIL - 25 PARMENTIER;843093204;84309320400017;75008;PARIS-8E-ARRONDISSEMENT;false;25;RUE PARMENTIER;;MONTREUIL;93100;AR;238;;;;;1866;4;1;3;1;3;3;1;true;true;true;5;4;1;7;false;false;false;false;false;9;false;false;false;false;false;false;false;23;0;23;0;0;0;23;0;0;2;8;10;3;0;7;0;0;120;2088;0;0;120;914;1300;120;914;0;0;0;0;0
11;Île-de-France;93;Seine-Saint-Denis;93048;PC;09304818B0181;4;2019-02-11;;;2018;2018-01-01;2019-02;;2019-02;;;;;;93100;MONTREUIL;false;52;RUE GASTON LAURIAU;;MONTREUIL;93100;BU;123;;;;;236;4;1;1;1;1;;;false;false;false;0;1;1;7;false;false;false;false;false;9;false;false;false;false;false;false;false;1;1;0;1;0;0;0;1;0;0;0;0;0;1;0;0;0;70;140;0;70;0;0;0;0;0;0;0;0;0;0
11;Île-de-France;93;Seine-Saint-Denis;93048;PC;09304818B0185;5;2019-07-10;2022-07-01;;2018;2018-01-01;2019-07;2022-07;2022-07;88.91A;5710;CRECHE ENFANTS DU MONDE MONTESSORI;843574740;84357474000018;93100;MONTREUIL;false;26;RUE DES SORINS;;MONTREUIL;93100;AT;202;;;;;223;4;2;3;1;1;4;3;false;true;false;3;1;1;7;false;false;false;false;false;9;false;false;false;false;false;false;false;1;1;0;0;1;0;0;0;0;0;0;1;0;0;0;0;0;0;0;162;0;0;614;40;431;21;593;593;0;0;0
11;Île-de-France;93;Seine-Saint-Denis;93048;PC;09304818B0188;6;2019-04-10;2019-07-25;2019-11-25;2018;2019-11-25;2019-04;2019-11;2019-11;68.20B;6540;SCI DOMUS;484989280;48498928000025;75020;PARIS-20E-ARRONDISSEMENT;false;216;RUE DE PARIS;;MONTREUIL;93100;AY;37;;;;;1034;4;2;3;1;1;1;3;false;false;false;1;1;1;7;false;false;false;false;false;9;false;false;false;false;false;false;false;1;1;0;1;0;0;0;0;1;0;0;0;0;0;0;0;0;2017;9;41;0;0;309;0;0;0;41;41;0;0;0
11;Île-de-France;93;Seine-Saint-Denis;93048;PC;09304818B0190;6;2019-05-21;2019-09-11;2021-03-30;2018;2018-01-01;2019-05;2019-09;2021-03;68.20B;6540;SOCIETE CIVILE IMMOBILIERE CHARLES 7;839429131;83942913100015;75012;PARIS;false;2;RUE CHARLES INFROIT;;MONTREUIL;93100;BT;127;;;;;193;4;2;3;1;2;1;5;false;false;false;0;1;1;7;false;false;false;false;false;9;false;false;false;false;false;false;false;3;3;0;0;3;0;0;0;0;0;0;3;0;0;0;0;0;96;104;165;24;72;93;0;0;0;93;0;0;0;0
11;Île-de-France;93;Seine-Saint-Denis;93048;PC;09304818B0193;6;2019-04-26;2020-09-09;2022-12-22;2018;2018-01-01;2019-05;2020-09;2022-12;68.10Z;5710;TA-IMMO;827952094;82795209400015;94210;SAINT-MAUR-DES-FOSSES;false;27;RUE DES PLATRIERES;;MONTREUIL;93100;BR;107;BR;235;BR;338;848;4;2;3;1;3;1;6;false;false;false;3;2;1;7;false;false;false;false;false;9;false;false;false;false;false;false;false;9;0;9;0;0;0;9;0;1;2;3;3;0;0;0;0;0;0;29;851;0;0;851;0;0;0;851;0;0;0;0
11;Île-de-France;93;Seine-Saint-Denis;93048;PC;09304818B0195;6;2019-03-05;2019-12-30;2021-05-17;2018;2018-01-01;2019-03;2019-12;2021-05;68.20B;6540;SCI MMH;822026233;82202623300020;75019;PARIS;false;117;BD DE LA BOISSIERE;;MONTREUIL;93100;B;262;;;;;298;4;2;5;1;1;;;true;false;false;2;3;1;7;false;false;false;false;false;9;false;false;false;false;false;false;false;1;1;0;1;0;0;0;0;0;1;0;0;0;0;0;0;0;140;42;0;0;0;0;0;0;0;0;0;0;0;0
11;Île-de-France;93;Seine-Saint-Denis;93048;PC;09304818B0199;6;2019-05-23;2020-09-23;2023-06-27;2018;2018-01-01;2019-05;2023-06;2023-06;41.10D;6541;SCCV WILSON;888028073;88802807300011;92000;NANTERRE;false;81;AVENUE DU  PRESIDENT  WILS;;MONTREUIL;93100;BP;25;;;;;471;4;1;3;1;3;2;1;true;true;false;6;2;1;1;true;false;false;false;false;9;false;false;false;false;false;false;false;7;0;7;0;0;0;7;0;0;0;0;0;0;0;0;0;0;171;488;171;0;171;0;0;0;0;0;0;0;0;0
11;Île-de-France;93;Seine-Saint-Denis;93048;PC;09304818B0201;6;2019-05-17;2019-08-19;2022-04-20;2018;2018-01-01;2019-06;2019-08;2022-07;84.11Z;7210;COMMUNE DE COLOMBES;219200250;21920025000013;92700;COLOMBES;false;47;RUE DE VINCENNES;;MONTREUIL;93100;BM;48;;;;;1042;4;1;1;1;3;;;false;false;false;5;2;1;7;false;false;false;false;false;9;false;false;false;false;false;false;false;16;0;16;0;0;0;16;0;3;6;3;3;1;0;0;0;0;0;960;0;0;0;229;248;0;229;0;0;0;0;0
11;Île-de-France;93;Seine-Saint-Denis;93048;PC;09304818B0203;4;2019-02-07;;;2018;2018-01-01;2019-02;;2019-02;;;;;;93100;MONTREUIL;false;9/13;RUE DES BATTERIES;;MONTREUIL;93100;CR;181;CR;333;;;0;4;1;5;1;1;;;true;false;false;0;1;1;7;false;false;false;false;false;9;false;false;false;false;false;false;false;1;1;0;1;0;0;0;0;0;1;0;0;0;0;0;0;0;142;22;0;45;0;0;99;0;0;0;0;0;0;0
11;Île-de-France;93;Seine-Saint-Denis;93048;PC;09304818B0205;2;2019-06-18;;;2018;2018-01-01;2019-06;;2019-06;68.20B;6599;SCI MIKADO;431400969;43140096900033;75008;PARIS;false;98;RUE EDOUARD VAILLANT;;MONTREUIL;93100;BJ;17;;;;;1735;4;1;3;1;3;1;5;true;false;false;4;2;1;7;false;false;false;false;false;9;false;false;false;false;false;false;false;25;0;25;0;0;0;25;0;4;7;11;3;0;0;0;7;0;0;1207;172;0;0;980;55;0;615;172;0;0;0;0
11;Île-de-France;93;Seine-Saint-Denis;93048;PC;09304818B0206;5;2019-03-18;2019-04-08;;2018;2018-01-01;2019-03;2019-04;2019-04;70.10Z;5546;COALLIA HABITAT;510469661;51046966100019;75112;PARIS;false;13;RUE BRULEFER;;MONTREUIL;93100;I;10;I;9;I;96;4599;4;1;1;1;4;;;false;false;false;4;3;1;7;false;false;false;false;false;5;false;false;false;false;true;false;false;126;0;126;0;0;126;0;1;126;0;0;0;0;0;126;0;0;320;3031;0;0;0;0;0;0;0;0;0;0;0;0
11;Île-de-France;93;Seine-Saint-Denis;93048;PC;09304818B0210;5;2019-06-28;2020-06-30;;2018;2018-01-01;2019-06;2020-07;2020-07;68.20A;5599;IN'LI;602052359;60205235900042;92088;PARIS LA DEFENSE;false;26 B;RUE DE LA DEMI LUNE;;MONTREUIL;93100;K;4;K;5;K;8;3235;4;1;1;1;3;;;false;false;false;0;4;1;7;false;false;false;false;false;9;false;false;false;false;false;false;false;64;0;64;0;0;0;64;0;6;22;18;15;3;0;32;0;0;240;3440;0;240;0;0;0;0;0;0;0;0;0;0
11;Île-de-France;93;Seine-Saint-Denis;93048;PC;09304818B0211;6;2019-04-29;2019-12-02;2024-03-06;2018;2018-01-01;2019-05;2019-12;2024-03;43.99C;5710;E.R.C. NOGALO BATIMMO;430173377;43017337700028;75010;PARIS;false;6;RUE EMILE ZOLA;;MONTREUIL;93100;AZ;11;;;;;124;4;2;3;1;3;1;5;false;true;false;4;4;1;7;false;false;false;false;false;9;false;false;false;false;false;false;false;6;0;6;0;0;0;6;0;1;3;2;0;0;0;0;0;0;110;166;85;18;0;92;0;0;7;85;0;0;0;0
11;Île-de-France;93;Seine-Saint-Denis;93048;PC;09304818B0212;6;2019-02-25;2020-05-18;2021-11-19;2018;2018-01-01;2019-02;2020-07;2022-01;;;;;;93100;MONTREUIL;false;6 BIS;RUE NICOLAS FALTOT;;MONTREUIL;93100;BQ;174;;;;;643;4;2;5;1;1;;;false;false;false;0;1;1;7;false;false;false;false;false;9;false;false;false;false;false;false;false;1;1;0;1;0;0;0;0;0;0;0;0;0;0;0;0;0;145;100;0;0;0;0;0;0;0;0;0;0;0;0
11;Île-de-France;93;Seine-Saint-Denis;93048;PC;09304818B0213;4;2019-04-16;;;2018;2018-01-01;2019-04;;2019-04;;;;;;93100;MONTREUIL;false;36;RUE EMILE ZOLA;;MONTREUIL;93100;BC;54;;;;;720;4;2;5;1;3;;;true;false;false;0;2;1;7;false;false;false;false;false;9;false;false;false;false;false;false;false;2;0;2;0;0;0;2;0;0;2;0;0;0;0;0;0;0;567;74;0;0;0;336;0;0;0;0;0;0;0;0
11;Île-de-France;93;Seine-Saint-Denis;93048;PC;09304819B0011;6;2019-07-02;2019-09-24;2021-11-15;2019;2019-01-01;2019-07;2019-11;2021-11;;;;;;93100;MONTREUIL;false;48;RUE RASPAIL;;MONTREUIL;93100;BH;176;;;;;366;4;2;5;1;1;;;false;true;true;0;1;1;7;false;false;false;false;false;9;false;false;false;false;false;false;false;1;1;0;1;0;0;0;0;0;0;0;0;1;0;0;0;0;43;78;0;0;0;0;0;0;0;0;0;0;0;0
11;Île-de-France;93;Seine-Saint-Denis;93048;PC;09304819B0020;4;2019-05-14;;;2019;2019-01-01;2019-05;;2019-05;;;;;;94400;VITRY-SUR-SEINE;false;39;RUE JULIETTE DODU;;MONTREUIL;93100;CQ;220;CQ;223;;;297;4;1;1;1;1;;;false;false;false;0;1;1;2;false;true;false;false;false;9;false;false;false;false;false;false;false;1;1;0;1;0;0;0;0;0;0;0;0;0;1;0;0;0;0;224;0;0;0;0;0;0;0;0;0;0;0;0
11;Île-de-France;93;Seine-Saint-Denis;93048;PC;09304819B0021;6;2019-09-09;2020-07-15;2022-01-15;2019;2020-07-15;2019-09;2020-08;2025-04;;;;;;75012;PARIS-12E-ARRONDISSEMENT;false;13 BI;RUE MARCEAU;;MONTREUIL;93100;BH;238;;;;;246;4;1;3;1;1;1;5;true;false;false;0;1;1;2;false;true;false;false;false;9;false;false;false;false;false;false;false;1;1;0;1;0;0;0;0;0;0;0;0;1;0;0;0;0;138;100;120;0;0;132;0;0;0;120;0;0;0;0
11;Île-de-France;93;Seine-Saint-Denis;93048;PC;09304819B0023;6;2019-07-01;2019-11-25;2021-04-01;2019;2019-11-25;2019-07;2019-12;2022-05;41.10C;5710;2C INVESTISSEMENTS;838529873;83852987300013;93360;NEUILLY-PLAISANCE;false;88 T;RUE SIMON DEREURE;;MONTREUIL;93100;CO;122;;;;;339;4;2;3;1;3;1;8;false;false;false;3;2;1;7;false;false;false;false;false;9;false;false;false;false;false;false;false;2;0;2;0;0;0;2;0;0;1;1;0;0;0;0;0;0;226;103;69;0;0;69;15;0;0;69;0;0;0;0
11;Île-de-France;93;Seine-Saint-Denis;93048;PC;09304819B0025;4;2019-07-08;;;2019;2019-01-01;2019-07;;2019-07;;;;;;93110;ROSNY-SOUS-BOIS;false;38;RUE PIERRE CURIE;;MONTREUIL;93100;CH;160;;;;;321;4;1;1;1;3;;;false;false;false;0;3;1;7;false;false;false;false;false;9;false;false;false;false;false;false;false;3;0;3;0;0;0;3;0;2;1;0;0;0;0;0;0;0;67;129;0;0;0;0;0;0;0;0;0;0;0;0
11;Île-de-France;93;Seine-Saint-Denis;93048;PC;09304819B0028;4;2019-05-22;;;2019;2019-01-01;2019-05;;2019-05;;;;;;92200;NEUILLY SUR SEINE;false;21;RUE DE VILLIERS;;MONTREUIL;93100;AL;150;;;;;221;4;1;1;1;3;;;false;false;false;2;2;1;7;false;false;false;false;false;9;false;false;false;false;false;false;false;3;0;3;0;0;0;3;0;0;1;1;0;1;0;0;0;0;0;195;0;0;0;108;83;0;108;0;0;0;0;0
11;Île-de-France;93;Seine-Saint-Denis;93048;PC;09304819B0033;6;2019-06-24;2019-11-25;2020-12-11;2019;2019-01-01;2019-09;2019-11;2021-01;;;;;;94410;SAINT-MAURICE;false;50;RUE DE ROSNY;;MONTREUIL;93100;AI;54;;;;;0;4;1;1;1;1;;;false;false;false;0;1;1;7;false;false;false;false;false;9;false;false;false;false;false;false;false;1;1;0;1;0;0;0;0;0;0;0;0;0;1;0;0;0;0;208;0;0;0;0;0;0;0;0;0;0;0;0
11;Île-de-France;93;Seine-Saint-Denis;93048;PC;09304819B0037;6;2019-05-22;2020-10-13;2022-07-31;2019;2020-10-13;2019-05;2020-10;2022-07;;;;;;93100;MONTREUIL;false;79;RUE ERNEST RENAN;;MONTREUIL;93100;CG;109;;;;;197;4;1;1;1;1;;;false;false;false;0;1;1;7;false;false;false;false;false;9;false;false;false;false;false;false;false;1;1;0;1;0;0;0;0;0;0;0;0;0;0;0;0;0;110;73;0;0;0;0;0;0;0;0;0;0;0;0
11;Île-de-France;93;Seine-Saint-Denis;93048;PC;09304819B0039;6;2019-07-19;2021-04-05;2025-04-30;2019;2019-01-01;2019-07;2021-04;2025-04;;;;;;93100;MONTREUIL;false;50;RUE FRANCOIS ARAGO;;MONTREUIL;93100;BH;32;;;;;321;4;1;1;1;3;;;false;false;false;3;2;1;7;false;false;false;false;false;9;false;false;false;false;false;false;false;3;0;3;0;0;0;3;0;0;0;1;1;0;1;0;0;0;0;360;0;0;0;0;0;0;0;0;0;0;0;0
11;Île-de-France;93;Seine-Saint-Denis;93048;PC;09304819B0040;6;2019-08-13;2019-11-01;2024-05-31;2019;2019-01-01;2019-08;2019-12;2024-06;68.10Z;5710;PREMIUM;532812955;53281295500013;93100;MONTREUIL;false;8 RUE;VITRY;;MONTREUIL;93100;BV;15;;;;;433;4;2;4;1;3;1;6;false;true;true;0;2;1;7;false;false;false;false;false;9;false;false;false;false;false;false;false;5;0;5;0;0;0;5;0;0;0;1;4;0;0;0;0;0;0;111;486;0;0;668;0;0;182;486;0;0;0;0
11;Île-de-France;93;Seine-Saint-Denis;93048;PC;09304819B0041;5;2019-05-06;2020-03-05;;2019;2019-01-01;2019-06;2020-05;2020-05;68.20B;6540;SCI COLONEL FABIEN;413091513;41309151300015;93100;MONTREUIL;false;122;RUE DES CHANTEREINES;;MONTREUIL;93100;O;8;;;;;0;4;2;2;1;1;1;5;false;false;false;4;3;1;7;false;false;false;false;false;9;false;false;false;false;false;false;false;1;1;0;1;0;0;0;0;0;0;0;1;0;0;0;0;0;247;0;63;0;0;212;0;0;0;63;0;0;0;0
11;Île-de-France;93;Seine-Saint-Denis;93048;PC;09304819B0042;5;2019-06-03;2019-07-15;;2019;2019-07-15;2019-07;2019-08;2019-08;;;;;;93100;MONTREUIL;false;82;RUE PIERRE DE MONTREUIL;;MONTREUIL;93100;CD;38;;;;;151;4;1;1;1;1;;;false;false;false;0;1;1;7;false;false;false;false;false;9;false;false;false;false;false;false;false;1;1;0;1;0;0;0;1;0;1;0;0;0;0;0;0;0;57;54;0;57;0;0;0;0;0;0;0;0;0;0
11;Île-de-France;93;Seine-Saint-Denis;93048;PC;09304819B0048;2;2019-07-08;;;2019;2019-01-01;2019-07;;2019-07;;;;;;93100;MONTREUIL;false;8;ALLEE DU PRINTEMPS;;MONTREUIL;93100;C;148;;;;;196;4;1;1;1;1;;;false;false;false;0;1;1;7;false;false;false;false;false;9;false;false;false;false;false;false;false;1;1;0;1;0;0;0;0;0;0;1;0;0;0;0;0;0;0;64;0;0;0;0;0;0;0;0;0;0;0;0
11;Île-de-France;93;Seine-Saint-Denis;93048;PC;09304819B0049;6;2019-07-18;2019-11-25;2020-05-30;2019;2020-05-30;2019-07;2020-06;2020-06;;;;;;93100;MONTREUIL;false;37;AVE DU PDT S. ALLENDE;;MONTREUIL;93100;J;392;;;;;321;4;2;2;1;1;2;1;false;false;false;0;3;1;7;false;false;false;false;false;9;false;false;false;false;false;false;false;1;1;0;1;0;0;0;0;0;1;0;0;0;0;0;0;0;39;0;39;0;39;0;0;0;0;0;0;0;0;0
11;Île-de-France;93;Seine-Saint-Denis;93048;PC;09304819B0051;6;2019-07-25;2020-06-26;2023-06-15;2019;2019-01-01;2019-07;2020-07;2024-01;41.10D;6541;SCCV ECHOS-LOGIS;842064719;;60110;MERU;false;19;AV ERNEST RENAN;;MONTREUIL;93100;CF;170;;;;;618;4;1;1;1;3;;;false;false;false;6;2;1;7;false;false;false;false;false;9;false;false;false;false;false;false;false;34;0;34;0;0;0;34;1;2;12;10;9;1;0;0;0;0;320;2235;0;320;0;0;0;0;0;0;0;0;0;0
11;Île-de-France;93;Seine-Saint-Denis;93048;PC;09304819B0052;4;2019-07-26;2019-09-09;;2019;2019-09-09;2019-08;2019-10;2019-10;;;;;;93230;ROMAINVILLE;false;25;RUE DU RUISSEAU;;MONTREUIL;93100;X;66;;;;;154;4;2;5;1;2;;;false;false;false;0;1;1;7;false;false;false;false;false;9;false;false;false;false;false;false;false;2;2;0;0;2;0;0;0;0;0;0;0;0;0;0;0;0;32;114;0;32;0;0;0;0;0;0;0;0;0;0
11;Île-de-France;93;Seine-Saint-Denis;93048;PC;09304819B0053;5;2019-09-30;2021-05-07;;2019;2021-05-07;2019-10;2021-06;2021-06;68.20B;6541;ARA & FRO;898530092;89853009200011;93100;MONTREUIL;false;16;RUE VITRY;;MONTREUIL;93100;BV;16;;;;;265;4;1;1;1;1;;;true;true;true;6;1;1;7;false;false;false;false;false;9;false;false;false;false;false;false;false;1;1;0;1;0;0;0;0;0;0;0;1;0;0;0;0;0;106;225;0;0;0;0;0;0;0;0;0;0;0;0
11;Île-de-France;93;Seine-Saint-Denis;93048;PC;09304819B0059;6;2019-10-31;2020-09-07;2023-06-28;2019;2019-01-01;2019-11;2020-09;2023-07;41.10D;6541;SCCV MONTREUIL 111;850773292;85077329200014;75016;PARIS;false;107-1;RUE DE ROSNY;;MONTREUIL;93100;BY;17;BY;18;BY;19;3376;4;1;1;1;3;;;false;false;false;6;4;1;7;false;false;false;false;false;9;false;false;false;false;false;false;false;86;0;86;0;0;0;86;3;6;30;23;20;7;0;25;0;0;311;5511;0;311;0;979;288;0;979;0;0;0;0;0
11;Île-de-France;93;Seine-Saint-Denis;93048;PC;09304819B0065;6;2019-09-23;2020-01-06;2020-12-14;2019;2019-01-01;2019-09;2020-01;2021-02;68.20B;6540;SCI GUEGAN TCHERTOFF;841171697;84117169700011;93100;MONTREUIL;false;19;RUE CARNOT;;MONTREUIL;93100;BP;239;;;;;477;4;2;3;1;1;4;8;true;false;false;0;5;3;7;false;false;false;false;false;9;false;false;false;false;false;false;false;1;1;0;0;1;0;0;0;0;0;0;0;0;0;0;0;0;154;51;6;0;0;218;0;212;0;218;0;0;0;0
11;Île-de-France;93;Seine-Saint-Denis;93048;PC;09304819B0066;4;2019-07-26;;;2019;2019-10-02;2019-10;;2019-10;;;;;;93100;MONTREUIL;false;12;RUE DES MESSIERS;;MONTREUIL;93100;AU;163;;;;;187;4;2;5;1;3;;;false;false;false;2;2;1;7;false;false;false;false;false;9;false;false;false;false;false;false;false;2;0;2;0;0;0;2;0;1;0;0;1;0;0;0;0;0;0;145;0;0;0;0;0;0;0;0;0;0;0;0
11;Île-de-France;93;Seine-Saint-Denis;93048;PC;09304819B0068;5;2019-09-20;2020-05-18;;2019;2019-01-01;2019-09;2020-06;2020-06;68.20A;5599;IMMOBILIERE 3F;552141533;55214153300018;75638;PARIS;false;;208-210 RUE DE ROSNY - 1 -;;MONTREUIL;93100;BZ;28;BZ;29;BZ;33;1971;4;2;3;1;3;1;7;true;false;false;3;4;1;7;false;false;false;false;false;9;false;false;false;false;false;false;false;21;0;21;0;0;0;21;0;2;0;17;2;0;0;14;0;0;306;1434;138;0;0;210;0;0;72;138;0;0;138;0
11;Île-de-France;93;Seine-Saint-Denis;93048;PC;09304819B0070;6;2020-02-17;2020-12-16;2024-09-30;2019;2019-01-01;2020-02;2020-12;2024-10;41.10D;6541;SCCV MONTREUIL 7/9 FAIDHERBE;887982197;88798219700014;92120;MONTROUGE;false;7-9;AVENUE FAIDHERBE;;MONTREUIL;93100;AF;52;AF;53;;;1216;4;1;1;1;3;;;false;false;false;0;3;1;7;false;false;false;false;false;9;false;false;false;false;false;false;false;27;0;27;0;0;0;27;0;3;8;8;8;0;0;0;0;0;0;1694;0;0;0;1135;427;0;1135;0;0;0;0;0
11;Île-de-France;93;Seine-Saint-Denis;93048;PC;09304819B0072;6;2019-10-02;2020-12-01;2022-02-01;2019;2019-01-01;2019-11;2020-12;2022-02;;;;;;93100;MONTREUIL;false;25-27;RUE RASPAIL;;MONTREUIL;93100;BI;290;;;;;77;4;2;3;1;3;1;5;false;true;false;3;2;1;7;false;false;false;false;false;9;false;false;false;false;false;false;false;2;0;2;0;0;0;2;0;0;1;1;0;0;0;0;0;0;96;47;67;0;0;67;0;0;0;67;0;0;0;0
11;Île-de-France;93;Seine-Saint-Denis;93048;PC;09304819B0077;6;2019-10-31;2019-11-26;2021-01-28;2019;2019-01-01;2019-11;2019-11;2024-11;;;;;;93100;MONTREUIL;false;62;RUE VITRY;;MONTREUIL;93100;AI;323;AI;114;;;584;4;1;1;1;1;;;false;false;false;0;1;1;7;false;false;false;false;false;9;false;false;false;false;false;false;false;1;1;0;1;0;0;0;2;0;0;0;0;0;0;0;0;0;67;164;0;67;0;0;0;0;0;0;0;0;0;0
11;Île-de-France;93;Seine-Saint-Denis;93048;PC;09304819B0079;6;2019-09-25;2020-04-30;2022-05-02;2019;2019-01-01;2019-09;2020-05;2026-07;41.10D;6541;SCCV MONTREUIL - FAIDHERBE;811474857;81147485700026;75013;PARIS;false;6-8;AVENUE FAIDHERBE / 33 BIS;;MONTREUIL;93100;AG;57;AG;58;AG;59;520;4;1;1;1;3;;;false;false;false;6;4;1;7;false;false;false;false;false;9;false;false;false;false;false;false;false;20;0;20;0;0;0;20;1;2;9;4;5;0;0;7;0;0;250;1346;0;250;0;237;297;0;237;0;0;0;0;0
11;Île-de-France;93;Seine-Saint-Denis;93048;PC;09304819B0081;5;2019-11-13;2020-06-29;;2019;2020-06-29;2019-11;2020-07;2020-07;41.10A;6560;CAP 5;849867494;84986749400015;93100;MONTREUIL;false;5;RUE DE LA CONVENTION;;MONTREUIL;93100;AF;141;;;;;366;4;1;1;1;3;;;false;false;false;3;2;1;7;false;false;false;false;false;9;false;false;false;false;false;false;false;3;0;3;0;0;0;3;0;0;0;0;1;2;0;0;0;0;0;543;0;0;0;230;96;0;230;0;0;0;0;0
11;Île-de-France;93;Seine-Saint-Denis;93048;PC;09304819B0084;6;2019-09-25;2019-11-18;2021-12-20;2019;2019-01-01;2019-09;2019-11;2022-01;;;;;;93100;MONTREUIL;false;139;AVENUE DU PDT SALVADOR ALL;;MONTREUIL;93100;C;43;;;;;320;4;2;5;1;3;;;false;true;true;2;3;1;7;false;false;false;false;false;9;false;false;false;false;false;false;false;3;0;3;0;0;0;3;0;0;1;0;2;0;0;0;0;0;163;225;0;87;0;0;0;0;0;0;0;0;0;0
11;Île-de-France;93;Seine-Saint-Denis;93048;PC;09304819B0086;6;2019-10-29;2021-11-15;2024-03-08;2019;2019-01-01;2019-10;2022-04;2024-03;94.99Z;9220;FEDERATION CULTURELLE DES ASSOCIATIONS MUSULMANES DE MONTREUIL;500291075;50029107500017;93100;MONTREUIL;false;5;VILLA DE LA TOURELLE;;MONTREUIL;93100;BK;148;;;;;288;4;2;3;1;1;1;3;false;true;false;3;2;1;7;false;false;false;false;false;9;false;false;false;false;false;false;false;1;1;0;1;0;0;0;0;0;0;0;0;1;0;0;0;0;126;155;30;0;0;302;166;0;0;30;30;0;0;0
11;Île-de-France;93;Seine-Saint-Denis;93048;PC;09304819B0087;5;2020-03-05;2022-09-30;;2019;2019-01-01;2020-03;2024-08;2024-08;68.20B;6540;ROUSSELLE PATRIMOINE;834131336;83413133600010;93100;MONTREUIL;false;16;RUE LEBOUR;;MONTREUIL;93100;BH;266;;;;;228;4;2;3;1;3;4;8;false;false;false;5;2;1;7;false;false;false;false;false;9;false;false;false;false;false;false;false;9;0;9;0;0;0;9;0;0;6;0;3;0;0;0;0;0;0;601;0;0;0;136;0;136;0;136;0;0;0;0
11;Île-de-France;93;Seine-Saint-Denis;93048;PC;09304819B0090;6;2019-09-26;2021-01-28;2022-11-07;2019;2021-01-28;2019-09;2021-02;2022-11;94.99Z;9220;FEDERATION CULTURELLE DES ASSOCIATIONS MUSULMANES DE MONTREUIL;500291075;50029107500017;93100;MONTREUIL;false;65 BI;RUE MARCEAU;;MONTREUIL;93100;BI;289;;;;;750;4;2;5;1;3;;;false;true;false;0;3;1;7;false;false;false;false;false;9;false;false;false;false;false;false;false;2;0;2;0;0;0;2;0;0;2;0;0;0;0;0;0;0;501;88;0;0;0;584;0;0;0;0;0;0;0;0
11;Île-de-France;93;Seine-Saint-Denis;93048;PC;09304819B0092;4;2019-09-24;;;2019;2019-01-01;2019-09;;2019-09;;;;;;93100;MONTREUIL;false;72;BD THEOPHILE SUEUR;;MONTREUIL;93100;CL;104;;;;;423;4;1;1;1;1;;;true;false;false;0;1;1;7;false;false;false;false;false;9;false;false;false;false;false;false;false;1;1;0;1;0;0;0;0;0;0;0;0;0;0;0;0;0;228;191;0;0;0;0;0;0;0;0;0;0;0;0
11;Île-de-France;93;Seine-Saint-Denis;93048;PC;09304819B0096;6;2020-02-28;2021-03-15;2023-02-09;2019;2019-01-01;2020-02;2021-03;2023-03;68.20A;5546;ANTIN RESIDENCES SA HABITAT LOYER MODERE;315518803;31551880300046;75439;PARIS;false;18;RUE BARA - 27 RUE ROBESPIE;;MONTREUIL;93100;BH;101;BH;100;;;1508;4;1;1;1;4;;;false;false;false;5;3;1;7;false;false;false;false;false;5;false;false;false;false;true;false;false;160;0;160;0;0;160;0;0;160;0;0;0;0;0;160;0;0;2320;3825;0;2320;0;0;0;0;0;0;0;0;0;0
11;Île-de-France;93;Seine-Saint-Denis;93048;PC;09304819B0099;4;2020-07-24;;;2019;2019-01-01;2020-07;;2020-07;41.10C;5710;HABITATS GROUPES;848097416;;75002;PARIS-2E-ARRONDISSEMENT;false;119 B;RUE DE PARIS;;MONTREUIL;93100;AX;53;;;;;0;4;2;5;1;3;;;false;false;false;7;2;1;7;false;false;false;false;false;9;false;false;false;false;false;false;false;4;0;4;0;0;0;4;1;0;0;0;0;4;0;0;0;0;170;502;0;170;0;0;0;0;0;0;0;0;0;0
11;Île-de-France;93;Seine-Saint-Denis;93048;PC;09304819B0107;6;2019-10-31;2020-07-28;2021-07-31;2019;2021-07-31;2019-11;2020-07;2022-01;;;;;;75019;PARIS;false;7 B;RUE EMILE REYNAUD;;MONTREUIL;93100;AE;12;AE;15;;;399;4;1;1;1;1;;;false;false;false;0;1;1;7;false;false;false;false;false;9;false;false;false;false;false;false;false;1;1;0;1;0;0;0;0;0;0;0;0;0;1;0;0;0;109;188;0;0;0;0;0;0;0;0;0;0;0;0
11;Île-de-France;93;Seine-Saint-Denis;93048;PC;09304819B0110;6;2019-12-10;2021-02-03;2024-05-28;2019;2019-01-01;2020-02;2021-02;2024-05;;;;;;93100;MONTREUIL;false;42;RUE MICHELET;;MONTREUIL;93100;BK;65;;;;;289;4;2;5;1;3;;;false;true;false;0;2;1;7;false;false;false;false;false;9;false;false;false;false;false;false;false;2;0;2;0;0;0;2;0;0;0;0;0;0;0;0;0;0;180;167;0;11;0;0;0;0;0;0;0;0;0;0
11;Île-de-France;93;Seine-Saint-Denis;93048;PC;09304819B0111;6;2019-12-02;2020-05-04;2021-09-01;2019;2020-05-04;2020-06;2020-08;2023-08;;;;;;93100;MONTREUIL;false;63;RUE CARNOT;;MONTREUIL;93100;BQ;99;;;;;231;4;1;1;1;1;;;false;false;false;0;1;1;6;true;false;false;true;false;9;false;false;false;false;false;false;false;1;1;0;1;0;0;0;0;0;0;0;0;0;0;0;0;0;148;183;0;148;0;0;0;0;0;0;0;0;0;0
11;Île-de-France;93;Seine-Saint-Denis;93048;PC;09304819B0112;5;2019-09-24;2020-03-06;;2019;2019-01-01;2019-09;2020-03;2020-03;;;;;;93100;MONTREUIL;false;14;RUE MAINGUET;;MONTREUIL;93100;AP;72;;;;;639;4;1;1;1;1;;;false;false;false;0;1;1;7;false;false;false;false;false;9;false;false;false;false;false;false;false;1;1;0;1;0;0;0;0;0;0;0;0;0;0;0;0;0;0;143;0;0;0;0;0;0;0;0;0;0;0;0
11;Île-de-France;93;Seine-Saint-Denis;93048;PC;09304819B0114;2;2020-03-13;;;2019;2019-01-01;2020-03;;2020-03;41.10D;6541;MONTREUIL RAPATEL;877622613;87762261300017;22192;PLERIN;false;61;RUE RAPATEL - 14 BD JEANNE;;MONTREUIL;93100;BT;255;;;;;1406;4;1;1;1;3;;;false;false;false;3;4;1;7;false;false;false;false;false;9;false;false;false;false;false;false;false;49;0;49;0;0;0;49;0;3;16;17;11;2;0;15;0;0;0;3228;0;0;0;597;120;0;597;0;0;0;0;0
11;Île-de-France;93;Seine-Saint-Denis;93048;PC;09304819B0115;5;2019-12-20;2021-09-01;;2019;2019-01-01;2019-12;2021-09;2021-09;94.99Z;9220;FEDERATION CULTURELLE DES ASSOCIATIONS MUSULMANES DE MONTREUIL;500291075;50029107500017;93100;MONTREUIL;false;74;AVENUE PAUL SIGNAC;;MONTREUIL;93100;T;202;;;;;458;4;2;3;1;3;4;5;false;true;false;3;4;1;7;false;false;false;false;false;9;false;false;false;false;false;false;false;2;0;2;0;0;0;2;0;0;2;0;0;0;0;0;0;0;133;132;62;66;0;317;0;226;29;288;62;0;0;0
11;Île-de-France;93;Seine-Saint-Denis;93048;PC;09304819B0127;2;2020-02-05;;;2019;2019-01-01;2020-02;;2020-02;;;;;;94300;VINCENNES;false;31;RUE GAMBETTA;;MONTREUIL;93100;BJ;5;BJ;170;;;681;4;2;3;1;2;4;5;true;false;false;0;3;1;7;false;false;false;false;false;9;false;false;false;false;false;false;false;3;3;0;0;3;0;0;0;0;2;1;0;0;0;0;0;0;127;47;131;15;112;630;445;180;288;199;68;0;0;0
11;Île-de-France;93;Seine-Saint-Denis;93048;PC;09304819B0130;6;2020-02-15;2021-01-04;2024-01-31;2019;2019-01-01;2020-07;2021-01;2024-03;68.10Z;5710;PREMIUM;532812955;53281295500013;;93100 MONTREUIL;false;31;RUE VICTOR HUGO;;MONTREUIL;93100;AK;265;;;;;265;4;2;3;1;3;1;8;false;true;false;0;2;1;7;false;false;false;false;false;9;false;false;false;false;false;false;false;3;0;3;0;0;0;3;0;0;0;0;0;0;0;0;0;0;75;65;285;0;0;374;0;0;49;285;0;0;0;0
11;Île-de-France;93;Seine-Saint-Denis;93048;PC;09304819B0131;5;2019-11-15;2022-09-28;;2019;2019-01-01;2019-12;2022-10;2022-10;70.10Z;5615;CDC HABITAT;470801168;47080116803039;75013;PARIS;false;93;RUE DE ROMAINVILLE;;MONTREUIL;93100;V;171;V;129;;;2075;4;1;1;1;2;;;false;false;false;0;4;1;7;false;false;false;false;false;9;false;false;false;false;false;false;false;17;17;0;0;17;0;0;0;0;0;0;1;16;0;5;0;0;0;1728;0;0;0;983;0;0;983;0;0;0;0;0
11;Île-de-France;93;Seine-Saint-Denis;93048;PC;09304819B0132;6;2019-12-03;2020-05-15;2021-05-15;2019;2021-05-15;2019-12;2020-07;2021-10;;;;;;75020;PARIS;false;30;BD THEOPHILE SUEUR;;MONTREUIL;93100;CK;147;;;;;836;4;1;1;1;1;;;false;false;false;0;1;1;6;true;true;false;false;false;9;false;false;false;false;false;false;false;1;1;0;1;0;0;0;0;0;0;0;0;0;0;0;0;0;10;103;0;10;0;0;0;0;0;0;0;0;0;0
11;Île-de-France;93;Seine-Saint-Denis;93048;PC;09304819B0133;5;2020-07-10;2024-07-08;;2019;2019-01-01;2020-07;2024-07;2024-07;68.20B;6540;SCI CASINO;442054623;44205462300016;93100;MONTREUIL;false;1 TER;RUE MARCEL SEMBAT;;MONTREUIL;93100;AR;222;;;;;130;4;1;1;1;3;;;false;false;false;0;3;1;7;false;false;false;false;false;9;false;false;false;false;false;false;false;3;0;3;0;0;0;3;0;0;0;0;0;0;0;0;0;0;0;237;0;0;0;130;175;0;130;0;0;0;0;0
11;Île-de-France;93;Seine-Saint-Denis;93048;PC;09304819B0137;6;2020-01-22;2020-03-19;2021-10-13;2019;2019-01-01;2020-09;2021-11;2021-11;;;;;;75004;PARIS-4E-ARRONDISSEMENT;false;4;RUE DE LA MONTAGNE PIERREU;;MONTREUIL;93100;H;146;H;147;;;546;4;2;5;1;3;;;false;false;false;0;3;1;7;false;false;false;false;false;9;false;false;false;false;false;false;false;2;0;2;0;0;0;2;0;0;1;1;0;0;0;0;0;0;260;73;0;0;0;0;0;0;0;0;0;0;0;0
11;Île-de-France;93;Seine-Saint-Denis;93048;PC;09304819B0140;4;2020-06-19;;;2019;2019-01-01;2020-07;;2020-07;68.20A;4140;OFFICE PUBLIC DE L'HABITAT MONTREUILLOIS;488777160;48877716000018;93100;MONTREUIL;false;4 A 7;RUE DE LA DHUYS;;MONTREUIL;93100;A;215;A;4;;;7041;4;1;1;1;3;;;false;false;false;3;2;1;7;false;false;false;false;false;9;false;false;false;false;false;false;false;29;0;29;0;0;0;29;0;0;6;15;6;2;0;0;29;0;0;1909;0;0;0;0;0;0;0;0;0;0;0;0
11;Île-de-France;93;Seine-Saint-Denis;93048;PC;09304819B0141;6;2020-08-17;2023-06-05;2025-10-29;2019;2019-01-01;2020-08;2023-06;2025-11;68.20A;4140;OFFICE PUBLIC DE L'HABITAT MONTREUILLOIS;488777160;48877716000018;93100;MONTREUIL;false;90-92;BOULEVARD ARISTIDE BRIAND;;MONTREUIL;93100;Q;96;Q;97;;;0;4;1;1;1;3;;;false;false;false;7;4;1;7;false;false;false;false;false;9;false;false;false;false;false;false;false;25;0;25;0;0;0;25;0;0;9;5;2;0;0;0;0;0;0;1615;0;0;0;0;0;0;0;0;0;0;0;0
11;Île-de-France;93;Seine-Saint-Denis;93048;PC;09304819B0142;6;2020-02-20;2021-05-06;2022-10-26;2019;2021-05-06;2020-02;2021-05;2023-01;68.20A;4140;OFFICE PUBLIC DE L'HABITAT MONTREUILLOIS;488777160;48877716000018;93100;MONTREUIL;false;17-19;RUE EDOUARD VAILLANT;;MONTREUIL;93100;BL;75;BL;76;;;653;4;1;1;1;3;;;false;false;false;417;3;1;7;false;false;false;false;false;9;false;false;false;false;false;false;false;23;0;23;0;0;0;23;0;2;6;9;6;0;0;23;0;0;0;1448;0;0;0;0;325;0;0;0;0;0;0;0
11;Île-de-France;93;Seine-Saint-Denis;93048;PC;09304819B0143;4;2020-01-27;;;2019;2019-01-01;2020-01;;2020-01;;;;;;75011;PARIS;false;37;RUE DANTON;;MONTREUIL;93100;U;71;;;;;178;4;1;1;1;1;;;false;false;false;0;1;1;7;false;false;false;false;false;9;false;false;false;false;false;false;false;1;1;0;1;0;0;0;0;0;0;0;1;0;0;0;0;0;0;112;0;0;0;0;0;0;0;0;0;0;0;0
11;Île-de-France;93;Seine-Saint-Denis;93048;PC;09304819B0145;6;2019-12-12;2020-09-11;2022-06-15;2019;2020-09-11;2019-12;2020-10;2022-07;;;;;;92390;VILLENEUVE LA GARENNE;false;30;BOULEVARD THEOPHILE SUEUR;;MONTREUIL;93100;CK;147;;;;;0;4;1;1;1;1;;;false;false;false;0;1;1;7;false;false;false;false;false;9;false;false;false;false;false;false;false;1;1;0;1;0;0;0;0;0;0;0;0;0;1;0;0;0;0;217;0;0;0;0;0;0;0;0;0;0;0;0
11;Île-de-France;93;Seine-Saint-Denis;93048;PC;09304819B0146;2;2020-03-13;;;2019;2019-01-01;2020-05;;2020-05;68.32A;5499;CABINET LEMA IMMOBILIER;320798655;32079865500041;75016;PARIS-16E-ARRONDISSEMENT;false;354;BD DE LA BOISSIERE;;MONTREUIL;93100;CK;158;CK;163;;;506;4;2;5;1;3;;;true;true;true;2;3;1;7;false;false;false;false;false;9;false;false;false;false;false;false;false;2;0;2;0;0;0;2;0;0;2;0;0;0;0;0;0;0;178;87;0;0;0;0;0;0;0;0;0;0;0;0
11;Île-de-France;93;Seine-Saint-Denis;93048;PC;09304819B0150;5;2020-02-17;2021-04-20;;2019;2019-01-01;2020-02;2021-05;2021-05;;;;;;75012;PARIS;false;27;BOULEVARD THEOPHILE SUEUR;;MONTREUIL;93100;CK;140;;;;;0;4;1;1;1;3;;;false;false;false;2;2;1;7;false;false;false;false;false;9;false;false;false;false;false;false;false;4;0;4;0;0;0;4;1;2;0;2;0;0;0;0;2;0;130;217;0;130;0;0;0;0;0;0;0;0;0;0
11;Île-de-France;93;Seine-Saint-Denis;93048;PC;09304819B0152;6;2019-12-10;2022-04-06;2023-01-07;2019;2019-01-01;2019-12;2022-04;2023-01;;;;;;93100;MONTREUIL;false;36;RUE DE LA REVOLUTION;;MONTREUIL;93100;BI;48;;;;;0;4;1;1;1;1;;;false;false;false;0;1;1;7;false;false;false;false;false;9;false;false;false;false;false;false;false;1;1;0;1;0;0;0;1;0;0;0;0;0;1;0;0;0;76;174;0;76;0;0;0;0;0;0;0;0;0;0
11;Île-de-France;93;Seine-Saint-Denis;93048;PC;09304819B0158;5;2020-02-17;2021-04-14;;2019;2019-01-01;2020-02;2021-04;2021-04;68.20B;5499;F.HAVIM;509529301;50952930100012;75015;PARIS;false;67;RUE DE PARIS;;MONTREUIL;93100;BL;8;BL;9;;;1226;4;2;5;1;1;;;false;true;true;0;3;1;7;false;false;false;false;false;9;false;false;false;false;false;false;false;1;1;0;1;0;0;0;0;0;0;0;0;0;1;0;0;0;1490;476;0;262;0;588;52;0;212;0;0;0;0;0
11;Île-de-France;93;Seine-Saint-Denis;93048;PC;09304819B0163;6;2020-02-05;2020-05-18;2021-05-17;2019;2019-01-01;2020-02;2020-06;2021-06;;;;;;75007;PARIS;false;49;RUE DESGRANGES;;MONTREUIL;93100;BR;64;;;;;65;4;1;1;1;1;;;false;false;false;0;1;1;7;false;false;false;false;false;9;false;false;false;false;false;false;false;1;1;0;1;0;0;0;0;0;0;0;0;1;0;0;0;0;61;141;0;61;0;0;0;0;0;0;0;0;0;0
11;Île-de-France;93;Seine-Saint-Denis;93048;PC;09304819B0166;5;2020-03-13;2020-12-16;;2019;2019-01-01;2020-03;2020-12;2020-12;41.10D;6541;SCCV MONTREUIL 2018;844280511;84428051100016;75004;PARIS;false;;;;;;;;;;;;0;4;1;1;1;3;;;false;false;false;3;2;1;7;false;false;false;false;false;9;false;false;false;false;false;false;false;15;0;15;0;0;0;15;0;1;7;4;3;0;0;0;0;0;0;872;0;0;0;602;0;0;602;0;0;0;0;0
11;Île-de-France;93;Seine-Saint-Denis;93048;PC;09304819B0169;5;2020-03-13;2021-03-15;;2019;2019-01-01;2020-05;2021-03;2021-03;68.10Z;5710;PREMIUM;532812955;53281295500013;93100;MONTREUIL;false;104;RUE CARNOT;;MONTREUIL;93100;BQ;209;;;;;0;4;1;1;1;2;;;false;false;false;3;2;1;7;false;false;false;false;false;9;false;false;false;false;false;false;false;4;4;0;0;4;0;0;0;0;0;0;0;4;0;0;0;0;0;488;0;0;0;0;0;0;0;0;0;0;0;0
11;Île-de-France;93;Seine-Saint-Denis;93048;PC;09304819B0172;5;2020-01-21;2020-05-13;;2019;2020-05-13;2020-01;2020-06;2020-06;;;;;;75011;PARIS;false;17 /1;RUE DU PLATEAU;;MONTREUIL;93100;V;22;;;;;264;4;2;5;1;1;;;false;false;false;1;2;1;7;false;false;false;false;false;9;false;false;false;false;false;false;false;1;1;0;1;0;0;0;0;0;0;1;0;0;0;0;0;0;143;80;0;0;0;0;0;0;0;0;0;0;0;0
11;Île-de-France;93;Seine-Saint-Denis;93048;PC;09304819B0185;5;2020-07-17;2021-06-11;;2019;2021-06-11;2020-07;2021-07;2021-07;;;;;;75007;PARIS;false;33;RUE DES CAILLOTS;;MONTREUIL;93100;AE;53;;;;;348;4;1;1;1;2;;;false;false;false;3;2;1;7;false;false;false;false;false;9;false;false;false;false;false;false;false;3;3;0;0;3;0;0;1;0;0;2;1;0;0;0;0;0;140;275;0;140;0;0;0;0;0;0;0;0;0;0
11;Île-de-France;93;Seine-Saint-Denis;93048;PC;09304819B0187;4;2020-01-21;;;2019;2019-01-01;2020-01;;2020-01;;;;;;93100;MONTREUIL;false;10;RUE DU SERGENT BOBILLOT;;MONTREUIL;93100;BL;165;BL;166;;;0;4;2;5;1;1;;;false;true;true;2;2;1;7;false;false;false;false;false;9;false;false;false;false;false;false;false;1;1;0;1;0;0;0;0;0;0;1;0;0;0;0;0;0;267;94;0;0;0;81;0;0;0;0;0;0;0;0
11;Île-de-France;93;Seine-Saint-Denis;93048;PC;09304819B0194;6;2020-11-10;2021-12-16;2025-02-10;2019;2019-01-01;2021-01;2022-01;2025-02;41.10A;5202;COGEDIM PARIS METROPOLE;319293916;31929391600049;75008;PARIS;false;198;RUE DE PARIS;;MONTREUIL;93100;AY;14;;;;;6065;4;1;3;1;3;4;5;true;false;false;6;4;1;7;false;false;false;false;false;9;false;false;false;false;false;false;false;116;0;116;0;0;0;116;0;8;27;45;30;6;0;37;0;0;1060;8095;188;872;188;2680;1328;273;2407;273;0;0;0;0
11;Île-de-France;93;Seine-Saint-Denis;93048;PC;09304819B0197;2;2020-08-10;;;2019;2019-01-01;2020-08;;2020-08;68.20B;6540;SCI MILORD;432797264;43279726400012;75015;PARIS;false;171;RUE DE PARIS;;MONTREUIL;93100;BH;98;;;;;0;4;2;5;1;1;;;false;true;true;5;3;1;7;false;false;false;false;false;9;false;false;false;false;false;false;false;1;1;0;1;0;0;0;0;0;1;0;0;0;0;0;0;0;583;79;0;17;0;170;0;0;0;0;0;0;0;0
11;Île-de-France;93;Seine-Saint-Denis;93048;PC;09304819B0198;5;2020-07-24;2021-05-03;;2019;2021-05-03;2020-07;2021-06;2021-06;;;;;;94460;VALENTON;false;92;AVENUE PASTEUR;;MONTREUIL;93100;AE;146;;;;;0;4;1;1;1;3;;;false;false;false;6;2;1;7;false;false;false;false;false;9;false;false;false;false;false;false;false;9;0;9;0;0;0;9;0;1;3;2;1;2;0;0;0;0;155;801;0;155;0;170;0;0;170;0;0;0;0;0
11;Île-de-France;93;Seine-Saint-Denis;93048;PC;09304819B0200;6;2020-01-22;2020-06-17;2021-06-11;2019;2019-01-01;2020-01;2020-06;2021-07;;;;;;93100;MONTREUIL;false;50;BIS RUE HOCHE;;MONTREUIL;93100;AL;80;;;;;463;4;1;1;1;1;;;false;false;false;0;1;1;7;false;false;false;false;false;9;false;false;false;false;false;false;false;1;1;0;1;0;0;0;1;0;0;0;0;0;0;0;0;0;52;281;0;52;0;0;0;0;0;0;0;0;0;0
11;Île-de-France;93;Seine-Saint-Denis;93048;PC;09304819B0201;5;2020-07-24;2021-11-01;;2019;2021-11-01;2020-07;2022-04;2022-04;68.32A;5499;FRATERNITE;482415205;48241520500012;75004;PARIS;false;8;BIS PLACE DE LA FRATERNITE;;MONTREUIL;93100;AY;1;;;;;230;4;1;1;1;3;;;false;false;false;6;3;1;7;false;false;false;false;false;9;false;false;false;false;false;false;false;3;0;3;0;0;0;3;0;0;0;0;1;0;2;3;0;0;0;618;0;0;0;367;90;0;367;0;0;0;0;0
11;Île-de-France;93;Seine-Saint-Denis;93048;PC;09304819B0204;6;2020-07-08;2021-10-01;2024-04-06;2019;2019-01-01;2020-07;2021-10;2024-04;;;;;;93110;ROSNY SOUS BOIS;false;223;BD THEOPHILE SUEUR;;MONTREUIL;93100;CG;259;;;;;122;4;2;3;1;1;4;8;false;true;false;1;3;1;7;false;false;false;false;false;9;false;false;false;false;false;false;false;1;1;0;1;0;0;0;0;0;1;0;0;0;0;0;0;0;0;69;0;0;0;109;0;62;47;62;0;0;0;0
11;Île-de-France;93;Seine-Saint-Denis;93048;PC;09304819B0205;5;2020-03-13;2021-01-04;;2019;2019-01-01;2020-03;2021-01;2021-01;68.10Z;5710;PREMIUM;532812955;53281295500013;93100;MONTREUIL;false;88 RU;ARAGO;;MONTREUIL;93100;BF;216;BF;217;;;458;4;2;3;1;3;1;8;false;false;false;0;2;1;7;false;false;false;false;false;9;false;false;false;false;false;false;false;3;0;3;0;0;0;3;0;0;0;0;3;0;0;0;0;0;114;216;236;0;0;288;0;0;52;236;0;0;0;0
11;Île-de-France;93;Seine-Saint-Denis;93048;PC;09304820B0008;4;2020-07-24;;;2020;2020-01-01;2020-07;;2020-07;;;;;;93100;MONTREUIL;false;73;RUE RAPATEL;;MONTREUIL;93100;BT;85;;;;;576;4;2;5;1;1;;;false;false;false;0;1;1;7;false;false;false;false;false;9;false;false;false;false;false;false;false;1;1;0;1;0;0;0;0;0;0;0;1;0;0;0;0;0;180;165;0;18;0;0;0;0;0;0;0;0;0;0
11;Île-de-France;93;Seine-Saint-Denis;93048;PC;09304820B0010;6;2020-03-13;2020-04-06;2020-11-01;2020;2020-01-01;2020-05;2024-05;2024-07;;;;;;93100;MONTREUIL;false;21;RUE POULIN;;MONTREUIL;93100;Y;204;;;;;0;4;2;4;1;1;1;3;false;false;false;0;1;1;7;false;false;false;false;false;9;false;false;false;false;false;false;false;1;1;0;1;0;0;0;0;0;0;0;0;0;0;0;0;0;0;0;156;0;0;225;0;0;45;156;156;0;0;0
11;Île-de-France;93;Seine-Saint-Denis;93048;PC;09304820B0014;5;2020-07-10;2021-04-01;;2020;2020-01-01;2020-07;2021-04;2021-04;;;;;;75019;PARIS;false;20;RUE GASTON COUTE;;MONTREUIL;93100;OY;214;;;;;0;4;1;1;1;1;;;false;false;false;0;1;1;7;false;false;false;false;false;9;false;false;false;false;false;false;false;1;1;0;1;0;0;0;1;0;0;0;0;1;0;0;0;0;68;178;0;68;0;0;0;0;0;0;0;0;0;0
11;Île-de-France;93;Seine-Saint-Denis;93048;PC;09304820B0015;6;2020-07-21;2021-10-08;2024-03-29;2020;2020-01-01;2020-07;2021-11;2024-04;41.10D;6541;ZANE ONE;848522173;84852217300014;33160;SAINT-AUBIN-DE-MEDOC;false;4;RUE JULES VERNE;;MONTREUIL;93100;J;199;;;;;0;4;1;1;1;3;;;false;false;false;3;2;3;7;false;false;false;false;false;9;false;false;false;false;false;false;false;18;0;18;0;0;0;18;1;18;0;0;0;0;0;0;0;0;86;415;0;86;0;0;0;0;0;0;0;0;0;0
11;Île-de-France;93;Seine-Saint-Denis;93048;PC;09304820B0021;2;2020-11-19;;;2020;2020-01-01;2020-11;;2020-11;68.20B;6540;SCI BOMA;434505632;43450563200019;93100;MONTREUIL;false;31 RU;PARIS;;MONTREUIL;93100;AR;141;;;;;100;4;2;5;1;3;;;false;false;false;0;3;1;7;false;false;false;false;false;9;false;false;false;false;false;false;false;3;0;3;0;0;0;3;0;0;1;2;0;0;0;0;0;0;74;158;0;0;0;56;0;0;0;0;0;0;0;0
11;Île-de-France;93;Seine-Saint-Denis;93048;PC;09304820B0022;2;2020-08-10;;;2020;2020-01-01;2021-02;;2021-02;;;;;;93100;MONTREUIL;false;7;RUE BEAUMARCHAIS;;MONTREUIL;93100;BL;17;;;;;80;4;2;5;1;1;;;false;false;false;0;1;1;7;false;false;false;false;false;9;false;false;false;false;false;false;false;1;1;0;1;0;0;0;0;0;0;1;0;0;0;0;0;0;0;46;0;0;0;0;0;0;0;0;0;0;0;0
11;Île-de-France;93;Seine-Saint-Denis;93048;PC;09304820B0030;4;2020-11-26;;;2020;2020-01-01;2020-11;;2020-11;;;;;;93190;LIVRY-GARGAN;false;182;BD DE LA BOISSIERE;;MONTREUIL;93100;D;95;D;94;;;801;4;1;1;1;3;;;false;false;false;4;4;1;7;false;false;false;false;false;9;false;false;false;false;false;false;false;6;0;6;0;0;0;6;0;0;4;2;0;0;0;0;0;0;440;466;0;0;0;16;162;0;0;0;0;0;0;0
11;Île-de-France;93;Seine-Saint-Denis;93048;PC;09304820B0031;6;2020-11-17;2022-07-05;2024-10-17;2020;2020-01-01;2020-11;2022-07;2024-11;68.20B;6540;SOCIETE CIVILE IMMOBILIERE DOUCET HOCHE;520605049;52060504900029;92100;BOULOGNE-BILLANCOURT;false;236-2;RUE DE PARIS;;MONTREUIL;93100;AY;58;AY;59;AY;60;0;4;1;1;1;3;;;false;false;false;6;2;1;7;false;false;false;false;false;9;false;false;false;false;false;false;false;32;0;32;0;0;0;32;0;4;5;13;9;1;0;0;0;0;765;2297;0;765;0;205;130;0;205;0;0;0;0;0
11;Île-de-France;93;Seine-Saint-Denis;93048;PC;09304820B0036;6;2020-07-13;2020-11-02;2022-08-15;2020;2020-01-01;2020-07;2020-11;2023-01;68.20B;6540;SCI SONIA;524047081;52404708100012;93100;MONTREUIL;false;1;RUE DE LA CAPSULERIE;;MONTREUIL;93100;AP;362;AP;349;;;88;4;1;1;1;1;;;false;false;false;0;1;1;7;false;false;false;false;false;9;false;false;false;false;false;false;false;1;1;0;1;0;0;0;0;0;1;0;0;0;0;0;0;0;0;50;0;0;0;0;0;0;0;0;0;0;0;0
11;Île-de-France;93;Seine-Saint-Denis;93048;PC;09304820B0038;6;2021-02-05;2022-05-30;2025-03-31;2020;2020-01-01;2021-02;2022-05;2025-07;68.20A;4140;OFFICE PUBLIC DE L'HABITAT MONTREUILLOIS;488777160;48877716000018;93100;MONTREUIL;false;40-42;RUE DES RUFFINS;;MONTREUIL;93100;CH;284;CH;48;CH;47;0;4;1;1;1;3;;;false;false;false;0;2;1;7;false;false;false;false;false;9;false;false;false;false;false;false;false;53;0;53;0;0;0;53;0;0;0;0;21;19;0;0;0;0;90;3673;0;90;0;0;105;0;0;0;0;0;0;0
11;Île-de-France;93;Seine-Saint-Denis;93048;PC;09304820B0043;4;2020-10-31;;;2020;2020-01-01;2020-11;;2020-11;;;;;;75017;PARIS;false;65;RUE DU DOCTEUR CALMETTE;;MONTREUIL;93100;AE;284;;;;;390;4;1;1;1;3;;;false;false;false;0;2;1;7;false;false;false;false;false;9;false;false;false;false;false;false;false;6;0;6;0;0;0;6;0;1;3;2;0;0;0;0;2;0;0;331;0;0;0;0;0;0;0;0;0;0;0;0
11;Île-de-France;93;Seine-Saint-Denis;93048;PC;09304820B0059;4;2020-10-02;;;2020;2020-01-01;2020-10;;2020-10;;;;;;93100;MONTREUIL;false;42 BI;RUE MOLIERE;;MONTREUIL;93100;BP;104;;;;;1050;4;2;5;1;1;;;true;true;true;0;1;1;7;false;false;false;false;false;9;false;false;false;false;false;false;false;1;1;0;1;0;0;0;0;0;0;0;0;0;0;0;0;0;82;228;0;82;0;0;0;0;0;0;0;0;0;0
11;Île-de-France;93;Seine-Saint-Denis;93048;PC;09304820B0062;6;2020-10-01;2021-05-17;2022-01-05;2020;2021-05-17;2020-10;2021-06;2022-05;;;;;;93100;MONTREUIL;false;9;RUE COLONEL DELORME;;MONTREUIL;93100;BI;89;;;;;322;4;2;5;1;3;;;false;true;true;3;2;1;7;false;false;false;false;false;9;false;false;false;false;false;false;false;2;0;2;0;0;0;2;0;1;0;1;0;0;0;0;0;0;291;189;0;0;0;0;0;0;0;0;0;0;0;0
11;Île-de-France;93;Seine-Saint-Denis;93048;PC;09304820B0063;5;2020-10-01;2020-12-01;;2020;2020-01-01;2020-10;2020-12;2020-12;;;;;;93100;MONTREUIL;false;9;BIS RUE DE NORMANDIE;;MONTREUIL;93100;C;220;;;;;0;4;1;1;1;3;;;false;false;false;4;2;1;7;false;false;false;false;false;9;false;false;false;false;false;false;false;4;1;3;0;1;0;3;2;0;3;0;1;0;0;0;0;0;102;247;0;102;0;0;0;0;0;0;0;0;0;0
11;Île-de-France;93;Seine-Saint-Denis;93048;PC;09304820B0065;5;2020-11-30;2022-08-10;;2020;2020-01-01;2020-11;2022-08;2022-08;68.20B;6540;SCI NORMONTREUIL;854045192;85404519200010;75011;PARIS;false;15-17;RUE DE NORMANDIE;;MONTREUIL;93100;C;191;C;75;;;0;4;1;1;1;3;;;false;false;false;5;3;1;7;false;false;false;false;false;9;false;false;false;false;false;false;false;22;0;22;0;0;0;22;2;9;2;6;4;1;0;8;0;0;347;1150;0;347;0;0;286;0;0;0;0;0;0;0
11;Île-de-France;93;Seine-Saint-Denis;93048;PC;09304820B0066;6;2020-07-24;2021-04-07;2023-06-12;2020;2021-04-07;2020-07;2021-05;2023-07;68.31Z;5499;J.L IMMOBILIER;378247027;37824702700055;75009;PARIS;false;78;RUE CONDORCET;;MONTREUIL;93100;BP;78;;;;;0;4;2;2;1;1;1;8;false;true;false;0;1;1;7;false;false;false;false;false;9;false;false;false;false;false;false;false;1;1;0;1;0;0;0;0;0;0;0;0;0;0;0;0;0;0;0;118;0;0;118;0;0;0;118;0;0;0;0
11;Île-de-France;93;Seine-Saint-Denis;93048;PC;09304820B0071;4;2020-11-10;;;2020;2020-01-01;2020-11;;2020-11;68.20B;6540;MAAN;849195193;84919519300016;92120;MONTROUGE;false;6;RUE DES ORMES;;MONTREUIL;93100;BT;213;;;;;442;4;2;3;1;2;3;1;false;true;false;3;1;1;7;false;false;false;false;false;9;false;false;false;false;false;false;false;2;2;0;0;2;0;0;0;0;1;1;0;0;0;0;0;0;221;204;0;0;61;229;530;61;46;0;0;0;0;0
11;Île-de-France;93;Seine-Saint-Denis;93048;PC;09304820B0078;6;2020-09-10;2021-04-09;2022-06-01;2020;2021-04-09;2020-09;2021-05;2022-07;68.20B;6540;SCI FOUGERE;499036952;49903695200020;93100;MONTREUIL;false;31;RUE  JULIETTE DODU;;MONTREUIL;93100;CQ;211;;;;;72;4;1;1;1;1;;;false;false;false;0;3;1;7;false;false;false;false;false;9;false;false;false;false;false;false;false;1;1;0;1;0;0;0;1;0;0;0;1;0;0;0;0;0;41;57;0;41;0;0;0;0;0;0;0;0;0;0
11;Île-de-France;93;Seine-Saint-Denis;93048;PC;09304820B0079;6;2021-01-26;2021-10-22;2026-02-24;2020;2020-01-01;2021-01;2021-11;2026-04;68.20A;5599;IMMOBILIERE 3F;552141533;55214153300018;75638;PARIS;false;10 ET;PLACE DE LA FRATERNITE;;MONTREUIL;93100;AX;2;AX;3;AX;104;0;4;1;1;1;3;;;false;false;false;5;3;1;7;false;false;false;false;false;9;false;false;false;false;false;false;false;32;0;32;0;0;0;32;0;1;11;11;7;2;0;32;0;0;175;2171;0;0;0;141;253;0;0;0;0;0;0;0
11;Île-de-France;93;Seine-Saint-Denis;93048;PC;09304820B0080;5;2020-10-01;2020-11-15;;2020;2020-01-01;2020-10;2021-03;2021-03;;;;;;93100;MONTREUIL;false;16;RUE CONDORCET;;MONTREUIL;93100;BU;50;;;;;0;4;1;1;1;1;;;false;false;false;0;1;1;7;false;false;false;false;false;9;false;false;false;false;false;false;false;1;1;0;1;0;0;0;0;0;0;0;0;0;0;0;0;0;21;39;0;21;0;0;0;0;0;0;0;0;0;0
11;Île-de-France;93;Seine-Saint-Denis;93048;PC;09304820B0081;2;2020-11-19;;;2020;2020-01-01;2020-11;;2020-11;68.20B;6540;SANEXI;534271184;53427118400010;93100;MONTREUIL;false;65;AVENUE DU PRESIDENT WILSON;;MONTREUIL;93100;BP;11;;;;;555;4;2;5;1;1;;;false;false;false;0;1;1;7;false;false;false;false;false;9;false;false;false;false;false;false;false;1;1;0;1;0;0;0;0;0;0;0;0;0;0;0;0;0;142;109;0;0;0;0;0;0;0;0;0;0;0;0
11;Île-de-France;93;Seine-Saint-Denis;93048;PC;09304820B0091;6;2021-01-08;2021-10-18;2023-03-31;2020;2020-01-01;2021-01;2023-05;2023-05;;;;;;93100;MONTREUIL;false;22;RUE DE LA REVOLUTION;;MONTREUIL;93100;BI;34;BI;248;BI;278;677;4;2;3;1;1;1;5;false;true;true;0;1;1;7;false;false;false;false;false;9;false;false;false;false;false;false;false;1;1;0;1;0;0;0;0;0;0;0;0;0;1;0;0;0;15;77;110;15;0;110;0;0;0;110;0;0;0;0
11;Île-de-France;93;Seine-Saint-Denis;93048;PC;09304820B0095;6;2020-10-22;2021-03-04;2023-03-17;2020;2020-01-01;2020-11;2021-03;2023-03;;;;;;94300;VINCENNES;false;59-61;BD JEANNE D'ARC;;MONTREUIL;93100;BR;159;BR;160;;;0;4;1;1;1;2;;;false;false;false;2;1;1;7;false;false;false;false;false;9;false;false;false;false;false;false;false;2;2;0;0;2;0;0;0;0;0;0;0;2;0;0;0;0;0;319;0;0;0;0;0;0;0;0;0;0;0;0
11;Île-de-France;93;Seine-Saint-Denis;93048;PC;09304820B0105;2;2020-12-15;;;2020;2020-01-01;2020-12;;2020-12;;;;;;75011;PARIS;false;68;RUE DE LA DEMI LUNE;;MONTREUIL;93100;K;75;;;;;244;4;1;1;1;1;;;false;false;false;0;1;1;7;false;false;false;false;false;9;false;false;false;false;false;false;false;1;1;0;1;0;0;0;1;0;0;0;0;1;0;0;0;0;79;210;0;0;0;0;0;0;0;0;0;0;0;0
11;Île-de-France;93;Seine-Saint-Denis;93048;PC;09304820B0107;6;2021-01-08;2022-03-02;2023-11-14;2020;2020-01-01;2021-01;2022-03;2024-01;;;;;;93110;ROSNY-SOUS-BOIS;false;4;RUE SAINT JUST;;MONTREUIL;93100;BY;78;BY;150;;;445;4;1;1;1;3;;;false;false;false;5;2;1;7;false;false;false;false;false;9;false;false;false;false;false;false;false;10;0;10;0;0;0;10;1;0;4;3;2;1;0;0;0;0;120;756;0;120;0;0;42;0;0;0;0;0;0;0
11;Île-de-France;93;Seine-Saint-Denis;93048;PC;09304820B0109;5;2021-03-02;2022-03-07;;2020;2022-03-07;2021-03;2022-05;2022-05;;;;;;31000;TOULOUSE;false;128;RUE BABEUF;;MONTREUIL;93100;CN;163;CN;161;CN;168;432;4;1;1;1;3;;;false;false;false;2;4;1;7;false;false;false;false;false;9;false;false;false;false;false;false;false;13;0;13;0;0;0;13;1;2;3;4;2;2;0;0;0;0;103;845;0;103;0;0;0;0;0;0;0;0;0;0
11;Île-de-France;93;Seine-Saint-Denis;93048;PC;09304820B0124;5;2021-05-24;2023-04-24;;2020;2020-01-01;2021-05;2023-05;2023-05;41.10D;6541;VILLA LES MERISIERS;889600391;88960039100011;69006;LYON;false;30;RUE DES CAILLOTS;;MONTREUIL;93100;AG;197;;;;;0;4;1;1;1;3;;;false;false;false;3;2;1;7;false;false;false;false;false;9;false;false;false;false;false;false;false;15;0;15;0;0;0;15;0;2;3;5;4;1;0;0;0;0;0;1008;0;0;0;0;0;0;0;0;0;0;0;0
11;Île-de-France;93;Seine-Saint-Denis;93048;PC;09304820B0130;4;2021-03-26;;;2020;2020-01-01;2021-04;;2021-04;68.20B;6540;MHBSF888;827453945;;93100;MONTREUIL;false;56;RUE DE ROMAINVILLE;;MONTREUIL;93100;U;23;;;;;0;4;1;1;1;1;;;false;false;false;0;1;1;7;false;false;false;false;false;9;false;false;false;false;false;false;false;1;1;0;1;0;0;0;0;0;0;0;0;0;1;0;0;0;36;166;0;36;0;0;0;0;0;0;0;0;0;0
11;Île-de-France;93;Seine-Saint-Denis;93048;PC;09304820B0131;4;2021-02-19;;;2020;2020-01-01;2021-02;;2021-02;;;;;;93100;MONTREUIL;false;84;RUE PARMENTIER;;MONTREUIL;93100;AT;124;;;;;217;4;1;1;1;1;;;false;false;false;0;1;1;7;false;false;false;false;false;9;false;false;false;false;false;false;false;1;1;0;1;0;0;0;0;0;0;0;0;0;1;0;0;0;0;403;0;0;0;0;0;0;0;0;0;0;0;0
11;Île-de-France;93;Seine-Saint-Denis;93048;PC;09304820B0133;2;2021-02-16;;;2020;2020-01-01;2021-02;;2021-02;;;;;;93100;MONTREUIL;false;22;RUE HONORE DE BALZAC;;MONTREUIL;93100;K;50;;;;;203;4;1;1;1;3;;;false;false;false;3;2;1;7;false;false;false;false;false;9;false;false;false;false;false;false;false;3;0;3;0;0;0;3;0;0;3;0;0;0;0;0;0;0;9;152;0;9;0;0;0;0;0;0;0;0;0;0
11;Île-de-France;93;Seine-Saint-Denis;93048;PC;09304820B0135;4;2021-02-16;;;2020;2020-01-01;2021-02;;2021-02;;;;;;;MONTREUIL;false;89;RUE ERNEST SAVART;;MONTREUIL;93100;AD;37;;;;;0;4;1;5;1;1;;;false;false;false;0;1;1;7;false;false;false;false;false;9;false;false;false;false;false;false;false;1;1;0;1;0;0;0;0;0;0;0;0;1;0;0;0;0;210;135;0;28;0;0;0;0;0;0;0;0;0;0
11;Île-de-France;93;Seine-Saint-Denis;93048;PC;09304820B0136;2;2021-05-03;;;2020;2020-01-01;2021-05;;2021-05;;;;;;75013;PARIS;false;17;RUE CLAUDE BERNARD;;MONTREUIL;93100;Q;175;;;;;0;4;1;1;1;1;;;false;false;false;0;1;1;5;false;false;false;false;true;9;false;false;false;false;false;false;false;1;1;0;1;0;0;0;0;0;0;0;0;0;1;0;0;0;0;84;0;0;0;0;0;0;0;0;0;0;0;0
11;Île-de-France;93;Seine-Saint-Denis;93048;PC;09304820B0143;6;2021-03-10;2022-07-27;2025-03-16;2020;2020-01-01;2021-04;2022-12;2025-06;;;;;;75017;PARIS;false;4;RUE DES GRADINS;;MONTREUIL;93100;AI;57;;;;;124;4;1;1;1;1;;;false;false;false;0;1;1;7;false;false;false;false;false;9;false;false;false;false;false;false;false;1;1;0;1;0;0;0;0;0;0;0;0;0;1;0;0;0;0;102;0;0;0;0;0;0;0;0;0;0;0;0
11;Île-de-France;93;Seine-Saint-Denis;93048;PC;09304820B0145;4;2021-03-09;2021-05-14;;2020;2020-01-01;2021-05;2021-06;2021-06;;;;;;93100;MONTREUIL;false;143 B;RUE DE ROSNY ANGLE AVENUE;;MONTREUIL;93100;T;117;;;;;903;4;2;3;1;3;2;1;true;false;false;3;3;1;7;false;false;false;false;false;9;false;false;false;false;false;false;false;7;0;7;0;0;0;7;0;0;1;6;0;0;0;2;0;0;356;27;69;0;69;52;0;52;0;52;52;0;0;0
11;Île-de-France;93;Seine-Saint-Denis;93048;PC;09304820B0152;6;2021-02-09;2021-07-20;2023-05-01;2020;2020-01-01;2021-02;2021-07;2023-05;;;;;;93100;MONTREUIL;false;35;BIS AVENUE PASTEUR;;MONTREUIL;93100;AL;166;;;;;0;4;2;6;1;2;;;false;false;false;2;1;1;7;false;false;false;false;false;9;false;false;false;false;false;false;false;2;2;0;0;2;0;0;0;0;0;0;0;2;0;0;0;0;59;225;0;0;0;272;0;0;272;0;0;0;0;0
11;Île-de-France;93;Seine-Saint-Denis;93048;PC;09304820B0155;6;2021-02-10;2022-03-14;2024-04-01;2020;2022-03-14;2021-02;2022-04;2024-11;;;;;;93100;MONTREUIL;false;42 BI;RUE MOLIERE;;MONTREUIL;93100;BP;104;;;;;1050;4;1;1;1;1;;;false;false;false;0;1;1;7;false;false;false;false;false;9;false;false;false;false;false;false;false;1;1;0;1;0;0;0;1;0;0;1;0;0;0;0;0;0;82;110;0;82;0;0;0;0;0;0;0;0;0;0
11;Île-de-France;93;Seine-Saint-Denis;93048;PC;09304820B0156;5;2021-03-18;2021-09-08;;2020;2021-09-08;2021-03;2022-06;2022-06;;;;;;93100;MONTREUIL;false;3;RUE GASTON COUTE;;MONTREUIL;93100;Y;199;Y;195;Y;196;0;4;1;1;1;2;;;false;false;false;0;1;1;7;false;false;false;false;false;9;false;false;false;false;false;false;false;3;3;0;0;3;0;0;0;2;0;0;0;0;1;0;0;0;0;257;0;0;0;0;0;0;0;0;0;0;0;0
11;Île-de-France;93;Seine-Saint-Denis;93048;PC;09304820B0158;6;2021-03-25;2021-03-29;2021-05-26;2020;2021-03-29;2021-03;2021-07;2021-07;;;;;;93100;MONTREUIL;false;8;RUE BEAUMARCHAIS;;MONTREUIL;93100;AS;47;;;;;0;4;2;3;1;1;1;5;false;false;false;2;2;1;7;false;false;false;false;false;9;false;false;false;false;false;false;false;1;1;0;1;0;0;0;0;0;0;0;0;0;0;0;0;0;0;29;79;0;0;105;0;0;6;79;0;0;0;0
11;Île-de-France;93;Seine-Saint-Denis;93048;PC;09304820B0162;2;2021-03-09;;;2020;2020-01-01;2021-03;;2021-03;;;;;;93100;MONTREUIL;false;6;RUE EMILE RAYNAUD;;MONTREUIL;93100;AE;280;;;;;0;4;1;1;1;1;;;false;false;false;0;1;1;7;false;false;false;false;false;9;false;false;false;false;false;false;false;1;1;0;1;0;0;0;0;0;0;0;0;0;1;0;0;0;0;176;0;0;0;0;0;0;0;0;0;0;0;0
11;Île-de-France;93;Seine-Saint-Denis;93048;PC;09304820B0164;6;2021-03-25;2021-04-12;2022-06-25;2020;2021-04-12;2021-03;2021-05;2022-08;68.20A;6540;SCI CHAPAUX;431440049;43144004900028;93100;MONTREUIL;false;11;TER RUE ROCHEBRUNE;;MONTREUIL;93100;T;155;;;;;0;4;2;4;1;1;1;5;false;false;false;0;1;1;7;false;false;false;false;false;9;false;false;false;false;false;false;false;1;1;0;1;0;0;0;0;0;0;0;1;0;0;0;0;0;0;0;227;0;0;521;0;0;31;227;0;0;0;0
11;Île-de-France;93;Seine-Saint-Denis;93048;PC;09304820B0168;5;2021-03-09;2024-02-02;;2020;2020-01-01;2021-03;2024-02;2024-02;;;;;;92700;COLOMBES;false;45;RUE JULES FERRY;;MONTREUIL;93100;AQ;42;;;;;268;4;1;1;1;1;;;false;false;false;0;1;1;7;false;false;false;false;false;9;false;false;false;false;false;false;false;1;1;0;1;0;0;0;1;0;0;0;0;1;0;0;0;0;26;194;0;26;0;68;0;0;68;0;0;0;0;0
11;Île-de-France;93;Seine-Saint-Denis;93048;PC;09304820B0174;6;2021-02-16;2022-02-12;2025-01-16;2020;2022-02-12;2021-02;2022-03;2025-01;;;;;;93100;MONTREUIL;false;135;AVENUE DU PRESIDENT SALVAD;;MONTREUIL;93100;C;38;;;;;0;4;1;1;1;1;;;false;false;false;0;1;1;7;false;false;false;false;false;9;false;false;false;false;false;false;false;1;1;0;1;0;0;0;1;0;0;0;1;0;0;0;0;0;100;229;0;100;0;0;0;0;0;0;0;0;0;0
11;Île-de-France;93;Seine-Saint-Denis;93048;PC;09304821B0001;6;2021-03-09;2021-11-15;2022-09-04;2021;2021-11-15;2021-03;2022-01;2022-10;;;;;;93100;MONTREUIL;false;27;SENTIER TORTUEUX;;MONTREUIL;93100;AD;294;AD;174;AD;295;0;4;1;1;1;1;;;false;false;false;0;1;1;7;false;false;false;false;false;9;false;false;false;false;false;false;false;1;1;0;1;0;0;0;0;0;0;0;0;0;1;0;0;0;113;131;0;0;0;0;0;0;0;0;0;0;0;0
11;Île-de-France;93;Seine-Saint-Denis;93048;PC;09304821B0004;4;2021-08-30;;;2021;2021-01-01;2021-09;;2021-09;68.20B;6540;SCI VERS LA VIE;834244600;83424460000013;78180;MONTIGNY LE BRETONNEUX;false;58;RUE NUNGESSER;;MONTREUIL;93100;CK;23;CK;24;CK;201;894;4;1;1;1;;;;false;false;false;2;3;1;2;false;true;false;false;false;5;false;false;false;false;true;false;false;0;0;0;0;0;0;0;2;0;0;0;0;0;0;0;0;0;292;595;0;292;0;0;832;0;0;0;0;0;0;0
11;Île-de-France;93;Seine-Saint-Denis;93048;PC;09304821B0021;5;2021-05-31;2022-09-01;;2021;2021-01-01;2021-06;2023-01;2023-01;68.20B;6540;V.S. IMMO;824712079;;93250;VILLEMOMBLE;false;195;BD DE LA BOISSIERE;;MONTREUIL;93100;C;114;;;;;240;4;1;1;1;3;;;false;false;false;0;3;1;7;false;false;false;false;false;9;false;false;false;false;false;false;false;2;0;2;0;0;0;2;1;0;1;0;1;0;0;0;0;0;0;159;0;0;0;0;0;0;0;0;0;0;0;0
11;Île-de-France;93;Seine-Saint-Denis;93048;PC;09304821B0022;6;2021-04-02;2021-12-28;2023-04-03;2021;2021-01-01;2021-04;2022-01;2023-05;;;;;;93100;MONTREUIL;false;79;RUE ALEXIS LEPERE;;MONTREUIL;93100;AC;114;;;;;172;4;1;1;1;1;;;false;false;false;0;1;1;7;false;false;false;false;false;9;false;false;false;false;false;false;false;1;1;0;1;0;0;0;0;0;0;0;0;1;0;0;0;0;0;138;0;0;0;0;0;0;0;0;0;0;0;0
11;Île-de-France;93;Seine-Saint-Denis;93048;PC;09304821B0025;6;2021-07-23;2023-05-22;2025-12-15;2021;2021-01-01;2021-07;2023-05;2025-12;68.20B;6540;KCS;812987386;81298738600016;95670;MARLY LA VILLE;false;28;RUE DE LA MULTUALITE;;MONTREUIL;93100;C;46;;;;;0;4;1;1;1;2;;;false;false;false;0;2;1;7;false;false;false;false;false;9;false;false;false;false;false;false;false;3;3;0;0;3;0;0;1;0;0;0;2;1;0;0;0;0;45;280;0;45;0;0;0;0;0;0;0;0;0;0
11;Île-de-France;93;Seine-Saint-Denis;93048;PC;09304821B0028;2;2021-06-22;;;2021;2021-01-01;2021-06;;2021-06;;;;;;93100;MONTREUIL;false;4;RUE DE LA MONTAGNE PIERREU;;MONTREUIL;93100;H;147;H;146;;;0;4;1;1;1;1;;;false;false;false;3;1;1;7;false;false;false;false;false;9;false;false;false;false;false;false;false;1;1;0;1;0;0;0;0;0;0;1;0;0;0;0;0;0;338;109;0;0;0;0;0;0;0;0;0;0;0;0
11;Île-de-France;93;Seine-Saint-Denis;93048;PC;09304821B0029;2;2021-08-18;;;2021;2021-01-01;2022-01;;2022-01;84.11Z;7210;COMMUNE DE DRANCY;219300290;21930029000018;93700;DRANCY;false;5;AVENUE FERDINAND BUISSON;;MONTREUIL;93100;Z;33;;;;;0;4;2;5;1;2;;;false;false;false;0;1;1;7;false;false;false;false;false;9;false;false;false;false;false;false;false;2;2;0;0;2;0;0;0;0;0;0;0;0;0;0;0;0;0;90;0;0;0;115;0;0;4;0;0;0;0;0
11;Île-de-France;93;Seine-Saint-Denis;93048;PC;09304821B0033;5;2021-08-18;2022-07-08;;2021;2021-01-01;2021-08;2022-07;2022-07;;;;;;93100;MONTREUIL;false;37;RUE DANTON;;MONTREUIL;93100;U;71;;;;;0;4;1;1;1;2;;;false;false;false;3;1;2;7;false;false;false;false;false;9;false;false;false;false;false;false;false;3;3;0;0;3;0;0;0;1;0;1;1;0;0;0;0;0;0;209;0;0;0;0;0;0;0;0;0;0;0;0
11;Île-de-France;93;Seine-Saint-Denis;93048;PC;09304821B0037;5;2021-07-23;2023-03-15;;2021;2021-01-01;2021-07;2023-03;2023-03;68.20B;6540;22 RAPATEL;891808818;89180881800019;75002;PARIS;false;22;RUE RAPATEL;;MONTREUIL;93100;BU;236;;;;;250;4;1;1;1;3;;;false;false;false;0;2;1;7;false;false;false;false;false;9;false;false;false;false;false;false;false;3;0;3;0;0;0;3;0;0;0;0;1;2;0;0;0;0;0;209;0;0;0;88;0;0;88;0;0;0;0;0
11;Île-de-France;93;Seine-Saint-Denis;93048;PC;09304821B0039;6;2021-08-26;2021-11-01;2025-03-18;2021;2021-01-01;2021-08;2021-11;2025-09;68.20A;6540;SCI LA BOISSIERE;380853796;38085379600015;93100;MONTREUIL;false;157 B;DE LA BOISSI RE;;MONTREUIL;93100;C;134;;;;;472;4;2;5;1;3;;;true;true;true;0;3;1;7;false;false;false;false;false;9;false;false;false;false;false;false;false;3;0;3;0;0;0;3;0;0;1;1;0;1;0;0;0;0;208;206;0;0;0;0;0;0;0;0;0;0;0;0
11;Île-de-France;93;Seine-Saint-Denis;93048;PC;09304821B0041;6;2021-06-21;2022-07-01;2024-01-20;2021;2021-01-01;2021-06;2022-07;2024-02;;;;;;93100;MONTREUIL;false;7;RUE DENIS COUTURIER;;MONTREUIL;93100;AP;306;;;;;422;4;2;3;1;2;1;5;true;true;false;0;1;1;7;false;false;false;false;false;9;false;false;false;false;false;false;false;2;2;0;0;2;0;0;0;1;1;0;0;0;0;0;0;0;214;173;16;114;0;36;127;0;0;16;0;0;0;0
11;Île-de-France;93;Seine-Saint-Denis;93048;PC;09304821B0042;5;2021-05-17;2021-07-19;;2021;2021-07-19;2021-06;2021-08;2021-08;;;;;;75011;PARIS;false;16;RUE DENIS COUTURIER;;MONTREUIL;93100;AP;91;;;;;0;4;1;1;1;1;;;false;false;false;0;1;1;7;false;false;false;false;false;9;false;false;false;false;false;false;false;1;1;0;1;0;0;0;1;0;0;0;1;0;0;0;0;0;63;94;0;63;0;0;0;0;0;0;0;0;0;0
11;Île-de-France;93;Seine-Saint-Denis;93048;PC;09304821B0046;2;2021-07-23;;;2021;2021-01-01;2021-07;;2021-07;;;;;;93100;MONTREUIL;false;4;RUE DU SOLITAIRE;;MONTREUIL;93100;AL;117;AL;119;AL;238;0;4;1;1;1;1;;;false;false;false;2;1;1;7;false;false;false;false;false;9;false;false;false;false;false;false;false;1;1;0;1;0;0;0;0;0;0;0;0;0;1;0;0;0;8;182;0;8;0;0;0;0;0;0;0;0;0;0
11;Île-de-France;93;Seine-Saint-Denis;93048;PC;09304821B0047;6;2021-07-23;2022-09-05;2023-08-26;2021;2023-08-26;2021-07;2022-11;2024-02;;;;;;93170;BAGNOLET;false;77;RUE PARMENTIER;;MONTREUIL;93100;AT;98;;;;;199;4;1;1;1;1;;;false;false;false;0;1;1;7;false;false;false;false;false;9;false;false;false;false;false;false;false;1;1;0;1;0;0;0;0;0;0;0;0;0;1;0;0;0;0;136;0;0;0;0;0;0;0;0;0;0;0;0
11;Île-de-France;93;Seine-Saint-Denis;93048;PC;09304821B0051;4;2021-07-16;;;2021;2021-01-01;2021-07;;2021-07;68.20B;6599;PIERVIC PATRIMOINE;844198044;84419804400019;94170;LE PERREUX-SUR-MARNE;false;13;BOULEVARD JEANNE D'ARC;;MONTREUIL;93100;BT;68;;;;;0;4;2;5;1;3;;;false;true;true;0;3;1;7;false;false;false;false;false;9;false;false;false;false;false;false;false;2;0;2;0;0;0;2;0;0;0;1;0;1;0;0;0;0;468;121;0;63;0;0;0;0;0;0;0;0;0;0
11;Île-de-France;93;Seine-Saint-Denis;93048;PC;09304821B0055;6;2021-07-23;2022-11-05;2023-12-20;2021;2021-01-01;2021-07;2022-11;2024-07;;;;;;93100;MONTREUIL;false;18;RUE DES NEFLIERS;;MONTREUIL;93100;T;110;;;;;0;4;1;1;1;2;;;false;false;false;2;3;1;7;false;false;false;false;false;9;false;false;false;false;false;false;false;2;2;0;0;2;0;0;0;0;0;1;1;0;0;0;0;0;0;180;0;0;0;0;0;0;0;0;0;0;0;0
11;Île-de-France;93;Seine-Saint-Denis;93048;PC;09304821B0056;2;2021-08-27;;;2021;2021-01-01;2021-09;;2021-09;68.20B;6599;SCI ANGELO;790741235;;77230;DAMMARTINEN GOELLE;false;83;RUE DE LA SOLIDARITE;;MONTREUIL;93100;BR;31;;;;;0;4;2;2;1;1;1;5;false;false;false;0;2;1;7;false;false;false;false;false;9;false;false;false;false;false;false;false;1;1;0;1;0;0;0;0;0;0;1;0;0;0;0;0;0;0;0;49;0;0;49;0;0;0;49;0;0;0;0
11;Île-de-France;93;Seine-Saint-Denis;93048;PC;09304821B0057;5;2021-07-09;2022-07-01;;2021;2021-01-01;2021-07;2022-11;2022-11;;;;;;75018;PARIS;false;92;RUE GASTON LAURIAU;;MONTREUIL;93100;BT;308;;;;;0;4;1;1;1;1;;;false;false;false;0;1;1;7;false;false;false;false;false;9;false;false;false;false;false;false;false;1;1;0;1;0;0;0;0;0;0;0;0;0;1;0;0;0;0;130;0;0;0;0;0;0;0;0;0;0;0;0
11;Île-de-France;93;Seine-Saint-Denis;93048;PC;09304821B0058;6;2021-07-23;2022-04-25;2024-12-03;2021;2022-04-25;2022-01;2022-04;2024-12;;;;;;75020;PARIS;false;9-11;RUE CONDORCET;;MONTREUIL;93100;BU;114;;;;;0;4;2;4;1;1;1;5;false;false;false;2;3;1;7;false;false;false;false;false;9;false;false;false;false;false;false;false;1;1;0;1;0;0;0;0;0;0;0;1;0;0;0;0;0;104;94;168;0;0;264;0;0;96;168;0;0;0;0
11;Île-de-France;93;Seine-Saint-Denis;93048;PC;09304821B0061;6;2021-09-17;2022-03-25;2024-06-27;2021;2021-01-01;2021-09;2022-04;2024-07;41.10A;5202;COGEDIM PARIS METROPOLE;319293916;31929391600056;75002;PARIS;false;48;RUE DOUY DELCUPE;;MONTREUIL;93100;BL;48;BL;44;;;0;4;1;1;1;3;;;false;false;false;6;2;1;7;false;false;false;false;false;9;false;false;false;false;false;false;false;24;0;24;0;0;0;24;0;2;6;8;5;3;0;0;0;0;0;1789;0;0;0;991;449;0;991;0;0;0;0;0
11;Île-de-France;93;Seine-Saint-Denis;93048;PC;09304821B0063;5;2021-08-23;2021-12-15;;2021;2021-01-01;2021-08;2022-01;2022-01;68.20A;5599;IMMOBILIERE 3F;552141533;55214153300018;75638;PARIS;false;22;RUE DES FEDERES;;MONTREUIL;93100;BJ;111;;;;;208;4;2;3;1;3;1;3;false;true;false;4;3;1;7;false;false;false;false;false;9;false;false;false;false;false;false;false;11;0;11;0;0;0;11;0;0;6;5;0;0;0;11;0;0;79;189;459;79;0;459;0;0;0;459;459;0;0;0
11;Île-de-France;93;Seine-Saint-Denis;93048;PC;09304821B0068;2;2021-08-17;;;2021;2021-01-01;2021-08;;2021-08;;;;;;93100;MONTREUIL;false;12;RUE DES HAIES FLEURIES;;MONTREUIL;93100;K;111;J;157;J;205;0;4;1;1;1;3;;;false;false;false;3;4;1;7;false;false;false;false;false;9;false;false;false;false;false;false;false;3;0;3;0;0;0;3;1;0;0;3;0;0;0;0;0;0;30;127;0;30;0;0;0;0;0;0;0;0;0;0
11;Île-de-France;93;Seine-Saint-Denis;93048;PC;09304821B0074;4;2021-07-23;;;2021;2021-01-01;2021-07;;2021-07;68.10Z;5499;S.A.J;477667505;47766750500010;91480;VARENNES JARCY;false;19;RUE DE LA MARE A L ANE;;MONTREUIL;93100;CD;68;CD;218;CD;476;0;4;1;1;1;4;;;false;false;false;3;2;1;7;false;false;false;false;false;1;true;false;false;false;false;false;false;19;0;19;0;0;19;0;1;13;0;3;3;0;0;13;0;0;107;863;0;107;0;0;0;0;0;0;0;0;0;0
11;Île-de-France;93;Seine-Saint-Denis;93048;PC;09304821B0076;5;2021-10-26;2023-04-12;;2021;2021-01-01;2021-10;2023-05;2023-05;41.10D;6541;SCCV CHERE CATHERINE;919005074;91900507400019;93100;MONTREUIL;false;17;RUE CATHERINE PUIG;;MONTREUIL;93100;AY;26;;;;;0;4;1;1;1;3;;;false;false;false;5;2;1;7;false;false;false;false;false;9;false;false;false;false;false;false;false;13;0;13;0;0;0;13;0;1;2;6;3;1;0;3;0;0;0;1031;0;0;0;0;184;0;0;0;0;0;0;0
11;Île-de-France;93;Seine-Saint-Denis;93048;PC;09304821B0078;5;2021-12-15;2023-04-01;;2021;2021-01-01;2022-01;2023-05;2023-05;41.10D;6541;SCI MONTREUIL LES RESERVOIRS - BOULEVARD DE LA BOISSIERE;480556042;48055604200012;;LA MADELEINE CEDEX;false;;246-268 BOULEVARD DE LA BO;;MONTREUIL;93100;E;78;E;79;E;80;0;4;1;1;1;3;;;false;false;false;7;4;1;7;false;false;false;false;false;9;false;false;false;false;false;false;false;214;0;214;0;0;0;214;0;20;50;76;62;6;0;96;0;0;0;15118;0;0;0;0;1797;0;0;0;0;0;0;0
11;Île-de-France;93;Seine-Saint-Denis;93048;PC;09304821B0086;6;2021-11-05;2022-05-25;2022-11-28;2021;2022-05-25;2021-11;2022-06;2023-11;68.10Z;5710;CODOMUS;839322310;83932231000013;75007;PARIS;false;2;RUE BAUDIN;;MONTREUIL;93100;U;47;;;;;475;4;2;3;1;1;2;1;false;false;false;3;3;1;7;false;false;false;false;false;9;false;false;false;false;false;false;false;1;1;0;1;0;0;0;0;0;0;0;0;0;0;0;0;0;278;35;387;0;278;109;0;0;0;109;0;0;0;0
11;Île-de-France;93;Seine-Saint-Denis;93048;PC;09304821B0090;6;2021-11-29;2022-07-01;2025-07-18;2021;2021-01-01;2021-11;2022-07;2025-10;41.10D;6541;SCCV MONTREUIL 89 CHANZY;814451035;81445103500012;75008;PARIS;false;89;BOULEVARD CHANZY;;MONTREUIL;93100;AT;144;;;;;0;4;1;1;1;3;;;false;false;false;3;2;1;7;false;false;false;false;false;9;false;false;false;false;false;false;false;14;0;14;0;0;0;14;0;1;6;2;5;0;0;14;0;0;0;965;0;0;0;280;63;0;280;0;0;0;0;0
11;Île-de-France;93;Seine-Saint-Denis;93048;PC;09304821B0092;5;2021-09-17;2024-07-08;;2021;2021-01-01;2021-09;2024-07;2024-07;68.20B;6540;SCI MONTREUIL & CO;828095372;82809537200011;75005;PARIS;false;9;RUE MOLIERE;;MONTREUIL;93100;BO;364;;;;;0;4;2;5;1;3;;;false;true;false;5;3;1;7;false;false;false;false;false;9;false;false;false;false;false;false;false;8;0;8;0;0;0;8;0;0;4;4;0;0;0;0;0;0;0;679;0;0;0;957;0;0;88;0;0;0;0;0
11;Île-de-France;93;Seine-Saint-Denis;93048;PC;09304821B0099;4;2021-09-17;2022-03-23;;2021;2022-03-23;2021-09;2022-05;2022-05;;;;;;91230;MONTGERON;false;77;RUE PARMENTIER;;MONTREUIL;93100;AT;98;AT;99;;;0;4;1;1;1;1;;;false;false;false;0;1;1;1;true;false;false;false;false;9;false;false;false;false;false;false;false;1;1;0;1;0;0;0;0;0;0;0;0;0;1;0;0;0;0;234;0;0;0;0;0;0;0;0;0;0;0;0
11;Île-de-France;93;Seine-Saint-Denis;93048;PC;09304821B0101;4;2021-10-14;;;2021;2021-01-01;2021-10;;2021-10;;;;;;93100;MONTREUIL;false;22;RUE DE LA  DEFENSE;;MONTREUIL;93100;CR;106;;;;;276;4;2;5;1;1;;;false;false;false;0;1;1;7;false;false;false;false;false;9;false;false;false;false;false;false;false;1;1;0;1;0;0;0;1;0;0;0;0;0;0;0;0;0;55;38;0;17;0;0;0;0;0;0;0;0;0;0
11;Île-de-France;93;Seine-Saint-Denis;93048;PC;09304821B0102;6;2022-01-10;2023-09-18;2023-09-18;2021;2021-01-01;2022-01;2023-09;2023-09;41.10D;6541;SCI MONTREUIL LES RESERVOIRS - BOULEVARD DE LA BOISSIERE;480556042;48055604200012;59562;LA  MADELEINE CEDEX;false;;RUE FRANTZ FANON / RUE SIM;;MONTREUIL;93100;E;66;E;361;E;67;5709;4;1;1;1;3;;;false;false;false;7;2;1;7;false;false;false;false;false;9;false;false;false;false;false;false;false;80;0;80;0;0;0;80;0;4;25;26;18;7;0;21;0;0;0;5594;0;0;0;0;180;0;0;0;0;0;0;0
11;Île-de-France;93;Seine-Saint-Denis;93048;PC;09304821B0110;4;2021-10-26;;;2021;2021-01-01;2021-10;;2021-10;;;;;;93100;MONTREUIL;false;26;BD JEANNE D ARC;;MONTREUIL;93100;BT;23;BT;24;BT;25;1588;4;2;3;1;3;1;3;false;true;true;2;2;1;7;false;false;false;false;false;9;false;false;false;false;false;false;false;2;0;2;0;0;0;2;0;2;0;0;0;0;0;0;0;0;830;53;7;0;0;647;0;0;0;7;7;0;0;0
11;Île-de-France;93;Seine-Saint-Denis;93048;PC;09304821B0113;6;2021-11-09;2022-12-09;2024-09-09;2021;2021-01-01;2021-11;2022-12;2025-07;68.20A;9220;FREHA;383349107;38334910700045;92110;CLICHY LA GARENNE;false;24;RUE HENRI WALLON;;MONTREUIL;93100;CE;221;;;;;0;4;1;1;1;3;;;false;false;false;0;2;1;7;false;false;false;false;false;9;false;false;false;false;false;false;false;8;0;8;0;0;0;8;0;2;6;0;0;0;0;8;0;0;0;278;0;0;0;0;0;0;0;0;0;0;0;0
11;Île-de-France;93;Seine-Saint-Denis;93048;PC;09304821B0118;5;2021-11-02;2022-06-20;;2021;2022-06-20;2022-01;2022-06;2022-06;;;;;;75011;PARIS;false;14;RUE DE LA POINTE;;MONTREUIL;93100;V;194;;;;;237;4;1;5;1;1;;;false;false;false;0;1;1;7;false;false;false;false;false;9;false;false;false;false;false;false;false;1;1;0;1;0;0;0;0;0;0;0;0;0;0;0;0;0;33;116;0;24;0;0;0;0;0;0;0;0;0;0
11;Île-de-France;93;Seine-Saint-Denis;93048;PC;09304821B0133;2;2022-01-18;;;2021;2021-01-01;2022-01;;2022-01;68.10Z;5499;LA PARISIENNE;888932845;88893284500017;94000;CRETEIL;false;192-1;RUE DE PARIS;;MONTREUIL;93100;AY;12;;;;;687;4;2;3;1;3;3;1;false;true;false;4;2;1;7;false;false;false;false;false;9;false;false;false;false;false;false;false;9;0;9;0;0;0;9;0;4;3;2;0;0;0;0;0;0;354;373;0;0;38;71;38;38;0;0;0;0;0;0
11;Île-de-France;93;Seine-Saint-Denis;93048;PC;09304821B0134;4;2021-12-31;;;2021;2021-01-01;2022-01;;2022-01;;;;;;75003;PARIS;false;21 BI;RUE DANTON;;MONTREUIL;93100;U;64;U;154;;;21;4;1;1;1;1;;;false;false;false;0;3;1;5;false;false;false;false;true;9;false;false;false;false;false;false;false;1;1;0;1;0;0;0;0;0;0;0;0;0;1;0;0;0;248;218;0;0;0;0;0;0;0;0;0;0;0;0
11;Île-de-France;93;Seine-Saint-Denis;93048;PC;09304821B0144;2;2021-12-02;;;2021;2021-01-01;2022-01;;2022-01;68.20B;6540;SCI APYS 26;809436074;80943607400011;75018;PARIS;false;37-39;RUE DE NORMANDIE;;MONTREUIL;93100;C;226;;;;;0;4;1;1;1;3;;;false;false;false;3;2;1;7;false;false;false;false;false;9;false;false;false;false;false;false;false;7;0;7;0;0;0;7;1;0;2;3;2;0;0;0;0;0;60;471;0;60;0;0;0;0;0;0;0;0;0;0
11;Île-de-France;93;Seine-Saint-Denis;93048;PC;09304821B0145;4;2021-12-16;;;2021;2021-01-01;2022-01;;2022-01;;;;;;93340;LE RAINCY;false;55;RUE ROCHEBRUNE;;MONTREUIL;93100;T;272;;;;;223;4;1;1;1;3;;;false;false;false;3;2;1;7;false;false;false;false;false;9;false;false;false;false;false;false;false;3;0;3;0;0;0;3;0;0;0;3;0;0;0;0;0;0;0;189;0;0;0;0;0;0;0;0;0;0;0;0
11;Île-de-France;93;Seine-Saint-Denis;93048;PC;09304821B0146;4;2021-11-02;;;2021;2021-01-01;2021-11;;2021-11;;;;;;93100;MONTREUIL;false;11;RUE JULES FERY;;MONTREUIL;93100;AQ;112;;;;;229;4;2;4;1;1;1;5;false;false;false;0;1;1;2;false;true;false;false;false;9;false;false;false;false;false;false;false;1;1;0;1;0;0;0;0;0;0;0;0;1;0;0;0;0;101;69;200;9;89;184;0;0;73;111;0;0;0;0
11;Île-de-France;93;Seine-Saint-Denis;93048;PC;09304821B0148;4;2022-01-10;;;2021;2021-01-01;2022-01;;2022-01;;;;;;75020;PARIS;false;98;RUE DE ROMAINVILLE / ET  4;;MONTREUIL;93100;O;86;;;;;289;4;2;4;1;2;1;5;true;true;false;0;1;1;7;false;false;false;false;false;9;false;false;false;false;false;false;false;2;2;0;0;2;0;0;0;0;0;0;0;0;0;0;0;0;0;41;146;0;0;302;0;0;129;146;0;0;0;0
11;Île-de-France;93;Seine-Saint-Denis;93048;PC;09304821B0154;6;2021-10-26;2022-02-01;2025-05-30;2021;2021-01-01;2021-10;2022-02;2025-07;68.20B;6540;SCI JEAN;891254799;89125479900010;75016;PARIS;false;34;RUE DES GRAVIERS;;MONTREUIL;93100;Y;380;Y;383;Y;386;0;4;1;1;1;3;;;true;false;false;3;3;1;7;false;false;false;false;false;9;false;false;false;false;false;false;false;3;0;3;0;0;0;3;1;0;0;3;0;0;0;0;0;0;146;249;0;146;0;0;196;0;0;0;0;0;0;0
11;Île-de-France;93;Seine-Saint-Denis;93048;PC;09304821B0158;5;2021-12-06;2022-02-28;;2021;2022-02-28;2022-02;2022-03;2022-03;;;;;;93100;MONTREUIL;false;18;RUE JULIETTE DODU;;MONTREUIL;93100;CR;339;CR;341;;;96;4;2;5;1;1;;;true;true;false;2;1;1;7;false;false;false;false;false;9;false;false;false;false;false;false;false;1;1;0;1;0;0;0;0;0;0;0;0;1;0;0;0;0;93;74;0;48;0;0;0;0;0;0;0;0;0;0
11;Île-de-France;93;Seine-Saint-Denis;93048;PC;09304821B0160;6;2022-03-22;2022-05-23;2023-09-22;2021;2021-01-01;2022-03;2022-07;2023-10;68.20B;5710;ARBAGE;883096620;88309662000017;78120;RAMBOUILLET;false;35;RUE DIDEROT;;MONTREUIL;93100;BI;192;;;;;0;4;2;5;1;3;;;false;true;false;0;4;1;7;false;false;false;false;false;9;false;false;false;false;false;false;false;2;0;2;0;0;0;2;0;0;0;2;0;0;0;0;0;0;173;58;0;0;0;452;242;0;42;0;0;0;0;0
11;Île-de-France;93;Seine-Saint-Denis;93048;PC;09304821B0162;5;2021-11-23;2022-05-18;;2021;2021-01-01;2021-11;2022-05;2022-05;;;;;;93100;MONTREUIL;false;21 RU;DE L'HERMITAGE;;MONTREUIL;93100;P;112;;;;;298;4;1;1;1;2;;;false;false;false;3;1;1;7;false;false;false;false;false;9;false;false;false;false;false;false;false;2;2;0;0;2;0;0;0;0;0;0;1;0;1;0;0;0;0;304;0;0;0;0;0;0;0;0;0;0;0;0
11;Île-de-France;93;Seine-Saint-Denis;93048;PC;09304821B0166;5;2021-12-10;2022-02-16;;2021;2022-02-16;2022-01;2022-03;2022-03;68.20A;6540;GREEN CAP;897950978;89795097800014;75020;PARIS;false;41;RUE DE LA RENARDIERE;;MONTREUIL;93100;C;114;;;;;240;4;2;5;1;1;;;false;false;false;0;3;1;7;false;false;false;false;false;9;false;false;false;false;false;false;false;1;1;0;1;0;0;0;0;0;0;0;1;0;0;0;0;0;156;88;0;9;0;0;0;0;0;0;0;0;0;0
11;Île-de-France;93;Seine-Saint-Denis;93048;PC;09304821B0173;4;2022-02-02;;;2021;2021-01-01;2022-02;;2022-02;;;;;;94300;VINCENNES;false;42;RUE DIDEROT;;MONTREUIL;93100;BI;204;BI;204;;;871;4;1;5;1;1;;;false;true;true;0;1;1;7;false;false;false;false;false;9;false;false;false;false;false;false;false;1;1;0;1;0;0;0;0;0;0;1;0;0;0;0;0;0;50;70;0;10;0;0;0;0;0;0;0;0;0;0
11;Île-de-France;93;Seine-Saint-Denis;93048;PC;09304821B0181;6;2022-01-18;2022-11-14;2024-03-27;2021;2021-01-01;2022-01;2022-11;2024-06;;;;;;94120;FONTENAY-SOUS-BOIS;false;4;IMPASSE DU GRAND AIR;;MONTREUIL;93100;CK;84;;;;;270;4;1;1;1;1;;;false;false;false;0;1;1;7;false;false;false;false;false;9;false;false;false;false;false;false;false;1;1;0;1;0;0;0;1;0;0;0;0;1;0;0;0;0;63;149;0;63;0;0;0;0;0;0;0;0;0;0
11;Île-de-France;93;Seine-Saint-Denis;93048;PC;09304821B0182;5;2022-06-10;2024-10-30;;2021;2021-01-01;2022-09;2024-11;2024-11;41.10D;6541;M83R;894688571;89468857100013;93100;MONTREUIL;false;83;RUE ROBESPIERRE;;MONTREUIL;93100;BE;71;;;;;0;4;1;1;1;3;;;false;false;false;6;2;1;7;false;false;false;false;false;9;false;false;false;false;false;false;false;8;0;8;0;0;0;8;1;1;2;3;0;1;1;0;0;0;190;659;0;190;0;0;40;0;0;0;0;0;0;0
11;Île-de-France;93;Seine-Saint-Denis;93048;PC;09304821B0186;5;2022-02-25;2023-06-05;;2021;2021-01-01;2022-02;2023-06;2023-06;68.10Z;5499;UZAN 93;883911422;88391142200011;75019;PARIS;false;16;RUE DANTON;;MONTREUIL;93100;AH;171;;;;;276;4;1;1;1;3;;;false;false;false;3;4;1;7;false;false;false;false;false;9;false;false;false;false;false;false;false;3;1;2;0;1;0;2;2;0;2;0;0;0;1;0;0;0;201;249;0;201;0;0;0;0;0;0;0;0;0;0
11;Île-de-France;93;Seine-Saint-Denis;93048;PC;09304821B0188;6;2022-03-22;2023-11-28;2026-06-12;2021;2021-01-01;2022-09;2023-12;2026-07;;;;;;75020;PARIS;false;49;RUE LEON LOISEAU;;MONTREUIL;93100;Z;227;;;;;205;4;1;1;1;1;;;false;false;false;0;1;1;4;false;false;false;true;false;9;false;false;false;false;false;false;false;1;1;0;1;0;0;0;0;0;0;0;1;0;0;0;0;0;0;90;0;0;0;0;0;0;0;0;0;0;0;0
11;Île-de-France;93;Seine-Saint-Denis;93048;PC;09304821B0189;4;2022-02-15;;;2021;2021-01-01;2022-02;;2022-02;68.20B;6540;A&S;824786495;82478649500013;93100;MONTREUIL;false;294;RUE DE ROSNY;;MONTREUIL;93100;CK;222;;;;;242;4;2;5;1;1;;;false;true;true;2;3;1;7;false;false;false;false;false;9;false;false;false;false;false;false;false;1;1;0;1;0;0;0;0;0;0;0;0;0;0;0;0;0;144;126;0;0;0;174;0;0;5;0;0;0;0;0
11;Île-de-France;93;Seine-Saint-Denis;93048;PC;09304821B0192;4;2022-02-23;;;2021;2021-01-01;2022-02;;2022-02;68.20A;6540;SCI DU DRAGON;447945874;;83300;DRAGUIGNAN;false;48-50;SENTIER DE LA FERME / 25 R;;MONTREUIL;93100;T;363;;;;;342;4;1;1;1;2;;;false;false;false;3;1;1;7;false;false;false;false;false;9;false;false;false;false;false;false;false;2;2;0;0;2;0;0;0;0;0;0;2;0;0;0;0;0;0;271;0;0;0;0;0;0;0;0;0;0;0;0
11;Île-de-France;93;Seine-Saint-Denis;93048;PC;09304821B0195;6;2022-01-18;2022-09-01;2024-09-13;2021;2021-01-01;2022-01;2022-09;2025-01;;;;;;93100;MONTREUIL;false;62;RUE EDOUARD BRANLY;;MONTREUIL;93100;I;58;;;;;0;4;1;1;1;1;;;false;false;false;0;1;1;7;false;false;false;false;false;9;false;false;false;false;false;false;false;1;1;0;1;0;0;0;0;0;0;0;0;0;0;0;0;0;0;106;0;0;0;0;0;0;0;0;0;0;0;0
11;Île-de-France;93;Seine-Saint-Denis;93048;PC;09304821B0197;5;2022-03-24;2022-07-05;;2021;2021-01-01;2022-03;2022-07;2022-07;68.20B;6540;SCI D'ATTRIBUTION 39 RUE DES DEUX COMMUNES;908172828;90817282800018;75015;PARIS;false;39;RUE DES DEUX COMMUNES / 1;;MONTREUIL;93100;BF;78;BF;79;;;489;4;1;3;1;3;1;5;false;true;true;5;3;1;7;false;false;false;false;false;9;false;false;false;false;false;false;false;9;0;9;0;0;0;9;0;0;0;0;0;0;0;0;0;0;0;557;250;0;0;550;33;0;300;250;0;0;0;0
11;Île-de-France;93;Seine-Saint-Denis;93048;PC;09304821B0198;2;2022-02-25;;;2021;2021-01-01;2022-02;;2022-02;;;;;;93100;MONTREUIL;false;25;RUE EMILE REYNAUD;;MONTREUIL;93100;AE;72;AE;244;AE;268;351;4;2;5;1;1;;;false;true;true;3;3;1;7;false;false;false;false;false;9;false;false;false;false;false;false;false;1;1;0;1;0;0;0;0;0;0;1;0;0;0;0;0;0;112;42;0;0;0;0;0;0;0;0;0;0;0;0
11;Île-de-France;93;Seine-Saint-Denis;93048;PC;09304821B0199;6;2022-01-12;2022-06-08;2025-09-19;2021;2021-01-01;2022-01;2022-07;2025-09;;;;;;93100;MONTREUIL;false;84;RUE PARMENTIER;;MONTREUIL;93100;AT;124;;;;;217;4;1;1;1;1;;;false;false;false;0;1;1;7;false;false;false;false;false;9;false;false;false;false;false;false;false;1;1;0;1;0;0;0;0;0;0;0;0;0;1;0;0;0;0;426;0;0;0;0;0;0;0;0;0;0;0;0
11;Île-de-France;93;Seine-Saint-Denis;93048;PC;09304821B0201;6;2022-04-06;2022-09-01;2024-02-23;2021;2021-01-01;2022-04;2022-10;2024-02;;;;;;93100;MONTREUIL;false;50;RUE COLMET LEPINAY;;MONTREUIL;93100;BQ;153;BQ;153;;;135;4;2;5;1;1;;;false;true;true;3;1;1;7;false;false;false;false;false;9;false;false;false;false;false;false;false;1;1;0;1;0;0;0;0;0;0;0;0;1;0;0;0;0;248;73;0;0;0;0;0;0;0;0;0;0;0;0
11;Île-de-France;93;Seine-Saint-Denis;93048;PC;09304821B0206;4;2022-05-06;;;2021;2021-01-01;2022-05;;2022-05;41.10A;6599;VITREUIL;909236150;90923615000019;92100;BOULOGNE-BILLANCOURT;false;78;RUE DE VITRY;;MONTREUIL;93100;AI;106;AI;106;;;258;4;2;3;1;2;1;5;false;true;true;3;2;1;7;false;false;false;false;false;9;false;false;false;false;false;false;false;3;3;0;0;3;0;0;0;0;0;0;0;3;0;0;0;0;0;130;242;0;0;476;58;86;66;328;86;0;0;0
11;Île-de-France;93;Seine-Saint-Denis;93048;PC;09304821B0211;4;2022-05-09;;;2021;2021-01-01;2022-05;;2022-05;66.30Z;5710;MCC;445222417;44522241700047;94700;MAISONS-ALFORT;false;81;RUE DE ROSNY;;MONTREUIL;93100;BY;36;BY;36;;;254;4;1;1;1;3;;;false;false;false;0;2;1;7;false;false;false;false;false;9;false;false;false;false;false;false;false;6;0;6;0;0;0;6;1;0;0;3;3;0;0;0;0;0;93;466;0;93;0;151;116;0;151;0;0;0;0;0
11;Île-de-France;93;Seine-Saint-Denis;93048;PC;09304821B0213;5;2022-02-25;2026-02-20;;2021;2021-01-01;2022-02;2026-02;2026-02;;;;;;92110;CLICHY;false;28;RUE DE LA MARE A L ANE;;MONTREUIL;93100;CD;479;CD;480;;;302;4;1;1;1;1;;;false;false;false;0;1;1;7;false;false;false;false;false;9;false;false;false;false;false;false;false;1;1;0;1;0;0;0;0;0;0;0;0;0;0;0;0;0;0;369;0;0;0;0;0;0;0;0;0;0;0;0
11;Île-de-France;93;Seine-Saint-Denis;93048;PC;09304821B0214;5;2022-02-15;2023-06-19;;2021;2021-01-01;2022-05;2023-08;2023-08;;;;;;93100;MONTREUIL;false;67;RUE PARMENTIER;;MONTREUIL;93100;AT;210;;;;;118;4;1;1;1;1;;;false;false;false;0;1;1;7;false;false;false;false;false;9;false;false;false;false;false;false;false;1;1;0;1;0;0;0;1;0;0;0;0;0;1;0;0;0;58;163;0;58;0;0;0;0;0;0;0;0;0;0
11;Île-de-France;93;Seine-Saint-Denis;93048;PC;09304821B0215;4;2022-01-18;;;2021;2021-01-01;2022-01;;2022-01;;;;;;75010;PARIS;false;12;RUE DES MESSIERS;;MONTREUIL;93100;AU;163;;;;;182;4;1;1;1;1;;;false;false;false;0;1;1;7;false;false;false;false;false;9;false;false;false;false;false;false;false;1;1;0;1;0;0;0;0;0;0;0;0;0;1;0;0;0;0;193;0;0;0;0;0;0;0;0;0;0;0;0
11;Île-de-France;93;Seine-Saint-Denis;93048;PC;09304821B0216;2;2022-05-19;;;2021;2021-01-01;2022-05;;2022-05;;;;;;93100;MONTREUIL;false;60;AV DU PRESIDENT WILSON;;MONTREUIL;93100;BO;93;;;;;275;4;2;5;1;1;;;false;false;false;0;1;1;7;false;false;false;false;false;9;false;false;false;false;false;false;false;1;1;0;1;0;0;0;0;0;0;1;0;0;0;0;0;0;70;121;0;0;0;0;0;0;0;0;0;0;0;0
11;Île-de-France;93;Seine-Saint-Denis;93048;PC;09304821B0219;5;2022-05-19;2024-03-29;;2021;2021-01-01;2022-05;2024-04;2024-04;;;;;;93100;MONTREUIL;false;148;RUE PIERRE DE CURIE;;MONTREUIL;93100;CR;198;;;;;0;4;1;1;1;1;;;false;false;false;0;1;1;7;false;false;false;false;false;9;false;false;false;false;false;false;false;1;1;0;1;0;0;0;0;0;0;0;0;1;0;0;0;0;0;137;0;0;0;0;0;0;0;0;0;0;0;0
11;Île-de-France;93;Seine-Saint-Denis;93048;PC;09304821B0221;6;2022-06-23;2024-04-15;2026-07-03;2021;2021-01-01;2022-07;2024-04;2026-07;;;;;;93100;MONTREUIL;false;25;RUE BEAUMARCHAIS;;MONTREUIL;93100;BL;32;;;;;514;4;1;1;1;1;;;false;false;false;0;1;1;7;false;false;false;false;false;9;false;false;false;false;false;false;false;1;1;0;1;0;0;0;0;0;0;0;0;1;0;0;0;0;36;144;0;36;0;0;0;0;0;0;0;0;0;0
11;Île-de-France;93;Seine-Saint-Denis;93048;PC;09304821B0222;5;2022-07-19;2023-07-03;;2021;2021-01-01;2022-07;2023-07;2023-07;70.10Z;6541;LP PROMOTION PERSICA;895306439;89530643900012;31000;TOULOUSE;false;32;RUE DE VILLIERS;;MONTREUIL;93100;AL;123;AL;37;AL;37;1421;4;1;1;1;3;;;false;false;false;6;2;1;7;false;false;false;false;false;9;false;false;false;false;false;false;false;29;0;29;0;0;0;29;0;1;11;9;5;3;0;0;0;0;0;1914;0;0;0;501;115;0;0;0;0;0;0;0
11;Île-de-France;93;Seine-Saint-Denis;93048;PC;09304821B0225;6;2022-03-22;2022-04-01;2025-10-31;2021;2021-01-01;2022-03;2022-08;2025-10;68.20B;6540;SCI LEAL IMMO;907777510;90777751000013;93100;MONTREUIL;false;6;RUE PIERRE JEAN DE BERANGE;;MONTREUIL;93100;CL;145;;;;;537;4;1;1;1;3;;;false;false;false;1;2;1;5;false;false;false;false;true;9;false;false;false;false;false;false;false;3;0;3;0;0;0;3;1;0;2;1;0;0;0;0;0;0;27;121;0;27;0;0;0;0;0;0;0;0;0;0
11;Île-de-France;93;Seine-Saint-Denis;93048;PC;09304821B0226;4;2022-04-29;;;2021;2021-01-01;2022-04;;2022-04;68.20A;5560;LES HABITATIONS POPULAIRES;575751656;57575165600076;93000;BOBIGNY;false;215;BOULEVARD THEOPHILE SUEUR;;MONTREUIL;93100;CG;232;CG;233;;;571;4;1;1;1;2;;;false;false;false;3;1;1;7;false;false;false;false;false;9;false;false;false;false;false;false;false;5;5;0;0;5;0;0;0;0;0;0;5;0;0;0;5;0;0;505;0;0;0;0;0;0;0;0;0;0;0;0
11;Île-de-France;93;Seine-Saint-Denis;93048;PC;09304821B0227;5;2022-05-31;2023-01-26;;2021;2021-01-01;2022-05;2023-02;2023-02;71.11Z;5499;AGNES & AGNES ARCHITECTURE;482809720;48280972000048;93100;MONTREUIL;false;61;RUE VICTOR HUGO;;MONTREUIL;93100;AK;269;;;;;203;4;1;1;1;3;;;false;false;false;3;3;1;7;false;false;false;false;false;9;false;false;false;false;false;false;false;3;0;3;0;0;0;3;0;0;1;1;1;0;0;0;0;0;0;258;0;0;0;0;0;0;0;0;0;0;0;0
11;Île-de-France;93;Seine-Saint-Denis;93048;PC;09304821B0233;5;2022-06-22;2023-07-17;;2021;2021-01-01;2022-06;2023-07;2023-07;55.90Z;5515;ADOMA;788058030;78805803009579;75013;PARIS;false;;81-83  RUE EDOUARD BRANLY;;MONTREUIL;93100;J;306;;;;;4673;4;1;1;1;2;;;false;false;false;4;3;1;7;false;false;false;false;false;9;false;false;false;false;false;false;false;160;160;0;0;160;0;0;106;160;0;0;0;0;0;160;0;0;3957;4089;0;3957;0;0;0;0;0;0;0;0;0;0
11;Île-de-France;93;Seine-Saint-Denis;93048;PC;09304821B0241;5;2022-06-29;2025-02-03;;2021;2021-01-01;2022-07;2025-02;2025-02;;;;;;93170;BAGNOLET;false;24;RUE GASTON LAURIAU;;MONTREUIL;93100;BU;29;BU;30;;;682;4;1;1;1;1;;;false;false;false;0;1;1;7;false;false;false;false;false;9;false;false;false;false;false;false;false;1;1;0;1;0;0;0;0;0;0;0;0;0;1;0;0;0;32;158;0;32;0;0;0;0;0;0;0;0;0;0
11;Île-de-France;93;Seine-Saint-Denis;93048;PC;09304822B0023;4;2022-05-04;;;2022;2022-01-01;2022-05;;2022-05;;;;;;92000;NANTERRE;false;62;RUE ERNEST SAVART ET 54 RU;;MONTREUIL;93100;AD;86;;;;;0;4;1;1;1;2;;;false;false;false;2;1;1;7;false;false;false;false;false;9;false;false;false;false;false;false;false;2;2;0;0;2;0;0;0;0;0;0;2;0;0;0;0;0;48;147;0;48;0;0;0;0;0;0;0;0;0;0
11;Île-de-France;93;Seine-Saint-Denis;93048;PC;09304822B0025;6;2022-05-27;2023-01-23;2023-09-22;2022;2022-01-01;2022-05;2023-01;2023-10;68.10Z;5710;IMMO SEVRES;897701652;89770165200017;75002;PARIS;false;121;RUE MOLIERE;;MONTREUIL;93100;BS;96;;;;;0;4;2;4;1;2;1;8;false;false;false;0;2;1;7;false;false;false;false;false;9;false;false;false;false;false;false;false;3;3;0;0;3;0;0;0;0;1;2;0;0;0;0;0;0;195;0;163;0;0;261;0;0;98;163;0;0;0;0
11;Île-de-France;93;Seine-Saint-Denis;93048;PC;09304822B0028;6;2022-07-11;2022-10-17;2023-08-01;2022;2022-01-01;2022-07;2023-05;2023-09;68.20B;6540;MAEL IMMO 2;892073503;89207350300021;94300;VINCENNES;false;29 BI;RUE GAMBETTA;;MONTREUIL;93100;BJ;211;BJ;211;;;110;4;2;5;1;3;;;false;true;false;4;3;1;7;false;false;false;false;false;9;false;false;false;false;false;false;false;4;0;4;0;0;0;4;0;0;3;1;0;0;0;0;0;0;145;97;0;2;0;0;46;0;0;0;0;0;0;0
11;Île-de-France;93;Seine-Saint-Denis;93048;PC;09304822B0035;2;2022-06-20;;;2022;2022-01-01;2022-07;;2022-07;68.20B;6540;KADIMMO;831274188;83127418800018;93310;LE PRE-SAINT-GERVAIS;false;66;RUE EDOUARD BRANLY;;MONTREUIL;93100;I;46;;;;;177;4;1;1;1;3;;;false;false;false;0;2;1;7;false;false;false;false;false;9;false;false;false;false;false;false;false;2;0;2;0;0;0;2;1;0;0;1;0;0;0;0;0;0;87;148;0;87;0;0;0;0;0;0;0;0;0;0
11;Île-de-France;93;Seine-Saint-Denis;93048;PC;09304822B0043;2;2022-11-25;;;2022;2022-01-01;2022-11;;2022-11;;;;;;93100;MONTREUIL;false;75;RUE DE LA NOUVELLE FRANCE;;MONTREUIL;93100;CJ;82;;;;;153;4;1;1;1;1;;;false;false;false;2;1;1;5;false;false;false;false;true;9;false;false;false;false;false;false;false;1;1;0;1;0;0;0;0;0;0;0;1;0;0;0;0;0;0;66;0;0;0;0;22;0;0;0;0;0;0;0
11;Île-de-France;93;Seine-Saint-Denis;93048;PC;09304822B0044;2;2022-11-02;;;2022;2022-01-01;2022-11;;2022-11;;;;;;93100;MONTREUIL;false;75;RUE DE LA  NOUVELLE FRANCE;;MONTREUIL;93100;CJ;82;;;;;152;4;1;1;1;1;;;false;false;false;2;3;1;7;false;false;false;false;false;9;false;false;false;false;false;false;false;1;1;0;1;0;0;0;0;0;0;0;0;0;0;0;0;0;0;67;0;0;0;0;23;0;0;0;0;0;0;0
11;Île-de-France;93;Seine-Saint-Denis;93048;PC;09304822B0045;2;2022-10-20;;;2022;2022-01-01;2022-10;;2022-10;68.20A;5499;LA NOUVELLE FRANCE;984266759;;91540;MENNECY;false;75;RUE DE LA NOUVELLE FRANCE;;MONTREUIL;93100;CJ;82;;;;;152;4;1;1;1;1;;;false;false;false;2;1;1;7;false;false;false;false;false;9;false;false;false;false;false;false;false;1;1;0;1;0;0;0;0;0;0;0;0;0;0;0;0;0;0;46;0;0;0;0;49;0;0;0;0;0;0;0
11;Île-de-France;93;Seine-Saint-Denis;93048;PC;09304822B0046;6;2022-06-10;2023-03-15;2025-11-12;2022;2022-01-01;2022-07;2023-03;2025-12;;;;;;93100;MONTREUIL;false;49 TE;RUE DE LA REVOLUTION;;MONTREUIL;93100;BI;65;;;;;41;4;2;3;1;1;2;1;false;true;false;0;1;1;7;false;false;false;false;false;9;false;false;false;false;false;false;false;1;1;0;1;0;0;0;0;0;1;0;0;0;0;0;0;0;37;53;37;0;37;0;0;0;0;0;0;0;0;0
11;Île-de-France;93;Seine-Saint-Denis;93048;PC;09304822B0047;6;2022-10-18;2024-06-17;2026-01-31;2022;2022-01-01;2022-10;2024-06;2026-02;41.10D;6541;AINSI 12 CARNOT;910831635;91083163500016;75016;PARIS;false;12;RUE CARNOT;;MONTREUIL;93100;BP;12;;;;;446;4;2;5;1;3;;;true;false;false;4;2;1;7;false;false;false;false;false;9;false;false;false;false;false;false;false;5;0;5;0;0;0;5;1;0;1;3;0;1;0;0;0;0;350;395;0;0;0;0;55;0;0;0;0;0;0;0
11;Île-de-France;93;Seine-Saint-Denis;93048;PC;09304822B0054;5;2022-07-11;2024-12-20;;2022;2022-01-01;2022-07;2025-01;2025-01;;;;;;93100;MONTREUIL;false;140;RUE ETIENNE MARCEL;;MONTREUIL;93100;AT;194;AT;131;;;234;4;1;1;1;1;;;true;true;false;0;1;1;7;false;false;false;false;false;9;false;false;false;false;false;false;false;1;1;0;1;0;0;0;0;0;0;0;0;1;0;0;0;0;136;86;0;0;0;0;0;0;0;0;0;0;0;0
11;Île-de-France;93;Seine-Saint-Denis;93048;PC;09304822B0055;6;2022-08-10;2023-06-07;2025-12-15;2022;2023-06-07;2022-08;2023-10;2026-01;68.20A;6540;SCI JARDINS DE MONTREUIL;884084229;88408422900019;95470;SURVILLIERS;false;28;RUE DE LA  MUTUALITE;;MONTREUIL;93100;C;46;;;;;0;4;1;1;1;2;;;false;false;false;0;2;1;7;false;false;false;false;false;9;false;false;false;false;false;false;false;2;2;0;0;2;0;0;0;0;0;0;0;0;2;0;0;0;0;236;0;0;0;0;0;0;0;0;0;0;0;0
11;Île-de-France;93;Seine-Saint-Denis;93048;PC;09304822B0059;6;2022-06-20;2023-03-23;2024-11-12;2022;2022-01-01;2022-07;2023-05;2025-05;;;;;;93100;MONTREUIL;false;60;RUE EDOUARD VAILLANT;;MONTREUIL;93100;BK;17;BK;19;;;269;4;1;5;1;1;;;true;true;false;0;1;1;7;false;false;false;false;false;9;false;false;false;false;false;false;false;1;1;0;1;0;0;0;0;0;0;1;0;0;0;0;0;0;153;210;0;87;0;0;0;0;0;0;0;0;0;0
11;Île-de-France;93;Seine-Saint-Denis;93048;PC;09304822B0070;2;2022-07-11;;;2022;2022-01-01;2022-07;;2022-07;;;;;;95100;ARGENTEUIL;false;11;RUE POULIN;;MONTREUIL;93100;Y;151;Y;150;Y;151;377;4;2;3;1;1;1;8;false;true;false;0;1;1;4;false;false;false;true;false;9;false;false;false;false;false;false;false;1;1;0;1;0;0;0;0;0;1;0;0;0;0;0;0;0;91;23;94;0;0;94;0;0;0;94;0;0;0;0
11;Île-de-France;93;Seine-Saint-Denis;93048;PC;09304822B0073;5;2022-07-26;2023-04-03;;2022;2022-01-01;2022-07;2023-05;2023-05;;;;;;93100;MONTREUIL;false;4 RUE;MARGUERITE      YOURCENAR;;MONTREUIL;93100;AI;32;;;;;0;4;2;3;1;1;1;5;false;false;false;3;1;1;7;false;false;false;false;false;9;false;false;false;false;false;false;false;1;1;0;1;0;0;0;0;0;0;1;0;0;0;0;0;0;5;79;5;5;0;100;0;0;0;5;0;0;0;0
11;Île-de-France;93;Seine-Saint-Denis;93048;PC;09304822B0079;5;2022-11-07;2024-12-11;;2022;2022-01-01;2022-12;2024-12;2024-12;41.10A;5547;BATIGERE MAISON FAMILIALE;357802032;35780203200049;57000;METZ;false;249;RUE DE ROSNY;;MONTREUIL;93100;I;10;;;;;3617;4;1;1;1;3;;;false;false;false;5;2;1;7;false;false;false;false;false;9;false;false;false;false;false;false;false;27;0;27;0;0;0;27;0;0;9;12;6;0;0;0;0;0;0;1852;0;0;0;0;36;0;0;0;0;0;0;0
11;Île-de-France;93;Seine-Saint-Denis;93048;PC;09304822B0081;2;2022-10-03;;;2022;2022-01-01;2022-10;;2022-10;68.10Z;5710;MGPARTNERS;535241871;53524187100016;84220;GORDES;false;3;RUE CONDORCET;;MONTREUIL;93100;BU;119;;;;;663;4;1;1;1;2;;;false;false;false;0;2;1;7;false;false;false;false;false;9;false;false;false;false;false;false;false;3;3;0;0;3;0;0;0;0;0;0;0;3;0;0;0;0;0;672;0;0;0;0;0;0;0;0;0;0;0;0
11;Île-de-France;93;Seine-Saint-Denis;93048;PC;09304822B0082;6;2022-11-25;2024-04-17;2025-12-16;2022;2022-01-01;2022-11;2024-04;2026-01;41.10D;6541;MONTREUIL 93 DELAVACQUERIE;922095294;92209529400018;75017;PARIS;false;32 RU;CHARLES  DELAVACQUERIE;;MONTREUIL;93100;CO;24;CO;24;CO;25;825;4;1;1;1;3;;;false;false;false;3;2;1;7;false;false;false;false;false;9;false;false;false;false;false;false;false;19;0;19;0;0;0;19;2;0;5;7;3;4;0;0;0;0;276;1413;0;276;0;0;50;0;0;0;0;0;0;0
11;Île-de-France;93;Seine-Saint-Denis;93048;PC;09304822B0083;5;2023-01-09;2025-01-06;;2022;2022-01-01;2023-01;2025-01;2025-01;68.20B;6540;SCI DES FRERES WEI;408737567;40873756700029;93100;MONTREUIL;false;30BIS;AVENUE PASTEUR;;MONTREUIL;93100;AF;255;AF;256;AF;255;242;4;1;1;1;3;;;false;false;false;6;3;1;7;false;false;false;false;false;9;false;false;false;false;false;false;false;8;0;8;0;0;0;8;0;3;0;3;2;0;0;0;0;0;0;579;0;0;0;240;103;0;240;0;0;0;0;0
11;Île-de-France;93;Seine-Saint-Denis;93048;PC;09304822B0084;4;2022-10-18;;;2022;2022-01-01;2022-10;;2022-10;68.10Z;5710;IMMO VENTURE INVEST;881842736;88184273600012;75005;PARIS;false;85;RUE DE LA DEMI-LUNE;;MONTREUIL;93100;C;24;;;;;404;4;2;5;1;3;;;true;true;false;2;2;1;7;false;false;false;false;false;9;false;false;false;false;false;false;false;2;0;2;0;0;0;2;0;0;0;0;0;2;0;0;0;0;203;135;0;12;0;0;0;0;0;0;0;0;0;0
11;Île-de-France;93;Seine-Saint-Denis;93048;PC;09304822B0091;5;2022-09-14;2023-07-18;;2022;2022-01-01;2022-11;2023-07;2023-07;68.20B;6540;SCI SOIKY;891973638;89197363800010;75019;PARIS;false;2;RUE EMILE BATAILLE;;MONTREUIL;93100;BR;218;;;;;0;4;1;1;1;2;;;false;false;false;0;1;1;7;false;false;false;false;false;9;false;false;false;false;false;false;false;3;3;0;0;3;0;0;0;0;0;0;0;0;0;0;0;0;0;398;0;0;0;220;0;0;0;0;0;0;0;0
11;Île-de-France;93;Seine-Saint-Denis;93048;PC;09304822B0093;5;2022-12-02;2024-09-19;;2022;2022-01-01;2022-12;2024-09;2024-09;41.20A;5710;MONTREUIL VOLTAIRE;892904111;89290411100028;75009;PARIS;false;65-65;RUE VOLTAIRE / 7 RUE DE RE;;MONTREUIL;93100;BG;84;BG;84;BG;85;2078;4;1;3;1;3;1;3;false;false;false;4;2;1;7;false;false;false;false;false;9;false;false;false;false;false;false;false;20;0;20;0;0;0;20;1;1;7;5;4;3;0;0;0;0;120;706;783;120;0;1356;522;0;270;783;783;0;0;0
11;Île-de-France;93;Seine-Saint-Denis;93048;PC;09304822B0094;5;2022-12-13;2024-11-15;;2022;2022-01-01;2022-12;2024-11;2024-11;41.10D;6541;SCCV MONTREUIL FAIDHERBE;823800180;82380018000023;75008;PARIS;false;10;AVENUE FAIDHERBE;;MONTREUIL;93100;AG;50;;;;;0;4;1;1;1;3;;;false;false;false;0;2;1;7;false;false;false;false;false;9;false;false;false;false;false;false;false;8;1;7;0;1;0;7;1;0;4;3;1;0;0;0;0;0;54;503;0;54;0;0;0;0;0;0;0;0;0;0
11;Île-de-France;93;Seine-Saint-Denis;93048;PC;09304822B0095;6;2022-09-15;2023-06-19;2024-06-06;2022;2022-01-01;2022-09;2023-06;2024-06;68.32A;6542;SCA CALMETTE;948011895;94801189500000;94430;CHENNEVIERES SUR MARNE;false;62;RUE ERNEST SAVART;;MONTREUIL;93100;AD;86;;;;;223;4;1;1;1;1;;;false;false;false;0;1;1;7;false;false;false;false;false;9;false;false;false;false;false;false;false;1;1;0;1;0;0;0;1;0;0;0;1;0;0;0;0;0;0;136;0;0;0;100;0;0;100;0;0;0;0;0
11;Île-de-France;93;Seine-Saint-Denis;93048;PC;09304822B0096;6;2022-10-11;2023-09-07;2025-12-18;2022;2022-01-01;2022-10;2023-09;2026-02;68.20A;4140;OFFICE PUBLIC DE L'HABITAT MONTREUILLOIS;488777160;48877716000018;93100;MONTREUIL;false;2 BIS;RUE JULES FERRY;;MONTREUIL;93100;AQ;360;;;;;17498;4;2;3;1;3;1;3;true;false;false;4;3;1;7;false;false;false;false;false;9;false;false;false;false;false;false;false;8;0;8;0;0;0;8;0;0;1;2;4;1;0;8;0;0;2924;109;593;0;0;665;0;0;0;593;593;0;0;0
11;Île-de-France;93;Seine-Saint-Denis;93048;PC;09304822B0097;6;2022-10-24;2022-10-24;2024-06-06;2022;2022-10-24;2022-10;2023-01;2024-06;68.32A;6542;SCA CALMETTE;948011895;94801189500000;94430;CHENNEVIERES SUR MARNE;false;54;RUE DU DOCTEUR CALMETTE;;MONTREUIL;93100;AD;86;;;;;223;4;1;1;1;1;;;false;false;false;0;1;1;7;false;false;false;false;false;9;false;false;false;false;false;false;false;1;1;0;1;0;0;0;0;0;0;0;1;0;0;0;0;0;0;136;0;0;0;0;0;0;0;0;0;0;0;0
11;Île-de-France;93;Seine-Saint-Denis;93048;PC;09304822B0108;6;2022-09-23;2024-06-12;2025-09-06;2022;2022-01-01;2022-09;2024-06;2025-10;;;;;;64110;GELOS;false;55BIS;AVENUE FAIDHERBE;;MONTREUIL;93100;AE;135;;;;;54;4;1;1;1;1;;;false;false;false;0;1;1;7;false;false;false;false;false;9;false;false;false;false;false;false;false;1;1;0;1;0;0;0;0;0;0;0;1;0;0;0;0;0;0;56;0;0;0;0;0;0;0;0;0;0;0;0
11;Île-de-France;93;Seine-Saint-Denis;93048;PC;09304822B0112;2;2022-12-23;;;2022;2022-01-01;2022-12;;2022-12;41.10D;6541;SCCV BOBILLOT;950987727;95098772700019;77242;CESSON CEDEX;false;6;RUE DU SERGENT BOBILLOT;;MONTREUIL;93100;BL;122;;;;;182;4;1;1;1;3;;;false;false;false;4;2;1;7;false;false;false;false;false;9;false;false;false;false;false;false;false;5;0;5;0;0;0;5;0;1;1;1;2;0;0;0;0;0;0;313;0;0;0;0;65;0;0;0;0;0;0;0
11;Île-de-France;93;Seine-Saint-Denis;93048;PC;09304822B0115;6;2022-09-15;2022-10-15;2023-02-09;2022;2022-01-01;2022-09;2023-06;2023-06;;;;;;93100;MONTREUIL;false;108;RUE DU MOULIN A VENT;;MONTREUIL;93100;Y;34;;;;;487;4;1;1;1;3;;;false;false;false;3;2;1;7;false;false;false;false;false;9;false;false;false;false;false;false;false;2;0;2;0;0;0;2;0;0;2;0;0;0;0;0;0;0;180;100;0;0;0;0;0;0;0;0;0;0;0;0
11;Île-de-France;93;Seine-Saint-Denis;93048;PC;09304822B0118;2;2022-09-23;;;2022;2022-01-01;2022-09;;2022-09;;;;;;77340;PONTAULT-COMBAULT;false;8;RUE MARGUERITE YOURCENAR;;MONTREUIL;93100;AI;262;;;;;0;4;2;3;1;1;1;8;false;false;true;2;1;1;7;false;false;false;false;false;9;false;false;false;false;false;false;false;1;1;0;1;0;0;0;0;0;0;0;0;0;1;0;0;0;0;88;239;0;0;256;0;0;17;239;0;0;0;0
11;Île-de-France;93;Seine-Saint-Denis;93048;PC;09304822B0119;2;2022-12-16;;;2022;2022-01-01;2022-12;;2022-12;41.20B;5710;MONTREUIL BEAUMARCHAIS SAS;890803141;89080314100013;75008;PARIS;false;40-48;RUE BEAUMARCHAIS;;MONTREUIL;93100;AS;194;AS;194;AS;197;3753;4;1;5;1;3;;;true;true;true;5;2;1;7;false;false;false;false;false;9;false;false;false;false;false;false;false;29;0;29;0;0;0;29;0;3;7;8;9;2;0;0;12;0;0;2122;0;0;0;1002;75;0;547;0;0;0;0;0
11;Île-de-France;93;Seine-Saint-Denis;93048;PC;09304822B0121;5;2023-01-05;2024-01-31;;2022;2022-01-01;2023-01;2024-02;2024-02;68.20B;5202;31 ROUGET DE L'ISLE;918326562;91832656200017;75017;PARIS;false;31;BD ROUGET DE LISLE;;MONTREUIL;93100;BO;58;BO;58;;;399;4;1;5;1;3;;;true;false;false;6;2;1;7;false;false;false;false;false;9;false;false;false;false;false;false;false;8;0;8;0;0;0;8;0;0;3;2;2;1;0;0;0;0;83;599;0;0;0;341;213;0;305;0;0;0;0;0
11;Île-de-France;93;Seine-Saint-Denis;93048;PC;09304822B0122;2;2022-12-19;;;2022;2022-01-01;2022-12;;2022-12;68.20B;6540;VACHON;822582631;82258263100013;93110;ROSNY SOUS BOIS;false;39-41;RUE DE LA    REPUBLIQUE;;MONTREUIL;93100;BG;203;;;;;226;4;1;1;1;2;;;false;false;false;4;2;1;7;false;false;false;false;false;9;false;false;false;false;false;false;false;2;2;0;0;2;0;0;0;0;0;0;0;2;0;0;0;0;0;298;0;0;0;0;198;0;0;0;0;0;0;0
11;Île-de-France;93;Seine-Saint-Denis;93048;PC;09304822B0126;4;2023-03-30;;;2022;2022-01-01;2023-07;;2023-07;68.10Z;5710;HEIR INVEST;438490070;43849007000051;75116;PARIS;false;3-5;RUE BEAUMARCHAIS;;MONTREUIL;93100;BL;152;;;;;865;4;2;3;1;3;1;3;false;true;false;4;3;1;7;false;false;false;false;false;9;false;false;false;false;false;false;false;5;0;5;0;0;0;5;0;1;1;1;1;0;0;0;0;0;0;410;95;0;0;1023;42;0;0;95;95;0;0;0
11;Île-de-France;93;Seine-Saint-Denis;93048;PC;09304822B0127;5;2023-01-30;2024-07-01;;2022;2022-01-01;2023-01;2024-07;2024-07;68.20B;5710;SAS RAMA;942649500;;;;false;12;BD PAUL VAILLANT COUTURIER;;MONTREUIL;93100;AF;136;;;;;466;4;1;1;1;3;;;false;false;false;5;2;1;7;false;false;false;false;false;9;false;false;false;false;false;false;false;15;0;15;0;0;0;15;0;0;7;5;3;0;0;0;0;0;0;910;0;0;0;0;396;0;0;0;0;0;0;0
11;Île-de-France;93;Seine-Saint-Denis;93048;PC;09304822B0130;2;2022-08-23;;;2022;2022-01-01;2022-09;;2022-09;;;;;;93100;MONTREUIL;false;57 RU;ROCHEBRUNE;;MONTREUIL;93100;T;274;;;;;244;4;2;5;1;1;;;false;true;false;0;1;1;7;false;false;false;false;false;9;false;false;false;false;false;false;false;1;1;0;1;0;0;0;0;0;0;0;0;1;0;0;0;0;109;34;0;0;0;0;0;0;0;0;0;0;0;0
11;Île-de-France;93;Seine-Saint-Denis;93048;PC;09304822B0138;2;2023-04-04;;;2022;2022-01-01;2023-05;;2023-05;68.20B;6540;SCI GIRARDOT6;893094276;89309427600019;75011;PARIS;false;6 BIS;RUE GIRARDOT;;MONTREUIL;93100;AK;163;;;;;446;4;2;3;1;3;1;5;false;true;false;1;2;1;7;false;false;false;false;false;9;false;false;false;false;false;false;false;2;0;2;0;0;0;2;0;0;0;2;0;0;0;0;0;0;0;138;10;0;0;79;0;0;5;10;0;0;0;0
11;Île-de-France;93;Seine-Saint-Denis;93048;PC;09304822B0144;6;2022-12-05;2023-05-05;2024-04-01;2022;2022-01-01;2022-12;2024-06;2024-06;;;;;;93100;MONTREUIL;false;54;RUE ANNE FRANCK;;MONTREUIL;93100;AP;29;;;;;175;4;2;5;1;1;;;true;true;false;0;1;1;2;false;true;false;false;false;9;false;false;false;false;false;false;false;1;1;0;1;0;0;0;0;0;0;0;0;1;0;0;0;0;75;62;0;20;0;0;0;0;0;0;0;0;0;0
11;Île-de-France;93;Seine-Saint-Denis;93048;PC;09304822B0145;5;2022-12-13;2024-07-01;;2022;2022-01-01;2022-12;2024-07;2024-07;41.10A;5710;LYMO;790989180;79098918000035;31500;TOULOUSE;false;8;RUE GALILEE;;MONTREUIL;93100;BV;4;;;;;403;4;1;1;1;3;;;false;false;false;0;2;1;7;false;false;false;false;false;9;false;false;false;false;false;false;false;8;0;8;0;0;0;8;0;0;4;1;1;1;1;0;0;0;0;495;0;0;0;0;0;0;0;0;0;0;0;0
11;Île-de-France;93;Seine-Saint-Denis;93048;PC;09304822B0152;5;2022-10-25;2024-04-22;;2022;2022-01-01;2022-10;2024-04;2024-04;68.20B;6599;AYLAN;900771080;90077108000018;93100;MONTREUIL;false;34;RUE PIERRE CURIE;;MONTREUIL;93100;CH;315;CH;313;CH;317;436;4;1;1;1;2;;;false;false;false;0;1;1;7;false;false;false;false;false;9;false;false;false;false;false;false;false;2;2;0;0;2;0;0;0;0;0;0;0;0;0;0;0;0;0;405;0;0;0;0;0;0;0;0;0;0;0;0
11;Île-de-France;93;Seine-Saint-Denis;93048;PC;09304822B0157;2;2022-12-05;;;2022;2022-01-01;2022-12;;2022-12;64.20Z;5710;TERABILIS;537549479;53754947900013;;;false;58;RUE NUNGESSER;;MONTREUIL;93100;CK;23;CK;24;;;3760;4;1;1;1;2;;;false;false;false;0;2;1;7;false;false;false;false;false;9;false;false;false;false;false;false;false;16;11;5;0;11;0;5;2;1;0;4;9;2;0;0;7;0;311;1566;0;311;0;0;0;0;0;0;0;0;0;0
11;Île-de-France;93;Seine-Saint-Denis;93048;PC;09304822B0158;4;2022-12-12;;;2022;2022-01-01;2022-12;;2022-12;;;;;;75012;PARIS;false;6;RUE DE LA DEMI-LUNE;;MONTREUIL;93100;L;172;L;172;;;780;4;2;4;1;3;1;8;false;false;false;1;4;1;7;false;false;false;false;false;9;false;false;false;false;false;false;false;3;0;3;0;0;0;3;0;0;0;0;0;3;0;0;0;0;274;0;431;52;0;431;0;0;0;431;0;0;0;0
11;Île-de-France;93;Seine-Saint-Denis;93048;PC;09304822B0165;6;2023-01-09;2023-04-11;2024-03-18;2022;2022-01-01;2023-01;2023-05;2024-03;70.10Z;6540;TECTRIS;821556032;82155603200018;;75012 PARIS;false;45;RUE DE LA REPUBLIQUE;;MONTREUIL;93100;BG;166;;;;;89;4;2;5;1;2;;;false;true;false;3;3;1;7;false;false;false;false;false;9;false;false;false;false;false;false;false;2;2;0;0;2;0;0;0;0;0;0;2;0;0;0;0;0;143;122;0;0;0;0;0;0;0;0;0;0;0;0
11;Île-de-France;93;Seine-Saint-Denis;93048;PC;09304822B0166;5;2023-04-04;2024-11-07;;2022;2022-01-01;2023-05;2024-11;2024-11;41.10D;6541;MONTREUIL EDOUARD BRANLY;914845607;91484560700011;75020;PARIS;false;187;RUE EDOUARD BRANLY;;MONTREUIL;93100;D;262;D;261;D;262;5294;4;1;3;1;3;3;1;false;false;false;0;2;1;7;false;false;false;false;false;9;false;false;false;false;false;false;false;33;0;33;0;0;0;33;0;0;9;12;12;0;0;0;33;0;246;2318;0;24;82;500;722;82;500;0;0;0;0;0
11;Île-de-France;93;Seine-Saint-Denis;93048;PC;09304822B0172;2;2023-05-24;;;2022;2022-01-01;2023-05;;2023-05;;;;;;92100;BOULOGNE-BILLANCOURT;false;34;RUE JULES GUESDE;;MONTREUIL;93100;CM;246;CM;248;;;2964;4;1;1;1;3;;;false;false;false;4;2;1;7;false;false;false;false;false;9;false;false;false;false;false;false;false;60;0;60;0;0;0;60;6;8;15;19;9;9;0;0;0;0;1206;4190;0;1206;0;0;470;0;0;0;0;0;0;0
11;Île-de-France;93;Seine-Saint-Denis;93048;PC;09304822B0173;2;2023-05-09;;;2022;2022-01-01;2023-05;;2023-05;41.20B;5710;MONTREUIL BEAUMARCHAIS SAS;890803141;89080314100013;75008;PARIS;false;50;RUE BEAUMARCHAIS;;MONTREUIL;93100;AS;24;;;;;526;4;1;1;1;3;;;false;false;false;5;2;1;7;false;false;false;false;false;9;false;false;false;false;false;false;false;8;0;8;0;0;0;8;0;1;2;2;1;2;0;0;0;0;0;599;0;0;0;370;0;0;370;0;0;0;0;0
11;Île-de-France;93;Seine-Saint-Denis;93048;PC;09304822B0175;5;2023-01-09;2023-06-15;;2022;2023-06-15;2023-01;2023-09;2023-09;;;;;;93800;EPINAY-SUR-SEINE;false;32;RUE DOMBASLE;;MONTREUIL;93100;T;137;;;;;708;4;2;5;1;1;;;true;false;false;2;1;1;7;false;false;false;false;false;9;false;false;false;false;false;false;false;1;1;0;1;0;0;0;0;0;0;1;0;0;0;0;0;0;420;108;0;63;0;0;0;0;0;0;0;0;0;0
11;Île-de-France;93;Seine-Saint-Denis;93048;PC;09304822B0179;6;2023-02-17;2024-05-21;2025-11-18;2022;2022-01-01;2023-02;2024-05;2026-02;;;;;;93100;MONTREUIL;false;20-22;RUE EDOUARD BRANLY;;MONTREUIL;93100;S;169;;;;;236;4;1;1;1;1;;;false;false;false;0;1;1;2;false;true;false;false;false;9;false;false;false;false;false;false;false;1;1;0;1;0;0;0;0;0;0;0;0;1;0;0;0;0;0;195;0;0;0;0;0;0;0;0;0;0;0;0
11;Île-de-France;93;Seine-Saint-Denis;93048;PC;09304822B0196;5;2023-03-10;2025-08-22;;2022;2022-01-01;2023-03;2025-08;2025-08;;;;;;94300;VINCENNES;false;3;RUE MERLET;;MONTREUIL;93100;BQ;155;;;;;411;4;1;1;1;3;;;false;false;false;3;3;1;7;false;false;false;false;false;9;false;false;false;false;false;false;false;3;0;3;0;0;0;3;1;0;0;0;3;0;0;0;0;0;80;492;0;80;0;0;0;0;0;0;0;0;0;0
11;Île-de-France;93;Seine-Saint-Denis;93048;PC;09304822B0201;6;2023-06-10;2023-09-15;2025-03-04;2022;2022-01-01;2023-10;2023-11;2025-03;68.20B;6540;SCI TREZDEUX;489506915;48950691500029;93100;MONTREUIL;false;26;RUE DU CAPITAINE DREYFUS;;MONTREUIL;93100;BN;62;;;;;373;4;2;3;1;1;1;5;true;true;false;0;3;1;7;false;false;false;false;false;9;false;false;false;false;false;false;false;1;1;0;1;0;0;0;0;0;0;0;0;1;0;0;0;0;312;49;98;0;0;396;0;0;11;98;0;0;0;0
11;Île-de-France;93;Seine-Saint-Denis;93048;PC;09304822B0202;4;2023-03-10;;;2022;2022-01-01;2023-03;;2023-03;;;;;;93100;MONTREUIL;false;30;RUE DES HANOTS;;MONTREUIL;93100;O;213;O;314;0;405;340;4;2;5;1;1;;;false;true;false;0;1;1;7;false;false;false;false;false;9;false;false;false;false;false;false;false;1;1;0;1;0;0;0;0;0;0;0;1;0;0;0;0;0;65;85;0;19;0;0;0;0;0;0;0;0;0;0
11;Île-de-France;93;Seine-Saint-Denis;93048;PC;09304822B0203;5;2023-08-09;2024-03-11;;2022;2022-01-01;2023-08;2024-03;2024-03;;;;;;93100;MONTREUIL;false;3;SENTIER DU TOURNIQUET;;MONTREUIL;93100;AQ;400;AQ;400;;;356;4;2;5;1;1;;;false;true;true;2;3;1;7;false;false;false;false;false;9;false;false;false;false;false;false;false;1;1;0;1;0;0;0;0;0;0;1;0;0;0;0;1;0;75;49;0;0;0;0;0;0;0;0;0;0;0;0
11;Île-de-France;93;Seine-Saint-Denis;93048;PC;09304822B0205;2;2023-07-17;;;2022;2022-01-01;2023-07;;2023-07;41.10D;6541;SCI MONTREUIL LES RESERVOIRS - BOULEVARD DE LA BOISSIERE;480556042;48055604200012;92600;ASNIERES;false;332;BOULEVARD DE LA BOISSIERE;;MONTREUIL;93100;P;1;P;1;;;13122;4;1;1;1;3;;;false;false;false;8;2;1;7;false;false;false;false;false;9;false;false;false;false;false;false;false;286;0;286;0;0;0;286;0;66;101;68;34;17;0;89;0;0;0;18730;0;0;0;0;332;0;0;0;0;0;0;0
11;Île-de-France;93;Seine-Saint-Denis;93048;PC;09304822B0206;5;2023-04-25;2025-03-01;;2022;2025-03-01;2023-05;2025-08;2025-08;68.20A;6540;SCI LES OEILLETS;441422110;44142211000011;94140;ALFORTVILLE;false;26;RUE EDOUARD VAILLANT;;MONTREUIL;93100;BL;180;;;;;462;4;2;3;1;3;1;5;false;true;false;1;2;1;7;false;false;false;false;false;9;false;false;false;false;false;false;false;3;0;3;0;0;0;3;0;0;1;0;2;0;0;0;0;0;0;130;181;0;0;300;0;0;102;181;0;0;0;0
11;Île-de-France;93;Seine-Saint-Denis;93048;PC;09304822B0213;6;2023-04-25;2023-04-25;2024-07-01;2022;2023-04-25;2023-05;2024-05;2024-08;;;;;;93100;MONTREUIL;false;96;RUE PIERRE DE MONTREUIL;;MONTREUIL;93100;CD;28;;;;;417;4;2;2;1;2;2;1;false;false;false;1;3;1;7;false;false;false;false;false;9;false;false;false;false;false;false;false;2;2;0;0;2;0;0;0;0;2;0;0;0;0;0;0;0;68;0;68;0;68;0;0;0;0;0;0;0;0;0
11;Île-de-France;93;Seine-Saint-Denis;93048;PC;09304822B0220;2;2023-10-16;;;2022;2022-01-01;2023-10;;2023-10;;;;;;93100;MONTREUIL;false;24;RUE DES BRAVES;;MONTREUIL;93100;CQ;341;;;;;589;4;2;5;1;3;;;true;true;true;3;2;1;5;false;false;false;false;true;9;false;false;false;false;false;false;false;2;0;2;0;0;0;2;0;0;0;0;2;0;0;0;0;0;133;165;0;0;0;0;0;0;0;0;0;0;0;0
11;Île-de-France;93;Seine-Saint-Denis;93048;PC;09304823B0002;6;2023-03-22;2024-06-17;2025-11-24;2023;2023-01-01;2023-03;2025-03;2026-06;;;;;;93100;MONTREUIL;false;193-1;RUE DE ROSNY;;MONTREUIL;93100;S;169;;;;;252;4;1;1;1;1;;;false;false;false;0;1;1;7;false;false;false;false;false;9;false;false;false;false;false;false;false;1;1;0;1;0;0;0;0;0;0;0;1;0;0;0;0;0;0;138;0;0;0;0;0;0;0;0;0;0;0;0
11;Île-de-France;93;Seine-Saint-Denis;93048;PC;09304823B0005;5;2023-05-05;2023-06-06;;2023;2023-01-01;2023-05;2023-06;2023-06;;;;;;93100;MONTREUIL;false;59;BOULEVARD HENRI BARBUSSE;;MONTREUIL;93100;AG;21;;;;;181;4;2;5;1;1;;;false;true;true;3;3;1;7;false;false;false;false;false;9;false;false;false;false;false;false;false;1;1;0;1;0;0;0;0;0;0;1;0;0;0;0;0;0;94;40;0;16;0;0;0;0;0;0;0;0;0;0
11;Île-de-France;93;Seine-Saint-Denis;93048;PC;09304823B0013;6;2023-07-10;2023-10-12;2025-08-01;2023;2023-01-01;2023-07;2025-06;2025-09;;;;;;93100;MONTREUIL;false;26;RUE DE LA RENARDIERE;;MONTREUIL;93100;E;173;;;;;495;4;2;3;1;3;2;1;false;false;false;2;2;1;7;false;false;false;false;false;9;false;false;false;false;false;false;false;2;0;2;0;0;0;2;0;1;0;1;0;0;0;0;0;0;132;64;70;0;70;0;0;0;0;0;0;0;0;0
11;Île-de-France;93;Seine-Saint-Denis;93048;PC;09304823B0019;5;2023-06-05;2024-01-17;;2023;2023-01-01;2023-06;2024-01;2024-01;;;;;;93100;MONTREUIL;false;22;RUE EDOUARD BRANLY;;MONTREUIL;93100;SN;197;SN;191;;;37;4;1;1;1;1;;;false;false;false;0;1;1;7;false;false;false;false;false;9;false;false;false;false;false;false;false;1;1;0;1;0;0;0;0;0;0;0;1;0;0;0;0;0;0;100;0;0;0;52;0;0;52;0;0;0;0;0
11;Île-de-France;93;Seine-Saint-Denis;93048;PC;09304823B0020;2;2023-04-21;;;2023;2023-01-01;2023-05;;2023-05;68.10Z;5710;R2J;902659457;90265945700011;94230;CACHAN;false;12;RUE DES MESSIERS;;MONTREUIL;93100;AU;163;;;;;170;4;1;1;1;1;;;false;false;false;0;2;1;7;false;false;false;false;false;9;false;false;false;false;false;false;false;1;1;0;1;0;0;0;0;0;0;0;0;1;0;0;0;0;0;142;0;0;0;0;0;0;0;0;0;0;0;0
11;Île-de-France;93;Seine-Saint-Denis;93048;PC;09304823B0027;6;2023-09-04;2024-10-03;2024-09-30;2023;2024-09-30;2023-09;2024-10;2024-11;;;;;;93100;MONTREUIL;false;26;RUE EMILE RAYNAUD;;MONTREUIL;93100;AE;78;AE;78;AE;257;501;4;2;3;1;2;2;1;false;true;false;0;1;1;7;false;false;false;false;false;9;false;false;false;false;false;false;false;2;2;0;0;2;0;0;0;0;0;0;0;1;1;0;0;0;310;38;282;27;282;0;0;0;0;0;0;0;0;0
11;Île-de-France;93;Seine-Saint-Denis;93048;PC;09304823B0030;5;2023-07-10;2025-09-22;;2023;2023-01-01;2023-07;2025-09;2025-09;;;;;;94160;SAINT-MANDE;false;23;RUE DE LA SOLIDARITE;;MONTREUIL;93100;BQ;290;BQ;63;;;873;4;1;1;1;1;;;false;false;false;0;1;1;7;false;false;false;false;false;9;false;false;false;false;false;false;false;1;1;0;1;0;0;0;0;0;0;0;0;0;1;0;0;0;0;197;0;0;0;0;0;0;0;0;0;0;0;0
11;Île-de-France;93;Seine-Saint-Denis;93048;PC;09304823B0031;5;2023-07-10;2025-09-22;;2023;2023-01-01;2023-07;2025-09;2025-09;;;;;;94300;VINCENNES;false;23;RUE DE LA SOLIDARITE;;MONTREUIL;93100;BQ;63;;;;;873;4;1;1;1;1;;;false;false;false;0;1;1;7;false;false;false;false;false;9;false;false;false;false;false;false;false;1;1;0;1;0;0;0;0;0;0;0;0;0;1;0;0;0;0;196;0;0;0;0;0;0;0;0;0;0;0;0
11;Île-de-France;93;Seine-Saint-Denis;93048;PC;09304823B0032;2;2023-05-30;;;2023;2023-01-01;2023-05;;2023-05;;;;;;93100;MONTREUIL;false;32;RUE DOMBASLE;;MONTREUIL;93100;T;137;;;;;708;4;2;5;1;1;;;false;true;true;4;1;1;7;false;false;false;false;false;9;false;false;false;false;false;false;false;1;1;0;1;0;0;0;0;0;0;0;0;0;0;0;0;0;420;44;0;0;0;0;0;0;0;0;0;0;0;0
11;Île-de-France;93;Seine-Saint-Denis;93048;PC;09304823B0033;2;2023-10-04;;;2023;2023-01-01;2023-10;;2023-10;68.32A;5499;HAVIM PARTICIPATION;428299465;42829946500016;75015;PARIS;false;30;RUE SAINT-JUST;;MONTREUIL;93100;BY;96;;;;;577;4;1;1;1;3;;;false;false;false;3;2;1;7;false;false;false;false;false;9;false;false;false;false;false;false;false;8;0;8;0;0;0;8;2;0;2;3;2;1;0;0;0;0;74;673;0;74;0;145;121;0;145;0;0;0;0;0
11;Île-de-France;93;Seine-Saint-Denis;93048;PC;09304823B0035;5;2023-07-26;2025-01-13;;2023;2023-01-01;2023-07;2025-01;2025-01;68.10Z;5710;PREMIUM;532812955;53281295500013;94300;VINCENNES;false;31;RUE GAMBETTA;;MONTREUIL;93100;BJ;5;BJ;170;;;705;4;2;3;1;3;1;3;false;false;true;4;2;1;7;false;false;false;false;false;9;false;false;false;false;false;false;false;9;0;9;0;0;0;9;0;0;1;5;3;0;0;0;0;0;122;216;458;0;0;634;0;0;175;458;260;0;0;0
11;Île-de-France;93;Seine-Saint-Denis;93048;PC;09304823B0037;6;2023-10-10;2024-04-15;2025-12-19;2023;2023-01-01;2023-10;2026-02;2026-02;;;;;;93100;MONTREUIL;false;7;RUE DESIRE CHARTON;;MONTREUIL;93100;T;23;;;;;223;4;2;5;1;1;;;false;true;false;4;1;1;7;false;false;false;false;false;9;false;false;false;false;false;false;false;1;1;0;1;0;0;0;0;0;0;0;1;0;0;0;0;0;60;90;0;0;0;0;0;0;0;0;0;0;0;0
11;Île-de-France;93;Seine-Saint-Denis;93048;PC;09304823B0041;2;2023-08-08;;;2023;2023-01-01;2023-08;;2023-08;71.12B;5710;SEQUOIA;881243356;;92110;CLICHY;false;33;RUE DE LA DEMI-LUNE;;MONTREUIL;93100;B;242;;;;;1856;4;1;1;1;3;;;false;false;false;4;2;1;7;false;false;false;false;false;9;false;false;false;false;false;false;false;14;0;14;0;0;0;14;0;0;0;6;4;4;0;0;0;0;545;1283;0;0;0;0;0;0;0;0;0;0;0;0
11;Île-de-France;93;Seine-Saint-Denis;93048;PC;09304823B0044;2;2023-10-10;;;2023;2023-01-01;2023-10;;2023-10;;;;;;93100;MONTREUIL;false;5;RUE RAYMOND LEFEBVRE;;MONTREUIL;93100;CF;7;;;;;92;4;1;1;1;1;;;false;false;false;0;1;1;7;false;false;false;false;false;9;false;false;false;false;false;false;false;1;1;0;1;0;0;0;0;0;0;1;0;0;0;0;0;0;37;49;0;37;0;0;0;0;0;0;0;0;0;0
11;Île-de-France;93;Seine-Saint-Denis;93048;PC;09304823B0048;6;2023-06-05;2023-10-06;2025-10-22;2023;2023-01-01;2023-06;2023-10;2025-10;68.32A;5710;SWEETHOME;531671279;53167127900036;75004;PARIS;false;31;RUE JULES FERRY;;MONTREUIL;93100;AQ;50;;;;;424;4;2;5;1;2;;;true;false;false;0;1;1;7;false;false;false;false;false;9;false;false;false;false;false;false;false;2;2;0;0;2;0;0;1;0;0;0;2;0;0;0;0;0;129;214;0;13;0;0;0;0;0;0;0;0;0;0
11;Île-de-France;93;Seine-Saint-Denis;93048;PC;09304823B0053;2;2023-06-15;;;2023;2023-01-01;2023-06;;2023-06;68.20B;6540;SCI NINO ONE;751405697;75140569700028;93170;BAGNOLET;false;20;RUE FERNAND COMBETTE;;MONTREUIL;93100;Q;20;;;;;91;4;1;1;1;1;;;false;false;false;0;1;1;7;false;false;false;false;false;9;false;false;false;false;false;false;false;1;1;0;1;0;0;0;1;0;0;0;1;0;0;0;0;0;62;149;0;62;0;0;0;0;0;0;0;0;0;0
11;Île-de-France;93;Seine-Saint-Denis;93048;PC;09304823B0057;2;2023-11-17;;;2023;2023-01-01;2023-11;;2023-11;;;;;;75011;PARIS;false;8;RUE MOLIERE;;MONTREUIL;93100;BN;139;;;;;1347;4;1;1;1;3;;;false;false;false;5;2;1;7;false;false;false;false;false;9;false;false;false;false;false;false;false;19;1;18;0;1;0;18;0;6;2;6;2;2;1;0;0;0;0;1352;0;0;0;1073;341;0;1073;0;0;0;0;0
11;Île-de-France;93;Seine-Saint-Denis;93048;PC;09304823B0059;5;2023-07-12;2024-05-27;;2023;2023-01-01;2023-07;2024-06;2024-06;68.32A;6540;SCI R.J;418829875;;93100;MONTREUIL;false;29;RUE LEON LOISEAU;;MONTREUIL;93100;Y;314;Y;313;;;379;4;1;1;1;1;;;false;false;false;0;1;1;7;false;false;false;false;false;9;false;false;false;false;false;false;false;1;1;0;1;0;0;0;0;0;0;0;0;0;1;0;0;0;118;146;0;118;0;73;0;0;73;0;0;0;0;0
11;Île-de-France;93;Seine-Saint-Denis;93048;PC;09304823B0062;5;2023-07-19;2024-01-08;;2023;2023-01-01;2023-10;2024-01;2024-01;;;;;;75011;PARIS;false;18;RUE DE LA RENARDIERE;;MONTREUIL;93100;E;442;E;160;;;376;4;2;3;1;1;2;1;false;false;false;0;2;1;7;false;false;false;false;false;9;false;false;false;false;false;false;false;1;1;0;1;0;0;0;0;0;0;1;0;0;0;0;0;0;160;5;160;0;160;0;0;0;0;0;0;0;0;0
11;Île-de-France;93;Seine-Saint-Denis;93048;PC;09304823B0069;4;2023-12-11;;;2023;2023-01-01;2023-12;;2023-12;;;;;;95220;HERBLAY-SUR-SEINE;false;38;RUE DES CAILLOTS;;MONTREUIL;93100;AG;42;AG;246;;;1524;4;1;1;1;2;;;false;false;false;4;2;1;7;false;false;false;false;false;9;false;false;false;false;false;false;false;6;4;2;0;4;0;2;2;0;0;0;1;2;3;0;0;0;300;822;0;300;0;0;0;0;0;0;0;0;0;0
11;Île-de-France;93;Seine-Saint-Denis;93048;PC;09304823B0070;5;2023-08-09;2024-07-01;;2023;2024-07-01;2023-08;2024-10;2024-10;68.20B;6540;SCI PAUL SIGNAC;804812402;80481240200019;77580;COULOMMES;false;66;AV PAUL SIGNAC;;MONTREUIL;93100;T;112;;;;;878;4;2;3;1;3;1;3;true;true;true;2;3;1;7;false;false;false;false;false;9;false;false;false;false;false;false;false;3;0;3;0;0;0;3;0;0;1;0;2;0;0;0;0;0;0;208;112;0;0;420;14;0;0;112;112;0;0;0
11;Île-de-France;93;Seine-Saint-Denis;93048;PC;09304823B0072;2;2023-10-27;;;2023;2023-01-01;2023-10;;2023-10;;;;;;93190;LIVRY-GARGAN;false;176;AV DU PRESIDENT SALVADOR A;;MONTREUIL;93100;D;94;D;94;D;95;801;4;1;1;1;1;;;false;true;true;4;1;1;7;false;false;false;false;false;9;false;false;false;false;false;false;false;1;1;0;1;0;0;0;0;0;0;0;0;0;1;0;0;0;440;440;0;0;0;16;131;0;0;0;0;0;0;0
11;Île-de-France;93;Seine-Saint-Denis;93048;PC;09304823B0075;5;2023-12-21;2025-01-06;;2023;2023-01-01;2023-12;2025-01;2025-01;;;;;;93100;MONTREUIL;false;27;RUE DIDEROT;;MONTREUIL;93100;BF;31;BF;31;;;3086;4;1;1;1;1;;;false;true;true;3;3;1;7;false;false;false;false;false;9;false;false;false;false;false;false;false;1;1;0;1;0;0;0;0;0;0;0;1;0;0;0;0;0;330;150;0;0;0;18;0;0;0;0;0;0;0;0
11;Île-de-France;93;Seine-Saint-Denis;93048;PC;09304823B0079;5;2023-10-10;2024-12-12;;2023;2023-01-01;2023-10;2025-01;2025-01;;;;;;75008;PARIS;false;16;RUE POULIN;;MONTREUIL;93100;X;16;;;;;175;4;1;1;1;1;;;false;false;false;0;1;1;7;false;false;false;false;false;9;false;false;false;false;false;false;false;1;1;0;1;0;0;0;1;0;0;0;0;0;1;0;0;0;55;125;0;55;0;0;0;0;0;0;0;0;0;0
11;Île-de-France;93;Seine-Saint-Denis;93048;PC;09304823B0080;5;2023-08-25;2023-08-28;;2023;2023-01-01;2023-08;2023-08;2023-08;68.20B;6540;NEW BOCAL;438467896;43846789600017;93100;MONTREUIL;false;91;RUE DES CHANTEREINES;;MONTREUIL;93100;X;264;X;404;;;1044;4;2;4;1;3;1;5;false;false;false;2;4;1;7;false;false;false;false;false;9;false;false;false;false;false;false;false;3;0;3;0;0;0;3;0;0;1;0;2;0;0;0;0;0;63;0;236;0;0;245;0;0;9;236;0;0;0;0
11;Île-de-France;93;Seine-Saint-Denis;93048;PC;09304823B0083;5;2023-10-23;2024-11-14;;2023;2023-01-01;2023-10;2024-11;2024-11;;;;;;93100;MONTREUIL;false;44;RUE SAINT VICTOR;;MONTREUIL;93100;R;145;;;;;182;4;1;1;1;2;;;false;false;false;0;1;1;7;false;false;false;false;false;9;false;false;false;false;false;false;false;3;3;0;0;3;0;0;0;0;0;0;0;0;0;0;0;0;39;174;0;39;0;0;0;0;0;0;0;0;0;0
11;Île-de-France;93;Seine-Saint-Denis;93048;PC;09304823B0091;6;2023-11-17;2024-09-18;2026-04-15;2023;2024-09-18;2023-11;2025-03;2026-05;;;;;;93100;MONTREUIL;false;1;RUE DESIRE CHARTON;;MONTREUIL;93100;T;48;;;;;155;4;2;3;1;1;2;1;false;false;false;0;1;1;7;false;false;false;false;false;9;false;false;false;false;false;false;false;1;1;0;1;0;0;0;0;0;0;0;0;0;1;0;0;0;82;35;21;0;21;0;0;0;0;0;0;0;0;0
11;Île-de-France;93;Seine-Saint-Denis;93048;PC;09304823B0092;2;2024-02-05;;;2023;2023-01-01;2024-02;;2024-02;68.20A;4140;OFFICE PUBLIC DE L'HABITAT EST ENSEMBLE HABITAT;488777160;48877716000018;93100;MONTREUIL;false;79;RUE EMILE BEAUFILS / 20 RU;;MONTREUIL;93100;K;180;K;193;;;1535;4;1;1;1;3;;;false;false;false;0;3;1;7;false;false;false;false;false;9;false;false;false;false;false;false;false;20;0;20;0;0;0;20;0;0;0;0;0;0;0;20;0;0;0;1406;0;0;0;0;32;0;0;0;0;0;0;0
11;Île-de-France;93;Seine-Saint-Denis;93048;PC;09304823B0098;4;2023-10-06;;;2023;2023-01-01;2023-10;;2023-10;;;;;;93100;MONTREUIL;false;112;RUE DE VINCENNES;;MONTREUIL;93100;BK;275;;;;;376;4;1;1;1;2;;;false;false;false;0;1;1;7;false;false;false;false;false;9;false;false;false;false;false;false;false;2;2;0;0;2;0;0;1;0;0;0;0;0;0;0;0;0;97;428;0;97;0;0;0;0;0;0;0;0;0;0
11;Île-de-France;93;Seine-Saint-Denis;93048;PC;09304823B0105;2;2024-04-19;;;2023;2023-01-01;2024-05;;2024-05;41.10D;6541;SCCV CHANZY-PARMENTIER;941116592;94111659200010;75008;PARIS;false;97;BOULEVARD DE CHANZY;;MONTREUIL;93100;AT;128;;;;;473;4;1;1;1;3;;;false;false;false;5;2;1;7;false;false;false;false;false;9;false;false;false;false;false;false;false;16;0;16;0;0;0;16;0;0;0;0;0;0;0;0;0;0;0;940;0;0;0;260;312;0;260;0;0;0;0;0
11;Île-de-France;93;Seine-Saint-Denis;93048;PC;09304823B0107;6;2023-10-30;2025-01-15;2026-01-15;2023;2026-01-15;2023-11;2025-06;2026-06;;;;;;75013;PARIS;false;23;SENTIER DES MARECAGES;;MONTREUIL;93100;M;116;M;116;M;117;934;4;1;1;1;2;;;false;false;false;0;1;1;4;false;false;false;true;false;9;false;false;false;false;false;false;false;2;2;0;0;2;0;0;1;0;0;1;0;1;0;0;0;0;50;286;0;50;0;0;0;0;0;0;0;0;0;0
11;Île-de-France;93;Seine-Saint-Denis;93048;PC;09304823B0117;2;2023-10-27;;;2023;2023-01-01;2023-10;;2023-10;41.10A;5499;SARL GROUPE MANSANA IMMOBILIER;529765976;52976597600012;94300;VINCENNES;false;101;RUE GASTON LAURIAU;;MONTREUIL;93100;BT;268;;;;;339;4;2;5;1;1;;;false;true;false;0;1;1;7;false;false;false;false;false;9;false;false;false;false;false;false;false;1;1;0;1;0;0;0;0;0;0;0;0;0;0;0;0;0;270;85;0;35;0;0;0;0;0;0;0;0;0;0
11;Île-de-France;93;Seine-Saint-Denis;93048;PC;09304823B0118;2;2024-01-29;;;2023;2023-01-01;2024-01;;2024-01;68.20A;4140;OFFICE PUBLIC DE L'HABITAT EST ENSEMBLE HABITAT;488777160;48877716000018;93100;MONTREUIL;false;29;RUE PEPIN;;MONTREUIL;93100;AH;77;;;;;1281;4;2;3;1;1;2;1;false;false;false;3;2;1;7;false;false;false;false;false;9;false;false;false;false;false;false;false;1;1;0;1;0;0;0;0;0;1;0;0;0;0;0;1;0;822;11;63;0;63;0;0;0;0;0;0;0;0;0
11;Île-de-France;93;Seine-Saint-Denis;93048;PC;09304823B0119;6;2023-10-30;2024-04-15;2025-04-15;2023;2023-01-01;2023-11;2024-04;2025-05;;;;;;92200;NEUILLY-SUR-SEINE;false;37;RUE ANNE FRANCK;;MONTREUIL;93100;AP;305;;;;;350;4;2;3;1;1;2;1;false;true;false;0;1;1;5;false;false;false;false;true;9;false;false;false;false;false;false;false;1;1;0;1;0;0;0;0;1;0;0;0;0;0;0;0;0;133;40;44;0;44;0;0;0;0;0;0;0;0;0
11;Île-de-France;93;Seine-Saint-Denis;93048;PC;09304823B0123;6;2023-11-29;2024-02-28;2024-09-30;2023;2024-09-30;2023-12;2024-07;2025-03;;;;;;93100;MONTREUIL;false;24;RUE CARNOT;;MONTREUIL;93100;BP;19;;;;;308;4;2;2;1;1;1;3;false;false;false;0;1;1;7;false;false;false;false;false;9;false;false;false;false;false;false;false;1;1;0;1;0;0;0;0;0;0;1;0;0;0;0;0;0;0;0;89;0;0;89;0;0;0;89;89;0;0;0
11;Île-de-France;93;Seine-Saint-Denis;93048;PC;09304823B0124;5;2024-03-15;2024-12-26;;2023;2024-12-26;2024-03;2025-06;2025-06;46.90Z;5710;ANOZERDAY;842648362;84264836200015;78760;JOUARS -PONTCHARTRAIN;false;15BIS;ALLEE BLERIOT;;MONTREUIL;93100;E;160;;;;;374;4;1;1;1;1;;;false;false;false;0;2;1;7;false;false;false;false;false;9;false;false;false;false;false;false;false;1;1;0;1;0;0;0;0;0;0;0;0;0;1;0;0;0;0;157;0;0;0;0;0;0;0;0;0;0;0;0
11;Île-de-France;93;Seine-Saint-Denis;93048;PC;09304823B0129;2;2024-01-29;;;2023;2023-01-01;2024-02;;2024-02;;;;;;93100;MONTREUIL;false;32BIS;BD PAUL VAILLANT COUTURIER;;MONTREUIL;93100;AP;363;;;;;86;4;2;3;1;1;1;5;false;true;false;2;1;1;7;false;false;false;false;false;9;false;false;false;false;false;false;false;1;1;0;1;0;0;0;0;0;0;0;1;0;0;0;0;0;0;46;45;0;0;77;0;0;22;45;0;0;0;0
11;Île-de-France;93;Seine-Saint-Denis;93048;PC;09304823B0131;5;2024-01-29;2025-01-27;;2023;2023-01-01;2024-01;2025-02;2025-02;41.10A;5710;REBACO;948875513;94887551300012;94120;FONTENAY-SOUS-BOIS;false;31;RUE DES PLATRIERES;;MONTREUIL;93100;BR;112;BR;112;;;540;4;1;1;1;2;;;false;false;false;3;2;1;5;false;false;false;false;true;9;false;false;false;false;false;false;false;2;2;0;0;2;0;0;1;0;0;0;1;1;0;0;0;0;45;208;0;45;0;0;0;0;0;0;0;0;0;0
11;Île-de-France;93;Seine-Saint-Denis;93048;PC;09304823B0138;2;2024-05-22;;;2023;2023-01-01;2024-05;;2024-05;68.20B;5710;MUZELLE IM;977676212;;75001;PARIS;false;55;RUE ROBESPIERRE;;MONTREUIL;93100;BH;137;;;;;162;4;2;5;1;3;;;false;false;true;4;2;1;7;false;false;false;false;false;9;false;false;false;false;false;false;false;2;0;2;0;0;0;2;0;0;1;0;1;0;0;0;0;0;121;102;0;0;0;0;0;0;0;0;0;0;0;0
11;Île-de-France;93;Seine-Saint-Denis;93048;PC;09304823B0141;2;2024-04-22;;;2023;2023-01-01;2024-05;;2024-05;68.20B;6540;SCI IBISSA;829215342;82921534200033;75011;PARIS;false;3;IMPASSE DES CHANTEREINES;;MONTREUIL;93100;X;141;;;;;323;4;1;1;1;2;;;false;false;false;3;1;1;7;false;false;false;false;false;9;false;false;false;false;false;false;false;2;2;0;0;2;0;0;0;0;0;0;2;0;0;0;0;0;47;260;0;47;0;0;0;0;0;0;0;0;0;0
11;Île-de-France;93;Seine-Saint-Denis;93048;PC;09304823B0146;5;2024-08-19;2025-05-14;;2023;2023-01-01;2024-09;2025-05;2025-05;68.20B;6599;SCCV MONTREUIL RUE DE ROSNY;977464130;97746413000011;92130;ISSY-LES-MOULINEAUX;false;27;RUE DE ROSNY;;MONTREUIL;93100;AJ;56;AJ;56;AJ;57;836;4;1;1;1;3;;;false;false;false;6;2;1;7;false;false;false;false;false;9;false;false;false;false;false;false;false;19;0;19;0;0;0;19;2;4;3;7;3;2;0;0;0;0;164;1260;0;164;0;280;299;0;280;0;0;0;0;0
11;Île-de-France;93;Seine-Saint-Denis;93048;PC;09304823B0147;4;2024-01-17;;;2023;2023-01-01;2024-01;;2024-01;;;;;;93100;MONTREUIL;false;12;RUE DES MESSIERS;;MONTREUIL;93100;AU;163;;;;;182;4;1;1;1;1;;;false;false;false;0;1;1;5;false;false;false;false;true;9;false;false;false;false;false;false;false;1;1;0;1;0;0;0;0;0;0;0;0;0;0;0;0;0;0;150;0;0;0;0;0;0;0;0;0;0;0;0
11;Île-de-France;93;Seine-Saint-Denis;93048;PC;09304823B0151;2;2024-08-08;;;2023;2023-01-01;2024-08;;2024-08;68.20B;6540;HMR;898090220;89809022000010;77360;VAIRES-SUR-MARNE;false;81;RUE DE ROSNY;;MONTREUIL;93100;01;36;BY;36;;;254;4;2;3;1;3;1;5;true;false;false;3;2;1;7;false;false;false;false;false;9;false;false;false;false;false;false;false;4;0;4;0;0;0;4;0;2;2;0;0;0;0;0;0;0;98;137;28;0;0;156;43;0;53;28;0;0;0;0
11;Île-de-France;93;Seine-Saint-Denis;93048;PC;09304823B0154;5;2024-04-05;2024-10-02;;2023;2023-01-01;2024-04;2024-10;2024-10;;;;;;93170;BAGNOLET;false;30;RUE CLOTILDE GAILLARD;;MONTREUIL;93100;BU;245;;;;;274;4;1;1;1;3;;;false;false;false;5;2;1;7;false;false;false;false;false;9;false;false;false;false;false;false;false;5;2;3;0;2;0;3;0;1;0;1;0;3;0;0;0;0;0;480;0;0;0;0;0;0;0;0;0;0;0;0
11;Île-de-France;93;Seine-Saint-Denis;93048;PC;09304823B0155;2;2024-04-25;;;2023;2023-01-01;2024-04;;2024-04;;;;;;93100;MONTREUIL;false;10;RUE DU DOCTEUR CALMETTE;;MONTREUIL;93100;AD;220;;;;;310;4;1;1;1;1;;;false;false;false;2;1;1;7;false;false;false;false;false;9;false;false;false;false;false;false;false;1;1;0;1;0;0;0;0;0;0;1;0;0;0;0;0;0;85;63;0;0;0;0;0;0;0;0;0;0;0;0
11;Île-de-France;93;Seine-Saint-Denis;93048;PC;09304823B0160;2;2024-10-01;;;2023;2023-01-01;2026-03;;2026-03;68.20B;6540;SCI ERJI;450724703;45072470300035;94410;SAINT-MAURICE;false;13;RUE DU COLONEL RAYNAL;;MONTREUIL;93100;BL;82;;;;;595;4;2;3;1;2;1;8;false;false;true;1;3;1;7;false;false;false;false;false;9;false;false;false;false;false;false;false;6;6;0;0;6;0;0;0;2;3;1;0;0;0;0;0;0;31;88;137;0;0;309;0;0;0;137;0;0;0;0
11;Île-de-France;93;Seine-Saint-Denis;93048;PC;09304823B0161;5;2024-07-09;2026-06-17;;2023;2023-01-01;2024-07;2026-06;2026-06;68.20A;4140;OFFICE PUBLIC DE L'HABITAT EST ENSEMBLE HABITAT;488777160;48877716000018;93100;MONTREUIL;false;34;RUE DES MESSIERS;;MONTREUIL;93100;AU;123;AU;78;AU;123;4692;4;1;1;1;3;;;false;false;false;3;4;1;7;false;false;false;false;false;9;false;false;false;false;false;false;false;36;0;36;0;0;0;36;0;2;10;13;8;3;0;18;18;0;0;2336;0;0;0;0;133;0;0;0;0;0;0;0
11;Île-de-France;93;Seine-Saint-Denis;93048;PC;09304823B0162;5;2024-05-22;2024-12-04;;2023;2023-01-01;2024-05;2024-12;2024-12;68.20A;5546;ANTIN RESIDENCES SA HABITAT LOYER MODERE;315518803;31551880300046;75439;PARIS;false;1-7;RUE GASTON MONMOUSSEAU;;MONTREUIL;93100;BY;188;BY;188;BY;66;5847;4;1;1;1;4;;;false;false;false;6;3;1;7;false;false;false;false;false;5;false;false;false;false;true;false;false;133;0;133;0;0;133;0;1;133;0;0;0;0;0;133;0;0;70;3369;0;70;0;3416;417;0;3416;0;0;0;0;0
11;Île-de-France;93;Seine-Saint-Denis;93048;PC;09304823B0164;2;2024-08-16;;;2023;2023-01-01;2024-08;;2024-08;68.20A;5546;ANTIN RESIDENCES SA HABITAT LOYER MODERE;315518803;31551880300046;75439;PARIS;false;24;RUE ROCHEBRUNE;;MONTREUIL;93100;U;161;U;88;;;2479;4;1;1;1;4;;;false;false;false;0;3;1;7;false;false;false;false;false;5;false;false;false;false;true;false;false;100;0;100;0;0;100;0;81;100;0;0;0;0;0;100;0;0;2450;2692;0;2450;0;0;0;0;0;0;0;0;0;0
11;Île-de-France;93;Seine-Saint-Denis;93048;PC;09304824B0005;5;2024-04-22;2024-11-04;;2024;2024-01-01;2024-04;2024-11;2024-11;;;;;;75015;PARIS;false;55;AVENUE ERNEST RENAN;;MONTREUIL;93100;CF;126;;;;;1026;4;1;1;1;2;;;false;false;false;3;1;1;5;false;false;false;false;true;9;false;false;false;false;false;false;false;2;2;0;0;2;0;0;1;0;0;0;0;1;1;0;0;0;100;700;0;100;0;0;54;0;0;0;0;0;0;0
11;Île-de-France;93;Seine-Saint-Denis;93048;PC;09304824B0017;2;2024-06-27;;;2024;2024-01-01;2024-07;;2024-07;;;;;;93100;MONTREUIL;false;103;RUE SAINT-DENIS;;MONTREUIL;93100;M;177;M;303;M;175;1208;4;1;5;1;1;;;false;false;false;0;1;1;7;false;false;false;false;false;9;false;false;false;false;false;false;false;1;1;0;1;0;0;0;0;0;0;0;1;0;0;0;0;0;121;134;0;57;0;0;0;0;0;0;0;0;0;0
11;Île-de-France;93;Seine-Saint-Denis;93048;PC;09304824B0022;2;2024-07-30;;;2024;2024-01-01;2024-08;;2024-08;;;;;;93100;MONTREUIL;false;115;RUE MOLIERE;;MONTREUIL;93100;BS;99;;;;;140;4;2;5;1;1;;;false;true;false;0;1;1;7;false;false;false;false;false;9;false;false;false;false;false;false;false;1;1;0;1;0;0;0;0;0;0;0;0;1;0;0;0;0;54;69;0;8;0;0;0;0;0;0;0;0;0;0
11;Île-de-France;93;Seine-Saint-Denis;93048;PC;09304824B0024;2;2024-04-22;;;2024;2024-01-01;2024-04;;2024-04;;;;;;93100;MONTREUIL;false;5;RUE ROBERT LE GROS;;MONTREUIL;93100;GC;254;CG;254;;;195;4;1;1;1;3;;;false;false;false;3;3;1;7;false;false;false;false;false;9;false;false;false;false;false;false;false;3;0;3;0;0;0;3;0;1;0;2;0;0;0;0;0;0;0;192;0;0;0;0;0;0;0;0;0;0;0;0
11;Île-de-France;93;Seine-Saint-Denis;93048;PC;09304824B0027;2;2024-06-10;;;2024;2024-01-01;2024-06;;2024-06;;;;;;93100;MONTREUIL;false;34;BOULEVARD JEANNE D'ARC;;MONTREUIL;93100;BR;5;;;;;259;4;1;1;1;1;;;false;true;true;3;2;1;7;false;false;false;false;false;9;false;false;false;false;false;false;false;1;1;0;1;0;0;0;0;0;0;0;1;0;0;0;0;0;113;83;0;0;0;0;0;0;0;0;0;0;0;0
11;Île-de-France;93;Seine-Saint-Denis;93048;PC;09304824B0030;2;2024-06-07;;;2024;2024-01-01;2024-06;;2024-06;;;;;;93100;MONTREUIL;false;112;RUE DE VINCENNES;;MONTREUIL;93100;BK;275;;;;;377;4;1;1;1;2;;;false;false;false;0;1;1;7;false;false;false;false;false;9;false;false;false;false;false;false;false;2;2;0;0;2;0;0;1;0;0;0;0;0;2;0;0;0;97;396;0;97;0;0;0;0;0;0;0;0;0;0
11;Île-de-France;93;Seine-Saint-Denis;93048;PC;09304824B0033;2;2024-10-17;;;2024;2024-01-01;2024-10;;2024-10;41.10D;6541;CHANZY INVEST;904646338;90464633800015;93300;AUBERVILLIERS;false;118;BOULEVARD DE CHANZY;;MONTREUIL;93100;AT;113;;;;;238;4;1;1;1;3;;;false;false;false;3;2;1;5;false;false;false;false;true;9;false;false;false;false;false;false;false;8;0;8;0;0;0;8;0;2;2;4;0;0;0;0;0;0;0;450;0;0;0;235;160;0;235;0;0;0;0;0
11;Île-de-France;93;Seine-Saint-Denis;93048;PC;09304824B0041;5;2024-07-26;2024-08-01;;2024;2024-01-01;2024-07;2024-08;2024-08;;;;;;93100;MONTREUIL;false;5;RUE CARNOT;;MONTREUIL;93100;BP;94;;;;;370;4;2;3;1;1;2;1;true;false;false;0;3;1;6;false;false;true;true;false;9;false;false;false;false;false;false;false;1;1;0;1;0;0;0;0;0;1;0;0;0;0;0;0;0;135;16;15;0;15;0;60;0;0;0;0;0;0;0
11;Île-de-France;93;Seine-Saint-Denis;93048;PC;09304824B0043;5;2024-06-25;2024-08-27;;2024;2024-01-01;2024-06;2024-08;2024-08;;;;;;93100;MONTREUIL;false;39;RUE EMILE RAYNAUD;;MONTREUIL;93100;AE;61;AE;61;AE;294;375;4;1;1;1;1;;;false;false;false;2;1;1;7;false;false;false;false;false;9;false;false;false;false;false;false;false;1;1;0;1;0;0;0;0;0;0;1;0;0;0;0;0;0;162;85;0;0;0;0;0;0;0;0;0;0;0;0
11;Île-de-France;93;Seine-Saint-Denis;93048;PC;09304824B0046;2;2024-06-26;;;2024;2024-01-01;2024-06;;2024-06;68.20A;5699;VILOGIA SOCIETE ANONYME D'HLM;475680815;47568081500051;75014;PARIS;false;63-67;RUE DOUY DELCUPE;;MONTREUIL;93100;AS;28;AS;29;;;350;4;2;5;1;3;;;true;true;true;2;3;1;7;false;false;false;false;false;9;false;false;false;false;false;false;false;2;0;2;0;0;0;2;0;0;0;0;0;0;0;2;0;0;393;99;0;49;0;0;0;0;0;0;0;0;0;0
11;Île-de-France;93;Seine-Saint-Denis;93048;PC;09304824B0052;2;2024-06-24;;;2024;2024-01-01;2026-07;;2026-07;68.20B;6540;SCI COSTA;450922638;45092263800017;93330;NEUILLY-SUR-MARNE;false;61;RUE DESIRE CHEVALIER;;MONTREUIL;93100;BU;111;BU;111;BU;112;858;4;2;2;1;3;1;5;false;true;true;2;3;1;7;false;false;false;false;false;9;false;false;false;false;false;false;false;2;0;2;0;0;0;2;0;0;2;0;0;0;0;0;0;0;155;0;39;0;0;104;0;0;0;39;0;0;0;0
11;Île-de-France;93;Seine-Saint-Denis;93048;PC;09304824B0055;2;2024-08-02;;;2024;2024-01-01;2024-08;;2024-08;41.10A;5710;AEVEN CHATEAU;882587389;88258738900017;93210;SAINT DENIS;false;1;RUE CLAIRE MAISON;;MONTREUIL;93100;CO;123;CO;123;CO;168;747;4;1;1;1;1;;;false;false;false;0;2;1;7;false;false;false;false;false;9;false;false;false;false;false;false;false;1;1;0;1;0;0;0;0;0;0;0;0;1;0;0;0;0;8;112;0;0;0;0;0;0;0;0;0;0;0;0
11;Île-de-France;93;Seine-Saint-Denis;93048;PC;09304824B0056;2;2024-08-07;;;2024;2024-01-01;2024-08;;2024-08;41.10A;5710;AEVEN CHATEAU;882587389;88258738900017;93210;SAINT DENIS;false;1;RUE CLAIRE MAISON;;MONTREUIL;93100;CO;168;CO;123;CO;168;768;4;1;1;1;1;;;false;false;false;0;2;1;7;false;false;false;false;false;9;false;false;false;false;false;false;false;1;1;0;1;0;0;0;0;0;0;0;0;1;0;0;0;0;8;112;0;0;0;0;0;0;0;0;0;0;0;0
11;Île-de-France;93;Seine-Saint-Denis;93048;PC;09304824B0057;5;2024-08-08;2025-09-20;;2024;2024-01-01;2024-08;2025-10;2025-10;;;;;;93100;MONTREUIL;false;4;RUE EDOUARD BRANLY;;MONTREUIL;93100;S;183;;;;;141;4;1;1;1;1;;;false;false;false;0;1;1;7;false;false;false;false;false;9;false;false;false;false;false;false;false;1;1;0;1;0;0;0;0;0;0;0;0;1;0;0;0;0;0;122;0;0;0;0;0;0;0;0;0;0;0;0
11;Île-de-France;93;Seine-Saint-Denis;93048;PC;09304824B0062;5;2024-07-18;2026-01-05;;2024;2026-01-05;2024-07;2026-04;2026-04;68.20B;6540;SCI IRENEE008;928015692;92801569200017;93100;MONTREUIL;false;8;RUE IRENEE LECOQ;;MONTREUIL;93100;M;49;;;;;410;4;2;5;1;1;;;false;true;true;3;3;1;7;false;false;false;false;false;9;false;false;false;false;false;false;false;1;1;0;1;0;0;0;0;0;1;0;0;0;0;0;0;0;59;50;0;30;0;0;0;0;0;0;0;0;0;0
11;Île-de-France;93;Seine-Saint-Denis;93048;PC;09304824B0063;2;2024-10-07;;;2024;2024-01-01;2024-10;;2024-10;;;;;;75020;PARIS;false;86;RUE PIERRE DE MONTREUIL;;MONTREUIL;93100;CD;431;CD;431;CD;432;1084;4;2;3;1;3;1;8;true;true;false;1;3;1;7;false;false;false;false;false;9;false;false;false;false;false;false;false;2;0;2;0;0;0;2;0;0;0;0;2;0;0;0;0;0;152;83;52;0;0;166;0;0;8;52;0;0;0;0
11;Île-de-France;93;Seine-Saint-Denis;93048;PC;09304824B0067;5;2024-08-22;2025-06-01;;2024;2024-01-01;2024-09;2025-06;2025-06;68.20B;6540;SCI VIRLAUT;352042428;35204242800040;93130;NOISY-LE-SEC;false;56;RUE DES RAMENAS;;MONTREUIL;93100;M;301;M;198;;;466;4;2;5;1;1;;;false;true;true;0;1;1;7;false;false;false;false;false;9;false;false;false;false;false;false;false;1;1;0;1;0;0;0;0;0;0;0;0;0;1;0;0;0;143;209;0;0;0;0;0;0;0;0;0;0;0;0
11;Île-de-France;93;Seine-Saint-Denis;93048;PC;09304824B0068;6;2024-07-12;2024-08-05;2024-12-01;2024;2024-01-01;2024-07;2024-08;2024-12;;;;;;93100;MONTREUIL;false;10;AVENUE DU COLONEL FABIEN;;MONTREUIL;93100;N;10;;;;;279;4;2;2;1;1;1;6;false;false;false;0;1;1;7;false;false;false;false;false;9;false;false;false;false;false;false;false;1;1;0;1;0;0;0;0;0;0;0;1;0;0;0;0;0;0;0;162;0;0;162;0;0;0;162;0;0;0;0
11;Île-de-France;93;Seine-Saint-Denis;93048;PC;09304824B0070;2;2024-12-04;;;2024;2024-01-01;2024-12;;2024-12;41.10D;6541;10 RABELAIS;984933572;98493357200013;93100;MONTREUIL;false;10;RUE RABELAIS;;MONTREUIL;93100;AK;94;;;;;253;4;1;1;1;2;;;false;false;false;2;2;1;7;false;false;false;false;false;9;false;false;false;false;false;false;false;2;2;0;0;2;0;0;0;0;0;0;0;2;0;0;0;0;0;215;0;0;0;0;0;0;0;0;0;0;0;0
11;Île-de-France;93;Seine-Saint-Denis;93048;PC;09304824B0073;2;2024-08-02;;;2024;2024-01-01;2024-08;;2024-08;;;;;;93100;MONTREUIL;false;24;RUE DESGRANGES;;MONTREUIL;93100;BQ;1;;;;;145;4;2;4;1;1;1;8;false;false;true;1;1;1;7;false;false;false;false;false;9;false;false;false;false;false;false;false;1;1;0;1;0;0;0;0;0;0;1;0;0;0;0;0;0;0;22;70;0;0;95;0;0;25;70;0;0;0;0
11;Île-de-France;93;Seine-Saint-Denis;93048;PC;09304824B0075;5;2024-09-11;2024-09-11;;2024;2024-01-01;2024-09;2025-07;2025-07;68.20B;6540;SOCIETE CIVILE IMMOBILIERE SHANTI;809166259;80916625900014;93100;MONTREUIL;false;73;RUE ALEXIS LEPERE;;MONTREUIL;;AC;239;;;;;356;4;1;1;1;1;;;false;false;false;0;1;1;4;false;false;false;true;false;9;false;false;false;false;false;false;false;1;1;0;1;0;0;0;0;0;0;0;0;1;0;0;0;0;0;237;0;0;0;0;0;0;0;0;0;0;0;0
11;Île-de-France;93;Seine-Saint-Denis;93048;PC;09304824B0084;2;2024-12-10;;;2024;2024-01-01;2024-12;;2024-12;68.20B;6540;SCI LE BOURGET 26;818017956;81801795600017;93100;MONTREUIL;false;39;RUE SAINT-DENIS;;MONTREUIL;93100;S;55;S;56;S;139;2038;4;2;5;1;3;;;true;true;true;5;3;1;7;false;false;false;false;false;9;false;false;false;false;false;false;false;20;0;20;0;0;0;20;0;1;6;8;4;1;0;0;0;0;0;1484;0;0;0;1404;432;0;1404;0;0;0;0;0
11;Île-de-France;93;Seine-Saint-Denis;93048;PC;09304824B0089;5;2025-01-27;2025-12-15;;2024;2024-01-01;2025-01;2026-01;2026-01;;;;;;93230;ROMAINVILLE;false;25;RUE DU RUISSEAU;;MONTREUIL;93100;X;66;;;;;154;4;1;1;1;1;;;false;false;false;0;1;1;7;false;false;false;false;false;9;false;false;false;false;false;false;false;1;1;0;1;0;0;0;0;0;0;0;0;0;0;0;0;0;0;84;0;0;0;0;0;0;0;0;0;0;0;0
11;Île-de-France;93;Seine-Saint-Denis;93048;PC;09304824B0090;2;2025-01-03;;;2024;2024-01-01;2025-01;;2025-01;41.10D;6599;SCCV ROCHEBRUNE 44;940499346;94049934600010;94000;CRETIEL;false;44;RUE ROCHEBRUNE;;MONTREUIL;93100;T;134;;;;;949;4;1;1;1;3;;;false;false;false;3;2;1;7;false;false;false;false;false;9;false;false;false;false;false;false;false;11;3;8;0;3;0;8;0;2;3;3;1;2;0;0;0;0;0;728;0;0;0;160;0;0;160;0;0;0;0;0
11;Île-de-France;93;Seine-Saint-Denis;93048;PC;09304824B0092;4;2024-10-23;;;2024;2024-01-01;2024-10;;2024-10;;;;;;93310;LE PRE SAINT GERVAIS;false;42;RUE ANNE FRANK;;MONTREUIL;93100;AP;352;AP;352;AP;353;270;4;1;1;1;1;;;false;false;false;0;1;1;1;true;false;false;false;false;9;false;false;false;false;false;false;false;1;1;0;1;0;0;0;0;0;0;0;1;0;0;0;0;0;0;108;0;0;0;0;0;0;0;0;0;0;0;0
11;Île-de-France;93;Seine-Saint-Denis;93048;PC;09304824B0095;5;2024-12-26;2025-12-01;;2024;2024-01-01;2024-12;2026-02;2026-02;68.20B;6540;34 REYNAUD;987769791;98776979100011;75116;PARIS;false;34;RUE EMILE REYNAUD;;MONTREUIL;93100;AE;77;;;;;240;4;2;5;1;1;;;false;true;false;0;3;1;7;false;false;false;false;false;9;false;false;false;false;false;false;false;1;1;0;1;0;0;0;0;1;0;0;0;0;0;0;0;0;179;92;0;19;0;0;0;0;0;0;0;0;0;0
11;Île-de-France;93;Seine-Saint-Denis;93048;PC;09304824B0101;2;2025-01-27;;;2024;2024-01-01;2025-01;;2025-01;;;;;;93100;MONTREUIL;false;55;RUE DU DOCTEUR CALMETTE;;MONTREUIL;93100;AE;17;;;;;195;4;2;5;1;3;;;false;true;true;4;4;1;7;false;false;false;false;false;9;false;false;false;false;false;false;false;2;0;2;0;0;0;2;0;0;0;0;2;0;0;0;0;0;123;110;0;12;0;0;0;0;0;0;0;0;0;0
11;Île-de-France;93;Seine-Saint-Denis;93048;PC;09304824B0107;5;2025-05-27;2026-04-01;;2024;2024-01-01;2025-05;2026-04;2026-04;68.32A;6542;CAMPUS 3M;927865303;92786530300014;75002;PARIS;false;27BIS;RUE DU PROGRES;;MONTREUIL;93100;BD;46;BD;48;BD;49;5130;4;2;3;1;4;1;9;false;true;false;6;3;3;7;false;false;false;false;false;2;false;true;false;false;false;false;false;60;0;60;0;0;60;0;0;0;0;0;0;0;0;0;0;0;0;883;713;0;0;7493;1712;0;1068;1426;0;0;0;1426
11;Île-de-France;93;Seine-Saint-Denis;93048;PC;09304824B0109;2;2025-05-21;;;2024;2024-01-01;2025-05;;2025-05;41.10D;6541;SCCV PARMENTIER 105;937972883;93797288300014;93400;SAINT-OUEN-SUR-SEINE;false;105;RUE PARMENTIER;;MONTREUIL;93100;AT;139;AT;140;AT;136;768;4;1;1;1;3;;;false;false;false;4;2;1;7;false;false;false;false;false;9;false;false;false;false;false;false;false;12;0;12;0;0;0;12;1;1;3;4;4;0;0;0;0;0;80;812;0;80;0;492;245;0;492;0;0;0;0;0
11;Île-de-France;93;Seine-Saint-Denis;93048;PC;09304824B0114;2;2024-12-26;;;2024;2024-01-01;2024-12;;2024-12;68.20B;6540;SCI YENILIK;915112353;91511235300015;93100;MONTREUIL;false;6;RUE DOUY DELCUPE;;MONTREUIL;93100;BM;2;;;;;304;4;2;3;1;2;1;5;false;true;true;2;2;1;7;false;false;false;false;false;9;false;false;false;false;false;false;false;3;3;0;0;3;0;0;0;0;0;2;1;0;0;0;0;0;0;83;160;0;0;160;0;0;0;160;0;0;0;0
11;Île-de-France;93;Seine-Saint-Denis;93048;PC;09304824B0116;5;2025-03-10;2025-09-01;;2024;2024-01-01;2025-03;2025-09;2025-09;68.10Z;5710;PREMIUM;532812955;53281295500013;94300;VINCENNES;false;43;RUE DE STALINGRAD;;MONTREUIL;93100;BU;63;;;;;1254;4;2;3;1;3;1;5;false;false;false;3;2;1;7;false;false;false;false;false;9;false;false;false;false;false;false;false;3;0;3;0;0;0;3;0;0;0;0;3;0;0;0;0;0;0;0;402;0;0;4254;606;0;234;402;0;0;0;0
11;Île-de-France;93;Seine-Saint-Denis;93048;PC;09304824B0119;2;2025-01-27;;;2024;2024-01-01;2025-01;;2025-01;94.20Z;8410;CONFEDERATION GENERALE DU TRAVAIL;775678451;77567845100060;93100;MONTREUIL;false;6;RUE EMILE ZOLA;;MONTREUIL;93100;AZ;11;AZ;11;;;250;4;2;4;1;1;1;5;false;false;false;3;2;1;7;false;false;false;false;false;9;false;false;false;false;false;false;false;1;1;0;1;0;0;0;0;0;1;0;0;0;0;0;0;0;277;0;40;0;0;42;0;0;2;40;0;0;0;0
11;Île-de-France;93;Seine-Saint-Denis;93048;PC;09304824B0120;4;2024-12-23;;;2024;2024-01-01;2024-12;;2024-12;;;;;;93100;MONTREUIL;false;8;RUE DESIRE CHEVALIER;;MONTREUIL;93100;BP;136;;;;;125;4;1;1;1;1;;;false;false;false;0;1;1;7;false;false;false;false;false;9;false;false;false;false;false;false;false;1;1;0;1;0;0;0;0;0;0;0;0;1;0;0;0;0;0;160;0;0;0;0;0;0;0;0;0;0;0;0
11;Île-de-France;93;Seine-Saint-Denis;93048;PC;09304824B0124;2;2025-03-11;;;2024;2024-01-01;2025-03;;2025-03;;;;;;93100;MONTREUIL;false;87;AV DU PRESIDENT SALVADOR A;;MONTREUIL;93100;K;156;;;;;272;4;1;1;1;2;;;false;false;false;3;3;1;7;false;false;false;false;false;9;false;false;false;false;false;false;false;2;2;0;0;2;0;0;1;0;0;0;0;0;2;0;0;0;59;238;0;59;0;0;0;0;0;0;0;0;0;0
11;Île-de-France;93;Seine-Saint-Denis;93048;PC;09304824B0127;5;2025-02-20;2025-03-26;;2024;2024-01-01;2025-02;2025-03;2025-03;68.20B;6540;SCI MICHMICH;933620197;93362019700014;93100;MONTREUIL;false;45;RUE DES MESSIERS;;MONTREUIL;93100;AT;43;;;;;330;4;1;1;1;1;;;false;false;false;0;1;1;7;false;false;false;false;false;9;false;false;false;false;false;false;false;1;1;0;1;0;0;0;1;0;0;0;0;0;1;0;0;0;89;234;0;89;0;0;0;0;0;0;0;0;0;0
11;Île-de-France;93;Seine-Saint-Denis;93048;PC;09304824B0130;5;2025-05-06;2026-02-10;;2024;2024-01-01;2025-05;2026-02;2026-02;41.10D;6541;SCCV VILLA LEA;982118473;98211847300015;75014;PARIS;false;24;RUE ROCHEBRUNE;;MONTREUIL;93100;U;167;;;;;1208;4;2;5;1;3;;;false;false;false;4;2;1;7;false;false;false;false;false;9;false;false;false;false;false;false;false;17;0;17;0;0;0;17;0;3;2;7;3;2;0;0;0;0;0;1132;0;0;0;760;0;0;760;0;0;0;0;0
11;Île-de-France;93;Seine-Saint-Denis;93048;PC;09304824B0132;2;2025-02-10;;;2024;2024-01-01;2025-02;;2025-02;;;;;;93100;MONTREUIL;false;23;RUE POULIN;;MONTREUIL;93100;Y;209;;;;;371;4;1;1;1;1;;;false;false;false;0;3;1;5;false;false;false;false;true;9;false;false;false;false;false;false;false;1;1;0;1;0;0;0;0;0;0;1;0;0;0;0;0;0;72;65;0;0;0;0;0;0;0;0;0;0;0;0
11;Île-de-France;93;Seine-Saint-Denis;93048;PC;09304824B0134;6;2025-02-20;2025-10-17;2026-05-07;2024;2024-01-01;2025-02;2025-10;2026-05;;;;;;94300;VINCENNES;false;65;RUE FRANCOIS ARAGO;;MONTREUIL;93100;BI;161;;;;;120;4;1;1;1;2;;;false;true;true;3;1;1;7;false;false;false;false;false;9;false;false;false;false;false;false;false;2;2;0;0;2;0;0;0;2;0;0;0;0;0;0;0;0;0;75;0;0;0;0;0;0;0;0;0;0;0;0
11;Île-de-France;93;Seine-Saint-Denis;93048;PC;09304824B0137;2;2025-02-07;;;2024;2024-01-01;2025-02;;2025-02;41.10A;5710;AEVEN CHATEAU;882587389;88258738900017;93200;SAINT-DENIS;false;115 B;RUE DES BLANCS VILAINS;;MONTREUIL;93100;CO;123;CO;123;CO;168;671;4;1;1;1;1;;;false;false;false;0;2;1;7;false;false;false;false;false;9;false;false;false;false;false;false;false;1;1;0;1;0;0;0;0;0;0;0;0;1;0;0;0;0;0;112;0;0;0;0;0;0;0;0;0;0;0;0
11;Île-de-France;93;Seine-Saint-Denis;93048;PC;09304824B0138;2;2025-02-04;;;2024;2024-01-01;2025-02;;2025-02;41.10A;5710;AEVEN CHATEAU;882587389;88258738900017;93200;SAINT-DENIS;false;115 B;RUE DES BLANCS VILAINS;;MONTREUIL;93100;CO;168;CO;123;CO;168;670;4;1;1;1;1;;;false;false;false;0;2;1;7;false;false;false;false;false;9;false;false;false;false;false;false;false;1;1;0;1;0;0;0;0;0;0;0;0;1;0;0;0;0;0;112;0;0;0;0;0;0;0;0;0;0;0;0
11;Île-de-France;93;Seine-Saint-Denis;93048;PC;09304824B0139;2;2025-07-09;;;2024;2024-01-01;2025-07;;2025-07;70.22Z;5499;AIC ILE DE FRANCE;793752734;79375273400020;92100;BOULOGNE-BILLANCOURT;false;44;RUE CUVIER;;MONTREUIL;93100;BG;117;;;;;2189;4;1;1;1;3;;;false;false;false;7;2;1;7;false;false;false;false;false;9;false;false;false;false;false;false;false;83;0;83;0;0;0;83;0;7;31;21;15;9;0;0;0;0;0;5441;0;0;0;1390;1597;0;1390;0;0;0;0;0
11;Île-de-France;93;Seine-Saint-Denis;93048;PC;09304824B0140;2;2025-02-07;;;2024;2024-01-01;2025-02;;2025-02;;;;;;93100;MONTREUIL;false;8;RUE MARGUERITE YOURCENAR;;MONTREUIL;93100;AI;339;;;;;312;4;1;1;1;1;;;false;false;false;0;1;2;7;false;false;false;false;false;9;false;false;false;false;false;false;false;1;1;0;1;0;0;0;0;0;1;0;0;0;0;0;0;0;0;68;0;0;0;0;0;0;0;0;0;0;0;0
11;Île-de-France;93;Seine-Saint-Denis;93048;PC;09304824B0141;5;2025-02-04;2025-07-21;;2024;2024-01-01;2025-02;2025-08;2025-08;;;;;;93100;MONTREUIL;false;4;RUE COLBERT;;MONTREUIL;93100;AP;270;;;;;452;4;2;3;1;1;1;3;true;true;false;2;2;1;7;false;false;false;false;false;9;false;false;false;false;false;false;false;1;1;0;1;0;0;0;0;0;0;0;1;0;0;0;0;0;0;73;42;0;0;63;0;0;20;42;42;0;0;0
11;Île-de-France;93;Seine-Saint-Denis;93048;PC;09304824B0142;2;2025-05-06;;;2024;2024-01-01;2025-05;;2025-05;68.20B;6540;G.A;877708891;87770889100016;93130;NOISY-LE-SEC;false;13;RUE MADELEINE LAFFITE;;MONTREUIL;93100;J;376;;;;;60;4;1;1;1;1;;;false;false;false;0;1;1;7;false;false;false;false;false;9;false;false;false;false;false;false;false;1;1;0;1;0;0;0;1;0;1;0;0;0;0;0;0;0;48;86;0;48;0;0;0;0;0;0;0;0;0;0
11;Île-de-France;93;Seine-Saint-Denis;93048;PC;09304824B0143;2;2025-03-10;;;2024;2024-01-01;2025-03;;2025-03;68.20A;4140;OFFICE PUBLIC DE L'HABITAT EST ENSEMBLE HABITAT;488777160;48877716000018;93100;MONTREUIL;false;54;RUE DE ROMAINVILLE;;MONTREUIL;93100;U;48;;;;;401;4;1;1;1;3;;;false;false;false;4;2;1;7;false;false;false;false;false;9;false;false;false;false;false;false;false;9;0;9;0;0;0;9;0;0;3;4;2;0;0;0;0;0;0;598;0;0;0;0;0;0;0;0;0;0;0;0
11;Île-de-France;93;Seine-Saint-Denis;93048;PC;09304824B0146;2;2025-05-13;;;2024;2024-01-01;2025-05;;2025-05;68.20A;4140;OFFICE PUBLIC DE L'HABITAT EST ENSEMBLE HABITAT;488777160;48877716000018;93105;MONTREUIL CEDEX;false;22;RUE DE L'ERMITAGE;;MONTREUIL;93100;T;9;;;;;366;4;1;1;1;3;;;false;false;false;4;2;1;5;false;false;false;false;true;9;false;false;false;false;false;false;false;8;0;8;0;0;0;8;0;1;2;3;2;0;0;0;8;0;0;460;0;0;0;0;0;0;0;0;0;0;0;0
11;Île-de-France;93;Seine-Saint-Denis;93048;PC;09304824B0147;2;2025-05-12;;;2024;2024-01-01;2025-05;;2025-05;41.10D;6541;SCCV 93 ROMAINVILLE;898763974;89876397400026;75013;PARIS;false;93;RUE DE ROMAINVILLE;;MONTREUIL;93100;V;171;V;129;;;2036;4;1;1;1;3;;;false;false;false;0;2;1;7;false;false;false;false;false;9;false;false;false;false;false;false;false;21;0;21;0;0;0;21;0;4;5;5;6;1;0;7;0;0;0;1428;0;0;0;0;0;0;0;0;0;0;0;0
11;Île-de-France;93;Seine-Saint-Denis;93048;PC;09304824B0148;2;2025-10-13;;;2024;2024-01-01;2025-10;;2025-10;68.10Z;5499;GUEMARA;803442888;80344288800019;93100;MONTREUIL;false;38;RUE MARCEAU;;MONTREUIL;93100;BH;46;BH;45;BH;46;710;4;2;3;1;3;1;3;false;true;true;3;4;1;7;false;false;false;false;false;9;false;false;false;false;false;false;false;8;0;8;0;0;0;8;0;1;0;2;5;0;0;0;0;0;402;663;59;62;0;724;145;0;222;59;59;0;0;0
11;Île-de-France;93;Seine-Saint-Denis;93048;PC;09304824B0150;2;2025-05-23;;;2024;2024-01-01;2025-05;;2025-05;68.20A;4140;OFFICE PUBLIC DE L'HABITAT EST ENSEMBLE HABITAT;488777160;48877716000018;93100;MONTREUIL;false;44-46;BOULEVARD HENRI BARBUSSE;;MONTREUIL;93100;AG;77;AG;76;AG;155;1209;4;1;1;1;3;;;false;false;false;5;2;1;7;false;false;false;false;false;9;false;false;false;false;false;false;false;19;0;19;0;0;0;19;0;0;4;7;7;1;0;0;19;0;0;1423;0;0;0;0;369;0;0;0;0;0;0;0
11;Île-de-France;93;Seine-Saint-Denis;93048;PC;09304825B0003;2;2025-07-08;;;2025;2025-01-01;2025-07;;2025-07;;;;;;93100;MONTREUIL;false;106-1;RUE PIERRE CURIE;;MONTREUIL;93100;CR;102;CR;103;CR;103;422;4;1;1;1;2;;;false;false;false;2;2;1;7;false;false;false;false;false;9;false;false;false;false;false;false;false;3;3;0;0;3;0;0;1;0;0;0;2;1;0;0;0;0;75;276;0;75;0;0;0;0;0;0;0;0;0;0
11;Île-de-France;93;Seine-Saint-Denis;93048;PC;09304825B0006;2;2025-03-10;;;2025;2025-01-01;2025-03;;2025-03;68.20B;6540;SCI ROSNY;832430284;83243028400022;94300;VINCENNES;false;296;RUE DE ROSNY;;MONTREUIL;93100;CK;208;;;;;391;4;2;5;1;1;;;false;true;false;2;3;1;7;false;false;false;false;false;9;false;false;false;false;false;false;false;1;1;0;1;0;0;0;0;0;0;1;0;0;0;0;0;0;147;77;0;21;0;0;0;0;0;0;0;0;0;0
11;Île-de-France;93;Seine-Saint-Denis;93048;PC;09304825B0010;2;2025-10-01;;;2025;2025-01-01;2025-10;;2025-10;68.20B;9220;UNION FRATERNEL METALLURGISTE ILE FRANCE;775680234;77568023400033;75011;PARIS;false;60;RUE DE LA REPUBLIQUE;;MONTREUIL;93100;AZ;161;AZ;176;AZ;179;4056;4;1;1;1;4;;;false;true;true;7;3;1;7;false;false;false;false;false;7;false;false;false;false;false;false;true;49;0;49;0;0;49;0;0;5;41;0;3;0;0;0;0;0;0;3160;0;0;0;7937;0;0;0;0;0;0;0;0
11;Île-de-France;93;Seine-Saint-Denis;93048;PC;09304825B0014;2;2025-06-23;;;2025;2025-01-01;2025-06;;2025-06;41.10A;6599;VITREUIL;909236150;;92300;BOULONGNE BILLANCOURT;false;78;RUE DE VITRY;;MONTREUIL;93100;AI;106;AI;106;;;516;4;2;3;1;2;1;5;false;true;false;3;2;1;7;false;false;false;false;false;9;false;false;false;false;false;false;false;25;25;0;0;25;0;0;0;25;0;0;0;0;0;25;0;0;0;197;476;0;0;476;0;0;0;476;91;0;0;0
11;Île-de-France;93;Seine-Saint-Denis;93048;PC;09304825B0015;2;2025-05-13;;;2025;2025-01-01;2025-05;;2025-05;;;;;;94120;FONTENAY-SOUS-BOIS;false;8;RUE MARGUERITE YOURCENAR;;MONTREUIL;93100;AI;339;;;;;312;4;2;5;1;1;;;true;true;true;1;1;1;7;false;false;false;false;false;9;false;false;false;false;false;false;false;1;1;0;1;0;0;0;1;0;0;0;1;0;0;0;0;0;68;137;0;68;0;0;0;0;0;0;0;0;0;0
11;Île-de-France;93;Seine-Saint-Denis;93048;PC;09304825B0018;2;2025-08-26;;;2025;2025-01-01;2025-08;;2025-08;41.20B;6599;LE MONDE D'EDEN BY MAIDEN ETHIQUE VALENTON;922239710;92223971000010;92220;BAGNEUX;false;65;RUE DU DOCTEUR CALMETTE;;MONTREUIL;93100;AE;307;AE;308;AE;284;390;4;1;1;1;3;;;false;false;false;3;3;1;7;false;false;false;false;false;9;false;false;false;false;false;false;false;3;0;3;0;0;0;3;0;0;0;0;0;3;0;0;0;0;0;273;0;0;0;0;0;0;0;0;0;0;0;0
11;Île-de-France;93;Seine-Saint-Denis;93048;PC;09304825B0020;2;2025-11-06;;;2025;2025-01-01;2025-11;;2025-11;68.20B;6540;AGHROUD;518211636;51821163600015;93100;MONTREUIL;false;112;RUE ETIENNE MARCEL;;MONTREUIL;93100;AT;156;AT;155;;;506;4;2;5;1;3;;;true;false;false;4;3;1;7;false;false;false;false;false;9;false;false;false;false;false;false;false;10;0;10;0;0;0;10;3;0;4;6;0;0;0;0;0;0;492;638;0;244;0;58;42;0;0;0;0;0;0;0
11;Île-de-France;93;Seine-Saint-Denis;93048;PC;09304825B0026;2;2025-06-20;;;2025;2025-01-01;2025-06;;2025-06;;;;;;93100;MONTREUIL;false;119;BOULEVARD HENRI BARBUSSE;;MONTREUIL;93100;Y;135;;;;;524;4;1;1;1;1;;;false;false;false;0;1;1;7;false;false;false;false;false;9;false;false;false;false;false;false;false;1;1;0;1;0;0;0;0;0;1;0;0;0;0;0;0;0;155;46;0;0;0;0;0;0;0;0;0;0;0;0
11;Île-de-France;93;Seine-Saint-Denis;93048;PC;09304825B0039;2;2025-08-27;;;2025;2025-01-01;2025-08;;2025-08;;;;;;92150;SURESNES;false;20;RUE DES ROCHES;;MONTREUIL;93100;K;154;;;;;324;4;1;1;1;1;;;false;false;false;0;1;1;7;false;false;false;false;false;9;false;false;false;false;false;false;false;1;1;0;1;0;0;0;0;0;0;0;0;1;0;0;0;0;50;174;0;50;0;0;0;0;0;0;0;0;0;0
11;Île-de-France;93;Seine-Saint-Denis;93048;PC;09304825B0045;2;2025-09-18;;;2025;2025-01-01;2025-09;;2025-09;68.20B;6540;KINGUE-MOUDIO-ASSOCIES;524258142;52425814200016;93100;MONTREUIL;false;51;RUE EDOUARD VAILLANT;;MONTREUIL;93100;BK;80;;;;;366;4;1;1;1;3;;;false;false;false;4;2;1;7;false;false;false;false;false;9;false;false;false;false;false;false;false;7;0;7;0;0;0;7;1;2;3;2;0;0;0;0;0;0;0;317;0;0;0;288;182;0;288;0;0;0;0;0
11;Île-de-France;93;Seine-Saint-Denis;93048;PC;09304825B0048;5;2025-08-26;2026-06-19;;2025;2025-01-01;2025-08;2026-06;2026-06;;;;;;93100;MONTREUIL;false;79;RUE PARMENTIER;;MONTREUIL;93100;AT;99;AT;230;;;245;4;1;1;1;1;;;false;false;false;0;1;1;7;false;false;false;false;false;9;false;false;false;false;false;false;false;1;1;0;1;0;0;0;1;0;0;0;0;1;0;0;0;0;33;117;0;33;0;0;0;0;0;0;0;0;0;0
11;Île-de-France;93;Seine-Saint-Denis;93048;PC;09304825B0052;2;2025-09-18;;;2025;2025-01-01;2025-09;;2025-09;68.20B;6540;L'ETANG DE LA SERENITE;909706954;90970695400023;93100;MONTREUIL;false;111;AV DU PRESIDENT SALVADOR A;;MONTREUIL;93100;K;204;;;;;448;4;1;1;1;2;;;false;false;false;2;3;1;5;false;false;false;false;true;9;false;false;false;false;false;false;false;3;3;0;0;3;0;0;1;0;2;1;0;0;0;0;0;0;44;195;0;44;0;0;0;0;0;0;0;0;0;0
11;Île-de-France;93;Seine-Saint-Denis;93048;PC;09304825B0053;5;2025-10-20;2025-11-25;;2025;2025-11-25;2025-10;2026-06;2026-06;;;;;;93100;MONTREUIL;false;;RUE DENIS COUTURIER;;MONTREUIL;93100;AP;1;;;;;86;4;2;3;1;1;1;5;false;true;true;0;1;1;7;false;false;false;false;false;9;false;false;false;false;false;false;false;1;1;0;1;0;0;0;0;0;0;1;0;0;0;0;0;0;0;42;80;0;0;80;0;0;0;80;0;0;0;0
11;Île-de-France;93;Seine-Saint-Denis;93048;PC;09304825B0068;5;2025-11-12;2025-11-18;;2025;2025-01-01;2025-11;2025-11;2025-11;;;;;;93100;MONTREUIL;false;114;RUE DES RUFFINS;;MONTREUIL;93100;CR;1;;;;;370;4;1;1;1;;;;true;false;false;3;1;1;7;false;false;false;false;false;7;false;false;false;false;false;false;true;0;0;0;0;0;0;0;0;1;2;1;0;0;0;0;0;0;147;51;0;0;0;0;0;0;0;0;0;0;0;0
11;Île-de-France;93;Seine-Saint-Denis;93048;PC;09304825B0072;2;2026-02-09;;;2025;2025-01-01;2026-02;;2026-02;41.10D;6541;SCCV MONTREUIL 8 RUE MOLIERE;945359818;94535981800016;;;false;8;RUE MOLIAÃÂRE;;MONTREUIL;93100;BN;82;BN;139;;;556;4;2;4;1;3;1;6;false;false;false;1;2;3;6;false;false;false;true;true;9;false;false;false;false;false;false;false;3;0;3;0;0;0;3;0;0;0;0;0;3;0;0;0;0;0;0;396;0;0;1032;0;40;596;436;0;0;0;0
11;Île-de-France;93;Seine-Saint-Denis;93048;PC;09304825B0074;2;2026-02-03;;;2025;2025-01-01;2026-02;;2026-02;68.10Z;5499;TAL CORPORATE;388786113;38878611300067;75004;PARIS;false;119;BOULEVARD DE CHANZY;;MONTREUIL;93100;AV;31;;;;;201;4;1;1;1;4;;;false;false;false;7;3;3;7;false;false;false;false;false;7;false;false;false;false;false;false;true;7;0;7;0;0;7;0;1;0;3;3;0;0;1;0;0;0;200;628;0;200;0;0;0;0;0;0;0;0;0;0
11;Île-de-France;93;Seine-Saint-Denis;93048;PC;09304825B0077;2;2025-10-28;;;2025;2025-01-01;2025-10;;2025-10;41.10A;5710;NOA;918760240;91876024000013;93800;EPINAY-SUR-SEINE;false;143BI;RUE DE ROSNY;LOT A;MONTREUIL;93100;T;117;;;;;363;4;1;1;1;1;;;false;false;false;0;2;1;7;false;false;false;false;false;9;false;false;false;false;false;false;false;1;1;0;1;0;0;0;0;0;0;0;0;1;0;0;0;0;0;118;0;0;0;0;0;0;0;0;0;0;0;0
11;Île-de-France;93;Seine-Saint-Denis;93048;PC;09304825B0078;2;2026-01-29;;;2025;2025-01-01;2026-01;;2026-01;68.20A;4140;OFFICE PUBLIC DE L'HABITAT EST ENSEMBLE HABITAT;488777160;48877716000018;93100;MONTREUIL;false;17;RUE MOLIERE;;MONTREUIL;93100;BO;341;BO;324;BO;308;25434;4;1;3;1;3;1;3;false;true;false;4;3;1;7;false;false;false;false;false;9;false;false;false;false;false;false;false;28;0;28;0;0;0;28;0;8;1;10;9;0;0;28;0;0;48542;683;1050;0;0;2859;0;0;34;1050;1050;0;0;0
11;Île-de-France;93;Seine-Saint-Denis;93048;PC;09304825B0079;5;2025-10-13;2026-05-07;;2025;2025-01-01;2025-10;2026-05;2026-05;41.10A;5710;MBH 2;988947966;98894796600012;93210;SAINT-DENIS;false;143BI;RUE DE ROSNY;LOT B;MONTREUIL;93100;T;117;;;;;541;4;2;3;1;3;1;5;true;false;false;3;2;1;7;false;false;false;false;false;9;false;false;false;false;false;false;false;8;0;8;0;0;0;8;0;1;3;3;1;0;0;3;0;0;326;157;52;0;0;52;0;0;0;52;0;0;0;0
11;Île-de-France;93;Seine-Saint-Denis;93048;PC;09304825B0081;2;2026-02-24;;;2025;2025-01-01;2026-02;;2026-02;68.10Z;5710;SAS ERMITAGE;930212345;93021234500019;;;false;7;RUE DE L'ERMITAGE;;MONTREUIL;93100;P;56;;;;;1195;4;2;5;1;1;;;true;false;false;2;5;3;7;false;false;false;false;false;9;false;false;false;false;false;false;false;1;1;0;1;0;0;0;0;0;0;0;1;0;0;0;0;0;70;18;0;0;0;0;0;0;0;0;0;0;0;0
11;Île-de-France;93;Seine-Saint-Denis;93048;PC;09304825B0084;5;2025-12-17;2026-06-19;;2025;2025-01-01;2025-12;2026-06;2026-06;;;;;;93100;MONTREUIL;false;84;RUE SAINT-DENIS;;MONTREUIL;93100;J;105;;;;;520;4;2;3;1;1;1;5;false;true;false;0;1;1;7;false;false;false;false;false;9;false;false;false;false;false;false;false;1;1;0;1;0;0;0;0;0;0;0;1;0;0;0;0;0;0;52;64;0;0;64;0;0;0;64;0;0;0;0
11;Île-de-France;93;Seine-Saint-Denis;93048;PC;09304825B0088;2;2025-12-02;;;2025;2025-01-01;2025-12;;2025-12;64.20Z;5499;FINANCIERE CHELABI;828567008;82856700800010;75001;PARIS;false;68;RUE DES RUFFINS;;MONTREUIL;93100;CH;256;;;;;256;4;1;4;1;1;1;5;true;false;false;2;3;1;7;false;false;false;false;false;9;false;false;false;false;false;false;false;1;1;0;1;0;0;0;0;0;0;0;1;0;0;0;0;0;85;53;83;47;0;108;0;0;25;83;0;0;0;0
11;Île-de-France;93;Seine-Saint-Denis;93048;PC;09304825B0101;2;2026-06-02;;;2025;2025-01-01;2026-06;;2026-06;;;;;;93100;MONTREUIL;false;84;RUE EDOUARD VAILLANT;;MONTREUIL;93100;BK;62;;;;;946;4;1;1;1;4;;;false;false;false;4;1;1;5;false;false;false;false;true;7;false;false;false;false;false;false;true;9;0;9;0;0;9;0;0;0;1;6;2;0;0;0;0;0;0;852;0;0;0;563;311;0;563;0;0;0;0;0
11;Île-de-France;93;Seine-Saint-Denis;93048;PC;09304825B0103;2;2025-12-24;;;2025;2025-01-01;2025-12;;2025-12;;;;;;93110;ROSNY-SOUS-BOIS;false;31;RUE DE NORMANDIE;;MONTREUIL;93100;C;247;;;;;217;4;2;4;1;1;1;5;false;false;false;1;3;1;7;false;false;false;false;false;9;false;false;false;false;false;false;false;1;1;0;1;0;0;0;0;0;0;1;0;0;0;0;0;0;1;0;74;1;0;74;0;0;0;74;0;0;0;0
11;Île-de-France;93;Seine-Saint-Denis;93048;PC;09304825B0112;2;2026-03-19;;;2025;2025-01-01;2026-03;;2026-03;;;;;;93100;MONTREUIL;false;3;RUE DU RUISSEAU;;MONTREUIL;93100;X;131;;;;;59;4;1;1;1;1;;;false;false;false;0;1;1;7;false;false;false;false;false;9;false;false;false;false;false;false;false;1;1;0;1;0;0;0;1;0;0;0;1;0;0;0;0;0;30;97;0;30;0;0;0;0;0;0;0;0;0;0
11;Île-de-France;93;Seine-Saint-Denis;93048;PC;09304825B0126;2;2026-04-24;;;2025;2025-01-01;2026-04;;2026-04;68.20B;6599;ASSENS;899280309;89928030900019;93100;MONTREUIL;false;75;RUE DES RAMENAS;;MONTREUIL;93100;N;233;N;235;;;191;4;1;1;1;1;;;false;false;false;0;3;3;7;false;false;false;false;false;9;false;false;false;false;false;false;false;1;1;0;1;0;0;0;0;0;0;0;0;0;0;0;0;0;38;95;0;38;0;0;0;0;0;0;0;0;0;0
11;Île-de-France;93;Seine-Saint-Denis;93048;PC;09304825B0127;2;2026-07-30;;;2025;2025-01-01;2026-07;;2026-07;68.20A;5699;CDC HABITAT SOCIAL SOCIETE ANONYME D'HABITATIONS A LOYER MODERE;552046484;55204648400325;75013;PARIS;false;199-205;RUE DE PARIS;;MONTREUIL;93100;;;;;;;749;2;2;5;1;3;;;false;false;false;6;3;3;7;false;false;false;false;false;9;false;false;false;false;false;false;false;21;3;18;0;3;0;18;0;1;9;6;5;0;0;21;0;0;0;1301;0;0;0;0;285;0;0;0;0;0;0;0
11;Île-de-France;93;Seine-Saint-Denis;93048;PC;09304825B0128;2;2026-06-16;;;2025;2025-01-01;2026-06;;2026-06;68.20A;5699;CDC HABITAT SOCIAL SOCIETE ANONYME D'HABITATIONS A LOYER MODERE;552046484;55204648400325;;;false;221;RUE DE PARIS;;MONTREUIL;93100;AY;84;;;;;83;2;2;5;1;3;;;false;false;false;5;3;3;7;false;false;false;false;false;9;false;false;false;false;false;false;false;2;0;2;0;0;0;2;1;0;1;0;1;0;0;2;0;0;169;130;0;34;0;107;0;0;32;0;0;0;0;0
11;Île-de-France;93;Seine-Saint-Denis;93048;PC;09304825B0132;2;2026-03-10;;;2025;2025-01-01;2026-03;;2026-03;;;;;;94430;CHENNEVIERES-SUR-MARNE;false;80;RUE ERNEST SAVART;;MONTREUIL;93100;AD;115;;;;;437;4;1;1;1;;;;false;false;false;0;3;1;7;false;false;false;false;false;9;false;false;false;false;false;false;false;0;0;0;0;0;0;0;0;0;0;0;0;1;1;0;0;0;0;130;0;0;0;0;0;0;0;0;0;0;0;0
11;Île-de-France;93;Seine-Saint-Denis;93048;PC;09304825B0133;2;2026-04-16;;;2025;2026-04-16;2026-04;;2026-04;68.20B;6540;ANTOUN GG;830784708;83078470800018;95870;BEZONS;false;72;RUE EMILE BEAUFILS;;MONTREUIL;93100;J;47;;;;;135;4;2;5;1;;;;true;true;false;0;3;3;7;false;false;false;false;false;9;false;false;false;false;false;false;false;0;0;0;0;0;0;0;0;0;0;2;1;0;0;0;0;0;74;99;0;0;0;99;0;0;0;0;0;0;0;0
11;Île-de-France;93;Seine-Saint-Denis;93048;PC;09304826B0003;2;2026-06-01;;;2026;2026-01-01;2026-06;;2026-06;;;;;;93100;MONTREUIL;false;34;RUE DE LA TRANCHAÃÂE;;MONTREUIL;93100;CQ;214;CQ;215;;;593;4;2;5;1;1;;;true;false;false;2;1;1;7;false;false;false;false;false;9;false;false;false;false;false;false;false;1;1;0;1;0;0;0;0;1;0;0;0;0;0;0;0;0;185;28;0;20;0;0;0;0;0;0;0;0;0;0
11;Île-de-France;93;Seine-Saint-Denis;93048;PC;09304826B0012;2;2026-06-10;;;2026;2026-06-10;2026-06;;2026-06;70.22Z;5710;REDD;792490278;79249027800068;46240;COEUR DE CAUSSE;false;26;RUE EDOUARD VAILLANT;;MONTREUIL;93100;BL;180;;;;;462;4;1;1;1;3;;;false;false;false;6;2;3;6;false;false;false;true;true;9;false;false;false;false;false;false;false;7;1;6;0;1;0;6;0;1;2;2;0;2;0;0;0;0;0;383;0;0;0;339;0;0;339;0;0;0;0;0
11;Île-de-France;93;Seine-Saint-Denis;93048;PC;09304826B0013;2;2026-04-17;;;2026;;2026-04;;2026-04;;;;;;94430;CHENNEVIAÃÂRES-SUR-MARNE;false;1BIS;RUE DES PAPILLONS;;MONTREUIL;93100;AC;241;;;;;130;4;1;1;1;1;;;false;false;false;0;1;1;7;false;false;false;false;false;9;false;false;false;false;false;false;false;1;1;0;1;0;0;0;1;0;0;0;1;0;0;0;0;0;62;65;0;62;0;0;0;0;0;0;0;0;0;0
11;Île-de-France;93;Seine-Saint-Denis;93048;PC;09304826B0026;2;2026-07-24;;;2026;2026-03-16;2026-07;;2026-07;68.10Z;5710;IMMO VENTURE INVEST;881842736;88184273600012;;;true;85;RUE DE LA DEMI-LUNE;;MONTREUIL;93100;C;282;;;;;152;4;2;5;1;1;;;false;false;false;0;2;3;7;false;false;false;false;false;9;false;false;false;false;false;false;false;1;1;0;1;0;0;0;0;0;0;0;0;1;0;0;0;0;132;75;0;12;0;0;0;0;0;0;0;0;0;0
11;Île-de-France;93;Seine-Saint-Denis;93048;PC;09304826B0037;2;2026-06-24;;;2026;2026-04-08;2026-06;;2026-06;;;;;;93100;MONTREUIL;false;20;RUE DES HAYEPS;;MONTREUIL;93100;BI;251;;;;;208;4;2;4;1;1;1;8;false;true;true;0;1;1;7;false;false;false;false;false;9;false;false;false;false;false;false;false;1;1;0;1;0;0;0;0;0;0;0;0;0;1;0;0;0;51;36;0;0;0;124;0;0;41;83;0;0;0;0
11;Île-de-France;93;Seine-Saint-Denis;93048;PC;09304826B0047;2;2026-08-27;;;2026;2026-04-30;2026-08;;2026-08;;;;;;77000;MELUN;false;176;BOULEVARD DE CHANZY;;MONTREUIL;93100;AV;19;;;;;323;4;2;2;1;2;1;8;false;false;false;1;3;3;7;false;false;false;false;false;9;false;false;false;false;false;false;false;3;3;0;0;3;0;0;0;0;0;0;0;0;0;0;0;0;21;0;92;0;0;92;0;0;0;92;0;0;0;0
11;Île-de-France;93;Seine-Saint-Denis;93048;PC;09304826B0049;2;2026-07-20;;;2026;2026-05-05;2026-07;;2026-07;;;;;;93100;MONTREUIL;false;154;ETIENNE MARCEL;;MONTREUIL;93100;AV;115;;;;;305;4;2;5;1;1;;;true;false;false;1;3;3;7;false;false;false;false;false;9;false;false;false;false;false;false;false;1;1;0;1;0;0;0;0;0;1;0;0;0;0;0;0;0;0;53;0;0;0;67;0;0;0;0;0;0;0;0
11;Île-de-France;93;Seine-Saint-Denis;93048;PC;09304826B0063;2;2026-07-24;;;2026;;2026-07;;2026-07;68.20B;5499;PARSONS & WHITTEMORE IMMOBILIER;392202164;39220216400027;75008;PARIS;false;92;BOULEVARD DE CHANZY;;MONTREUIL;93100;AT;92;;;;;290;4;2;2;1;1;1;5;false;false;false;0;1;1;7;false;false;false;false;false;9;false;false;false;false;false;false;false;1;1;0;1;0;0;0;0;0;1;0;0;0;0;0;0;0;450;0;38;0;0;113;0;0;0;38;0;0;0;0
11;Île-de-France;93;Seine-Saint-Denis;93048;PA;09304820B0003;2;2021-05-25;;;2020;2020-01-01;2021-05;;2021-05;84.11Z;7210;COMMUNE DE MONTREUIL;219300480;21930048000015;93100;MONTREUIL;false;154-1;RUE DE ROSNY;;MONTREUIL;93100;BZ;402;BZ;329;BZ;288;0;4;1;1;1;2;;;false;false;false;1;5;3;7;false;false;false;false;false;9;false;false;false;false;false;false;false;9;9;0;0;9;0;0;0;0;0;0;0;0;0;0;0;0;0;396;0;0;0;0;0;0;0;0;0;0;0;0
11;Île-de-France;93;Seine-Saint-Denis;93048;PA;09304825B0003;2;2025-12-24;;;2025;2025-01-01;2026-07;;2026-07;41.10D;6541;SCCV MONTREUIL 8 RUE MOLIERE;945359818;94535981800016;75011;PARIS;false;;;;;;;;;;;;0;4;1;4;1;3;1;6;false;false;false;3;5;3;7;false;false;false;false;false;9;false;false;false;false;false;false;false;3;0;3;0;0;0;3;0;0;0;0;0;3;0;0;0;0;0;0;325;0;0;1032;0;40;667;365;0;0;0;0
11;Île-de-France;93;Seine-Saint-Denis;93048;DP;09304812B0259;2;2013-02-15;;;2012;2012-01-01;2013-02;;2013-02;;;;;;93100;MONTREUIL;false;34;RUE DES FEDERES;;MONTREUIL;93100;BJ;85;;;;;553;4;2;2;1;2;1;8;true;false;false;0;1;1;7;false;false;false;false;false;9;false;false;false;false;false;false;false;3;3;0;0;3;0;0;0;0;2;1;0;0;0;0;0;0;18;0;135;0;0;440;0;0;0;135;55;0;0;0
11;Île-de-France;93;Seine-Saint-Denis;93048;DP;09304813B0020;2;2013-03-07;;;2013;2013-01-01;2015-03;;2015-03;43.39Z;5499;PROJETIM;418058103;41805810300023;75015;PARIS;false;66;RUE PARMENTIER;;MONTREUIL;;AT;70;;;;;1570;4;2;2;1;3;1;8;true;false;false;0;2;1;7;false;false;false;false;false;9;false;false;false;false;false;false;false;4;0;4;0;0;0;4;0;0;0;1;0;2;1;0;0;0;1235;0;951;0;0;951;0;0;0;951;59;0;0;0
11;Île-de-France;93;Seine-Saint-Denis;93048;DP;09304813B0021;6;2013-04-05;2013-12-05;2015-03-15;2013;2015-03-15;2013-04;2022-05;2022-05;;;;;;93100;MONTREUIL;false;15;RUE KLEBER;;MONTREUIL;93100;BM;26;;;;;494;4;2;2;1;1;1;3;false;false;false;0;2;1;7;false;false;false;false;false;9;false;false;false;false;false;false;false;1;1;0;1;0;0;0;0;0;0;0;0;0;0;0;0;0;699;0;144;0;0;1101;0;0;0;144;144;0;0;0
11;Île-de-France;93;Seine-Saint-Denis;93048;DP;09304813B0066;2;2013-03-22;;;2013;2013-01-01;2015-03;;2015-03;;;;;;77;THORIGNY SUR MARNE;false;22 22;RUE BAUDIN;;MONTREUIL;;P;62;;;;;1039;4;2;2;1;1;1;8;true;false;false;0;5;3;7;false;false;false;false;false;9;false;false;false;false;false;false;false;1;1;0;1;0;0;0;0;0;0;0;0;0;0;0;0;0;389;0;95;0;0;95;0;0;0;95;0;0;0;0
11;Île-de-France;93;Seine-Saint-Denis;93048;DP;09304813B0138;2;2013-05-31;;;2013;2013-01-01;2013-05;;2013-05;68.32A;5710;CABINET LOUIS PORCHERET;562035840;56203584000015;93100;MONTREUIL;false;8;RUE BEAUMARCHAIS;;MONTREUIL;93100;AS;47;;;;;1683;4;2;2;1;1;1;5;false;false;false;0;1;1;7;false;false;false;false;false;9;false;false;false;false;false;false;false;1;1;0;1;0;0;0;0;0;1;0;0;0;0;0;0;0;1973;0;104;0;0;1787;0;0;0;104;0;0;0;0
11;Île-de-France;93;Seine-Saint-Denis;93048;DP;09304813B0153;2;2013-06-10;;;2013;2013-01-01;2013-05;;2013-05;;;;;;93100;MONTREUIL;false;26;BOULE JEANNE D ARC;;MONTREUIL;93100;BT;25;BT;24;BT;23;1588;4;2;2;1;1;1;3;false;false;false;0;5;3;7;false;false;false;false;false;9;false;false;false;false;false;false;false;1;1;0;1;0;0;0;0;0;0;0;0;0;0;0;0;0;548;0;145;0;0;770;0;0;0;145;145;0;0;0
11;Île-de-France;93;Seine-Saint-Denis;93048;DP;09304813B0227;2;2013-08-30;;;2013;2013-01-01;2013-08;;2013-08;68.32A;5710;CABINET LOUIS PORCHERET;562035840;56203584000015;93100;MONTREUIL;false;8;RUE BEAUMARCHAIS;;MONTREUIL;93100;AS;47;;;;;1683;4;2;2;1;1;1;5;true;false;false;0;5;3;7;false;false;false;false;false;9;false;false;false;false;false;false;false;1;1;0;1;0;0;0;0;0;0;1;0;0;0;0;0;0;2077;0;101;0;0;1683;0;0;0;101;0;0;0;0
11;Île-de-France;93;Seine-Saint-Denis;93048;DP;09304813B0228;2;2013-08-30;;;2013;2013-01-01;2013-08;;2013-08;;;;;;93100;MONTREUIL;false;8;RUE BEAUMARCHAIS;;MONTREUIL;93100;AS;47;;;;;1683;4;2;2;1;1;1;5;true;false;false;0;5;3;7;false;false;false;false;false;9;false;false;false;false;false;false;false;1;1;0;1;0;0;0;0;0;0;0;1;0;0;0;0;0;2178;0;215;0;0;1582;0;0;0;215;0;0;0;0
11;Île-de-France;93;Seine-Saint-Denis;93048;DP;09304813B0229;2;2013-08-30;;;2013;2013-01-01;2013-08;;2013-08;;;;;;93100;MONTREUIL;false;8;RUE BEAUMARCHAIS;;MONTREUIL;93100;AS;47;;;;;1683;4;2;2;1;1;1;5;true;false;false;0;5;3;7;false;false;false;false;false;9;false;false;false;false;false;false;false;1;1;0;1;0;0;0;0;0;0;0;1;0;0;0;0;0;2393;0;119;0;0;1366;0;0;0;119;0;0;0;0
11;Île-de-France;93;Seine-Saint-Denis;93048;DP;09304813B0230;2;2013-08-30;;;2013;2013-01-01;2013-08;;2013-08;;;;;;75009;PARIS;false;8;RUE BEAUMARCHAIS;;MONTREUIL;93100;AS;47;;;;;1683;4;2;2;1;3;1;5;true;false;false;0;2;1;7;false;false;false;false;false;9;false;false;false;false;false;false;false;2;0;2;0;0;0;2;0;0;1;0;1;0;0;0;0;0;2393;0;177;0;0;1366;0;0;0;177;0;0;0;0
11;Île-de-France;93;Seine-Saint-Denis;93048;DP;09304813B0245;6;2013-10-21;2013-11-21;2013-12-23;2013;2013-12-23;2013-10;2022-05;2022-05;68.20B;6540;LOVIE;533485074;53348507400017;93100;MONTREUIL;false;41 B;BOULE P VAILLANT COUTURIER;;MONTREUIL;93100;AG;265;;;;;1162;4;2;2;1;1;1;3;true;false;false;0;2;1;7;false;false;false;false;false;9;false;false;false;false;false;false;false;1;1;0;1;0;0;0;0;0;0;0;1;0;0;0;0;0;590;0;96;0;0;496;0;0;0;96;96;0;0;0
11;Île-de-France;93;Seine-Saint-Denis;93048;DP;09304813B0255;2;2013-08-08;;;2013;2013-01-01;2013-08;;2013-08;;;;;;75010;PARIS;false;22;RUE BAUDIN;;MONTREUIL;93100;P;62;;;;;1039;4;2;2;1;3;1;8;true;false;false;0;2;1;7;false;false;false;false;false;9;false;false;false;false;false;false;false;2;0;2;0;0;0;2;0;1;1;0;0;0;0;0;0;0;389;0;95;0;0;95;0;0;0;95;0;0;0;0
11;Île-de-France;93;Seine-Saint-Denis;93048;DP;09304813B0322;2;2013-10-10;;;2013;2013-01-01;2013-10;;2013-10;;;;;;93100;MONTREUIL;false;207;BOULE DE LA BOISSIERE;;MONTREUIL;93100;E;131;;;;;261;4;2;2;1;1;1;3;true;false;false;0;1;1;7;false;false;false;false;false;9;false;false;false;false;false;false;false;1;1;0;1;0;0;0;0;0;0;0;0;0;0;0;0;0;281;0;87;0;0;87;0;0;0;87;87;0;0;0
11;Île-de-France;93;Seine-Saint-Denis;93048;DP;09304813B0330;2;2013-11-13;;;2013;2013-01-01;2015-03;;2015-03;;;;;;93100;MONTREUIL;false;59;BOULEVARD HENRI BARBUSSE;;MONTREUIL;;AG;21;;;;;181;4;2;2;1;1;2;1;true;false;false;0;1;1;7;false;false;false;false;false;9;false;false;false;false;false;false;false;1;1;0;1;0;0;0;0;0;0;1;0;0;0;0;0;0;66;0;66;0;66;0;0;0;0;0;0;0;0;0
11;Île-de-France;93;Seine-Saint-Denis;93048;DP;09304813B0343;2;2013-11-06;;;2013;2013-01-01;2013-10;;2013-10;;;;;;93100;MONTREUIL;false;79;RUE HOCHE;;MONTREUIL;93100;AP;6;;;;;461;4;2;2;1;1;1;5;true;false;false;0;1;1;7;false;false;false;false;false;9;false;false;false;false;false;false;false;1;1;0;1;0;0;0;0;1;0;0;0;0;0;0;0;0;100;0;60;0;0;60;0;0;0;60;0;0;0;0
11;Île-de-France;93;Seine-Saint-Denis;93048;DP;09304813B0369;4;2013-12-18;;;2013;2013-01-01;2013-12;;2013-12;;;;;;93100;MONTREUIL;false;65;RUE BEAUMARCHAIS;;MONTREUIL;93100;BK;25;;;;;311;4;2;3;1;1;1;6;true;false;false;0;1;1;7;false;false;false;false;false;9;false;false;false;false;false;false;false;1;1;0;1;0;0;0;0;1;0;0;0;0;0;0;0;0;64;21;58;0;0;490;0;0;0;58;0;0;0;0
11;Île-de-France;93;Seine-Saint-Denis;93048;DP;09304813B0391;2;2014-01-02;;;2013;2013-01-01;2013-12;;2013-12;68.32A;5710;CABINET LOUIS PORCHERET;562035840;56203584000015;93100;MONTREUIL;false;9 B;RUE DIDEROT;;MONTREUIL;93100;BF;191;;;;;534;4;2;2;1;1;1;8;true;false;false;0;5;3;7;false;false;false;false;false;9;false;false;false;false;false;false;false;1;1;0;1;0;0;0;0;0;0;0;0;0;0;0;0;0;910;0;147;0;0;294;0;0;0;147;0;0;0;0
11;Île-de-France;93;Seine-Saint-Denis;93048;DP;09304813B0401;2;2014-01-02;;;2013;2013-01-01;2013-12;;2013-12;;;;;;93100;MONTREUIL;false;26;BOULE JEANNE D ARC;;MONTREUIL;93100;BT;25;BT;24;BT;23;1588;4;2;2;1;1;1;3;true;false;false;0;5;3;7;false;false;false;false;false;9;false;false;false;false;false;false;false;1;1;0;1;0;0;0;0;0;0;0;0;0;0;0;0;0;693;0;95;0;0;625;0;0;0;95;95;0;0;0
11;Île-de-France;93;Seine-Saint-Denis;93048;DP;09304813B0403;2;2014-01-13;;;2013;2013-01-01;2014-01;;2014-01;68.32A;5710;CABINET LOUIS PORCHERET;562035840;56203584000015;93100;MONTREUIL;false;13;RUE MARCEAU;;MONTREUIL;93100;BH;234;BH;237;;;2038;4;2;2;1;1;1;5;false;false;false;0;1;1;7;false;false;false;false;false;9;false;false;false;false;false;false;false;1;1;0;1;0;0;0;0;0;1;0;0;0;0;0;0;0;835;0;79;0;0;2039;0;0;0;79;0;0;0;0
11;Île-de-France;93;Seine-Saint-Denis;93048;DP;09304814B0006;2;2014-03-03;;;2014;2014-01-01;2014-02;;2014-02;;;;;;94130;NOGENT S MARNE;false;42;RUE EDOUARD VAILLANT;;MONTREUIL;93100;BL;154;;;;;564;4;2;2;1;1;1;5;false;false;false;0;1;1;7;false;false;false;false;false;9;false;false;false;false;false;false;false;1;1;0;1;0;0;0;0;0;0;0;0;1;0;0;0;0;389;0;128;0;0;382;0;0;0;128;0;0;0;0
11;Île-de-France;93;Seine-Saint-Denis;93048;DP;09304814B0014;6;2014-02-27;2014-02-27;2014-03-30;2014;2014-03-30;2015-03;2022-05;2022-05;64.20Z;5499;SARL ER2 MEAUX;539892406;53989240600015;75008;PARIS;false;22;BOULEVARD ROUGET DE LISLE;;MONTREUIL;;AK;220;;;;;185;4;2;2;1;3;1;3;true;false;false;0;2;1;7;false;false;false;false;false;9;false;false;false;false;false;false;false;2;0;2;0;0;0;2;0;1;1;0;0;0;0;0;0;0;0;0;58;0;0;302;0;0;0;58;58;0;0;0
11;Île-de-France;93;Seine-Saint-Denis;93048;DP;09304814B0036;6;2014-02-25;2014-03-25;2014-06-30;2014;2014-06-30;2014-02;2022-05;2022-05;;;;;;93100;MONTREUIL SOUS BOIS;false;11;RUE DANTON;;MONTREUIL;93100;U;57;;;;;710;4;2;5;1;1;;;false;false;false;0;5;3;7;false;false;false;false;false;9;false;false;false;false;false;false;false;1;1;0;1;0;0;0;0;0;0;0;0;0;0;0;0;0;145;37;0;0;0;0;0;0;0;0;0;0;0;0
11;Île-de-France;93;Seine-Saint-Denis;93048;DP;09304814B0054;2;2014-03-24;;;2014;2014-01-01;2014-03;;2014-03;;;;;;75008;PARIS;false;42;RUE EDOUARD VAILLANT;;MONTREUIL;93100;BL;154;;;;;564;4;2;2;1;1;1;5;false;false;false;0;2;1;7;false;false;false;false;false;9;false;false;false;false;false;false;false;1;1;0;1;0;0;0;0;0;0;0;0;1;0;0;0;0;0;0;129;0;0;129;0;0;0;129;0;0;0;0
11;Île-de-France;93;Seine-Saint-Denis;93048;DP;09304814B0076;2;2014-06-04;;;2014;2014-01-01;2015-03;;2015-03;;;;;;93100;MONTREUIL;false;10;RUE CONDORCET;;MONTREUIL;;BU;43;;;;;776;4;2;2;1;3;1;3;true;false;false;0;2;1;7;false;false;false;false;false;9;false;false;false;false;false;false;false;2;0;2;0;0;0;2;0;0;2;0;0;0;0;0;0;0;354;0;122;0;0;122;0;0;0;122;122;0;0;0
11;Île-de-France;93;Seine-Saint-Denis;93048;DP;09304814B0130;6;2014-05-19;2014-11-19;2015-11-01;2014;2015-11-01;2015-03;2022-05;2022-05;68.20B;6540;SCI FOUGERE;499036952;49903695200020;93100;MONTREUIL;false;70;RUE ALEXIS LEPERE;;MONTREUIL;;AE;88;;;;;230;4;2;5;1;1;;;false;false;false;0;1;1;7;false;false;false;false;false;9;false;false;false;false;false;false;false;1;1;0;1;0;0;0;0;0;1;0;0;0;0;0;0;0;106;39;0;0;0;0;0;0;0;0;0;0;0;0
11;Île-de-France;93;Seine-Saint-Denis;93048;DP;09304814B0142;2;2014-05-27;;;2014;2014-01-01;2014-05;;2014-05;;;;;;94160;SAINT MANDE;false;38;RUE DE STALINGRAD;;MONTREUIL;93100;BU;73;;;;;254;4;2;2;1;1;1;5;false;false;false;0;1;1;7;false;false;false;false;false;9;false;false;false;false;false;false;false;1;1;0;1;0;0;0;0;0;0;1;0;0;0;0;0;0;87;0;74;0;0;431;0;0;0;74;0;0;0;0
11;Île-de-France;93;Seine-Saint-Denis;93048;DP;09304814B0171;2;2014-06-23;;;2014;2014-01-01;2015-03;;2015-03;;;;;;92200;NEUILLY SUR SEINE;false;38;RUE DE STALINGRAD;;MONTREUIL;;BU;73;;;;;254;4;2;2;1;1;1;5;true;false;false;0;1;1;7;false;false;false;false;false;9;false;false;false;false;false;false;false;1;1;0;1;0;0;0;0;0;0;1;0;0;0;0;0;0;161;0;92;0;0;357;0;0;0;92;0;0;0;0
11;Île-de-France;93;Seine-Saint-Denis;93048;DP;09304814B0172;2;2014-08-01;;;2014;2014-01-01;2015-03;;2015-03;;;;;;93110;ROSNY SOUS BOIS;false;38;RUE DE STALINGRAD;;MONTREUIL;;BU;73;;;;;254;4;2;2;1;1;1;5;true;false;false;0;2;3;7;false;false;false;false;false;9;false;false;false;false;false;false;false;1;1;0;1;0;0;0;0;0;0;0;0;0;0;0;0;0;253;0;86;0;0;265;0;0;0;86;0;0;0;0
11;Île-de-France;93;Seine-Saint-Denis;93048;DP;09304814B0220;2;2014-08-19;;;2014;2014-01-01;2015-03;;2015-03;;;;;;93100;MONTREUIL;false;7;RUE BARA;;MONTREUIL;;BH;119;;;;;260;4;2;2;1;1;1;3;true;false;false;0;1;1;7;false;false;false;false;false;9;false;false;false;false;false;false;false;1;1;0;1;0;0;0;0;0;0;0;1;0;0;0;0;0;77;0;130;0;0;160;0;0;0;130;130;0;0;0
11;Île-de-France;93;Seine-Saint-Denis;93048;DP;09304814B0285;6;2014-09-22;2015-04-22;2016-06-30;2014;2016-06-30;2015-03;2022-05;2022-05;68.31Z;5499;CABINET MORGAND;801090051;80109005100013;75004;PARIS;false;179 B;RUE DE PARIS;;MONTREUIL;;AY;120;;;;;320;4;2;2;1;3;2;1;true;false;false;0;2;1;7;false;false;false;false;false;9;false;false;false;false;false;false;false;3;0;3;0;0;0;3;0;0;1;2;0;0;0;0;0;0;172;0;172;0;172;0;0;0;0;0;0;0;0;0
11;Île-de-France;93;Seine-Saint-Denis;93048;DP;09304814B0295;2;2014-09-22;;;2014;2014-01-01;2015-03;;2015-03;;;;;;93100;MONTREUIL;false;18;RUE DESIRE CHEVALIER;;MONTREUIL;;BU;163;;;;;158;4;2;2;1;1;1;5;true;false;false;0;1;1;7;false;false;false;false;false;9;false;false;false;false;false;false;false;1;1;0;1;0;0;0;0;0;0;1;0;0;0;0;0;0;432;0;81;0;0;81;0;0;0;81;0;0;0;0
11;Île-de-France;93;Seine-Saint-Denis;93048;DP;09304814B0311;2;2014-09-04;;;2014;2014-01-01;2015-03;;2015-03;;;;;;93100;MONTREUIL;false;37;RUE DE LA FRATERNITE;;MONTREUIL;;AU;46;AU;45;;;270;4;2;5;1;1;;;true;false;false;0;3;3;7;false;false;false;false;false;9;false;false;false;false;false;false;false;1;1;0;1;0;0;0;0;0;0;0;0;0;0;0;0;0;133;13;0;0;0;0;0;0;0;0;0;0;0;0
11;Île-de-France;93;Seine-Saint-Denis;93048;DP;09304814B0342;2;2014-11-12;;;2014;2014-01-01;2014-11;;2014-11;;;;;;93100;MONTREUIL;false;3 TER;RUE DU MARAIS;;MONTREUIL;93100;AB;104;;;;;248;4;2;2;1;1;1;5;true;false;false;0;1;1;7;false;false;false;false;false;9;false;false;false;false;false;false;false;1;1;0;1;0;0;0;0;1;0;0;0;0;0;0;0;0;82;0;16;0;0;16;0;0;0;16;0;0;0;0
11;Île-de-France;93;Seine-Saint-Denis;93048;DP;09304814B0359;2;2014-12-03;;;2014;2014-01-01;2014-12;;2014-12;;;;;;94250;GENTILLY;false;142 B;RUE ETIENNE MARCEL;;MONTREUIL;93100;AT;180;;;;;125;4;2;2;1;1;1;3;true;false;false;0;1;1;7;false;false;false;false;false;9;false;false;false;false;false;false;false;1;1;0;1;0;0;0;0;1;0;0;0;0;0;0;0;0;535;0;25;0;0;25;0;0;0;25;25;0;0;0
11;Île-de-France;93;Seine-Saint-Denis;93048;DP;09304814B0393;6;2014-12-17;2014-12-17;2014-12-03;2014;2014-12-03;2014-12;2025-07;2025-07;;;;;;93100;MONTREUIL;false;62;VILLA RAYMOND LEFEBVRE;;MONTREUIL;93100;CE;267;;;;;17;4;2;2;1;1;1;3;true;false;false;0;3;1;7;false;false;false;false;false;9;false;false;false;false;false;false;false;1;1;0;1;0;0;0;0;0;1;0;0;0;0;0;0;0;0;0;49;0;0;87;0;0;0;49;49;0;0;0
11;Île-de-France;93;Seine-Saint-Denis;93048;DP;09304814B0405;2;2015-02-03;;;2014;2014-01-01;2015-02;;2015-02;;;;;;20253;BARBAGGIO;false;14;RUE DU SERGENT GODEFROY;;MONTREUIL;93100;BK;98;;;;;592;4;2;2;1;2;1;5;true;false;false;0;1;1;7;false;false;false;false;false;9;false;false;false;false;false;false;false;2;2;0;0;2;0;0;0;2;0;0;0;0;0;0;0;0;776;0;33;0;0;33;0;0;0;33;0;0;0;0
11;Île-de-France;93;Seine-Saint-Denis;93048;DP;09304814B0418;6;2014-12-25;2015-06-25;2016-06-01;2014;2016-06-01;2014-12;2022-05;2022-05;;;;;;93100;MONTREUIL;false;132;BOULE HENRI BARBUSSE;;MONTREUIL;93100;Y;188;Y;183;Y;189;542;4;2;2;1;3;2;1;true;false;false;0;3;1;7;false;false;false;false;false;9;false;false;false;false;false;false;false;2;0;2;0;0;0;2;0;0;2;0;0;0;0;0;0;0;120;0;120;0;120;0;0;0;0;0;0;0;0;0
11;Île-de-France;93;Seine-Saint-Denis;93048;DP;09304814B0420;6;2015-02-24;2015-02-24;2015-03-01;2014;2015-03-01;2015-02;2022-05;2022-05;68.20B;6540;DES SOURCES;517822649;51782264900011;93100;MONTREUIL;false;47;RUE DU DOCTEUR CALMETTE;;MONTREUIL;93100;AE;260;;;;;285;4;2;2;1;1;1;3;true;false;false;0;2;1;7;false;false;false;false;false;9;false;false;false;false;false;false;false;1;1;0;1;0;0;0;0;1;0;0;0;0;0;0;0;0;164;0;50;0;0;190;0;0;0;50;50;0;0;0
11;Île-de-France;93;Seine-Saint-Denis;93048;DP;09304814B0444;2;2015-01-29;;;2014;2014-01-01;2015-01;;2015-01;;;;;;93100;MONTREUIL;false;84;RUE SAINT DENIS;;MONTREUIL;93100;J;105;;;;;520;4;2;2;1;1;1;5;true;false;false;0;1;1;7;false;false;false;false;false;9;false;false;false;false;false;false;false;1;1;0;1;0;0;0;0;1;0;0;0;0;0;0;0;0;0;0;18;0;0;63;0;0;0;18;0;0;0;0
11;Île-de-France;93;Seine-Saint-Denis;93048;DP;09304815B0013;6;2015-03-20;2015-03-20;2015-11-16;2015;2015-11-16;2015-03;2022-05;2022-05;;;;;;93100;MONTREUIL;false;62;BOULEVARD P VAILLANT COUTU;;MONTREUIL;;U;5;;;;;146;4;2;2;1;1;1;5;false;false;false;0;2;3;7;false;false;false;false;false;9;false;false;false;false;false;false;false;1;1;0;1;0;0;0;0;0;0;0;0;0;0;0;0;0;207;0;34;0;0;34;0;0;0;34;0;0;0;0
11;Île-de-France;93;Seine-Saint-Denis;93048;DP;09304815B0015;2;2015-02-24;;;2015;2015-01-01;2015-02;;2015-02;;;;;;78290;CROISSY SUR SEINE;false;8;AVENU FAIDHERBE;;MONTREUIL;93100;AG;57;;;;;279;4;2;2;1;1;1;5;true;false;false;0;1;1;7;false;false;false;false;false;9;false;false;false;false;false;false;false;1;1;0;1;0;0;0;0;0;0;0;0;0;0;0;0;0;0;0;137;0;0;137;0;0;0;137;0;0;0;0
11;Île-de-France;93;Seine-Saint-Denis;93048;DP;09304815B0027;6;2015-02-24;2015-02-24;2015-04-23;2015;2015-04-23;2015-02;2022-05;2022-05;;;;;;93100;MONTREUIL;false;47;RUE DES QUATRE RUELLES;;MONTREUIL;93100;BS;147;;;;;180;4;2;5;1;1;;;false;false;false;0;1;1;7;false;false;false;false;false;9;false;false;false;false;false;false;false;1;1;0;1;0;0;0;0;0;0;0;0;0;0;0;0;0;106;32;0;0;0;0;0;0;0;0;0;0;0;0
11;Île-de-France;93;Seine-Saint-Denis;93048;DP;09304815B0057;6;2015-04-02;2015-06-02;2015-10-30;2015;2015-10-30;2015-04;2022-05;2022-05;;;;;;;;false;104;RUE PIERRE CURIE;;MONTREUIL;;CR;99;;;;;241;4;2;5;1;1;;;false;false;false;0;2;1;7;false;false;false;false;false;9;false;false;false;false;false;false;false;1;1;0;1;0;0;0;0;1;0;0;0;0;0;0;0;0;197;14;0;0;0;0;0;0;0;0;0;0;0;0
11;Île-de-France;93;Seine-Saint-Denis;93048;DP;09304815B0059;6;2015-04-08;2015-06-08;2015-10-01;2015;2015-10-01;2015-04;2025-07;2025-07;68.20B;6540;SCI SILVER LAKE;807470513;80747051300019;93100;MONTREUIL;false;27;RUE COLBERT;;MONTREUIL;;AP;325;;;;;615;4;2;;1;3;;;false;false;false;0;2;1;7;false;false;false;false;false;9;false;false;false;false;false;false;false;6;0;6;0;0;0;6;0;0;4;2;0;0;0;0;0;0;335;0;0;0;0;0;0;0;0;0;0;0;0;0
11;Île-de-France;93;Seine-Saint-Denis;93048;DP;09304815B0068;6;2015-04-29;2015-05-29;2015-07-15;2015;2015-07-15;2015-04;2022-05;2022-05;;;;;;93100;MONTREUIL;false;10;RUE CONDORCET;;MONTREUIL;93100;BU;43;;;;;776;4;2;2;1;1;1;3;true;false;false;0;2;3;7;false;false;false;false;false;9;false;false;false;false;false;false;false;1;1;0;1;0;0;0;0;0;0;0;0;0;0;0;0;0;354;0;34;0;0;122;0;0;0;34;34;0;0;0
11;Île-de-France;93;Seine-Saint-Denis;93048;DP;09304815B0113;6;2015-06-04;2015-07-04;2015-08-15;2015;2015-01-01;2015-06;2022-05;2022-05;;;;;;75020;PARIS;false;47;RUE DU DOCTEUR CALMETTE;;MONTREUIL;93100;AE;260;;;;;285;4;2;2;1;1;1;3;false;false;false;0;1;1;7;false;false;false;false;false;9;false;false;false;false;false;false;false;1;1;0;1;0;0;0;0;0;0;0;0;0;0;0;0;0;214;0;76;0;0;140;0;0;0;76;76;0;0;0
11;Île-de-France;93;Seine-Saint-Denis;93048;DP;09304815B0135;6;2015-05-28;2015-05-28;2015-06-08;2015;2015-01-01;2015-05;2022-05;2022-05;;;;;;93100;MONTREUIL;false;29;RUE DE LA SOLIDARITE;;MONTREUIL;93100;BQ;64;;;;;241;4;2;3;1;1;1;5;false;false;false;2;1;1;7;false;false;false;false;false;9;false;false;false;false;false;false;false;1;1;0;1;0;0;0;0;0;0;1;0;0;0;0;0;0;366;19;52;8;0;52;0;0;0;52;0;0;0;0
11;Île-de-France;93;Seine-Saint-Denis;93048;DP;09304815B0212;6;2015-08-24;2015-11-24;2016-05-01;2015;2015-01-01;2015-08;2022-05;2022-05;;;;;;93100;MONTREUIL;false;27 BI;RUE DU SERGENT GODEFROY;;MONTREUIL;93100;BK;75;;;;;0;4;2;2;1;1;1;3;true;false;false;3;1;1;7;false;false;false;false;false;9;false;false;false;false;false;false;false;1;1;0;1;0;0;0;0;0;1;0;0;0;0;0;0;0;0;0;89;0;0;89;0;0;0;89;89;0;0;0
11;Île-de-France;93;Seine-Saint-Denis;93048;DP;09304815B0228;2;2015-07-10;;;2015;2015-01-01;2015-07;;2015-07;;;;;;75007;PARIS-7E-ARRONDISSEMENT;false;51;RUE DE LA SOLIDARITE;;MONTREUIL;93100;BQ;220;;;;;291;4;2;3;1;1;2;1;true;false;false;3;1;1;7;false;false;false;false;false;9;false;false;false;false;false;false;false;1;1;0;1;0;0;0;0;0;0;0;0;0;0;0;0;0;142;10;50;0;50;0;0;0;0;0;0;0;0;0
11;Île-de-France;93;Seine-Saint-Denis;93048;DP;09304815B0325;6;2015-11-18;2015-12-18;2016-02-01;2015;2015-01-01;2015-11;2022-05;2022-05;68.20B;6540;DES SOURCES;517822649;51782264900011;93100;MONTREUIL;false;47;RUE DU DOCTEUR CALMETTE;;MONTREUIL;93100;AE;260;;;;;285;4;2;5;1;1;;;false;false;false;2;5;3;7;false;false;false;false;false;9;false;false;false;false;false;false;false;1;1;0;1;0;0;0;0;1;0;0;0;0;0;0;0;0;366;29;0;5;0;6;0;0;0;0;0;0;0;0
11;Île-de-France;93;Seine-Saint-Denis;93048;DP;09304815B0398;6;2016-02-16;2016-02-16;2016-02-18;2015;2015-01-01;2016-04;2022-05;2022-05;;;;;;93100;MONTREUIL;false;6;RUE YVES FARGE;;MONTREUIL;93100;CM;282;;;;;22800;4;2;2;1;1;1;3;false;false;false;0;1;1;7;false;false;false;false;false;9;false;false;false;false;false;false;false;1;1;0;1;0;0;0;0;0;0;0;0;0;0;0;0;0;0;0;32;0;0;32;0;0;0;32;32;0;0;0
11;Île-de-France;93;Seine-Saint-Denis;93048;DP;09304816B0036;2;2016-04-19;;;2016;2016-01-01;2016-04;;2016-04;;;;;;30000;NIMES;false;26;RUE DE VITRY;;MONTREUIL;93100;BV;5;;;;;563;4;2;2;1;2;1;8;false;false;false;2;2;1;7;false;false;false;false;false;9;false;false;false;false;false;false;false;2;2;0;0;2;0;0;0;0;0;1;1;0;0;0;0;0;0;0;128;0;0;128;0;0;0;128;0;0;0;0
11;Île-de-France;93;Seine-Saint-Denis;93048;DP;09304816B0053;2;2016-03-08;;;2016;2016-01-01;2016-03;;2016-03;;;;;;93100;MONTREUIL;false;89;AVENUE DU  PRESIDENT WILSO;;MONTREUIL;93100;BP;36;;;;;788;4;2;4;1;3;1;3;true;false;false;9;2;1;7;false;false;false;false;false;9;false;false;false;false;false;false;false;5;0;5;0;0;0;5;0;0;1;2;1;1;0;0;0;0;995;4;419;0;0;509;0;0;89;419;419;0;0;0
11;Île-de-France;93;Seine-Saint-Denis;93048;DP;09304816B0059;6;2016-03-08;2016-03-08;2017-02-15;2016;2016-01-01;2016-04;2022-05;2022-05;68.20B;6540;SCI FOUGERE;499036952;49903695200020;93100;MONTREUIL;false;70;RUE ALEXIS LEPERE;;MONTREUIL;93100;AE;88;;;;;230;4;1;1;1;1;;;true;false;false;0;3;1;7;false;false;false;false;false;9;false;false;false;false;false;false;false;1;1;0;1;0;0;0;0;0;0;0;0;0;0;0;0;0;106;39;0;0;0;0;0;0;0;0;0;0;0;0
11;Île-de-France;93;Seine-Saint-Denis;93048;DP;09304816B0089;6;2016-04-05;2016-04-05;2016-04-30;2016;2016-01-01;2016-04;2022-05;2022-05;68.20B;6599;SCI 42 MOLIERE;505138636;;93100;MONTREUIL;false;42 BI;RUE MOLIERE;;MONTREUIL;93100;BP;104;;;;;1050;4;2;2;1;1;1;5;false;false;false;0;1;1;7;false;false;false;false;false;9;false;false;false;false;false;false;false;1;1;0;1;0;0;0;0;0;0;0;0;0;0;0;0;0;555;0;150;0;0;293;0;0;0;150;0;0;0;0
11;Île-de-France;93;Seine-Saint-Denis;93048;DP;09304816B0111;6;2016-06-17;2017-11-17;2020-09-16;2016;2016-01-01;2016-11;2022-05;2022-05;;;;;;93100;MONTREUIL;false;15;RUE MICHELET;;MONTREUIL;93100;BJ;207;;;;;938;4;2;2;1;1;1;3;true;false;false;3;3;1;7;false;false;false;false;false;9;false;false;false;false;false;false;false;1;1;0;1;0;0;0;0;0;0;1;0;0;0;0;0;0;640;0;76;0;0;1533;0;0;0;76;76;0;0;0
11;Île-de-France;93;Seine-Saint-Denis;93048;DP;09304816B0122;2;2016-05-02;;;2016;2016-01-01;2016-11;;2016-11;;;;;;93100;MONTREUIL;false;41 QU;BD PAUL VAILLANT COUTURIER;;MONTREUIL;93100;AG;265;;;;;1162;4;2;2;1;1;1;3;true;false;false;0;5;3;7;false;false;false;false;false;9;false;false;false;false;false;false;false;1;1;0;1;0;0;0;0;0;0;0;0;0;0;0;0;0;840;0;45;0;0;285;0;0;0;45;45;0;0;0
11;Île-de-France;93;Seine-Saint-Denis;93048;DP;09304816B0143;2;2016-05-26;;;2016;2016-01-01;2016-11;;2016-11;;;;;;75016;PARIS-16E-ARRONDISSEMENT;false;90;RUE DE LA FEDERATION;;MONTREUIL;93100;BM;83;;;;;740;4;2;2;1;1;1;5;true;false;false;2;1;1;7;false;false;false;false;false;9;false;false;false;false;false;false;false;1;1;0;1;0;0;0;0;0;1;0;0;0;0;0;0;0;0;0;84;0;0;84;0;0;0;84;0;0;0;0
11;Île-de-France;93;Seine-Saint-Denis;93048;DP;09304816B0199;6;2016-07-11;2016-10-11;2017-04-24;2016;2016-01-01;2016-11;2022-05;2022-05;68.20A;6540;SCI LEA;529718793;52971879300019;92130;ISSY-LES-MOULINEAUX;false;5;RUE COLMET LEPINAY;;MONTREUIL;93100;BP;41;;;;;484;4;2;2;1;1;1;3;true;false;false;7;2;1;2;false;true;false;false;false;9;false;false;false;false;false;false;false;1;1;0;1;0;0;0;0;0;0;1;0;0;0;0;0;0;1492;0;68;0;0;194;0;0;0;68;68;0;0;0
11;Île-de-France;93;Seine-Saint-Denis;93048;DP;09304816B0273;6;2016-11-02;2016-11-02;2016-11-09;2016;2016-01-01;2016-11;2022-05;2022-05;94.99Z;9220;FEDERATION CULTURELLE DES ASSOCIATIONS MUSULMANES DE MONTREUIL;500291075;50029107500017;93100;MONTREUIL;false;27 B;RUE DU SERGENT GODEFROY;;MONTREUIL;93100;BK;75;;;;;353;4;2;2;1;3;1;3;true;false;false;0;1;1;7;false;false;false;false;false;9;false;false;false;false;false;false;false;2;0;2;0;0;0;2;0;0;0;0;0;0;0;0;0;0;0;0;88;0;0;638;0;0;0;88;88;0;0;0
11;Île-de-France;93;Seine-Saint-Denis;93048;DP;09304816B0284;2;2016-10-19;;;2016;2016-01-01;2016-11;;2016-11;;;;;;93100;MONTREUIL;false;22 BI;RUE RABELAIS;;MONTREUIL;93100;AK;162;;;;;870;4;2;2;1;1;1;5;true;false;false;0;1;1;7;false;false;false;false;false;9;false;false;false;false;false;false;false;1;1;0;1;0;0;0;0;0;0;0;0;0;0;0;0;0;87;0;85;0;0;211;0;0;0;85;0;0;0;0
11;Île-de-France;93;Seine-Saint-Denis;93048;DP;09304816B0316;2;2016-12-05;;;2016;2016-01-01;2016-12;;2016-12;68.20B;6540;LOFT 93;535031553;;93100;MONTREUIL;false;4;RUE DU PROGRES;;MONTREUIL;93100;BG;35;;;;;520;4;2;2;1;1;1;3;true;false;false;0;5;3;7;false;false;false;false;false;9;false;false;false;false;false;false;false;1;1;0;1;0;0;0;0;0;0;0;0;0;0;0;0;0;72;0;143;0;0;241;0;0;0;143;143;0;0;0
11;Île-de-France;93;Seine-Saint-Denis;93048;DP;09304816B0328;2;2016-11-14;;;2016;2016-01-01;2016-11;;2016-11;68.31Z;5499;CABINET MORGAND;801090051;80109005100013;75004;PARIS-4E-ARRONDISSEMENT;false;179 B;RUE DE PARIS;;MONTREUIL;93100;AY;120;;;;;320;4;2;4;1;3;2;1;true;false;false;0;3;1;7;false;false;false;false;false;9;false;false;false;false;false;false;false;3;0;3;0;0;0;3;0;0;1;2;0;0;0;0;0;0;512;0;430;82;430;38;0;0;0;0;0;0;0;0
11;Île-de-France;93;Seine-Saint-Denis;93048;DP;09304816B0393;6;2017-03-06;2017-03-06;2017-03-06;2016;2016-01-01;2017-03;2022-05;2022-05;68.20B;6540;SCI RUE DE PARIS;452285927;45228592700011;93100;MONTREUIL;false;216/2;RUE DE PARIS;;MONTREUIL;93100;AY;37;;;;;1034;4;2;3;1;1;1;5;true;false;true;0;1;1;7;false;false;false;false;false;9;false;false;false;false;false;false;false;1;1;0;1;0;0;0;0;0;1;0;0;0;0;0;0;0;1995;10;12;0;0;344;0;0;0;12;0;0;0;0
11;Île-de-France;93;Seine-Saint-Denis;93048;DP;09304816B0408;6;2017-01-31;2017-01-31;2017-01-31;2016;2016-01-01;2017-01;2022-05;2022-05;;;;;;93100;MONTREUIL;false;7/9/1;RUE EDOUARD VAILLANT;;MONTREUIL;93100;BL;170;;;;;0;4;2;2;1;1;1;5;false;false;false;0;1;1;7;false;false;false;false;false;9;false;false;false;false;false;false;false;1;1;0;1;0;0;0;0;0;0;0;0;0;0;0;0;0;0;0;36;0;0;36;0;0;0;36;0;0;0;0
11;Île-de-France;93;Seine-Saint-Denis;93048;DP;09304816B0425;2;2017-01-22;;;2016;2016-01-01;2017-02;;2017-02;55.10Z;5710;HENEO;562118646;56211864600149;75013;PARIS;false;206;RUE DE PARIS;;MONTREUIL;93100;AY;265;;;;;800;4;2;;1;3;;;true;false;false;0;3;3;7;false;false;false;false;false;9;false;false;false;false;false;false;false;100;0;100;0;0;0;100;0;96;4;0;0;0;0;100;0;0;0;0;3296;0;0;0;0;0;0;0;0;0;0;0
11;Île-de-France;93;Seine-Saint-Denis;93048;DP;09304817B0002;6;2017-02-03;2017-03-08;2017-06-01;2017;2017-01-01;2017-02;2022-05;2022-05;68.20B;6540;PERI OR;812627792;81262779200011;93100;MONTREUIL;false;6;RUE EMILE ZOLA;;MONTREUIL;93100;AZ;11;;;;;125;4;2;2;1;1;1;3;true;false;false;2;3;1;7;false;false;false;false;false;9;false;false;false;false;false;false;false;1;1;0;1;0;0;0;0;0;0;0;1;0;0;0;0;0;0;0;110;0;0;216;0;0;0;110;110;0;0;0
11;Île-de-France;93;Seine-Saint-Denis;93048;DP;09304817B0023;2;2017-03-29;;;2017;2017-01-01;2017-03;;2017-03;;;;;;75011;PARIS;false;90;RUE DE LA  FEDERATION;;MONTREUIL;93100;BM;83;;;;;740;4;2;2;1;1;1;5;true;false;false;0;1;1;7;false;false;false;false;false;9;false;false;false;false;false;false;false;1;1;0;1;0;0;0;0;0;0;0;1;0;0;0;0;0;353;0;110;0;0;400;0;0;0;110;0;0;0;0
11;Île-de-France;93;Seine-Saint-Denis;93048;DP;09304817B0067;2;2017-04-13;;;2017;2017-01-01;2017-04;;2017-04;68.20B;6540;SOCIETE CIVILE ISAAC SKY;485386189;48538618900016;93100;MONTREUIL;false;45;RUE MALOT;;MONTREUIL;93100;BT;216;;;;;239;4;2;2;1;1;1;5;true;false;false;0;5;3;7;false;false;false;false;false;9;false;false;false;false;false;false;false;1;1;0;1;0;0;0;0;0;0;0;0;0;0;0;0;0;199;0;95;0;0;369;0;0;0;95;0;0;0;0
11;Île-de-France;93;Seine-Saint-Denis;93048;DP;09304817B0069;6;2017-03-21;2017-04-21;2017-05-30;2017;2017-03-21;2017-03;2026-01;2022-05;68.20B;6540;SCI FLORE IMMO;519668685;51966868500018;93190;LIVRY GARGAN;false;174;AVENUE SALVADOR ALLENDE;;MONTREUIL;93100;D;95;;;;;180;4;2;5;1;;;;false;false;false;4;5;3;7;false;false;false;false;false;9;false;false;false;false;false;false;false;0;0;0;0;0;0;0;0;15;3;0;0;0;0;0;0;0;446;1167;0;0;0;16;0;0;0;0;0;0;0;0
11;Île-de-France;93;Seine-Saint-Denis;93048;DP;09304817B0090;6;2017-05-04;2017-05-04;2017-06-09;2017;2017-01-01;2017-05;2022-05;2022-05;;;;;;93100;MONTREUIL;false;9;BOULEVARD JEANNE D 'ARC;;MONTREUIL;93100;BT;66;;;;;105;4;2;2;1;1;1;5;true;false;false;0;1;1;7;false;false;false;false;false;9;false;false;false;false;false;false;false;1;1;0;1;0;0;0;0;0;0;0;0;0;0;0;0;0;0;0;25;0;0;25;0;0;0;25;0;0;0;0
11;Île-de-France;93;Seine-Saint-Denis;93048;DP;09304817B0117;2;2017-05-03;;;2017;2017-01-01;2017-05;;2017-05;;;;;;75017;PARIS-17E-ARRONDISSEMENT;false;90;RUE DE LA FEDERATION;;MONTREUIL;93100;BM;83;;;;;740;4;2;2;1;1;1;5;true;false;false;1;1;1;7;false;false;false;false;false;9;false;false;false;false;false;false;false;1;1;0;1;0;0;0;0;0;1;0;0;0;0;0;0;0;353;0;24;0;0;400;0;0;0;24;0;0;0;0
11;Île-de-France;93;Seine-Saint-Denis;93048;DP;09304817B0144;6;2017-04-27;2017-04-27;2017-04-27;2017;2017-01-01;2017-04;2022-05;2022-05;;;;;;93100;MONTREUIL;false;21;RUE DU CAPITAINE DREYFUS;;MONTREUIL;93100;AK;321;;;;;0;4;2;2;1;1;1;5;true;false;false;0;1;1;7;false;false;false;false;false;9;false;false;false;false;false;false;false;1;1;0;1;0;0;0;0;0;0;0;0;0;0;0;0;0;277;0;28;0;0;132;0;0;0;28;0;0;0;0
11;Île-de-France;93;Seine-Saint-Denis;93048;DP;09304817B0152;2;2017-07-12;;;2017;2017-01-01;2017-08;;2017-08;;;;;;93100;MONTREUIL;false;50;RUE DE LAGNY;;MONTREUIL;93100;BE;64;;;;;834;4;2;2;1;1;1;5;false;false;false;2;2;1;7;false;false;false;false;false;9;false;false;false;false;false;false;false;1;1;0;1;0;0;0;0;0;0;1;0;0;0;0;0;0;0;0;125;0;0;136;0;0;0;125;0;0;0;0
11;Île-de-France;93;Seine-Saint-Denis;93048;DP;09304817B0160;6;2017-05-18;2017-05-18;2017-06-18;2017;2017-01-01;2017-05;2022-05;2022-05;;;;;;93100;MONTREUIL;false;13;RUE MARCEAU;;MONTREUIL;93100;BH;234;BH;237;;;1306;4;2;2;1;1;1;5;true;false;false;0;2;1;7;false;false;false;false;false;9;false;false;false;false;false;false;false;1;1;0;1;0;0;0;0;0;0;1;0;0;0;0;0;0;914;0;81;0;0;1960;0;0;0;81;0;0;0;0
11;Île-de-France;93;Seine-Saint-Denis;93048;DP;09304817B0181;6;2017-08-17;2017-10-17;2018-02-16;2017;2017-01-01;2017-08;2022-05;2022-05;;;;;;93100;MONTREUIL;false;21;RUE DU CAPITAINE DREYFUS;;MONTREUIL;93100;BO;321;;;;;422;4;2;3;1;1;1;5;true;false;false;0;1;1;7;false;false;false;false;false;9;false;false;false;false;false;false;false;1;1;0;1;0;0;0;0;0;0;0;0;0;0;0;0;0;305;17;37;0;0;104;0;0;0;37;0;0;0;0
11;Île-de-France;93;Seine-Saint-Denis;93048;DP;09304817B0183;4;2017-06-20;;;2017;2017-01-01;2017-06;;2017-06;68.20B;6540;FIGUEIREDO;818242331;81824233100010;93100;MONTREUIL;false;62;AVENUE DU PRESIDENT SALVAD;;MONTREUIL;93100;J;194;;;;;222;4;2;2;1;3;1;5;true;false;false;2;3;1;7;false;false;false;false;false;9;false;false;false;false;false;false;false;2;0;2;0;0;0;2;0;0;2;0;0;0;0;0;0;0;70;0;62;0;0;62;0;0;0;62;0;0;0;0
11;Île-de-France;93;Seine-Saint-Denis;93048;DP;09304817B0187;6;2017-07-04;2017-08-04;2017-09-25;2017;2017-01-01;2017-08;2022-05;2022-05;;;;;;93100;MONTREUIL;false;81;RUE COLMET LEPINAY;;MONTREUIL;93100;BT;35;;;;;1190;4;2;5;1;1;;;true;false;false;3;2;1;7;false;false;false;false;false;9;false;false;false;false;false;false;false;1;1;0;1;0;0;0;0;0;1;0;0;0;0;0;0;0;991;11;0;0;0;0;0;0;0;0;0;0;0;0
11;Île-de-France;93;Seine-Saint-Denis;93048;DP;09304817B0225;6;2017-07-24;2017-07-24;2017-09-04;2017;2017-01-01;2017-08;2022-05;2022-05;68.20B;6540;SCI FLODAV;394918189;39491818900025;93100;MONTREUIL;false;5;RUE COLMET LEPINAY;;MONTREUIL;93100;BP;41;;;;;484;4;2;2;1;1;1;3;true;false;false;0;2;1;7;false;false;false;false;false;9;false;false;false;false;false;false;false;1;1;0;1;0;0;0;0;0;0;0;1;0;0;0;0;0;1560;0;98;0;0;126;0;0;0;98;98;0;0;0
11;Île-de-France;93;Seine-Saint-Denis;93048;DP;09304817B0236;6;2017-09-12;2017-12-12;2018-07-11;2017;2017-01-01;2017-09;2022-05;2022-05;;;;;;94160;SAINT MANDE;false;90;RUE DE LA FEDERATION;;MONTREUIL;93100;BM;83;;;;;740;4;2;2;1;1;1;5;true;false;false;1;2;1;7;false;false;false;false;false;9;false;false;false;false;false;false;false;1;1;0;1;0;0;0;0;0;0;0;0;0;0;0;0;0;386;0;25;0;0;366;0;0;0;25;0;0;0;0
11;Île-de-France;93;Seine-Saint-Denis;93048;DP;09304817B0273;2;2017-10-13;;;2017;2017-01-01;2017-10;;2017-10;68.20B;5710;SA FM DIFFUSION;331172692;33117269200054;75003;PARIS-3E-ARRONDISSEMENT;false;89;AVENUE DU PRESIDENT WILSON;;MONTREUIL;93100;BP;36;;;;;797;4;2;4;1;3;1;3;false;false;false;0;2;1;7;false;false;false;false;false;9;false;false;false;false;false;false;false;6;0;6;0;0;0;6;0;1;0;3;2;0;0;0;0;0;1036;3;498;0;0;547;0;0;49;498;498;0;0;0
11;Île-de-France;93;Seine-Saint-Denis;93048;DP;09304817B0392;6;2018-01-15;2018-02-15;2018-04-15;2017;2017-01-01;2018-01;2022-05;2022-05;;;;;;93100;MONTREUIL;false;47;RUE MICHELET;;MONTREUIL;93100;BJ;12;;;;;479;4;2;2;1;1;1;5;false;false;false;0;1;1;7;false;false;false;false;false;9;false;false;false;false;false;false;false;1;1;0;1;0;0;0;0;0;0;0;0;0;0;0;0;0;672;0;76;0;0;137;0;0;0;76;0;0;0;0
11;Île-de-France;93;Seine-Saint-Denis;93048;DP;09304817B0419;2;2018-02-17;;;2017;2017-01-01;2018-02;;2018-02;68.20B;6540;SCI LE SOUCHET;422798140;42279814000014;93100;MONTREUIL;false;30;AVENUE FAIDHERBE;;MONTREUIL;93100;AE;100;;;;;227;4;2;2;1;3;1;6;false;false;false;0;2;1;7;false;false;false;false;false;9;false;false;false;false;false;false;false;2;0;2;0;0;0;2;0;0;0;2;0;0;0;0;0;0;0;0;293;0;0;365;0;0;0;293;0;0;0;0
11;Île-de-France;93;Seine-Saint-Denis;93048;DP;09304818B0003;6;2018-03-14;2018-03-14;2018-03-21;2018;2018-01-01;2018-03;2022-05;2022-05;;;;;;93100;MONTREUIL;false;49;RUE EDOUARD VAILLANT;;MONTREUIL;93100;BK;81;;;;;0;4;2;2;1;1;1;5;false;false;false;0;5;3;7;false;false;false;false;false;9;false;false;false;false;false;false;false;1;1;0;1;0;0;0;0;0;0;0;0;0;0;0;0;0;0;0;35;0;0;35;0;0;0;35;0;0;0;0
11;Île-de-France;93;Seine-Saint-Denis;93048;DP;09304818B0007;4;2018-03-23;;;2018;2018-01-01;2018-03;;2018-03;;;;;;93100;MONTREUIL;false;21;RUE JEAN BAPTISTE LAMARCK;;MONTREUIL;93100;O;302;;;;;439;4;2;5;1;3;;;false;false;false;0;3;1;7;false;false;false;false;false;9;false;false;false;false;false;false;false;2;0;2;0;0;0;2;0;2;0;0;0;0;0;0;0;0;32;2;0;0;0;0;0;0;0;0;0;0;0;0
11;Île-de-France;93;Seine-Saint-Denis;93048;DP;09304818B0070;6;2018-04-29;2018-07-29;2019-02-15;2018;2018-01-01;2018-04;2022-05;2022-05;;;;;;93100;MONTREUIL;false;15;BD ARISTIDE BRIAND / 12 RU;;MONTREUIL;93100;P;109;;;;;843;4;2;5;1;1;;;false;false;false;7;2;1;7;false;false;false;false;false;9;false;false;false;false;false;false;false;1;1;0;1;0;0;0;0;0;1;0;0;0;0;0;0;0;377;34;0;0;0;0;0;0;0;0;0;0;0;0
11;Île-de-France;93;Seine-Saint-Denis;93048;DP;09304818B0110;2;2018-04-23;;;2018;2018-01-01;2018-04;;2018-04;;;;;;75020;PARIS;false;118;RUE DES CHANTEREINES;;MONTREUIL;93100;O;359;;;;;217;4;2;2;1;1;1;5;false;false;false;0;1;1;7;false;false;false;false;false;9;false;false;false;false;false;false;false;1;1;0;1;0;0;0;0;0;0;0;0;0;0;0;0;0;0;0;51;0;0;237;0;0;0;51;0;0;0;0
11;Île-de-France;93;Seine-Saint-Denis;93048;DP;09304818B0112;2;2017-04-27;;;2018;2018-01-01;2018-10;;2018-10;;;;;;93100;MONTREUIL;false;61;RUE MOLIERE;;MONTREUIL;93100;BU;90;;;;;84;4;2;2;1;1;1;5;false;false;false;3;2;1;7;false;false;false;false;false;9;false;false;false;false;false;false;false;1;1;0;1;0;0;0;0;0;1;0;0;0;0;0;0;0;0;0;35;0;0;35;0;0;0;35;0;0;0;0
11;Île-de-France;93;Seine-Saint-Denis;93048;DP;09304818B0114;2;2018-04-23;;;2018;2018-01-01;2018-04;;2018-04;;;;;;93100;MONTREUIL;false;40;RUE MICHELET;;MONTREUIL;93100;BK;123;;;;;455;4;2;2;1;1;1;5;false;false;false;0;2;1;7;false;false;false;false;false;9;false;false;false;false;false;false;false;1;1;0;1;0;0;0;0;0;1;0;0;0;0;0;0;0;975;0;23;0;0;46;0;0;0;23;0;0;0;0
11;Île-de-France;93;Seine-Saint-Denis;93048;DP;09304818B0209;2;2018-06-29;;;2018;2018-01-01;2018-06;;2018-06;;;;;;75006;PARIS-6E-ARRONDISSEMENT;false;42 BI;RUE MOLIERE;;MONTREUIL;93100;BP;104;;;;;1050;4;2;2;1;1;1;5;true;false;false;0;1;1;5;false;false;false;false;true;9;false;false;false;false;false;false;false;1;1;0;1;0;0;0;0;0;0;0;0;0;0;0;0;0;705;0;82;0;0;143;0;0;0;82;0;0;0;0
11;Île-de-France;93;Seine-Saint-Denis;93048;DP;09304818B0229;6;2018-07-19;2018-10-19;2019-05-17;2018;2018-01-01;2018-08;2022-05;2022-05;68.20B;6540;ALIXIA 27-29;802874883;80287488300019;75012;PARIS-12E-ARRONDISSEMENT;false;130;BD ARISTIDE BRIAND;;MONTREUIL;93100;Q;75;;;;;448;4;2;2;1;1;1;3;false;false;false;0;5;3;7;false;false;false;false;false;9;false;false;false;false;false;false;false;1;1;0;1;0;0;0;0;0;0;0;0;0;0;0;0;0;0;0;75;0;0;75;0;0;0;75;75;0;0;0
11;Île-de-France;93;Seine-Saint-Denis;93048;DP;09304818B0234;2;2018-11-21;;;2018;2018-01-01;2018-11;;2018-11;68.20B;6540;MICHELET;838913788;83891378800017;94170;LE PERREUX-SUR-MARNE;false;43;RUE MICHELET;;MONTREUIL;93100;BJ;93;;;;;88;4;2;2;1;3;2;1;false;false;false;3;3;1;7;false;false;false;false;false;9;false;false;false;false;false;false;false;2;0;2;0;0;0;2;0;2;0;0;0;0;0;0;0;0;60;0;60;0;60;0;0;0;0;0;0;0;0;0
11;Île-de-France;93;Seine-Saint-Denis;93048;DP;09304818B0245;2;2018-07-13;;;2018;2018-01-01;2018-07;;2018-07;;;;;;92140;CLAMART;false;15;BD ARISTIDE BRIAND;;MONTREUIL;93100;P;109;;;;;843;4;2;5;1;1;;;false;false;false;0;2;1;7;false;false;false;false;false;9;false;false;false;false;false;false;false;1;1;0;1;0;0;0;0;0;0;0;0;0;0;0;0;0;796;20;0;0;0;0;0;0;0;0;0;0;0;0
11;Île-de-France;93;Seine-Saint-Denis;93048;DP;09304818B0284;6;2018-08-09;2018-11-09;2019-06-18;2018;2018-01-01;2018-08;2022-05;2022-05;;;;;;93100;MONTREUIL;false;15;BD ARISTIDE BRIAND;;MONTREUIL;93100;P;109;;;;;0;4;2;5;1;1;;;false;false;false;0;2;1;7;false;false;false;false;false;9;false;false;false;false;false;false;false;1;1;0;1;0;0;0;0;0;1;0;0;0;0;0;0;0;1276;35;0;0;0;0;0;0;0;0;0;0;0;0
11;Île-de-France;93;Seine-Saint-Denis;93048;DP;09304818B0317;2;2018-09-13;;;2018;2018-01-01;2018-09;;2018-09;;;;;;93100;MONTREUIL;false;11;RUE DES CHENES;;MONTREUIL;93100;BS;130;;;;;288;4;1;3;1;2;2;1;true;true;false;0;2;1;7;false;false;false;false;false;9;false;false;false;false;false;false;false;2;2;0;0;2;0;0;0;1;0;1;0;0;0;0;0;0;180;35;80;3;80;0;0;0;0;0;0;0;0;0
11;Île-de-France;93;Seine-Saint-Denis;93048;DP;09304818B0343;2;2018-11-03;;;2018;2018-01-01;2018-11;;2018-11;;;;;;93100;MONTREUIL;false;90;RUE DE LA FEDERATION;;MONTREUIL;93100;BM;83;;;;;126;4;2;2;1;1;1;5;false;false;false;0;1;1;7;false;false;false;false;false;9;false;false;false;false;false;false;false;1;1;0;1;0;0;0;0;0;0;0;1;0;0;0;0;0;412;0;86;0;0;340;0;0;0;86;0;0;0;0
11;Île-de-France;93;Seine-Saint-Denis;93048;DP;09304818B0348;6;2018-11-16;2019-01-16;2019-07-08;2018;2018-01-01;2018-11;2022-05;2022-05;68.20B;6540;SCI LES BAMBOUS;483698601;48369860100026;93100;MONTREUIL;false;31;RUE JEAN JACQUES ROUSSEAU;;MONTREUIL;93100;BF;92;BF;175;BF;184;1282;4;2;2;1;1;1;5;false;false;false;5;2;1;7;false;false;false;false;false;9;false;false;false;false;false;false;false;1;1;0;1;0;0;0;0;0;0;0;1;0;0;0;0;0;1040;0;84;0;0;1521;0;0;0;84;0;0;0;0
11;Île-de-France;93;Seine-Saint-Denis;93048;DP;09304818B0386;6;2018-10-31;2018-11-30;2019-03-25;2018;2018-01-01;2018-10;2022-05;2022-05;;;;;;93100;MONTREUIL;false;42;RUE SAINT-DENIS;;MONTREUIL;93100;J;392;;;;;316;4;2;2;1;1;1;3;false;false;false;0;1;1;7;false;false;false;false;false;9;false;false;false;false;false;false;false;1;1;0;1;0;0;0;0;0;0;0;0;0;0;0;0;0;96;0;51;0;0;51;0;0;0;51;51;0;0;0
11;Île-de-France;93;Seine-Saint-Denis;93048;DP;09304818B0408;2;2018-11-02;;;2018;2018-01-01;2018-11;;2018-11;;;;;;93100;MONTREUIL;false;11;SEN DES MARECAGES;;MONTREUIL;93100;M;122;M;194;;;420;4;2;3;1;3;2;1;true;false;false;0;2;1;7;false;false;false;false;false;9;false;false;false;false;false;false;false;3;0;3;0;0;0;3;0;0;0;3;0;0;0;0;0;0;193;35;193;0;193;0;0;0;0;0;0;0;0;0
11;Île-de-France;93;Seine-Saint-Denis;93048;DP;09304818B0426;6;2018-12-03;2018-12-14;2018-12-24;2018;2018-01-01;2018-12;2022-05;2022-05;68.20B;6540;SUPERPOSITIONS PROVISOIRES;483871604;48387160400011;93100;MONTREUIL;false;11 BI;RUE EUGENE POTTIER;;MONTREUIL;93100;CL;24;;;;;236;4;2;2;1;2;1;5;false;false;false;0;2;1;7;false;false;false;false;false;9;false;false;false;false;false;false;false;2;2;0;0;2;0;0;0;0;2;0;0;0;0;0;0;0;0;0;234;0;0;234;0;0;0;234;0;0;0;0
11;Île-de-France;93;Seine-Saint-Denis;93048;DP;09304818B0455;2;2019-01-16;;;2018;2018-01-01;2019-01;;2019-01;;;;;;93100;MONTREUIL;false;24;RUE DE LA TRANCHEE;;MONTREUIL;93100;CQ;298;;;;;408;4;2;3;1;3;2;1;true;false;false;0;3;1;7;false;false;false;false;false;9;false;false;false;false;false;false;false;6;0;6;0;0;0;6;0;6;0;0;0;0;0;0;0;0;91;26;91;0;91;0;0;0;0;0;0;0;0;0
11;Île-de-France;93;Seine-Saint-Denis;93048;DP;09304819B0039;2;2019-03-08;;;2019;2019-01-01;2019-03;;2019-03;;;;;;93100;MONTREUIL;false;10;RUE DE VILLIERS;;MONTREUIL;93100;AL;174;;;;;897;4;2;2;1;1;1;3;false;false;false;0;3;1;7;false;false;false;false;false;9;false;false;false;false;false;false;false;1;1;0;1;0;0;0;0;0;0;0;0;0;0;0;0;0;0;0;16;0;0;16;0;0;0;16;16;0;0;0
11;Île-de-France;93;Seine-Saint-Denis;93048;DP;09304819B0043;6;2019-06-17;2019-08-17;2020-01-05;2019;2019-01-01;2019-06;2022-05;2022-05;;;;;;75010;PARIS-10E-ARRONDISSEMENT;false;8;RUE EMILE ZOLA;;MONTREUIL;93100;AZ;5;;;;;333;4;2;2;1;1;1;5;false;false;false;0;2;1;7;false;false;false;false;false;9;false;false;false;false;false;false;false;1;1;0;1;0;0;0;0;0;1;0;0;0;0;0;0;0;0;0;33;0;0;33;0;0;0;33;0;0;0;0
11;Île-de-France;93;Seine-Saint-Denis;93048;DP;09304819B0049;6;2019-04-12;2019-04-12;2019-05-18;2019;2019-01-01;2019-04;2022-05;2022-05;;;;;;93100;MONTREUIL;false;34;RUE MOLIERE;;MONTREUIL;93100;BP;100;;;;;3449;4;2;2;1;1;1;5;false;false;false;5;2;1;7;false;false;false;false;false;9;false;false;false;false;false;false;false;1;1;0;1;0;0;0;0;0;1;0;0;0;0;0;0;0;0;0;138;0;0;138;0;0;0;138;0;0;0;0
11;Île-de-France;93;Seine-Saint-Denis;93048;DP;09304819B0062;6;2019-03-11;2019-06-11;2019-11-26;2019;2019-01-01;2019-03;2022-05;2022-05;;;;;;75011;PARIS-11E-ARRONDISSEMENT;false;31;RUE JEAN JACQUES ROUSSEAU;;MONTREUIL;93100;BF;92;;;;;702;4;2;2;1;1;1;3;false;false;false;0;5;3;7;false;false;false;false;false;9;false;false;false;false;false;false;false;1;1;0;1;0;0;0;0;0;0;0;0;0;0;0;0;0;0;0;83;0;0;83;0;0;0;83;83;0;0;0
11;Île-de-France;93;Seine-Saint-Denis;93048;DP;09304819B0067;2;2019-04-19;;;2019;2019-01-01;2019-05;;2019-05;;;;;;93100;MONTREUIL;false;15;RUE KLEBER;;MONTREUIL;93100;BM;26;;;;;494;4;2;2;1;1;1;3;false;false;false;0;1;1;7;false;false;false;false;false;9;false;false;false;false;false;false;false;1;1;0;1;0;0;0;0;0;0;0;1;0;0;0;0;0;843;0;90;0;0;957;0;0;0;90;90;0;0;0
11;Île-de-France;93;Seine-Saint-Denis;93048;DP;09304819B0093;2;2019-04-26;;;2019;2019-01-01;2019-05;;2019-05;68.10Z;5710;PREMIUM;532812955;53281295500021;93100;MONTREUIL;false;1;RUE DESIRE PREAU;;MONTREUIL;93100;AS;132;;;;;144;4;2;2;1;1;1;3;true;false;false;1;2;1;7;false;false;false;false;false;9;false;false;false;false;false;false;false;1;1;0;1;0;0;0;0;0;1;0;0;0;0;0;0;0;125;0;44;0;0;114;0;0;0;44;44;0;0;0
11;Île-de-France;93;Seine-Saint-Denis;93048;DP;09304819B0101;6;2019-04-22;2019-04-22;2019-06-07;2019;2019-01-01;2019-07;2022-05;2022-05;68.20B;6540;SCI SERAPH 76;508184496;50818449600018;93260;LES LILAS;false;31;RUE JEAN-JACQUES ROUSSEAU;;MONTREUIL;93100;BF;92;BF;175;BF;184;1282;4;2;2;1;1;1;3;true;false;false;5;1;1;7;false;false;false;false;false;9;false;false;false;false;false;false;false;1;1;0;1;0;0;0;0;0;0;0;1;0;0;0;0;0;1124;0;147;0;0;1436;0;0;0;147;147;0;0;0
11;Île-de-France;93;Seine-Saint-Denis;93048;DP;09304819B0190;6;2019-07-18;2020-11-18;2023-07-01;2019;2019-01-01;2019-08;2023-09;2023-09;;;;;;93100;MONTREUIL;false;34;RUE DES FEDERES;;MONTREUIL;93100;BJ;85;;;;;553;4;2;2;1;1;1;8;true;false;false;1;1;1;7;false;false;false;false;false;9;false;false;false;false;false;false;false;1;1;0;1;0;0;0;0;1;0;0;0;0;0;0;0;0;154;0;18;0;0;279;0;0;0;18;0;0;0;0
11;Île-de-France;93;Seine-Saint-Denis;93048;DP;09304819B0199;2;2019-07-26;;;2019;2019-01-01;2019-07;;2019-07;;;;;;83600;FREJUS;false;7/9/1;RUE EDOUARD VAILLANT;;MONTREUIL;93100;BL;170;;;;;1028;4;2;2;1;1;1;5;false;false;false;0;2;1;7;false;false;false;false;false;9;false;false;false;false;false;false;false;1;1;0;1;0;0;0;0;1;0;0;0;0;0;0;0;0;0;0;24;0;0;24;0;0;0;24;0;0;0;0
11;Île-de-France;93;Seine-Saint-Denis;93048;DP;09304819B0206;2;2019-07-12;;;2019;2019-01-01;2019-07;;2019-07;;;;;;93100;MONTREUIL;false;72;AVENUE PASTEUR;;MONTREUIL;93100;AE;259;;;;;1087;4;2;2;1;1;1;3;false;false;false;0;1;1;7;false;false;false;false;false;9;false;false;false;false;false;false;false;1;1;0;1;0;0;0;0;0;1;0;0;0;0;0;0;0;0;0;39;0;0;39;0;0;0;39;39;0;0;0
11;Île-de-France;93;Seine-Saint-Denis;93048;DP;09304819B0260;6;2019-09-24;2020-03-24;2021-03-29;2019;2019-01-01;2019-09;2023-11;2023-11;;;;;;95150;TAVERNY;false;50;RUE DE LAGNY;;MONTREUIL;93100;BE;64;;;;;834;4;2;5;1;1;;;false;false;false;0;1;1;7;false;false;false;false;false;9;false;false;false;false;false;false;false;1;1;0;1;0;0;0;0;1;0;0;0;0;0;0;0;0;1780;25;0;0;0;108;0;0;0;0;0;0;0;0
11;Île-de-France;93;Seine-Saint-Denis;93048;DP;09304819B0292;4;2019-09-24;;;2019;2019-01-01;2019-09;;2019-09;;;;;;93100;MONTREUIL;false;3 TER;RUE MAINGUET;;MONTREUIL;93100;AQ;41;;;;;0;4;2;5;1;1;;;false;true;true;3;1;1;7;false;false;false;false;false;9;false;false;false;false;false;false;false;1;1;0;1;0;0;0;0;0;0;0;0;0;0;0;0;0;76;32;0;0;0;0;0;0;0;0;0;0;0;0
11;Île-de-France;93;Seine-Saint-Denis;93048;DP;09304819B0300;2;2020-09-26;;;2019;2019-01-01;2020-09;;2020-09;;;;;;93100;MONTREUIL;false;9;AV PAUL SIGNAC;ANCIENNE POSTE -BAT B;MONTREUIL;93100;R;4;;;;;3636;4;2;2;1;1;4;5;false;false;false;0;1;1;7;false;false;false;false;false;9;false;false;false;false;false;false;false;1;1;0;1;0;0;0;0;1;0;0;0;0;0;0;0;0;0;0;54;0;0;127;0;73;0;127;0;0;0;0
11;Île-de-France;93;Seine-Saint-Denis;93048;DP;09304819B0324;6;2019-10-29;2019-10-29;2020-05-01;2019;2019-01-01;2019-10;2022-05;2022-05;;;;;;93100;MONTREUIL;false;27 BI;RUE DU SERGENT GODEFROY;;MONTREUIL;93100;BK;75;;;;;0;4;2;4;1;1;1;5;false;false;false;2;1;1;7;false;false;false;false;false;9;false;false;false;false;false;false;false;1;1;0;1;0;0;0;0;0;0;1;0;0;0;0;0;0;250;2;97;0;0;361;0;0;5;97;0;0;0;0
11;Île-de-France;93;Seine-Saint-Denis;93048;DP;09304819B0342;6;2019-10-23;2019-10-23;2019-10-23;2019;2019-01-01;2019-10;2022-05;2022-05;;;;;;93100;MONTREUIL;false;179;RUE DE ROMAINVILLE;;MONTREUIL;93100;O;9;;;;;0;4;2;2;1;1;1;3;false;false;false;0;1;1;7;false;false;false;false;false;9;false;false;false;false;false;false;false;1;1;0;1;0;0;0;0;0;0;0;0;0;0;0;0;0;0;0;157;0;0;382;0;0;0;157;93;0;0;0
11;Île-de-France;93;Seine-Saint-Denis;93048;DP;09304819B0348;6;2019-11-29;2020-04-29;2021-02-16;2019;2019-01-01;2019-11;2023-11;2023-11;;;;;;93100;MONTREUIL;false;4;VICTOR BAUSSE;;MONTREUIL;93100;V;150;V;179;U;179;253;4;2;5;1;1;;;false;false;true;0;1;1;2;false;true;false;false;false;9;false;false;false;false;false;false;false;1;1;0;1;0;0;0;0;0;0;0;0;0;0;0;0;0;15;13;0;0;0;0;0;0;0;0;0;0;0;0
11;Île-de-France;93;Seine-Saint-Denis;93048;DP;09304819B0403;6;2020-03-05;2020-05-05;2020-08-12;2019;2019-01-01;2020-03;2022-05;2022-05;;;;;;93100;MONTREUIL;false;9;RUE LAVOISIER;;MONTREUIL;93100;AY;173;;;;;305;4;2;2;1;1;1;3;false;false;false;3;2;1;7;false;false;false;false;false;9;false;false;false;false;false;false;false;1;1;0;1;0;0;0;0;0;1;0;0;0;0;0;0;0;83;0;36;0;0;553;0;0;0;36;36;0;0;0
11;Île-de-France;93;Seine-Saint-Denis;93048;DP;09304819B0423;2;2020-02-05;;;2019;2019-01-01;2020-02;;2020-02;;;;;;93200;SAINT-DENIS;false;90-92;RUE GASTON LAURIAU;;MONTREUIL;93100;BT;298;BT;300;;;220;4;2;2;1;1;1;5;false;false;false;0;1;1;7;false;false;false;false;false;9;false;false;false;false;false;false;false;1;1;0;1;0;0;0;0;0;0;1;0;0;0;0;0;0;0;0;90;0;0;90;0;0;0;90;0;0;0;0
11;Île-de-France;93;Seine-Saint-Denis;93048;DP;09304819B0459;6;2020-03-31;2020-04-30;2020-07-13;2019;2019-01-01;2020-10;2022-05;2022-05;;;;;;75020;PARIS;false;4;BIS RUE JEAN JACQUES ROUSS;;MONTREUIL;93100;BF;135;;;;;417;4;2;2;1;1;1;5;false;false;false;2;2;1;7;false;false;false;false;false;9;false;false;false;false;false;false;false;1;1;0;1;0;0;0;0;1;0;0;0;0;0;0;0;0;356;0;43;0;0;884;0;0;0;43;0;0;0;0
11;Île-de-France;93;Seine-Saint-Denis;93048;DP;09304820B0015;6;2020-03-13;2020-04-13;2020-05-25;2020;2020-01-01;2020-05;2022-09;2022-09;;;;;;93100;MONTREUIL;false;65;RUE BEAUMARCHAIS;;MONTREUIL;93100;BK;25;;;;;311;4;2;3;1;1;1;5;false;false;false;2;1;1;7;false;false;false;false;false;9;false;false;false;false;false;false;false;1;1;0;1;0;0;0;0;0;0;0;0;0;0;0;0;0;143;5;113;0;0;432;0;0;0;113;0;0;0;0
11;Île-de-France;93;Seine-Saint-Denis;93048;DP;09304820B0020;2;2020-02-25;;;2020;2020-01-01;2020-02;;2020-02;;;;;;93100;MONTREUIL;false;8 B;RUE BEAUMARCHAIS;;MONTREUIL;93100;AS;47;;;;;1683;4;2;2;1;1;1;5;true;false;false;0;5;3;7;false;false;false;false;false;9;false;false;false;false;false;false;false;1;1;0;1;0;0;0;0;0;0;0;0;0;0;0;0;0;2764;0;114;0;0;996;0;0;0;114;0;0;0;0
11;Île-de-France;93;Seine-Saint-Denis;93048;DP;09304820B0101;6;2020-06-16;2020-06-16;2020-08-04;2020;2020-01-01;2020-06;2022-05;2022-05;68.20B;6540;SCI FLODAV;394918189;39491818900025;93100;MONTREUIL;false;4 BIS;RUE COLMET LEPINAY;;MONTREUIL;93100;BQ;1;;;;;218;4;2;2;1;1;1;3;false;false;false;0;3;3;7;false;false;false;false;false;9;false;false;false;false;false;false;false;1;1;0;1;0;0;0;0;0;0;1;0;0;0;0;0;0;0;0;74;0;0;74;0;0;0;74;74;0;0;0
11;Île-de-France;93;Seine-Saint-Denis;93048;DP;09304820B0105;2;2020-07-22;;;2020;2020-01-01;2020-07;;2020-07;;;;;;75012;PARIS;false;9;RUE CLOTILDE GAILLARD;;MONTREUIL;93100;BO;162;;;;;349;4;2;2;1;1;1;5;false;false;false;0;5;3;7;false;false;false;false;false;9;false;false;false;false;false;false;false;1;1;0;1;0;0;0;0;0;0;0;0;0;0;0;0;0;0;0;167;0;0;167;0;0;0;167;0;0;0;0
11;Île-de-France;93;Seine-Saint-Denis;93048;DP;09304820B0139;6;2020-05-27;2020-06-03;2020-07-03;2020;2020-01-01;2020-06;2022-05;2022-05;;;;;;93100;MONTREUIL;false;3;RUE POULIN;;MONTREUIL;93100;Y;360;;;;;30;4;2;5;1;1;;;false;false;false;0;1;1;7;false;false;false;false;false;9;false;false;false;false;false;false;false;1;1;0;1;0;0;0;0;0;1;0;0;0;0;0;0;0;0;167;0;0;0;0;0;0;0;0;0;0;0;0
11;Île-de-France;93;Seine-Saint-Denis;93048;DP;09304820B0215;6;2020-07-21;2020-08-21;2020-09-27;2020;2020-01-01;2020-07;2022-05;2022-05;;;;;;93100;MONTREUIL;false;9;AVENUE PAUL SIGNAC;;MONTREUIL;93100;R;4;;;;;0;4;2;2;1;1;1;5;false;false;false;0;5;3;7;false;false;false;false;false;9;false;false;false;false;false;false;false;1;1;0;1;0;0;0;0;0;0;0;0;0;0;0;0;0;54;0;72;0;0;72;0;0;0;72;0;0;0;0
11;Île-de-France;93;Seine-Saint-Denis;93048;DP;09304820B0258;6;2020-09-27;2020-10-27;2021-01-01;2020;2020-01-01;2020-10;2022-05;2022-05;68.20B;6540;SCI LES BAMBOUS;483698601;48369860100026;93100;MONTREUIL;false;31;RUE JEAN-JACQUES-ROUSSEAU;;MONTREUIL;93100;BF;92;BF;175;BF;184;0;4;2;2;1;1;1;5;false;false;false;0;2;1;7;false;false;false;false;false;9;false;false;false;false;false;false;false;1;1;0;1;0;0;0;0;0;0;0;0;0;1;0;0;0;1055;0;138;0;0;1378;0;0;0;138;0;0;0;0
11;Île-de-France;93;Seine-Saint-Denis;93048;DP;09304820B0281;2;2020-09-16;;;2020;2020-01-01;2020-09;;2020-09;;;;;;93100;MONTREUIL;false;68;RUE BEAUMARCHAIS;;MONTREUIL;93100;AS;255;;;;;0;4;2;3;1;1;1;5;false;false;false;1;1;1;7;false;false;false;false;false;9;false;false;false;false;false;false;false;1;1;0;1;0;0;0;0;0;0;0;0;0;0;0;0;0;0;20;74;0;0;74;0;0;0;74;0;0;0;0
11;Île-de-France;93;Seine-Saint-Denis;93048;DP;09304820B0348;6;2020-12-03;;2022-10-31;2020;2020-01-01;2020-12;;2026-05;;;;;;93100;MONTREUIL;false;22;RUE BRULEFER;;MONTREUIL;93100;G;121;;;;;1234;4;2;2;1;1;1;6;false;false;false;1;1;1;7;false;false;false;false;false;9;false;false;false;false;false;false;false;1;1;0;1;0;0;0;0;0;0;0;1;0;0;0;0;0;0;0;117;0;0;617;0;0;0;117;0;0;0;0
11;Île-de-France;93;Seine-Saint-Denis;93048;DP;09304820B0377;6;2021-01-07;2021-03-07;2021-07-01;2020;2020-01-01;2021-01;2022-05;2022-05;;;;;;93100;MONTREUIL;false;15;RUE MICHELET;;MONTREUIL;93100;BJ;207;;;;;938;4;2;2;1;3;1;5;false;false;false;0;2;1;7;false;false;false;false;false;9;false;false;false;false;false;false;false;2;0;2;0;0;0;2;0;0;0;0;0;0;0;0;0;0;716;0;85;0;0;1381;0;0;0;85;0;0;0;0
11;Île-de-France;93;Seine-Saint-Denis;93048;DP;09304820B0386;6;2020-12-15;2021-05-15;2022-03-19;2020;2020-01-01;2020-12;2022-05;2022-05;;;;;;93100;MONTREUIL;false;15;BIS RUE STALINGRAD;;MONTREUIL;93100;BU;208;;;;;0;4;2;2;1;1;1;3;false;false;false;0;2;1;7;false;false;false;false;false;9;false;false;false;false;false;false;false;1;1;0;1;0;0;0;0;0;0;0;0;1;0;0;0;0;0;0;153;0;0;153;0;0;0;153;153;0;0;0
11;Île-de-France;93;Seine-Saint-Denis;93048;DP;09304820B0441;2;2021-01-07;;;2020;2020-01-01;2021-01;;2021-01;;;;;;93100;MONTREUIL;false;15/19;RUE MICHELET;;MONTREUIL;93100;BJ;207;;;;;938;4;2;2;1;2;1;3;false;false;false;3;3;1;7;false;false;false;false;false;9;false;false;false;false;false;false;false;2;2;0;0;2;0;0;0;0;1;1;0;0;0;0;0;0;0;0;147;0;0;147;0;0;0;147;147;0;0;0
11;Île-de-France;93;Seine-Saint-Denis;93048;DP;09304820B0456;2;2021-01-22;;;2020;2020-01-01;2021-01;;2021-01;;;;;;93100;MONTREUIL;false;14;RUE DIDEROT;;MONTREUIL;93100;BI;133;;;;;1166;4;2;2;1;1;1;3;false;false;false;0;1;1;7;false;false;false;false;false;9;false;false;false;false;false;false;false;1;1;0;1;0;0;0;0;0;0;0;1;0;0;0;0;0;1525;0;78;0;0;568;0;0;0;78;78;0;0;0
11;Île-de-France;93;Seine-Saint-Denis;93048;DP;09304821B0013;2;2021-02-09;;;2021;2021-01-01;2021-02;;2021-02;68.10Z;5202;BRAM;888972072;88897207200019;75013;PARIS;false;08;RUE BEAUMARCHAIS;;MONTREUIL;93100;AS;47;;;;;1683;4;2;2;1;1;1;5;false;false;false;0;3;1;7;false;false;false;false;false;9;false;false;false;false;false;false;false;1;1;0;1;0;0;0;0;0;1;0;0;0;0;0;0;0;0;0;88;0;0;88;0;0;0;88;0;0;0;0
11;Île-de-France;93;Seine-Saint-Denis;93048;DP;09304821B0019;2;2021-04-02;;;2021;2021-01-01;2021-04;;2021-04;;;;;;93100;MONTREUIL;false;12;BD THEOPHILE  SUEUR;;MONTREUIL;93100;CK;143;;;;;0;4;2;3;1;1;2;1;true;false;false;3;3;1;7;false;false;false;false;false;9;false;false;false;false;false;false;false;1;1;0;1;0;0;0;0;0;1;0;0;0;0;0;0;0;216;18;40;0;40;0;0;0;0;0;0;0;0;0
11;Île-de-France;93;Seine-Saint-Denis;93048;DP;09304821B0026;2;2021-02-16;;;2021;2021-01-01;2021-02;;2021-02;;;;;;76100;ROUEN;false;14;RUE VICTOR MERCIER;;MONTREUIL;93100;BR;87;;;;;0;4;2;5;1;1;;;false;false;false;0;1;1;2;false;true;false;false;false;9;false;false;false;false;false;false;false;1;1;0;1;0;0;0;0;1;0;0;0;0;0;0;0;0;959;12;0;0;0;0;0;0;0;0;0;0;0;0
11;Île-de-France;93;Seine-Saint-Denis;93048;DP;09304821B0094;2;2021-05-03;;;2021;2021-01-01;2021-05;;2021-05;68.20B;6599;J C T;438476947;;75011;PARIS;false;53;RUE EDOUARD VAILLANT;;MONTREUIL;93100;BK;328;;;;;0;4;2;2;1;1;1;5;false;false;false;0;2;1;7;false;false;false;false;false;9;false;false;false;false;false;false;false;1;1;0;1;0;0;0;0;0;0;0;0;0;0;0;0;0;0;0;52;0;0;52;0;0;0;52;0;0;0;0
11;Île-de-France;93;Seine-Saint-Denis;93048;DP;09304821B0097;2;2021-03-22;;;2021;2021-01-01;2021-03;;2021-03;68.20B;6599;AFOUS;504290669;50429066900010;93100;MONTREUIL;false;31;RUE JEAN - JACQUES ROUSSEA;;MONTREUIL;93100;BF;92;BF;175;BF;184;1282;4;2;2;1;1;1;5;false;false;false;5;2;1;7;false;false;false;false;false;9;false;false;false;false;false;false;false;1;1;0;1;0;0;0;0;0;0;1;0;0;0;0;0;0;1193;0;120;0;0;1240;0;0;0;120;0;0;0;0
11;Île-de-France;93;Seine-Saint-Denis;93048;DP;09304821B0098;6;2021-05-21;2021-05-21;2021-05-21;2021;2021-01-01;2021-05;2022-05;2022-05;;;;;;75020;PARIS;false;37;BIS RUE LEBOUR;;MONTREUIL;93100;BH;158;BH;242;;;0;4;2;2;1;1;1;3;false;false;false;1;1;1;7;false;false;false;false;false;9;false;false;false;false;false;false;false;1;1;0;1;0;0;0;0;0;1;0;0;0;0;0;0;0;606;0;44;0;0;211;0;0;0;44;44;0;0;0
11;Île-de-France;93;Seine-Saint-Denis;93048;DP;09304821B0103;2;2021-03-18;;;2021;2021-01-01;2021-04;;2021-04;68.20B;6540;LES LUMIERES;488824988;48882498800015;93100;MONTREUIL;false;31;RUE JEAN JACQUES ROUSSEAU;;MONTREUIL;93100;BF;92;BF;175;BF;184;1282;4;2;2;1;1;1;5;false;false;false;5;2;1;7;false;false;false;false;false;9;false;false;false;false;false;false;false;1;1;0;1;0;0;0;0;0;0;0;1;0;0;0;0;0;1314;0;107;0;0;1119;0;0;0;107;0;0;0;0
11;Île-de-France;93;Seine-Saint-Denis;93048;DP;09304821B0250;2;2021-07-01;;;2021;2021-01-01;2021-07;;2021-07;;;;;;93100;MONTREUIL;false;25;RUE EMILE REYNAUD;;MONTREUIL;93100;AE;72;AE;244;AE;268;351;4;2;5;1;1;;;true;false;false;0;3;1;7;false;false;false;false;false;9;false;false;false;false;false;false;false;1;1;0;1;0;0;0;0;0;0;1;0;0;0;0;0;0;112;6;0;0;0;0;0;0;0;0;0;0;0;0
11;Île-de-France;93;Seine-Saint-Denis;93048;DP;09304821B0304;6;2021-07-28;2021-07-28;2021-07-28;2021;2021-01-01;2021-07;2022-05;2022-05;;;;;;;93100 MONTREUIL;false;69;RUE DE STALINGRAD;;MONTREUIL;93100;BU;164;;;;;385;4;2;3;1;3;1;5;false;false;false;0;2;1;7;false;false;false;false;false;9;false;false;false;false;false;false;false;1;0;1;0;0;0;1;0;1;0;0;0;0;0;0;0;0;441;3;15;0;0;66;0;0;0;15;0;0;0;0
11;Île-de-France;93;Seine-Saint-Denis;93048;DP;09304821B0505;2;2021-12-18;;;2021;2021-01-01;2022-01;;2022-01;68.20B;6540;SCI MONTREUIL EPINAY;398538124;39853812400023;93100;MONTREUIL;false;43;RUE  RAYMOND  LEFEBVRE;;MONTREUIL;93100;CF;69;;;;;0;4;2;2;1;1;1;5;false;false;false;0;3;1;7;false;false;false;false;false;9;false;false;false;false;false;false;false;1;1;0;1;0;0;0;0;1;0;0;0;0;0;0;0;0;0;0;17;0;0;17;0;0;0;17;0;0;0;0
11;Île-de-France;93;Seine-Saint-Denis;93048;DP;09304821B0519;2;2022-01-21;;;2021;2021-01-01;2022-02;;2022-02;87.90B;9220;ASSOCIATION LA MAIN TENDUE;785476060;78547606000021;93190;LIVRY-GARGAN;false;21;RUE ERNEST SAVART;;MONTREUIL;93100;AC;18;AC;32;AC;214;1953;4;2;2;1;4;1;3;false;false;false;0;3;3;7;false;false;false;false;false;5;false;false;false;false;true;false;false;31;0;31;0;0;31;0;0;0;0;0;0;0;0;0;0;0;0;0;1624;0;0;1624;0;0;0;1624;1624;0;0;0
11;Île-de-France;93;Seine-Saint-Denis;93048;DP;09304821B0583;2;2021-12-02;;;2021;2021-01-01;2022-01;;2022-01;68.10Z;5710;FONCIERE RAMEAU LULLI LOUVOIS;490714011;49071401100049;75008;PARIS;false;55;RUE DESGRANGES;;MONTREUIL;93100;BR;60;;;;;74;4;2;4;1;1;1;5;false;false;false;2;3;1;7;false;false;false;false;false;9;false;false;false;false;false;false;false;1;1;0;1;0;0;0;0;0;0;1;0;0;0;0;0;0;285;0;47;0;0;101;0;0;54;47;0;0;0;0
11;Île-de-France;93;Seine-Saint-Denis;93048;DP;09304822B0004;6;2022-02-01;2022-10-02;2024-03-20;2022;2022-01-01;2022-02;2024-03;2024-03;;;;;;14800;TOUQUES;false;13;RUE PEPIN;;MONTREUIL;93100;AH;42;;;;;634;4;2;2;1;1;2;1;false;false;false;0;1;1;7;false;false;false;false;false;9;false;false;false;false;false;false;false;1;1;0;1;0;0;0;0;0;0;0;0;0;0;0;0;0;18;0;18;0;18;0;0;0;0;0;0;0;0;0
11;Île-de-France;93;Seine-Saint-Denis;93048;DP;09304822B0015;2;2022-02-25;;;2022;2022-01-01;2022-02;;2022-02;;;;;;93100;MONTREUIL;false;90;RUE DE LA FEDERATION;;MONTREUIL;93100;BM;83;;;;;126;4;2;2;1;1;1;5;false;false;false;0;2;1;7;false;false;false;false;false;9;false;false;false;false;false;false;false;1;1;0;1;0;0;0;0;0;0;0;1;0;0;0;0;0;498;0;40;0;0;340;0;0;0;40;0;0;0;0
11;Île-de-France;93;Seine-Saint-Denis;93048;DP;09304822B0131;6;2022-04-08;2022-07-11;2023-02-28;2022;2022-01-01;2022-04;2023-03;2023-03;;;;;;94120;FONTENAY-SOUS-BOIS;false;134;RUE HOCHE;;MONTREUIL;93100;AO;151;;;;;1378;4;2;2;1;1;1;3;false;false;false;0;1;1;7;false;false;false;false;false;9;false;false;false;false;false;false;false;1;1;0;1;0;0;0;0;0;0;1;0;0;0;0;0;0;0;0;80;0;0;80;0;0;0;80;80;0;0;0
11;Île-de-France;93;Seine-Saint-Denis;93048;DP;09304822B0201;6;2022-06-03;2022-07-14;2022-09-12;2022;2022-01-01;2022-07;2022-10;2022-10;;;;;;93100;MONTREUIL;false;47;RUE MICHELET;;MONTREUIL;93100;BJ;12;;;;;479;4;2;2;1;1;1;5;false;false;false;4;1;1;7;false;false;false;false;false;9;false;false;false;false;false;false;false;1;1;0;1;0;0;0;0;0;1;0;0;0;0;0;0;0;0;0;41;0;0;41;0;0;0;41;0;0;0;0
11;Île-de-France;93;Seine-Saint-Denis;93048;DP;09304822B0205;6;2022-05-19;2022-05-19;2022-06-01;2022;2022-01-01;2022-05;2022-05;2022-05;;;;;;93100;MONTREUIL;false;85;AVENUE DU PRESIDENT SALVAD;;MONTREUIL;93100;K;155;;;;;304;4;1;2;1;3;2;1;true;false;false;2;3;1;2;false;true;false;false;false;9;false;false;false;false;false;false;false;2;0;2;0;0;0;2;0;1;1;0;0;0;0;0;0;0;214;0;214;0;214;0;0;0;0;0;0;0;0;0
11;Île-de-France;93;Seine-Saint-Denis;93048;DP;09304822B0215;2;2022-08-08;;;2022;2022-01-01;2022-08;;2022-08;;;;;;93100;MONTREUIL;false;76;RUE DE PARIS;;MONTREUIL;93100;AS;124;;;;;49;4;2;2;1;1;1;5;false;false;false;0;1;1;7;false;false;false;false;false;9;false;false;false;false;false;false;false;1;1;0;1;0;0;0;0;0;0;0;0;0;0;0;0;0;0;0;75;0;0;107;0;0;0;75;0;0;0;0
11;Île-de-France;93;Seine-Saint-Denis;93048;DP;09304822B0245;2;2022-06-13;;;2022;2022-01-01;2022-07;;2022-07;;;;;;;MONTREUIL;false;6;RUE LAVOISIER;;MONTREUIL;93100;AY;165;;;;;277;4;2;4;1;1;1;3;false;false;false;0;1;1;7;false;false;false;false;false;9;false;false;false;false;false;false;false;1;1;0;1;0;0;0;0;0;1;0;0;0;0;0;0;0;0;0;87;0;0;89;0;0;2;87;87;0;0;0
11;Île-de-France;93;Seine-Saint-Denis;93048;DP;09304822B0253;2;2022-08-13;;;2022;2022-01-01;2022-08;;2022-08;68.10Z;5710;VERNEUIL INVESTISSEMENT;902922384;90292238400018;75016;PARIS;false;29;RUE BRULEFER;;MONTREUIL;93100;I;121;I;118;I;121;2670;4;2;2;1;3;1;5;false;false;false;0;2;1;7;false;false;false;false;false;9;false;false;false;false;false;false;false;2;0;2;0;0;0;2;0;0;0;0;2;0;0;0;0;0;0;0;219;0;0;219;0;0;0;219;0;0;0;0
11;Île-de-France;93;Seine-Saint-Denis;93048;DP;09304822B0271;6;2022-08-12;2022-09-12;2022-10-28;2022;2022-01-01;2022-08;2022-10;2022-10;;;;;;93100;MONTREUIL;false;27;27 BIS RUE SERGENT GODEFRO;;MONTREUIL;93100;BK;75;BK;75;;;353;4;2;2;1;3;1;3;false;false;false;4;3;1;7;false;false;false;false;false;9;false;false;false;false;false;false;false;2;0;2;0;0;0;2;0;1;1;0;0;0;0;0;0;0;86;0;81;0;0;548;0;0;0;81;81;0;0;0
11;Île-de-France;93;Seine-Saint-Denis;93048;DP;09304822B0295;2;2022-09-15;;;2022;2022-01-01;2022-10;;2022-10;47.73Z;5485;SELURL PHARMACIE ODILE FLORENCE CONY;453842726;45384272600011;93100;MONTREUIL;false;87;BOULEVARD PAUL VAILLANT CO;;MONTREUIL;93100;V;104;;;;;221;4;2;2;1;1;1;5;false;false;false;0;3;1;7;false;false;false;false;false;9;false;false;false;false;false;false;false;1;1;0;1;0;0;0;0;0;0;0;0;0;0;0;0;0;0;0;93;0;0;253;0;0;0;93;0;0;0;0
11;Île-de-France;93;Seine-Saint-Denis;93048;DP;09304822B0336;2;2022-09-15;;;2022;2022-01-01;2022-09;;2022-09;;;;;;93100;MONTREUIL;false;90;RUE  DE LA FEDERATION;;MONTREUIL;93100;BM;83;;;;;740;4;2;2;1;1;1;5;false;false;false;1;2;1;7;false;false;false;false;false;9;false;false;false;false;false;false;false;1;1;0;1;0;0;0;0;0;1;0;0;0;0;0;0;0;538;0;25;0;0;380;0;0;0;25;0;0;0;0
11;Île-de-France;93;Seine-Saint-Denis;93048;DP;09304822B0341;6;2022-08-12;2023-03-12;2024-05-15;2022;2022-01-01;2022-08;2024-06;2024-06;68.20B;6540;SCI SAINT JAMS;503706848;50370684800010;54850;MEREVILLE;false;130;BOULEVARD ARISTIDE BRIAND;;MONTREUIL;93100;Q;75;Q;207;;;1054;4;2;;1;3;;;false;false;false;0;2;1;7;false;false;false;false;false;9;false;false;false;false;false;false;false;2;0;2;0;0;0;2;0;0;1;1;0;0;0;0;0;0;1986;0;127;0;0;329;0;0;0;0;0;0;0;0
11;Île-de-France;93;Seine-Saint-Denis;93048;DP;09304822B0349;2;2022-09-23;;;2022;2022-01-01;2022-09;;2022-09;;;;;;93100;MONTREUIL;false;9;RUE LAVOISIER;;MONTREUIL;93100;AY;173;;;;;306;4;2;2;1;1;1;3;false;false;false;0;2;1;7;false;false;false;false;false;9;false;false;false;false;false;false;false;1;1;0;1;0;0;0;0;1;0;0;0;0;0;0;0;0;234;0;31;0;0;517;0;0;0;31;31;0;0;0
11;Île-de-France;93;Seine-Saint-Denis;93048;DP;09304822B0422;2;2022-11-25;;;2022;2022-01-01;2022-11;;2022-11;;;;;;93100;MONTREUIL;false;152;BOULEVARD DE CHANZY;;MONTREUIL;93100;AV;175;;;;;5049;4;2;2;1;1;1;5;false;false;false;0;1;2;7;false;false;false;false;false;9;false;false;false;false;false;false;false;1;1;0;1;0;0;0;0;1;0;0;0;0;0;0;0;0;0;0;30;0;0;30;0;0;0;30;0;0;0;0
11;Île-de-France;93;Seine-Saint-Denis;93048;DP;09304822B0430;6;2022-12-16;2023-03-16;2023-10-04;2022;2022-01-01;2022-12;2023-10;2023-10;;;;;;46090;PRADINES;false;5;RUE DE LA POINTE;;MONTREUIL;93100;AD;156;;;;;65;4;2;5;1;1;;;true;false;true;3;3;1;7;false;false;false;false;false;9;false;false;false;false;false;false;false;1;1;0;1;0;0;0;0;0;1;0;0;0;0;0;0;0;60;22;0;3;0;0;0;0;0;0;0;0;0;0
11;Île-de-France;93;Seine-Saint-Denis;93048;DP;09304822B0434;2;2022-11-24;;;2022;2022-01-01;2022-11;;2022-11;;;;;;93100;MONTREUIL;false;16;RUE DE ROSNY;;MONTREUIL;93100;AJ;221;;;;;2595;4;2;2;1;1;1;5;false;false;false;1;3;1;7;false;false;false;false;false;9;false;false;false;false;false;false;false;1;1;0;1;0;0;0;0;0;1;0;0;0;0;0;0;0;0;0;32;0;0;32;0;0;0;32;0;0;0;0
11;Île-de-France;93;Seine-Saint-Denis;93048;DP;09304822B0438;4;2022-11-02;;;2022;2022-01-01;2022-11;;2022-11;;;;;;94300;VINCENNES;false;22;AVENUE GABRIEL PERI;;MONTREUIL;93100;BP;14;BP;14;;;550;4;2;5;1;1;;;false;false;false;5;2;1;7;false;false;false;false;false;9;false;false;false;false;false;false;false;1;1;0;1;0;0;0;0;0;1;0;0;0;0;0;0;0;771;39;0;0;0;0;0;0;0;0;0;0;0;0
11;Île-de-France;93;Seine-Saint-Denis;93048;DP;09304822B0459;6;2022-11-25;;2024-11-20;2022;2022-01-01;2022-11;;2026-03;68.20B;6540;SCI MEUNIERS FRERES;838335479;83833547900013;93340;LE RAINCY;false;4;RUE DES MEUNIERS;;MONTREUIL;93100;BJ;164;;;;;581;4;2;2;1;;1;5;false;false;false;2;3;1;7;false;false;false;false;false;7;false;false;false;false;false;false;true;0;0;0;0;0;0;0;0;1;1;0;0;0;0;0;0;0;0;0;74;0;0;649;0;0;0;74;0;0;0;0
11;Île-de-France;93;Seine-Saint-Denis;93048;DP;09304822B0480;2;2023-01-27;;;2022;2022-01-01;2023-01;;2023-01;;;;;;93100;MONTREUIL;false;20;RUE VOLTAIRE;;MONTREUIL;93100;AY;154;;;;;2777;4;2;2;1;1;1;3;false;false;false;1;1;1;7;false;false;false;false;false;9;false;false;false;false;false;false;false;1;1;0;1;0;0;0;0;0;0;0;0;0;0;0;0;0;0;0;32;0;0;54;0;0;0;32;32;0;0;0
11;Île-de-France;93;Seine-Saint-Denis;93048;DP;09304822B0510;2;2023-02-10;;;2022;2022-01-01;2023-02;;2023-02;;;;;;75020;PARIS;false;28;RUE VICTOR BEAUSSE;;MONTREUIL;93100;V;160;;;;;267;4;2;2;1;2;1;3;false;false;false;3;3;1;7;false;false;false;false;false;9;false;false;false;false;false;false;false;2;2;0;0;2;0;0;0;0;2;0;0;0;0;0;0;0;0;0;63;0;0;63;0;0;0;63;63;0;0;0
11;Île-de-France;93;Seine-Saint-Denis;93048;DP;09304822B0526;6;2023-01-27;2023-03-27;2023-07-27;2022;2022-01-01;2023-01;2023-10;2023-10;68.20B;5202;PADHOME;850141805;85014180500018;75004;PARIS;false;43;RUE DES 3 TERRITOIRES;;MONTREUIL;93100;BR;327;;;;;75;4;2;5;1;1;;;false;false;false;4;2;1;7;false;false;false;false;false;9;false;false;false;false;false;false;false;1;1;0;1;0;0;0;0;0;0;0;1;0;0;0;0;0;169;15;0;0;0;0;0;0;0;0;0;0;0;0
11;Île-de-France;93;Seine-Saint-Denis;93048;DP;09304823B0026;6;2023-02-20;2023-02-20;2023-02-25;2023;2023-01-01;2023-02;2023-02;2023-02;;;;;;93100;MONTREUIL;false;35;RUE DES MESSIERS;;MONTREUIL;93100;AT;36;;;;;514;4;2;2;1;1;1;5;false;false;false;0;2;1;5;false;false;false;false;true;9;false;false;false;false;false;false;false;1;1;0;1;0;0;0;0;0;0;0;0;0;0;0;0;0;0;0;23;0;0;23;0;0;0;23;0;0;0;0
11;Île-de-France;93;Seine-Saint-Denis;93048;DP;09304823B0094;2;2023-06-28;;;2023;2023-01-01;2023-06;;2023-06;;;;;;93100;MONTREUIL;false;35;RUE DE LA FEDERATION;;MONTREUIL;93100;BM;108;;;;;236;4;2;2;1;1;1;5;false;false;false;3;1;1;2;false;true;false;false;false;9;false;false;false;false;false;false;false;1;1;0;1;0;0;0;0;0;0;1;0;0;0;0;0;0;0;0;198;0;0;198;0;0;0;198;0;0;0;0
11;Île-de-France;93;Seine-Saint-Denis;93048;DP;09304823B0207;2;2023-06-02;;;2023;2023-01-01;2023-06;;2023-06;68.20B;6540;SCI BRUNEL;451369755;45136975500017;93100;MONTREUIL;false;12;RUE VOLTAIRE;;MONTREUIL;93100;AY;154;;;;;2780;4;2;2;1;1;1;3;false;false;false;3;1;1;7;false;false;false;false;false;9;false;false;false;false;false;false;false;1;1;0;1;0;0;0;0;1;0;0;0;0;0;0;0;0;0;0;29;0;0;206;0;0;0;29;29;0;0;0
11;Île-de-France;93;Seine-Saint-Denis;93048;DP;09304823B0222;2;2023-06-09;;;2023;2023-01-01;2023-08;;2023-08;;;;;;92500;RUEIL-MALMAISON;false;29;RUE DE L EGLISE;;MONTREUIL;93100;AF;305;AF;305;;;1076;4;2;2;1;1;2;1;false;false;false;3;3;1;7;false;false;false;false;false;9;false;false;false;false;false;false;false;1;1;0;1;0;0;0;0;0;0;1;0;0;0;0;0;0;25;0;17;0;17;0;0;0;0;0;0;0;0;0
11;Île-de-France;93;Seine-Saint-Denis;93048;DP;09304823B0247;2;2023-06-09;;;2023;2023-01-01;2023-10;;2023-10;;;;;;94210;SAINT-MAUR-DES-FOSSES;false;29;RUE DE L'EGLISE;;MONTREUIL;93100;AF;305;;;;;538;4;2;2;1;1;2;1;false;false;false;0;3;1;7;false;false;false;false;false;7;false;false;false;false;false;false;true;1;1;0;1;0;0;0;0;1;0;0;0;0;0;0;0;0;34;0;34;0;34;0;0;0;0;0;0;0;0;0
11;Île-de-France;93;Seine-Saint-Denis;93048;DP;09304823B0285;6;2023-08-23;2023-11-23;2024-06-02;2023;2023-01-01;2023-08;2025-02;2025-02;;;;;;93140;BONDY;false;111;BD DE LA BOISSIERE;;MONTREUIL;93100;B;52;;;;;162;4;2;2;1;3;2;1;false;false;false;3;3;1;7;false;false;false;false;false;9;false;false;false;false;false;false;false;4;0;4;0;0;0;4;0;1;3;0;0;0;0;0;0;0;346;0;346;0;346;0;0;0;0;0;0;0;0;0
11;Île-de-France;93;Seine-Saint-Denis;93048;DP;09304823B0313;2;2023-10-02;;;2023;2023-01-01;2023-10;;2023-10;;;;;;60650;HODENC EN BRAY;false;3;RUE HOCHE;;MONTREUIL;93100;AK;65;;;;;391;4;2;3;1;3;2;1;false;false;false;3;3;1;7;false;false;false;false;false;9;false;false;false;false;false;false;false;7;0;7;0;0;0;7;0;3;3;1;0;0;0;0;0;0;295;38;269;26;269;0;0;0;0;0;0;0;0;0
11;Île-de-France;93;Seine-Saint-Denis;93048;DP;09304823B0342;2;2023-09-07;;;2023;2023-01-01;2023-09;;2023-09;10.71C;5499;B2JE;799896352;79989635200017;93100;MONTREUIL;false;67;RUE VOLTAIRE;;MONTREUIL;93100;BG;82;;;;;348;4;2;2;1;1;1;5;false;false;false;2;3;1;7;false;false;false;false;false;9;false;false;false;false;false;false;false;1;1;0;1;0;0;0;0;0;0;0;1;0;0;0;0;0;0;0;114;0;0;114;0;0;0;114;0;0;0;0
11;Île-de-France;93;Seine-Saint-Denis;93048;DP;09304823B0416;6;2023-10-27;2023-12-02;2024-02-05;2023;2023-01-01;2023-11;2024-05;2024-05;;;;;;46090;PRADINES;false;5;RUE DE LA POINTE;;MONTREUIL;93100;AD;156;;;;;65;4;2;5;1;1;;;true;false;true;3;3;1;7;false;false;false;false;false;9;false;false;false;false;false;false;false;1;1;0;1;0;0;0;0;0;1;0;0;0;0;0;0;0;32;23;0;3;0;0;0;0;0;0;0;0;0;0
11;Île-de-France;93;Seine-Saint-Denis;93048;DP;09304823B0442;2;2023-11-17;;;2023;2023-01-01;2023-12;;2023-12;;;;;;93100;MONTREUIL;false;8;RUE BEAUMARCHAIS;;MONTREUIL;93100;AS;47;;;;;1683;4;2;2;1;1;1;5;false;false;false;2;3;1;7;false;false;false;false;false;9;false;false;false;false;false;false;false;1;1;0;1;0;0;0;0;0;1;0;0;0;0;0;0;0;2690;0;50;0;0;1069;0;0;0;50;0;0;0;0
11;Île-de-France;93;Seine-Saint-Denis;93048;DP;09304823B0477;2;2024-03-08;;;2023;2023-01-01;2024-03;;2024-03;;;;;;93130;NOISY-LE-SEC;false;167;RUE DE LA NOUVELLE FRANCE;;MONTREUIL;93100;CI;66;;;;;84;4;2;5;1;3;;;false;false;false;0;3;1;7;false;false;false;false;false;9;false;false;false;false;false;false;false;2;0;2;0;0;0;2;0;0;2;0;0;0;0;0;0;0;90;26;0;0;0;0;0;0;0;0;0;0;0;0
11;Île-de-France;93;Seine-Saint-Denis;93048;DP;09304823B0490;2;2024-02-15;;;2023;2023-01-01;2024-03;;2024-03;68.10Z;5710;IMMO VENTURE INVEST;881842736;88184273600012;75005;PARIS;false;85;RUE DE LA DEMI LUNE;;MONTREUIL;93100;C;271;C;24;;;530;4;2;5;1;1;;;false;false;false;2;2;1;7;false;false;false;false;false;9;false;false;false;false;false;false;false;1;1;0;1;0;0;0;0;0;0;1;0;0;0;0;0;0;68;33;0;19;0;0;0;0;0;0;0;0;0;0
11;Île-de-France;93;Seine-Saint-Denis;93048;DP;09304824B0002;2;2024-01-03;;;2024;2024-01-01;2024-01;;2024-01;;;;;;93100;MONTREUIL;false;55;RUE DESIRE CHEVALIER;;MONTREUIL;93100;BU;110;;;;;512;4;2;2;1;1;1;5;false;false;false;2;1;1;5;false;false;false;false;true;9;false;false;false;false;false;false;false;1;1;0;1;0;0;0;0;0;0;0;0;1;0;0;0;0;0;0;125;0;0;125;0;0;0;125;0;0;0;0
11;Île-de-France;93;Seine-Saint-Denis;93048;DP;09304824B0015;2;2024-05-17;;;2024;2024-01-01;2024-05;;2024-05;;;;;;93100;MONTREUIL;false;16;RUE DESIRE PREAUX;;MONTREUIL;93100;AR;116;;;;;201;4;2;3;1;1;3;1;true;false;false;1;1;1;7;false;false;false;false;false;9;false;false;false;false;false;false;false;1;1;0;1;0;0;0;0;1;0;0;0;0;0;0;0;0;162;19;0;10;10;15;10;10;10;0;0;0;0;0
11;Île-de-France;93;Seine-Saint-Denis;93048;DP;09304824B0052;2;2024-04-09;;;2024;2024-01-01;2024-04;;2024-04;;;;;;93100;MONTREUIL;false;30;AVENUE DE LA RESISTANCE;;MONTREUIL;93100;BO;323;;;;;65;4;2;2;1;1;1;5;false;false;false;0;1;1;7;false;false;false;false;false;9;false;false;false;false;false;false;false;1;1;0;1;0;0;0;0;0;0;0;0;0;0;0;0;0;0;0;84;0;0;84;0;0;0;84;0;0;0;0
11;Île-de-France;93;Seine-Saint-Denis;93048;DP;09304824B0076;2;2024-03-06;;;2024;2024-01-01;2024-03;;2024-03;;;;;;93100;MONTREUIL;false;13;RUE CARNOT;;MONTREUIL;93100;BP;90;;;;;404;4;2;5;1;1;;;false;true;true;3;1;1;7;false;false;false;false;false;9;false;false;false;false;false;false;false;1;1;0;1;0;0;0;0;0;0;0;0;0;0;0;0;0;438;22;0;18;0;30;0;0;0;0;0;0;0;0
11;Île-de-France;93;Seine-Saint-Denis;93048;DP;09304824B0087;2;2024-06-07;;;2024;2024-01-01;2024-06;;2024-06;;;;;;30360;SAINT CESAIRE DE GAUZIGNAN;false;30;RUE GASTON LAURIAU;;MONTREUIL;93100;BU;33;;;;;48;4;2;2;1;1;2;1;false;false;false;3;2;2;7;false;false;false;false;false;9;false;false;false;false;false;false;false;1;1;0;1;0;0;0;0;1;0;0;0;0;0;0;0;0;48;0;48;0;48;0;0;0;0;0;0;0;0;0
11;Île-de-France;93;Seine-Saint-Denis;93048;DP;09304824B0116;2;2024-05-10;;;2024;2024-01-01;2024-05;;2024-05;;;;;;75012;PARIS;false;24;RUE DES PAVILLONS;;MONTREUIL;93100;R;77;R;201;;;415;4;2;2;1;1;2;1;false;false;false;1;2;1;7;false;false;false;false;false;9;false;false;false;false;false;false;false;1;1;0;1;0;0;0;0;0;1;0;0;0;0;0;0;0;39;0;39;0;39;0;0;0;0;0;0;0;0;0
11;Île-de-France;93;Seine-Saint-Denis;93048;DP;09304824B0122;2;2024-04-22;;;2024;2024-01-01;2024-04;;2024-04;71.11Z;5710;JP NEYVOZ ARCHITECTE;848549952;84854995200010;93100;MONTREUIL;false;31;RUE JEAN-JACQUES ROUSSEAU;;MONTREUIL;93100;BF;92;BF;92;BF;175;2564;4;2;2;1;1;1;5;false;false;false;5;2;1;7;false;false;false;false;false;9;false;false;false;false;false;false;false;1;1;0;1;0;0;0;0;0;0;0;0;1;0;0;0;0;1193;0;96;0;0;1240;0;0;0;96;0;0;0;0
11;Île-de-France;93;Seine-Saint-Denis;93048;DP;09304824B0124;2;2024-05-14;;;2024;2024-01-01;2024-05;;2024-05;22.19Z;5499;COUQUEBERG;602029084;;83270;SAINT   CYR  SUR MER;false;200 B;DE CHANZY;;MONTREUIL;93100;AV;144;;;;;0;4;2;2;1;3;2;1;false;false;false;1;3;1;7;false;false;false;false;false;9;false;false;false;false;false;false;false;2;0;2;0;0;0;2;0;0;0;0;0;0;0;0;0;0;236;0;236;0;236;0;0;0;0;0;0;0;0;0
11;Île-de-France;93;Seine-Saint-Denis;93048;DP;09304824B0140;6;2024-05-10;2024-05-10;2024-06-14;2024;2024-01-01;2024-05;2024-06;2024-06;;;;;;94140;ALFORTVILLE;false;35;RUE DES RAMENAS;;MONTREUIL;93100;N;34;;;;;755;4;2;3;1;1;1;3;true;false;false;1;3;1;7;false;false;false;false;false;9;false;false;false;false;false;false;false;1;1;0;1;0;0;0;0;0;0;1;0;0;0;0;0;0;377;30;47;0;0;47;0;0;0;47;47;0;0;0
11;Île-de-France;93;Seine-Saint-Denis;93048;DP;09304824B0141;2;2024-05-10;;;2024;2024-01-01;2024-05;;2024-05;;;;;;31100;TOULOUSE;false;11;RUE DU PETIT BOIS;;MONTREUIL;93100;E;195;;;;;215;4;2;5;1;1;;;true;false;false;0;1;2;7;false;false;false;false;false;9;false;false;false;false;false;false;false;1;1;0;1;0;0;0;0;1;0;0;0;0;0;0;0;0;78;19;0;0;0;0;0;0;0;0;0;0;0;0
11;Île-de-France;93;Seine-Saint-Denis;93048;DP;09304824B0155;6;2024-04-19;2024-04-19;2024-04-24;2024;2024-01-01;2024-04;2024-04;2024-04;;;;;;93100;MONTREUIL;false;55;RUE DESIRE CHEVALIER;;MONTREUIL;93100;BU;110;;;;;521;4;2;2;1;1;1;3;false;false;false;0;1;1;7;false;false;false;false;false;9;false;false;false;false;false;false;false;1;1;0;1;0;0;0;0;0;0;0;0;0;0;0;0;0;0;0;40;0;0;40;0;0;0;40;40;0;0;0
11;Île-de-France;93;Seine-Saint-Denis;93048;DP;09304824B0164;2;2024-07-25;;;2024;2024-01-01;2024-07;;2024-07;;;;;;92330;SCEAUX;false;15 RU;DE LA DEMI LUNE;;MONTREUIL;93100;B;132;;;;;829;4;2;2;1;2;2;1;false;false;false;1;3;1;7;false;false;false;false;false;9;false;false;false;false;false;false;false;3;3;0;0;3;0;0;0;0;3;0;0;0;0;0;0;0;124;0;124;0;124;0;0;0;0;0;0;0;0;0
11;Île-de-France;93;Seine-Saint-Denis;93048;DP;09304824B0167;2;2024-07-18;;;2024;2024-01-01;2024-07;;2024-07;68.10Z;5710;SAS ERMITAGE;930212345;93021234500019;93100;MONTREUIL;false;7 RUE;DE  L'ERMITAGE;;MONTREUIL;93100;P;56;;;;;1195;4;2;2;1;3;2;1;false;false;false;3;3;1;7;false;false;false;false;false;9;false;false;false;false;false;false;false;8;0;8;0;0;0;8;0;0;0;0;0;0;0;0;0;0;351;0;351;0;351;0;0;0;0;0;0;0;0;0
11;Île-de-France;93;Seine-Saint-Denis;93048;DP;09304824B0255;2;2024-07-02;;;2024;2024-01-01;2024-07;;2024-07;;;;;;94300;VINCENNES;false;22;AVENUE GABRIEL PERI;;MONTREUIL;93100;BP;14;;;;;273;4;2;5;1;1;;;false;false;false;5;3;1;7;false;false;false;false;false;9;false;false;false;false;false;false;false;1;1;0;1;0;0;0;0;1;0;0;0;0;0;0;0;0;840;39;0;0;0;0;0;0;0;0;0;0;0;0
11;Île-de-France;93;Seine-Saint-Denis;93048;DP;09304824B0264;2;2024-07-24;;;2024;2024-01-01;2024-07;;2024-07;;;;;;92380;GARCHES;false;37BIS;RUE LEBOUR;;MONTREUIL;93100;BH;158;BH;158;BH;242;1441;4;2;2;1;1;1;5;false;false;false;2;1;1;7;false;false;false;false;false;9;false;false;false;false;false;false;false;1;1;0;1;0;0;0;0;0;0;0;0;0;0;0;0;0;0;0;38;0;0;38;0;0;0;38;0;0;0;0
11;Île-de-France;93;Seine-Saint-Denis;93048;DP;09304824B0275;6;2024-09-17;;2026-01-29;2024;2024-01-01;2024-09;;2026-02;;;;;;93100;MONTREUIL;false;61;RUE DES CAILLOTS;;MONTREUIL;93100;AG;285;;;;;201;4;2;3;1;1;2;1;true;false;false;2;1;1;7;false;false;false;false;false;9;false;false;false;false;false;false;false;1;1;0;1;0;0;0;0;1;0;0;0;0;0;0;0;0;96;5;10;0;10;0;0;0;0;0;0;0;0;0
11;Île-de-France;93;Seine-Saint-Denis;93048;DP;09304824B0309;2;2024-10-07;;;2024;2024-01-01;2024-10;;2024-10;;;;;;77330;OZOIR-LA-FERRIERE;false;131;BOULEVARD HENRI BARBUSSE;;MONTREUIL;93100;Y;75;;;;;111;4;2;2;1;1;2;1;false;false;false;0;1;1;7;false;false;false;false;false;9;false;false;false;false;false;false;false;1;1;0;1;0;0;0;0;0;0;0;0;0;0;0;0;0;75;0;30;0;30;0;0;0;0;0;0;0;0;0
11;Île-de-France;93;Seine-Saint-Denis;93048;DP;09304824B0315;6;2024-07-26;2024-11-26;2025-08-01;2024;2024-01-01;2024-07;2026-01;2026-01;68.20A;6540;SCI PIVOINES12;984763755;98476375500019;94500;CHAMPIGNY-SUR-MARNE;false;12;IMPASSE DES PIVOINES;;MONTREUIL;93100;CL;71;;;;;199;4;2;4;1;1;2;1;false;false;false;2;3;1;7;false;false;false;false;false;9;false;false;false;false;false;false;false;1;1;0;1;0;0;0;0;0;0;0;0;0;0;0;0;0;142;0;120;22;120;0;0;0;0;0;0;0;0;0
11;Île-de-France;93;Seine-Saint-Denis;93048;DP;09304824B0336;2;2024-08-29;;;2024;2024-01-01;2024-08;;2024-08;;;;;;93100;MONTREUIL;false;23;RUE DOMBASLE;;MONTREUIL;93100;AH;187;;;;;55;4;2;5;1;1;;;false;true;false;3;1;1;7;false;false;false;false;false;9;false;false;false;false;false;false;false;1;1;0;1;0;0;0;0;0;0;0;0;0;0;0;0;0;54;39;0;21;0;0;0;0;0;0;0;0;0;0
11;Île-de-France;93;Seine-Saint-Denis;93048;DP;09304824B0385;2;2024-10-02;;;2024;2024-01-01;2024-10;;2024-10;68.20B;6540;SCI ANNE ELEONORE;892354614;89235461400018;93100;MONTREUIL;false;47;RUE DE VINCENNES;;MONTREUIL;93100;BM;48;;;;;1030;4;2;2;1;1;1;5;false;false;false;0;2;1;7;false;false;false;false;false;9;false;false;false;false;false;false;false;1;1;0;1;0;0;0;0;0;1;0;0;0;0;0;0;0;0;0;135;0;0;135;0;0;0;135;0;0;0;0
11;Île-de-France;93;Seine-Saint-Denis;93048;DP;09304824B0424;2;2024-12-03;;;2024;2024-01-01;2024-12;;2024-12;;;;;;93100;MONTREUIL;false;72;BOULEVARD THEOPHILE SUEUR;;MONTREUIL;93100;CL;104;;;;;423;4;2;5;1;1;;;false;false;false;0;1;1;7;false;false;false;false;false;9;false;false;false;false;false;false;false;1;1;0;1;0;0;0;0;0;0;0;0;0;0;0;0;0;170;30;0;0;0;0;0;0;0;0;0;0;0;0
11;Île-de-France;93;Seine-Saint-Denis;93048;DP;09304824B0452;4;2024-10-28;;;2024;2024-01-01;2024-10;;2024-10;;;;;;93100;MONTREUIL;false;33;AV   FAIDHERBE;;MONTREUIL;93100;AE;262;;;;;4365;4;2;2;1;1;1;3;false;false;false;0;2;1;7;false;false;false;false;false;9;false;false;false;false;false;false;false;1;1;0;1;0;0;0;0;0;1;0;0;0;0;0;0;0;0;0;39;0;0;71;0;0;0;39;39;0;0;0
11;Île-de-France;93;Seine-Saint-Denis;93048;DP;09304824B0464;2;2024-11-26;;;2024;2024-01-01;2024-11;;2024-11;;;;;;75012;PARIS;false;16;RUE GAMBETTA;;MONTREUIL;93100;BI;95;;;;;173;4;2;2;1;1;1;5;false;false;false;0;3;1;7;false;false;false;false;false;9;false;false;false;false;false;false;false;1;1;0;1;0;0;0;0;0;0;0;0;0;0;0;0;0;0;0;26;0;0;26;0;0;0;26;0;0;0;0
11;Île-de-France;93;Seine-Saint-Denis;93048;DP;09304824B0491;6;2024-12-13;2024-12-13;2025-01-22;2024;2024-01-01;2024-12;2025-01;2025-01;;;;;;93100;MONTREUIL;false;33;AVENUE FAIDHERBE;;MONTREUIL;93100;AE;262;;;;;4365;4;2;2;1;1;1;3;false;false;false;0;2;1;7;false;false;false;false;false;9;false;false;false;false;false;false;false;1;1;0;1;0;0;0;0;0;1;0;0;0;0;0;0;0;0;0;39;0;0;70;0;0;0;39;39;0;0;0
11;Île-de-France;93;Seine-Saint-Denis;93048;DP;09304824B0498;2;2024-12-16;;;2024;2024-01-01;2024-12;;2024-12;68.20B;6540;SCI JULIANNE;444807440;44480744000011;93100;MONTREUIL;false;98 AV;AV   PASTEUR;;MONTREUIL;93100;AE;138;;;;;101;4;2;2;1;1;1;5;false;false;false;0;1;2;7;false;false;false;false;false;9;false;false;false;false;false;false;false;1;1;0;1;0;0;0;0;1;0;0;0;0;0;0;0;0;0;0;21;0;0;21;0;0;0;21;0;0;0;0
11;Île-de-France;93;Seine-Saint-Denis;93048;DP;09304824B0509;6;2025-02-10;;2026-04-17;2024;2024-01-01;2025-02;;2026-04;;;;;;93100;MONTREUIL;false;88;RUE DU MIDI;;MONTREUIL;93100;AD;131;AD;130;;;675;4;2;2;1;1;1;3;false;false;false;0;1;1;7;false;false;false;false;false;9;false;false;false;false;false;false;false;1;1;0;1;0;0;0;0;0;0;0;0;0;0;0;0;0;0;0;73;0;0;73;0;0;0;73;73;0;0;0
11;Île-de-France;93;Seine-Saint-Denis;93048;DP;09304824B0511;6;2025-01-07;2025-01-07;2025-02-18;2024;2024-01-01;2025-01;2025-02;2025-02;;;;;;93100;MONTREUIL;false;33TER;RUE DE L'ERMITAGE;;MONTREUIL;93100;0P;102;;;;;3132;4;2;2;1;1;1;5;false;false;false;0;1;1;7;false;false;false;false;false;9;false;false;false;false;false;false;false;1;1;0;1;0;0;0;0;0;0;0;0;0;0;0;0;0;0;0;36;0;0;36;0;0;0;36;0;0;0;0
11;Île-de-France;93;Seine-Saint-Denis;93048;DP;09304824B0554;6;2025-02-04;;2025-12-31;2024;2024-01-01;2025-02;;2026-02;;;;;;93100;MONTREUIL;false;60;RUE EDOUARD VAILLANT;;MONTREUIL;93100;BK;353;;;;;75;4;2;2;1;1;1;5;false;false;false;0;1;1;7;false;false;false;false;false;9;false;false;false;false;false;false;false;1;1;0;1;0;0;0;0;0;0;0;0;0;0;0;0;0;0;0;25;0;0;50;0;0;0;25;0;0;0;0
11;Île-de-France;93;Seine-Saint-Denis;93048;DP;09304824B0564;2;2025-03-10;;;2024;2024-01-01;2025-03;;2025-03;;;;;;77450;MONTRY;false;1;RUE DES CAILLOTS;;MONTREUIL;93100;AE;304;AE;304;AE;108;171;4;2;5;1;1;;;false;true;false;0;1;1;7;false;false;false;false;false;9;false;false;false;false;false;false;false;1;1;0;1;0;0;0;0;0;0;0;0;0;0;0;0;0;34;17;0;0;0;0;0;0;0;0;0;0;0;0
11;Île-de-France;93;Seine-Saint-Denis;93048;DP;09304825B0051;2;2025-03-10;;;2025;2025-01-01;2025-03;;2025-03;;;;;;93100;MONTREUIL;false;208;BOULEVARD TH OPHILE SUEUR;;MONTREUIL;93100;CI;67;;;;;165;4;2;5;1;1;;;true;true;false;2;1;1;7;false;false;false;false;false;9;false;false;false;false;false;false;false;1;1;0;1;0;0;0;0;0;1;0;0;0;0;0;0;0;116;9;0;0;0;0;0;0;0;0;0;0;0;0
11;Île-de-France;93;Seine-Saint-Denis;93048;DP;09304825B0084;2;2025-03-18;;;2025;2025-01-01;2025-03;;2025-03;68.20B;6540;SCI CARNOT 34;413719790;41371979000011;93100;MONTREUIL;false;34;RUE CARNOT;32/34/36;MONTREUIL;93100;BP;24;BP;28;;;1424;4;2;2;1;1;1;8;false;false;false;1;1;2;7;false;false;false;false;false;9;false;false;false;false;false;false;false;1;1;0;1;0;0;0;0;0;0;0;1;0;0;0;0;0;0;0;169;0;0;169;0;0;0;169;0;0;0;0
11;Île-de-France;93;Seine-Saint-Denis;93048;DP;09304825B0113;6;2025-04-03;2025-04-08;2025-04-14;2025;2025-01-01;2025-04;2025-04;2025-04;;;;;;56400;PLOEMEL;false;58;RUE DE LA BEAUNE;;MONTREUIL;93100;AP;161;;;;;81;4;2;2;1;1;1;5;false;false;false;2;3;1;7;false;false;false;false;false;9;false;false;false;false;false;false;false;1;1;0;1;0;0;0;0;0;1;0;0;0;0;0;0;0;0;0;25;0;0;25;0;0;0;25;0;0;0;0
11;Île-de-France;93;Seine-Saint-Denis;93048;DP;09304825B0160;6;2025-06-23;2025-06-23;2025-07-02;2025;2025-01-01;2025-06;2025-07;2025-07;;;;;;75016;PARIS;false;217;RUE DE PARIS;;MONTREUIL;93100;AY;88;;;;;231;4;2;2;1;1;2;1;false;false;false;3;3;1;7;false;false;false;false;false;9;false;false;false;false;false;false;false;1;1;0;1;0;0;0;0;0;1;0;0;0;0;0;0;0;45;0;45;0;45;0;0;0;0;0;0;0;0;0
11;Île-de-France;93;Seine-Saint-Denis;93048;DP;09304825B0204;2;2025-06-03;;;2025;2025-01-01;2025-06;;2025-06;;;;;;78000;VERSAILLES;false;51;RUE DESIRE PREAUX;;MONTREUIL;93100;AU;118;;;;;62;4;2;2;1;1;1;5;false;false;false;0;1;1;7;false;false;false;false;false;9;false;false;false;false;false;false;false;1;1;0;1;0;0;0;0;0;0;0;0;0;0;0;0;0;0;0;44;0;0;44;0;0;0;44;0;0;0;0
11;Île-de-France;93;Seine-Saint-Denis;93048;DP;09304825B0218;2;2025-07-02;;;2025;2025-01-01;2025-07;;2025-07;;;;;;93100;MONTREUIL;false;32;RUE LEBOUR;;MONTREUIL;93100;BH;49;;;;;930;4;2;3;1;1;1;5;false;false;false;3;2;1;7;false;false;false;false;false;9;false;false;false;false;false;false;false;1;1;0;1;0;0;0;0;0;0;1;0;0;0;0;0;0;712;23;92;0;0;221;0;0;0;92;0;0;0;0
11;Île-de-France;93;Seine-Saint-Denis;93048;DP;09304825B0229;2;2025-09-18;;;2025;2025-01-01;2025-09;;2025-09;;;;;;75016;PARIS;false;120-1;RUE   ERNEST SAVART;;MONTREUIL;93100;V;150;;;;;433;4;2;2;1;2;1;5;false;false;false;2;1;1;7;false;false;false;false;false;9;false;false;false;false;false;false;false;3;3;0;0;3;0;0;0;0;0;1;1;0;1;0;0;0;0;0;278;0;0;335;0;0;0;278;0;0;0;0
11;Île-de-France;93;Seine-Saint-Denis;93048;DP;09304825B0260;2;2025-07-09;;;2025;2025-01-01;2025-07;;2025-07;;;;;;93100;MONTREUIL;false;32;RUE DE ROMAINVILLE;;MONTREUIL;93100;AH;27;;;;;220;4;2;2;1;1;1;5;false;false;false;0;1;1;7;false;false;false;false;false;9;false;false;false;false;false;false;false;1;1;0;1;0;0;0;0;0;0;0;0;0;0;0;0;0;272;0;136;0;0;136;0;0;0;136;51;0;0;0
11;Île-de-France;93;Seine-Saint-Denis;93048;DP;09304825B0374;6;2025-09-02;;2018-06-22;2025;2025-01-01;2025-09;;2026-02;;;;;;75016;PARIS;false;217;RUE DE PARIS;;MONTREUIL;93100;AY;88;;;;;231;4;2;2;1;1;2;1;false;false;false;0;3;1;7;false;false;false;false;false;9;false;false;false;false;false;false;false;1;1;0;1;0;0;0;0;0;1;0;0;0;0;0;0;0;120;0;120;0;120;0;0;0;0;0;0;0;0;0
11;Île-de-France;93;Seine-Saint-Denis;93048;DP;09304825B0409;2;2025-11-24;;;2025;2025-01-01;2025-11;;2025-11;;;;;;93100;MONTREUIL;false;50;RUE DESIRE PREAUX;;MONTREUIL;93100;AQ;346;;;;;184;4;2;5;1;1;;;true;false;false;1;1;1;7;false;false;false;false;false;7;false;false;false;false;false;false;true;1;1;0;1;0;0;0;0;0;0;0;0;0;0;0;0;0;50;36;0;0;0;0;0;0;0;0;0;0;0;0
11;Île-de-France;93;Seine-Saint-Denis;93048;DP;09304825B0423;2;2025-10-28;;;2025;2025-01-01;2025-10;;2025-10;;;;;;00000;INISTIOGE;false;4;RUE DU PROGRES;;MONTREUIL;93100;BG;35;;;;;520;4;2;2;1;1;1;5;false;false;false;0;1;1;7;false;false;false;false;false;9;false;false;false;false;false;false;false;1;1;0;1;0;0;0;0;0;0;0;0;0;0;0;0;0;0;0;110;0;0;110;0;0;0;110;0;0;0;0
11;Île-de-France;93;Seine-Saint-Denis;93048;DP;09304825B0446;6;2026-02-04;;2026-04-15;2025;2025-01-01;2026-02;;2026-04;;;;;;93100;MONTREUIL;false;33;AVENUE FAIDHERBE;;MONTREUIL;93100;AE;262;;;;;4365;4;2;2;1;1;1;3;false;false;false;0;1;1;7;false;false;false;false;false;9;false;false;false;false;false;false;false;1;1;0;1;0;0;0;0;0;0;1;0;0;0;0;0;0;0;0;136;0;0;136;0;0;0;136;136;0;0;0
11;Île-de-France;93;Seine-Saint-Denis;93048;DP;09304825B0455;2;2025-11-17;;;2025;2025-01-01;2025-11;;2025-11;;;;;;75016;PARIS;false;217;RUE DE PARIS;;MONTREUIL;93100;AY;88;;;;;231;4;2;2;1;1;2;1;false;false;false;0;3;1;7;false;false;false;false;false;9;false;false;false;false;false;false;false;1;1;0;1;0;0;0;0;0;1;0;0;0;0;0;0;0;45;0;45;0;45;0;0;0;0;0;0;0;0;0
11;Île-de-France;93;Seine-Saint-Denis;93048;DP;09304825B0467;2;2025-11-25;;;2025;2025-01-01;2025-12;;2025-12;;;;;;97150;SAINT-MARTIN;false;1;RUE DANTON;;MONTREUIL;93100;U;49;;;;;407;4;2;2;1;1;1;5;false;false;false;0;2;1;5;false;false;false;false;true;9;false;false;false;false;false;false;false;1;1;0;1;0;0;0;0;0;0;0;0;0;0;0;0;0;0;0;100;0;0;100;0;0;0;100;0;0;0;0
11;Île-de-France;93;Seine-Saint-Denis;93048;DP;09304825B0472;2;2025-12-24;;;2025;2025-01-01;2025-12;;2025-12;70.10Z;6540;SCI ONSAR;925347080;92534708000010;93100;MONTREUIL;false;24;BOULEVARD THEOPHILE SUEUR;;MONTREUIL;93100;CK;146;CK;146;;;586;4;2;3;1;2;2;1;false;false;false;2;1;1;7;false;false;false;false;false;9;false;false;false;false;false;false;false;2;2;0;0;2;0;0;0;0;1;1;0;0;0;0;0;0;71;29;71;0;71;0;0;0;0;0;0;0;0;0
11;Île-de-France;93;Seine-Saint-Denis;93048;DP;09304825B0484;6;2025-12-16;;2026-06-07;2025;2025-01-01;2025-12;;2026-06;;;;;;93170;BAGNOLET;false;95;RUE DE ROSNY;;MONTREUIL;93100;BY;225;;;;;227;4;2;2;1;1;1;5;false;false;false;2;1;1;5;false;false;false;false;true;9;false;false;false;false;false;false;false;1;1;0;1;0;0;0;0;0;0;0;1;0;0;0;0;0;0;0;117;0;0;287;0;0;0;117;0;0;0;0
11;Île-de-France;93;Seine-Saint-Denis;93048;DP;09304825B0500;2;2026-01-29;;;2025;2025-01-01;2026-01;;2026-01;;;;;;93100;MONTREUIL;false;88;RUE DESIRE PREAUX;;MONTREUIL;93100;AP;49;;;;;137;4;2;2;1;1;1;9;false;false;false;1;1;1;7;false;false;false;false;false;9;false;false;false;false;false;false;false;1;1;0;1;0;0;0;0;0;0;0;0;0;1;0;0;0;137;0;137;0;0;137;0;0;0;137;0;0;0;137
11;Île-de-France;93;Seine-Saint-Denis;93048;DP;09304825B0505;6;2025-12-16;2025-12-16;2025-12-17;2025;2025-01-01;2025-12;2025-12;2025-12;;;;;;93100;MONTREUIL;false;51;RUE DESGRANGES;;MONTREUIL;93100;BR;63;;;;;182;4;2;5;1;1;;;false;false;false;4;2;1;5;false;false;false;false;true;9;false;false;false;false;false;false;false;1;1;0;1;0;0;0;0;0;1;0;0;0;0;0;0;0;30;30;0;0;0;0;0;0;0;0;0;0;0;0
11;Île-de-France;93;Seine-Saint-Denis;93048;DP;09304825B0516;2;2026-02-24;;;2025;2025-01-01;2026-02;;2026-02;;;;;;75011;PARIS;false;5;BOULEVARD HENRI BARBUSSE;;MONTREUIL;93100;AF;17;;;;;0;4;2;5;1;1;;;false;false;false;0;1;1;7;false;false;false;false;false;9;false;false;false;false;false;false;false;1;1;0;1;0;0;0;0;0;0;0;0;0;0;0;0;0;74;115;0;0;0;0;0;0;0;0;0;0;0;0
11;Île-de-France;93;Seine-Saint-Denis;93048;DP;09304825B0554;6;2026-01-21;;2022-06-30;2025;2025-01-01;2026-01;;2026-03;;;;;;30000;NIMES;false;91;RUE DE LA FRATERNITE;;MONTREUIL;93100;AV;151;;;;;0;4;2;2;1;1;1;5;false;false;false;1;1;1;7;false;false;false;false;false;9;false;false;false;false;false;false;false;1;1;0;1;0;0;0;0;0;0;1;0;0;0;0;0;0;0;0;85;0;0;85;0;0;0;85;0;0;0;0
11;Île-de-France;93;Seine-Saint-Denis;93048;DP;09304826B0043;2;2026-03-13;;;2026;2026-02-03;2026-03;;2026-03;;;;;;93100;MONTREUIL;false;52;RUE DE LA BEAUNE;;MONTREUIL;93100;AP;327;;;;;107;4;1;1;1;1;;;false;true;false;1;1;1;5;false;false;false;false;true;9;false;false;false;false;false;false;false;1;1;0;1;0;0;0;0;0;0;0;0;0;0;0;0;0;65;26;0;0;0;0;0;0;0;0;0;0;0;0
11;Île-de-France;93;Seine-Saint-Denis;93048;DP;09304826B0121;2;2026-05-20;;;2026;2026-05-20;2026-05;;2026-05;;;;;;93100;MONTREUIL;false;6;RUE FERNAND COMBETTE;LOT B NO 6BIS SUITE DIVISION;MONTREUIL;93100;Q;8;;;;;384;4;2;5;1;1;;;false;true;true;1;1;1;7;false;false;false;false;false;9;false;false;false;false;false;false;false;1;1;0;1;0;0;0;0;0;0;0;0;1;0;0;0;0;72;33;0;0;0;0;0;0;0;0;0;0;0;0
11;Île-de-France;93;Seine-Saint-Denis;93048;DP;09304826B0143;2;2026-05-29;;;2026;2026-05-29;2026-06;;2026-06;;;;;;93100;MONTREUIL;false;85;RUE KLAÃÂBER;;MONTREUIL;93100;BK;345;BK;381;;;189;4;2;5;1;1;;;false;true;false;2;1;1;7;false;false;false;false;false;9;false;false;false;false;false;false;false;1;1;0;1;0;0;0;0;0;0;0;0;0;1;0;0;0;166;17;0;2;0;0;0;0;0;0;0;0;0;0
11;Île-de-France;93;Seine-Saint-Denis;93048;DP;09304826B0199;2;2026-06-01;;;2026;2026-04-29;2026-06;;2026-06;;;;;;93100;MONTREUIL;false;6;RUE DU PROGRAÃÂS;;MONTREUIL;93100;BG;124;;;;;271;4;2;2;1;1;1;5;false;false;false;0;3;3;7;false;false;false;false;false;9;false;false;false;false;false;false;false;1;1;0;1;0;0;0;0;0;1;0;0;0;0;0;0;0;0;0;29;0;0;54;0;0;0;29;0;0;0;0
11;Île-de-France;93;Seine-Saint-Denis;93048;DP;09304826B0227;2;2026-07-20;;;2026;2026-05-13;2026-07;;2026-07;68.10Z;5710;DE MERE EN FILS MDB;990726432;99072643200018;;;false;70;BD PAUL VAILLANT COUTURIER;;MONTREUIL;93100;U;2;;;;;201;4;2;5;1;3;;;false;false;false;0;2;3;7;false;false;false;false;false;9;false;false;false;false;false;false;false;1;0;1;0;0;0;1;0;0;0;0;1;0;0;0;0;0;0;65;0;0;0;0;0;0;0;0;0;0;0;0
11;Île-de-France;93;Seine-Saint-Denis;93048;DP;09304826B0283;2;2026-07-21;;;2026;2026-06-15;2026-07;;2026-07;;;;;;93130;NOISY-LE-SEC;false;66BIS;RUE DU MOULIN A VENT;;MONTREUIL;93100;AB;140;;;;;175;4;2;4;1;3;2;1;false;false;false;2;1;1;5;false;false;false;false;true;9;false;false;false;false;false;false;false;2;0;2;0;0;0;2;0;0;2;0;0;0;0;0;0;0;74;0;70;4;70;0;0;0;0;0;0;0;0;0
11;Île-de-France;93;Seine-Saint-Denis;93048;DP;09304826B0286;2;2026-07-20;;;2026;;2026-07;;2026-07;;;;;;95350;SAINT-BRICE-SOUS-FORAÃÂT;false;175;RUE LENAIN DE TILLEMONT;;MONTREUIL;93100;CG;1;;;;;219;4;2;5;1;1;;;false;false;false;0;1;1;6;false;false;true;false;true;9;false;false;false;false;false;false;false;1;1;0;1;0;0;0;0;0;0;0;0;0;0;0;0;0;52;115;0;5;0;0;0;0;0;0;0;0;0;0
11;Île-de-France;93;Seine-Saint-Denis;93048;DP;09304826B0311;2;2026-07-30;;;2026;2026-07-30;2026-08;;2026-08;;;;;;94300;VINCENNES;false;80;RUE DE LA SOLIDARITAÃÂ;;MONTREUIL;93100;BR;132;BR;320;;;150;4;2;5;1;1;;;false;true;false;2;1;1;5;false;false;false;false;true;9;false;false;false;false;false;false;false;1;1;0;1;0;0;0;0;0;0;0;1;0;0;0;0;0;80;16;0;0;0;0;0;0;0;0;0;0;0;0
11;Île-de-France;93;Seine-Saint-Denis;93048;DP;09304826B0353;2;2026-08-27;;;2026;2026-07-27;2026-08;;2026-08;;;;;;93110;ROSNY-SOUS-BOIS;false;4;RUE SAINT-JUST;;MONTREUIL;93100;BY;78;BY;150;;;445;4;2;;1;3;;;false;false;false;0;3;3;5;false;false;false;false;true;9;false;false;false;false;false;false;false;1;0;1;0;0;0;1;0;0;1;0;0;0;0;0;0;0;0;0;42;0;0;0;0;0;0;0;0;0;0;0
11;Île-de-France;93;Seine-Saint-Denis;93048;DP;09304826B0358;2;2026-08-11;;;2026;;2026-08;;2026-08;;;;;;;;false;79;AVENUE   PASTEUR;;MONTREUIL;93100;AL;47;;;;;757;4;2;2;1;1;1;3;false;false;false;9;3;3;7;false;false;false;false;false;9;false;false;false;false;false;false;false;1;1;0;1;0;0;0;0;0;0;1;0;0;0;0;0;0;0;0;65;0;0;154;0;0;0;65;65;0;0;0
